participant_id,session_id,native_sampling_rate_hz,device,original_duration_seconds,discontinuity_count,bad_channel_count,bad_channel_names,interpolation_count,candidate_window_count,rejected_window_count,clean_window_fraction,clean_seconds,final_usable_channels,frontal_usable_channels,temporal_usable_channels,posterior_usable_channels,preprocessing_status,exclusion_reason,absolute_artifact_threshold_applied,absolute_artifact_threshold_uv,robust_artifact_rule,artifact_threshold_robust,preprocessing_detail
UB0004,1686235332,128.0,Epoc X,312.700875043869,0,0,,0,311,65,0.7909967845659164,263.0,14,8,2,4,PASS,,True,500.0,>8*1.4826*MAD of participant channel-window peak-to-peak values,255.1152304348469,"{""bad_power_threshold"": 3.7334354163725996, ""filter"": ""scipy.signal.butter(order=4, btype='bandpass', Wn=[1,40], fs=128, output='sos') + sosfiltfilt"", ""flatline_limit_samples"": 641, ""flatline_max_run_samples_by_channel"": [3, 3, 3, 2, 3, 3, 3, 3, 3, 3, 2, 3, 3, 3], ""invalid_row_count"": 0, ""invalid_row_fraction"": 0.0, ""log_broadband_mad"": 0.15543023762402486, ""log_broadband_median"": 2.5812310648657033, ""log_broadband_power_by_channel"": [2.601096067024381, 3.4774059846234815, 2.4112183030264553, 2.8967006289762995, 2.5006489773054086, 2.2605977436613025, 2.340665355869912, 2.4253321330222795, 2.4262695214610774, 2.595469413549054, 2.734932720452594, 2.5669927161823525, 3.2921839722293016, 2.7091493427341127], ""nonfinite_fraction_by_channel"": [0.0, 0.0, 0.0, 0.0, 0.0, 0.0, 0.0, 0.0, 0.0, 0.0, 0.0, 0.0, 0.0, 0.0], ""resampling"": ""scipy.signal.resample_poly(up=1, down=2, window=('kaiser',5.0), padtype='constant') for native 256 Hz"", ""segment_count"": 1}"
UB0007,1704733791,128.0,Epoc+,280.3969910144806,0,0,,0,228,16,0.9298245614035088,243.0,14,8,2,4,PASS,,True,500.0,>8*1.4826*MAD of participant channel-window peak-to-peak values,348.9517287182715,"{""bad_power_threshold"": 5.050744218375154, ""filter"": ""scipy.signal.butter(order=4, btype='bandpass', Wn=[1,40], fs=128, output='sos') + sosfiltfilt"", ""flatline_limit_samples"": 641, ""flatline_max_run_samples_by_channel"": [2, 2, 2, 4, 2, 2, 2, 2, 2, 2, 2, 2, 3, 2], ""invalid_row_count"": 208, ""invalid_row_fraction"": 0.005782596608284681, ""log_broadband_mad"": 0.08090549886090148, ""log_broadband_median"": 4.450991755319292, ""log_broadband_power_by_channel"": [4.235383088375035, 4.5528853964095894, 4.2691225436223865, 4.493027451816407, 4.566300467006029, 4.510909111950797, 4.478284857581981, 4.398481723342691, 4.423698653056602, 4.558266684369375, 4.306007482408485, 4.2361212448795635, 4.500428213801019, 4.415323355799551], ""nonfinite_fraction_by_channel"": [0.0, 0.0, 0.0, 0.0, 0.0, 0.0, 0.0, 0.0, 0.0, 0.0, 0.0, 0.0, 0.0, 0.0], ""resampling"": ""scipy.signal.resample_poly(up=1, down=2, window=('kaiser',5.0), padtype='constant') for native 256 Hz"", ""segment_count"": 32}"
UB0020,1675439893,128.0,Epoc X,288.37624287605286,0,0,,0,287,71,0.7526132404181185,237.0,14,8,2,4,PASS,,True,500.0,>8*1.4826*MAD of participant channel-window peak-to-peak values,258.1722837952853,"{""bad_power_threshold"": 5.8404136219285805, ""filter"": ""scipy.signal.butter(order=4, btype='bandpass', Wn=[1,40], fs=128, output='sos') + sosfiltfilt"", ""flatline_limit_samples"": 641, ""flatline_max_run_samples_by_channel"": [3, 3, 3, 9, 2, 3, 3, 3, 3, 2, 2, 3, 6, 2], ""invalid_row_count"": 0, ""invalid_row_fraction"": 0.0, ""log_broadband_mad"": 0.40951757028351743, ""log_broadband_median"": 2.804659873416866, ""log_broadband_power_by_channel"": [3.4155925853077225, 3.2282291121755944, 2.787345616410164, 3.741058767372256, 2.4982693877738233, 2.1690213063481916, 2.4478470795526746, 2.6452222024820897, 2.4091939716085595, 2.6046103648314, 3.235615455377438, 2.8219741304235675, 4.363255759783407, 3.376772940454235], ""nonfinite_fraction_by_channel"": [0.0, 0.0, 0.0, 0.0, 0.0, 0.0, 0.0, 0.0, 0.0, 0.0, 0.0, 0.0, 0.0, 0.0], ""resampling"": ""scipy.signal.resample_poly(up=1, down=2, window=('kaiser',5.0), padtype='constant') for native 256 Hz"", ""segment_count"": 1}"
UB0021,1675705139,128.0,Epoc X,300.49719500541687,0,2,P7;P8,2,299,10,0.9665551839464883,294.0,14,8,2,2,PASS,,True,500.0,>8*1.4826*MAD of participant channel-window peak-to-peak values,210.58171512266307,"{""bad_power_threshold"": 4.340584201309708, ""filter"": ""scipy.signal.butter(order=4, btype='bandpass', Wn=[1,40], fs=128, output='sos') + sosfiltfilt"", ""flatline_limit_samples"": 641, ""flatline_max_run_samples_by_channel"": [2, 2, 2, 3, 2, 3, 3, 3, 3, 3, 2, 2, 2, 3], ""invalid_row_count"": 0, ""invalid_row_fraction"": 0.0, ""log_broadband_mad"": 0.09183328568640481, ""log_broadband_median"": 3.659824054516389, ""log_broadband_power_by_channel"": [3.5537358231560936, 3.6967101165955145, 3.6229379924372633, 3.552757172903796, 3.737402394528903, 2.2121826166650886, 3.396757238250038, 3.464132107954282, 2.7184460121722562, 3.7189851452889786, 3.7161967141499797, 3.734209450703868, 3.8052600532503, 3.697301813674191], ""nonfinite_fraction_by_channel"": [0.0, 0.0, 0.0, 0.0, 0.0, 0.0, 0.0, 0.0, 0.0, 0.0, 0.0, 0.0, 0.0, 0.0], ""resampling"": ""scipy.signal.resample_poly(up=1, down=2, window=('kaiser',5.0), padtype='constant') for native 256 Hz"", ""segment_count"": 1}"
UB0023,1677525314,128.0,Epoc X,286.4575090408325,0,0,,0,284,57,0.7992957746478874,249.0,14,8,2,4,PASS,,True,500.0,>8*1.4826*MAD of participant channel-window peak-to-peak values,203.57429378794237,"{""bad_power_threshold"": 3.3336400784737257, ""filter"": ""scipy.signal.butter(order=4, btype='bandpass', Wn=[1,40], fs=128, output='sos') + sosfiltfilt"", ""flatline_limit_samples"": 641, ""flatline_max_run_samples_by_channel"": [3, 3, 3, 3, 3, 3, 3, 3, 3, 2, 2, 3, 2, 3], ""invalid_row_count"": 26, ""invalid_row_fraction"": 0.0007086979038896611, ""log_broadband_mad"": 0.12268704132857322, ""log_broadband_median"": 2.4241610411050125, ""log_broadband_power_by_channel"": [2.555939119068141, 2.4851277783340886, 2.483540422455106, 2.2111280818769705, 2.347936561226705, 1.8680672362701767, 2.130862929370963, 2.364781659754919, 2.3346536630102133, 2.6058074013923753, 2.5319340421818537, 2.1890141161023933, 3.1009249593858557, 2.5377570457990304], ""nonfinite_fraction_by_channel"": [0.0, 0.0, 0.0, 0.0, 0.0, 0.0, 0.0, 0.0, 0.0, 0.0, 0.0, 0.0, 0.0, 0.0], ""resampling"": ""scipy.signal.resample_poly(up=1, down=2, window=('kaiser',5.0), padtype='constant') for native 256 Hz"", ""segment_count"": 2}"
UB0024,1682701240,128.0,Epoc X,293.9846029281616,0,0,,0,293,39,0.8668941979522184,267.0,14,8,2,4,PASS,,True,500.0,>8*1.4826*MAD of participant channel-window peak-to-peak values,230.78622683946224,"{""bad_power_threshold"": 5.081670036037365, ""filter"": ""scipy.signal.butter(order=4, btype='bandpass', Wn=[1,40], fs=128, output='sos') + sosfiltfilt"", ""flatline_limit_samples"": 641, ""flatline_max_run_samples_by_channel"": [3, 2, 3, 3, 3, 3, 3, 3, 3, 2, 2, 3, 3, 3], ""invalid_row_count"": 0, ""invalid_row_fraction"": 0.0, ""log_broadband_mad"": 0.3181299720651507, ""log_broadband_median"": 2.723372553118403, ""log_broadband_power_by_channel"": [2.5923722386338777, 2.7999771724120666, 2.4029936351477197, 2.407491526958785, 3.245980132034006, 2.1448202811923247, 2.661602284467659, 2.7851428217691474, 3.855575137158429, 3.625286681790894, 3.0554362363350402, 2.4518684004082765, 3.1745308426396472, 2.455879502013534], ""nonfinite_fraction_by_channel"": [0.0, 0.0, 0.0, 0.0, 0.0, 0.0, 0.0, 0.0, 0.0, 0.0, 0.0, 0.0, 0.0, 0.0], ""resampling"": ""scipy.signal.resample_poly(up=1, down=2, window=('kaiser',5.0), padtype='constant') for native 256 Hz"", ""segment_count"": 1}"
UB0028,1683560048,128.0,Epoc X,284.69279193878174,0,0,,0,283,77,0.7279151943462897,228.0,14,8,2,4,PASS,,True,500.0,>8*1.4826*MAD of participant channel-window peak-to-peak values,239.67177786575945,"{""bad_power_threshold"": 5.684342147717677, ""filter"": ""scipy.signal.butter(order=4, btype='bandpass', Wn=[1,40], fs=128, output='sos') + sosfiltfilt"", ""flatline_limit_samples"": 641, ""flatline_max_run_samples_by_channel"": [30, 14, 2, 2, 32, 3, 3, 3, 3, 2, 2, 13, 61, 3], ""invalid_row_count"": 0, ""invalid_row_fraction"": 0.0, ""log_broadband_mad"": 0.3133911120610495, ""log_broadband_median"": 3.3611738340091164, ""log_broadband_power_by_channel"": [3.849442141303413, 4.32969751845467, 3.600523721753308, 3.1091312160879148, 2.986434227808219, 2.983858869082343, 3.350773699920612, 3.1379025718200984, 3.3639615753095624, 3.2319757189513814, 3.3583860927086704, 3.7977556424483057, 4.198242810340496, 3.759708647390964], ""nonfinite_fraction_by_channel"": [0.0, 0.0, 0.0, 0.0, 0.0, 0.0, 0.0, 0.0, 0.0, 0.0, 0.0, 0.0, 0.0, 0.0], ""resampling"": ""scipy.signal.resample_poly(up=1, down=2, window=('kaiser',5.0), padtype='constant') for native 256 Hz"", ""segment_count"": 1}"
UB0029,1683301512,128.0,Epoc X,285.7386190891266,0,0,,0,282,55,0.8049645390070922,247.0,14,8,2,4,PASS,,True,500.0,>8*1.4826*MAD of participant channel-window peak-to-peak values,207.32419680795812,"{""bad_power_threshold"": 3.535277935146932, ""filter"": ""scipy.signal.butter(order=4, btype='bandpass', Wn=[1,40], fs=128, output='sos') + sosfiltfilt"", ""flatline_limit_samples"": 641, ""flatline_max_run_samples_by_channel"": [3, 2, 3, 2, 3, 3, 3, 3, 3, 3, 3, 4, 2, 3], ""invalid_row_count"": 18, ""invalid_row_fraction"": 0.0004918704741084847, ""log_broadband_mad"": 0.13804987594790497, ""log_broadband_median"": 2.511914204745113, ""log_broadband_power_by_channel"": [2.500061383487583, 2.8381209754231134, 2.4667288002096717, 2.5196159328231684, 2.846175573147169, 2.0978823758679495, 2.3234403957080554, 2.5042124766670573, 2.4242882618863604, 2.792729410513805, 2.772649443019482, 2.4527195921661296, 3.111019490094545, 2.566974704149089], ""nonfinite_fraction_by_channel"": [0.0, 0.0, 0.0, 0.0, 0.0, 0.0, 0.0, 0.0, 0.0, 0.0, 0.0, 0.0, 0.0, 0.0], ""resampling"": ""scipy.signal.resample_poly(up=1, down=2, window=('kaiser',5.0), padtype='constant') for native 256 Hz"", ""segment_count"": 2}"
UB0030,1684154729,128.0,Epoc X,293.2034270763397,0,0,,0,292,42,0.8561643835616438,267.0,14,8,2,4,PASS,,True,500.0,>8*1.4826*MAD of participant channel-window peak-to-peak values,234.47319020569128,"{""bad_power_threshold"": 3.7565853107182914, ""filter"": ""scipy.signal.butter(order=4, btype='bandpass', Wn=[1,40], fs=128, output='sos') + sosfiltfilt"", ""flatline_limit_samples"": 641, ""flatline_max_run_samples_by_channel"": [2, 3, 2, 2, 2, 2, 3, 2, 2, 2, 3, 2, 2, 3], ""invalid_row_count"": 0, ""invalid_row_fraction"": 0.0, ""log_broadband_mad"": 0.15231823640458586, ""log_broadband_median"": 2.6274502242510964, ""log_broadband_power_by_channel"": [2.216833967185716, 2.598247456800276, 2.35439673803136, 2.3905030180355014, 2.693754743034618, 3.194214930681793, 2.5950120391015377, 2.521975294938325, 2.7994644238167536, 2.760072497494611, 2.8418016446452845, 2.5861057274654193, 2.807862265052267, 2.6566529917019173], ""nonfinite_fraction_by_channel"": [0.0, 0.0, 0.0, 0.0, 0.0, 0.0, 0.0, 0.0, 0.0, 0.0, 0.0, 0.0, 0.0, 0.0], ""resampling"": ""scipy.signal.resample_poly(up=1, down=2, window=('kaiser',5.0), padtype='constant') for native 256 Hz"", ""segment_count"": 1}"
UB0032,1685460434,128.0,Epoc X,287.1291160583496,1,0,,0,279,99,0.6451612903225806,210.0,14,8,2,4,PASS,,True,500.0,>8*1.4826*MAD of participant channel-window peak-to-peak values,132.44069939228072,"{""bad_power_threshold"": 3.3712341471904708, ""filter"": ""scipy.signal.butter(order=4, btype='bandpass', Wn=[1,40], fs=128, output='sos') + sosfiltfilt"", ""flatline_limit_samples"": 641, ""flatline_max_run_samples_by_channel"": [3, 3, 3, 3, 5, 3, 9, 3, 3, 3, 3, 3, 3, 4], ""invalid_row_count"": 19, ""invalid_row_fraction"": 0.0005199354185480119, ""log_broadband_mad"": 0.16364071366143407, ""log_broadband_median"": 2.15816553681826, ""log_broadband_power_by_channel"": [2.1676074980923175, 3.1087171304005436, 2.077452299750275, 1.9761645020886, 1.9764367720028069, 2.6518542828577494, 1.9073336866607011, 3.0299909138944963, 2.1226260927768608, 2.1487235755442025, 2.254018878782869, 2.303718199325675, 2.864656640648886, 2.0910567145162933], ""nonfinite_fraction_by_channel"": [0.0, 0.0, 0.0, 0.0, 0.0, 0.0, 0.0, 0.0, 0.0, 0.0, 0.0, 0.0, 0.0, 0.0], ""resampling"": ""scipy.signal.resample_poly(up=1, down=2, window=('kaiser',5.0), padtype='constant') for native 256 Hz"", ""segment_count"": 4}"
UB0034,1685114692,128.0,Epoc X,313.86503195762634,0,0,,0,313,62,0.8019169329073482,272.0,14,8,2,4,PASS,,True,500.0,>8*1.4826*MAD of participant channel-window peak-to-peak values,107.74044167289004,"{""bad_power_threshold"": 3.8304655081052745, ""filter"": ""scipy.signal.butter(order=4, btype='bandpass', Wn=[1,40], fs=128, output='sos') + sosfiltfilt"", ""flatline_limit_samples"": 641, ""flatline_max_run_samples_by_channel"": [3, 3, 3, 3, 3, 3, 3, 2, 3, 3, 3, 6, 3, 3], ""invalid_row_count"": 0, ""invalid_row_fraction"": 0.0, ""log_broadband_mad"": 0.12018338752636581, ""log_broadband_median"": 2.939546056372325, ""log_broadband_power_by_channel"": [2.9138364566185575, 2.964939980383111, 2.797324056148724, 2.832010990442869, 2.866007122298391, 2.811430707724434, 2.8200430587455094, 2.914152132361539, 3.0050842963412663, 3.2104430076993906, 3.154219491260799, 3.5305580685089795, 3.060409833798241, 3.0900589327649226], ""nonfinite_fraction_by_channel"": [0.0, 0.0, 0.0, 0.0, 0.0, 0.0, 0.0, 0.0, 0.0, 0.0, 0.0, 0.0, 0.0, 0.0], ""resampling"": ""scipy.signal.resample_poly(up=1, down=2, window=('kaiser',5.0), padtype='constant') for native 256 Hz"", ""segment_count"": 1}"
UB0035,1684767892,128.0,Epoc X,313.78645181655884,0,0,,0,312,43,0.8621794871794872,288.0,14,8,2,4,PASS,,True,500.0,>8*1.4826*MAD of participant channel-window peak-to-peak values,135.95061182736657,"{""bad_power_threshold"": 3.606466824166014, ""filter"": ""scipy.signal.butter(order=4, btype='bandpass', Wn=[1,40], fs=128, output='sos') + sosfiltfilt"", ""flatline_limit_samples"": 641, ""flatline_max_run_samples_by_channel"": [3, 3, 3, 3, 3, 2, 3, 3, 3, 3, 3, 3, 3, 3], ""invalid_row_count"": 0, ""invalid_row_fraction"": 0.0, ""log_broadband_mad"": 0.1988773381784381, ""log_broadband_median"": 2.1321891162492523, ""log_broadband_power_by_channel"": [2.500264542386679, 2.2197510716586035, 1.8887947954368414, 2.109117775838391, 2.123185679797941, 1.9682633403689915, 1.838880595878368, 1.8686015972111112, 2.1411925527005637, 2.3660180167258678, 2.229405323706424, 2.119453080011823, 2.451688695468486, 2.4106147457966087], ""nonfinite_fraction_by_channel"": [0.0, 0.0, 0.0, 0.0, 0.0, 0.0, 0.0, 0.0, 0.0, 0.0, 0.0, 0.0, 0.0, 0.0], ""resampling"": ""scipy.signal.resample_poly(up=1, down=2, window=('kaiser',5.0), padtype='constant') for native 256 Hz"", ""segment_count"": 1}"
UB0039,1684512941,128.0,Epoc X,290.2675199508667,1,0,,0,284,45,0.8415492957746479,259.0,14,8,2,4,PASS,,True,500.0,>8*1.4826*MAD of participant channel-window peak-to-peak values,155.5035387137542,"{""bad_power_threshold"": 4.719906573344796, ""filter"": ""scipy.signal.butter(order=4, btype='bandpass', Wn=[1,40], fs=128, output='sos') + sosfiltfilt"", ""flatline_limit_samples"": 641, ""flatline_max_run_samples_by_channel"": [3, 3, 3, 2, 3, 3, 4, 3, 3, 3, 3, 3, 3, 3], ""invalid_row_count"": 12, ""invalid_row_fraction"": 0.00032477198300359954, ""log_broadband_mad"": 0.33605586607696714, ""log_broadband_median"": 2.2287244381162377, ""log_broadband_power_by_channel"": [1.994549376850064, 2.458473828342472, 2.6844065222821043, 2.82026492932765, 1.863747335451343, 1.6320091937187688, 1.8820339907001264, 2.5541457228540607, 2.691267109559777, 2.2223555923482374, 2.235093283884238, 1.9986176933038262, 2.7233398753071287, 2.173322242838112], ""nonfinite_fraction_by_channel"": [0.0, 0.0, 0.0, 0.0, 0.0, 0.0, 0.0, 0.0, 0.0, 0.0, 0.0, 0.0, 0.0, 0.0], ""resampling"": ""scipy.signal.resample_poly(up=1, down=2, window=('kaiser',5.0), padtype='constant') for native 256 Hz"", ""segment_count"": 2}"
UB0042,1685104887,128.0,Epoc X,295.8743760585785,0,0,,0,295,71,0.7593220338983051,253.0,14,8,2,4,PASS,,True,500.0,>8*1.4826*MAD of participant channel-window peak-to-peak values,260.41479869547476,"{""bad_power_threshold"": 4.319223364044866, ""filter"": ""scipy.signal.butter(order=4, btype='bandpass', Wn=[1,40], fs=128, output='sos') + sosfiltfilt"", ""flatline_limit_samples"": 641, ""flatline_max_run_samples_by_channel"": [2, 3, 2, 3, 3, 2, 2, 2, 2, 3, 2, 2, 2, 31], ""invalid_row_count"": 0, ""invalid_row_fraction"": 0.0, ""log_broadband_mad"": 0.16027681601457178, ""log_broadband_median"": 3.131091326928846, ""log_broadband_power_by_channel"": [3.6847879329026845, 3.2428556329074194, 2.9153979081463235, 3.0875742280826013, 3.0004120586823912, 3.012121195444599, 3.102588695772762, 3.1595939580849297, 2.842989574093091, 3.086996657606163, 3.320965690711535, 3.4151679960051418, 3.514483437762919, 3.9153575684773982], ""nonfinite_fraction_by_channel"": [0.0, 0.0, 0.0, 0.0, 0.0, 0.0, 0.0, 0.0, 0.0, 0.0, 0.0, 0.0, 0.0, 0.0], ""resampling"": ""scipy.signal.resample_poly(up=1, down=2, window=('kaiser',5.0), padtype='constant') for native 256 Hz"", ""segment_count"": 1}"
UB0044,1685631574,128.0,Epoc X,288.51049399375916,0,0,,0,287,36,0.8745644599303136,265.0,14,8,2,4,PASS,,True,500.0,>8*1.4826*MAD of participant channel-window peak-to-peak values,172.1104715665857,"{""bad_power_threshold"": 3.4917182623458083, ""filter"": ""scipy.signal.butter(order=4, btype='bandpass', Wn=[1,40], fs=128, output='sos') + sosfiltfilt"", ""flatline_limit_samples"": 641, ""flatline_max_run_samples_by_channel"": [3, 3, 3, 3, 3, 3, 5, 3, 2, 3, 3, 3, 3, 3], ""invalid_row_count"": 0, ""invalid_row_fraction"": 0.0, ""log_broadband_mad"": 0.14301403181748684, ""log_broadband_median"": 2.4315552444827784, ""log_broadband_power_by_channel"": [2.381202490863907, 2.7406940916457176, 2.2806046696332865, 2.3286740945556863, 2.1643769538115136, 2.298395563947277, 2.102255444116642, 2.56663273326826, 2.622733860125748, 2.3220278801545406, 2.878469277102908, 2.5080292900999894, 2.7409806997865354, 2.4819079981016494], ""nonfinite_fraction_by_channel"": [0.0, 0.0, 0.0, 0.0, 0.0, 0.0, 0.0, 0.0, 0.0, 0.0, 0.0, 0.0, 0.0, 0.0], ""resampling"": ""scipy.signal.resample_poly(up=1, down=2, window=('kaiser',5.0), padtype='constant') for native 256 Hz"", ""segment_count"": 1}"
UB0045,1685118161,128.0,Epoc X,313.9353129863739,0,0,,0,313,111,0.645367412140575,235.0,14,8,2,4,PASS,,True,500.0,>8*1.4826*MAD of participant channel-window peak-to-peak values,177.56618000884657,"{""bad_power_threshold"": 4.076124097349462, ""filter"": ""scipy.signal.butter(order=4, btype='bandpass', Wn=[1,40], fs=128, output='sos') + sosfiltfilt"", ""flatline_limit_samples"": 641, ""flatline_max_run_samples_by_channel"": [3, 3, 3, 3, 2, 3, 4, 2, 3, 2, 3, 3, 3, 3], ""invalid_row_count"": 0, ""invalid_row_fraction"": 0.0, ""log_broadband_mad"": 0.199614308584948, ""log_broadband_median"": 2.596383227809243, ""log_broadband_power_by_channel"": [2.6526606834105406, 2.985321572604273, 2.4224504379671936, 2.695870793316755, 2.5401057722079448, 2.169275852385162, 2.50726235446187, 2.973917031410666, 2.3120046014691247, 2.833160745887013, 2.701101875627063, 2.399545421567743, 3.365447296879066, 2.3939924168808466], ""nonfinite_fraction_by_channel"": [0.0, 0.0, 0.0, 0.0, 0.0, 0.0, 0.0, 0.0, 0.0, 0.0, 0.0, 0.0, 0.0, 0.0], ""resampling"": ""scipy.signal.resample_poly(up=1, down=2, window=('kaiser',5.0), padtype='constant') for native 256 Hz"", ""segment_count"": 1}"
UB0046,1685529276,128.0,Epoc X,305.44673204421997,0,0,,0,303,49,0.8382838283828383,271.0,14,8,2,4,PASS,,True,500.0,>8*1.4826*MAD of participant channel-window peak-to-peak values,237.3444880946573,"{""bad_power_threshold"": 4.479920140883217, ""filter"": ""scipy.signal.butter(order=4, btype='bandpass', Wn=[1,40], fs=128, output='sos') + sosfiltfilt"", ""flatline_limit_samples"": 641, ""flatline_max_run_samples_by_channel"": [3, 2, 2, 3, 3, 3, 3, 3, 3, 3, 3, 3, 3, 2], ""invalid_row_count"": 18, ""invalid_row_fraction"": 0.0004601344615148649, ""log_broadband_mad"": 0.2878573097150692, ""log_broadband_median"": 2.3460339039654095, ""log_broadband_power_by_channel"": [2.769789852371531, 2.694361003342293, 2.202761707289483, 2.281962140663254, 1.9307502801427463, 2.3608165693891823, 2.0587621222439423, 2.0363710370872843, 2.3312512385416366, 2.5357945355974314, 2.6344767416740806, 2.2815340653281453, 3.169458852775896, 2.6908788843438884], ""nonfinite_fraction_by_channel"": [0.0, 0.0, 0.0, 0.0, 0.0, 0.0, 0.0, 0.0, 0.0, 0.0, 0.0, 0.0, 0.0, 0.0], ""resampling"": ""scipy.signal.resample_poly(up=1, down=2, window=('kaiser',5.0), padtype='constant') for native 256 Hz"", ""segment_count"": 2}"
UB0047,1685532875,128.0,Epoc X,292.5006091594696,1,0,,0,280,56,0.8,249.0,14,8,2,4,PASS,,True,500.0,>8*1.4826*MAD of participant channel-window peak-to-peak values,133.7478863041452,"{""bad_power_threshold"": 3.7613341677206757, ""filter"": ""scipy.signal.butter(order=4, btype='bandpass', Wn=[1,40], fs=128, output='sos') + sosfiltfilt"", ""flatline_limit_samples"": 641, ""flatline_max_run_samples_by_channel"": [3, 3, 3, 8, 8, 4, 3, 9, 3, 3, 2, 4, 3, 3], ""invalid_row_count"": 122, ""invalid_row_fraction"": 0.0032770152300625856, ""log_broadband_mad"": 0.21967146445880892, ""log_broadband_median"": 2.1329096016875253, ""log_broadband_power_by_channel"": [2.0629918500075357, 2.6032563991919515, 1.8646058725522772, 2.066531158868894, 2.304543215263891, 1.752693467691925, 2.028221568349588, 2.356715934095395, 1.9173730051777773, 3.2476315798585857, 2.1992880445061567, 1.943880866215148, 2.7126585726832126, 2.4651014498949526], ""nonfinite_fraction_by_channel"": [0.0, 0.0, 0.0, 0.0, 0.0, 0.0, 0.0, 0.0, 0.0, 0.0, 0.0, 0.0, 0.0, 0.0], ""resampling"": ""scipy.signal.resample_poly(up=1, down=2, window=('kaiser',5.0), padtype='constant') for native 256 Hz"", ""segment_count"": 5}"
UB0049,1685719003,128.0,Epoc X,289.361624956131,0,0,,0,288,53,0.8159722222222222,256.0,14,8,2,4,PASS,,True,500.0,>8*1.4826*MAD of participant channel-window peak-to-peak values,138.16765113211414,"{""bad_power_threshold"": 3.1805950302392274, ""filter"": ""scipy.signal.butter(order=4, btype='bandpass', Wn=[1,40], fs=128, output='sos') + sosfiltfilt"", ""flatline_limit_samples"": 641, ""flatline_max_run_samples_by_channel"": [3, 3, 9, 3, 11, 3, 3, 3, 3, 3, 2, 3, 3, 3], ""invalid_row_count"": 0, ""invalid_row_fraction"": 0.0, ""log_broadband_mad"": 0.11949765842533222, ""log_broadband_median"": 2.2947588883322396, ""log_broadband_power_by_channel"": [2.285809882258299, 2.328242693032562, 2.1287352876071184, 2.41790128009826, 1.8990543912999729, 2.5843060705685668, 2.2943154104545505, 2.2952023662099283, 2.1119296851971945, 2.149798978213102, 2.3615083215535035, 2.2882719683735413, 2.5212529538252038, 2.4106118134168835], ""nonfinite_fraction_by_channel"": [0.0, 0.0, 0.0, 0.0, 0.0, 0.0, 0.0, 0.0, 0.0, 0.0, 0.0, 0.0, 0.0, 0.0], ""resampling"": ""scipy.signal.resample_poly(up=1, down=2, window=('kaiser',5.0), padtype='constant') for native 256 Hz"", ""segment_count"": 1}"
UB0051,1685725755,128.0,Epoc X,294.8041250705719,0,1,F8,1,293,36,0.8771331058020477,271.0,14,7,2,4,PASS,,True,500.0,>8*1.4826*MAD of participant channel-window peak-to-peak values,171.5878355432656,"{""bad_power_threshold"": 3.404798418768376, ""filter"": ""scipy.signal.butter(order=4, btype='bandpass', Wn=[1,40], fs=128, output='sos') + sosfiltfilt"", ""flatline_limit_samples"": 641, ""flatline_max_run_samples_by_channel"": [3, 3, 3, 2, 4, 3, 3, 3, 3, 3, 3, 3, 3, 3], ""invalid_row_count"": 0, ""invalid_row_fraction"": 0.0, ""log_broadband_mad"": 0.10452023377500219, ""log_broadband_median"": 2.629989925794285, ""log_broadband_power_by_channel"": [2.641338087501086, 2.7883547215624023, 2.353538067883518, 2.714375264532279, 2.6095768258570224, 2.667673365374272, 2.692133577134485, 2.371981631180823, 2.3303914232910548, 2.505334796982275, 2.6766972963793627, 2.3482293034331967, 3.4303522722038187, 2.6186417640874833], ""nonfinite_fraction_by_channel"": [0.0, 0.0, 0.0, 0.0, 0.0, 0.0, 0.0, 0.0, 0.0, 0.0, 0.0, 0.0, 0.0, 0.0], ""resampling"": ""scipy.signal.resample_poly(up=1, down=2, window=('kaiser',5.0), padtype='constant') for native 256 Hz"", ""segment_count"": 1}"
UB0052,1685372379,128.0,Epoc X,287.3312120437622,0,0,,0,284,56,0.8028169014084507,255.0,14,8,2,4,PASS,,True,500.0,>8*1.4826*MAD of participant channel-window peak-to-peak values,150.52967761602048,"{""bad_power_threshold"": 3.131545958864545, ""filter"": ""scipy.signal.butter(order=4, btype='bandpass', Wn=[1,40], fs=128, output='sos') + sosfiltfilt"", ""flatline_limit_samples"": 641, ""flatline_max_run_samples_by_channel"": [3, 3, 3, 2, 3, 3, 3, 4, 3, 2, 3, 3, 3, 3], ""invalid_row_count"": 7, ""invalid_row_fraction"": 0.00019022256039566293, ""log_broadband_mad"": 0.08734122613649142, ""log_broadband_median"": 2.484085449514734, ""log_broadband_power_by_channel"": [2.4075100207730635, 2.651064499337575, 2.5283199557870297, 2.494415267712478, 2.063839317636214, 2.043804014376202, 2.4737556313169904, 2.3504830704567707, 2.443292475617079, 2.5164280674700574, 2.507358078228887, 2.6655176111595886, 2.7298823299238335, 2.385978425983422], ""nonfinite_fraction_by_channel"": [0.0, 0.0, 0.0, 0.0, 0.0, 0.0, 0.0, 0.0, 0.0, 0.0, 0.0, 0.0, 0.0, 0.0], ""resampling"": ""scipy.signal.resample_poly(up=1, down=2, window=('kaiser',5.0), padtype='constant') for native 256 Hz"", ""segment_count"": 2}"
UB0053,1685383014,128.0,Epoc X,317.81492805480957,0,0,,0,315,55,0.8253968253968254,280.0,14,8,2,4,PASS,,True,500.0,>8*1.4826*MAD of participant channel-window peak-to-peak values,145.10226105964426,"{""bad_power_threshold"": 3.222966940236783, ""filter"": ""scipy.signal.butter(order=4, btype='bandpass', Wn=[1,40], fs=128, output='sos') + sosfiltfilt"", ""flatline_limit_samples"": 641, ""flatline_max_run_samples_by_channel"": [3, 3, 4, 3, 3, 3, 3, 3, 3, 3, 3, 3, 2, 3], ""invalid_row_count"": 13, ""invalid_row_fraction"": 0.00031938677738741617, ""log_broadband_mad"": 0.10352369413198814, ""log_broadband_median"": 2.455545795636355, ""log_broadband_power_by_channel"": [2.3612864067092283, 2.770826124637169, 2.273150963715234, 2.4656982716000773, 2.1065299664647408, 2.6174538983704285, 2.3699809268516234, 2.3533992439829747, 2.567130410824022, 2.3555830469518435, 2.560446632246951, 2.5456722795200597, 2.862864992429178, 2.445393319672633], ""nonfinite_fraction_by_channel"": [0.0, 0.0, 0.0, 0.0, 0.0, 0.0, 0.0, 0.0, 0.0, 0.0, 0.0, 0.0, 0.0, 0.0], ""resampling"": ""scipy.signal.resample_poly(up=1, down=2, window=('kaiser',5.0), padtype='constant') for native 256 Hz"", ""segment_count"": 2}"
UB0054,1687197098,128.0,Epoc X,284.5904200077057,0,2,F7;F8,2,280,19,0.9321428571428572,271.0,14,6,2,4,PASS,,True,500.0,>8*1.4826*MAD of participant channel-window peak-to-peak values,407.1305321400299,"{""bad_power_threshold"": 4.418689378433868, ""filter"": ""scipy.signal.butter(order=4, btype='bandpass', Wn=[1,40], fs=128, output='sos') + sosfiltfilt"", ""flatline_limit_samples"": 641, ""flatline_max_run_samples_by_channel"": [2, 4, 2, 3, 3, 3, 2, 2, 2, 3, 3, 2, 3, 3], ""invalid_row_count"": 44, ""invalid_row_fraction"": 0.0012071992976294996, ""log_broadband_mad"": 0.2151442887999182, ""log_broadband_median"": 2.8238247655600737, ""log_broadband_power_by_channel"": [2.7222038540231828, 4.83935340554634, 2.705933423712468, 3.4439538429340666, 2.9894469318411083, 2.559158354241272, 2.3612972885205292, 2.4788448028038896, 2.852284706431339, 2.894311806164298, 3.2193015789010286, 2.7953648246888085, 4.4800458505657845, 2.735638629758837], ""nonfinite_fraction_by_channel"": [0.0, 0.0, 0.0, 0.0, 0.0, 0.0, 0.0, 0.0, 0.0, 0.0, 0.0, 0.0, 0.0, 0.0], ""resampling"": ""scipy.signal.resample_poly(up=1, down=2, window=('kaiser',5.0), padtype='constant') for native 256 Hz"", ""segment_count"": 3}"
UB0056,1687190564,128.0,Epoc X,302.80735301971436,0,1,FC6,1,299,87,0.7090301003344481,237.0,14,7,2,4,PASS,,True,500.0,>8*1.4826*MAD of participant channel-window peak-to-peak values,166.5830848069277,"{""bad_power_threshold"": 3.8176666443630656, ""filter"": ""scipy.signal.butter(order=4, btype='bandpass', Wn=[1,40], fs=128, output='sos') + sosfiltfilt"", ""flatline_limit_samples"": 641, ""flatline_max_run_samples_by_channel"": [3, 3, 3, 3, 2, 3, 3, 3, 3, 3, 2, 3, 2, 3], ""invalid_row_count"": 18, ""invalid_row_fraction"": 0.0004641448131817127, ""log_broadband_mad"": 0.03134462556406614, ""log_broadband_median"": 3.585308935056643, ""log_broadband_power_by_channel"": [3.567267269181261, 3.746178181088631, 3.442941279047853, 3.6187767450550377, 3.5560874939269054, 3.4522006397672116, 3.573864046801878, 3.603763005051231, 3.561496628686109, 3.5879475147498185, 3.8585611371422295, 3.5826703553634673, 3.804736437420002, 3.6709860151208624], ""nonfinite_fraction_by_channel"": [0.0, 0.0, 0.0, 0.0, 0.0, 0.0, 0.0, 0.0, 0.0, 0.0, 0.0, 0.0, 0.0, 0.0], ""resampling"": ""scipy.signal.resample_poly(up=1, down=2, window=('kaiser',5.0), padtype='constant') for native 256 Hz"", ""segment_count"": 2}"
UB0057,1686233959,128.0,Epoc X,360.2303681373596,0,0,,0,359,25,0.9303621169916435,345.0,14,8,2,4,PASS,,True,500.0,>8*1.4826*MAD of participant channel-window peak-to-peak values,253.13913440456326,"{""bad_power_threshold"": 4.162769970730411, ""filter"": ""scipy.signal.butter(order=4, btype='bandpass', Wn=[1,40], fs=128, output='sos') + sosfiltfilt"", ""flatline_limit_samples"": 641, ""flatline_max_run_samples_by_channel"": [2, 3, 2, 3, 3, 2, 2, 2, 3, 2, 3, 2, 2, 3], ""invalid_row_count"": 0, ""invalid_row_fraction"": 0.0, ""log_broadband_mad"": 0.1961093309138786, ""log_broadband_median"": 2.709011500665829, ""log_broadband_power_by_channel"": [2.634269035500051, 2.2233970540726298, 2.6432812418656306, 2.569442893919502, 2.1863898575509246, 2.9936697657942695, 2.7153662435417543, 2.6356100633287123, 2.9919405994267336, 3.009804738484296, 2.923251120062576, 2.8869905430968394, 3.0686348586499403, 2.7026567577899043], ""nonfinite_fraction_by_channel"": [0.0, 0.0, 0.0, 0.0, 0.0, 0.0, 0.0, 0.0, 0.0, 0.0, 0.0, 0.0, 0.0, 0.0], ""resampling"": ""scipy.signal.resample_poly(up=1, down=2, window=('kaiser',5.0), padtype='constant') for native 256 Hz"", ""segment_count"": 1}"
UB0059,1686670263,128.0,Epoc X,304.98667192459106,0,0,,0,304,20,0.9342105263157895,291.0,14,8,2,4,PASS,,True,500.0,>8*1.4826*MAD of participant channel-window peak-to-peak values,160.12959952536315,"{""bad_power_threshold"": 3.4279352545127417, ""filter"": ""scipy.signal.butter(order=4, btype='bandpass', Wn=[1,40], fs=128, output='sos') + sosfiltfilt"", ""flatline_limit_samples"": 641, ""flatline_max_run_samples_by_channel"": [3, 2, 3, 3, 3, 5, 3, 3, 4, 3, 3, 3, 2, 3], ""invalid_row_count"": 0, ""invalid_row_fraction"": 0.0, ""log_broadband_mad"": 0.13773089445268982, ""log_broadband_median"": 2.406936133934952, ""log_broadband_power_by_channel"": [2.563149122105372, 2.673288117089117, 2.3988578781649332, 2.3761666046808663, 2.280990732563318, 1.642805735523965, 2.2600199851301896, 2.384468055777835, 2.4150143897049707, 2.474795956705578, 2.5354817740355693, 2.6653189720001653, 2.6442506933879097, 2.090862880024094], ""nonfinite_fraction_by_channel"": [0.0, 0.0, 0.0, 0.0, 0.0, 0.0, 0.0, 0.0, 0.0, 0.0, 0.0, 0.0, 0.0, 0.0], ""resampling"": ""scipy.signal.resample_poly(up=1, down=2, window=('kaiser',5.0), padtype='constant') for native 256 Hz"", ""segment_count"": 1}"
UB0060,1686924472,128.0,Epoc X,292.82057905197144,1,2,F7;F8,2,284,26,0.9084507042253521,271.0,14,6,2,4,PASS,,True,500.0,>8*1.4826*MAD of participant channel-window peak-to-peak values,194.69679602170726,"{""bad_power_threshold"": 3.4417947828504523, ""filter"": ""scipy.signal.butter(order=4, btype='bandpass', Wn=[1,40], fs=128, output='sos') + sosfiltfilt"", ""flatline_limit_samples"": 641, ""flatline_max_run_samples_by_channel"": [3, 10, 3, 3, 3, 3, 3, 3, 3, 3, 3, 3, 3, 2], ""invalid_row_count"": 38, ""invalid_row_fraction"": 0.0010194226848374288, ""log_broadband_mad"": 0.09552643165704566, ""log_broadband_median"": 2.733657344976773, ""log_broadband_power_by_channel"": [2.790537881503637, 4.147938847847413, 2.6488291119736815, 2.569666979248064, 2.627432714665773, 2.244550761368565, 2.505569251190622, 2.648951931530686, 2.7313916779424674, 2.7359230120110785, 2.816378100264826, 2.864724163612651, 3.4529935793959394, 2.740904394256352], ""nonfinite_fraction_by_channel"": [0.0, 0.0, 0.0, 0.0, 0.0, 0.0, 0.0, 0.0, 0.0, 0.0, 0.0, 0.0, 0.0, 0.0], ""resampling"": ""scipy.signal.resample_poly(up=1, down=2, window=('kaiser',5.0), padtype='constant') for native 256 Hz"", ""segment_count"": 3}"
UB0061,1686753195,128.0,Epoc X,304.00244784355164,0,0,,0,301,17,0.9435215946843853,288.0,14,8,2,4,PASS,,True,500.0,>8*1.4826*MAD of participant channel-window peak-to-peak values,182.40049745938168,"{""bad_power_threshold"": 3.8880718870077624, ""filter"": ""scipy.signal.butter(order=4, btype='bandpass', Wn=[1,40], fs=128, output='sos') + sosfiltfilt"", ""flatline_limit_samples"": 641, ""flatline_max_run_samples_by_channel"": [2, 3, 2, 2, 3, 3, 3, 3, 3, 3, 2, 3, 3, 3], ""invalid_row_count"": 7, ""invalid_row_fraction"": 0.00017979144192736425, ""log_broadband_mad"": 0.18124423420826585, ""log_broadband_median"": 2.544508378821888, ""log_broadband_power_by_channel"": [2.8575380957776826, 2.5416388003862007, 2.366537663586263, 2.3599906256409815, 2.1612098415072993, 2.6296327311572996, 2.0897828520504813, 2.3329038889772566, 2.8381962635297993, 2.390339957370008, 2.6598658683792054, 2.5844551004499756, 2.5473779572575754, 2.790475233404327], ""nonfinite_fraction_by_channel"": [0.0, 0.0, 0.0, 0.0, 0.0, 0.0, 0.0, 0.0, 0.0, 0.0, 0.0, 0.0, 0.0, 0.0], ""resampling"": ""scipy.signal.resample_poly(up=1, down=2, window=('kaiser',5.0), padtype='constant') for native 256 Hz"", ""segment_count"": 1}"
UB0063,1689613877,128.0,Epoc X,288.3163321018219,0,0,,0,281,81,0.7117437722419929,228.0,14,8,2,4,PASS,,True,500.0,>8*1.4826*MAD of participant channel-window peak-to-peak values,153.92844075382513,"{""bad_power_threshold"": 3.6040917783712536, ""filter"": ""scipy.signal.butter(order=4, btype='bandpass', Wn=[1,40], fs=128, output='sos') + sosfiltfilt"", ""flatline_limit_samples"": 641, ""flatline_max_run_samples_by_channel"": [3, 3, 3, 3, 3, 3, 3, 3, 3, 3, 3, 3, 8, 3], ""invalid_row_count"": 26, ""invalid_row_fraction"": 0.0007041299932295193, ""log_broadband_mad"": 0.16781839691787526, ""log_broadband_median"": 2.3600540020190444, ""log_broadband_power_by_channel"": [2.5075283876740166, 2.5293848696705155, 2.332144077414662, 2.2668504725158654, 1.9426976881678522, 1.9767453454875892, 2.193748075834765, 2.341233088774536, 2.378874915263553, 2.1038365755164845, 3.2137756126467267, 2.3899518935427744, 2.876727559477183, 2.6368217161858776], ""nonfinite_fraction_by_channel"": [0.0, 0.0, 0.0, 0.0, 0.0, 0.0, 0.0, 0.0, 0.0, 0.0, 0.0, 0.0, 0.0, 0.0], ""resampling"": ""scipy.signal.resample_poly(up=1, down=2, window=('kaiser',5.0), padtype='constant') for native 256 Hz"", ""segment_count"": 3}"
UB0065,1688719795,128.0,Epoc X,285.12941002845764,0,0,,0,283,40,0.8586572438162544,258.0,14,8,2,4,PASS,,True,500.0,>8*1.4826*MAD of participant channel-window peak-to-peak values,129.1102415451789,"{""bad_power_threshold"": 3.6888572830281157, ""filter"": ""scipy.signal.butter(order=4, btype='bandpass', Wn=[1,40], fs=128, output='sos') + sosfiltfilt"", ""flatline_limit_samples"": 641, ""flatline_max_run_samples_by_channel"": [3, 13, 3, 3, 4, 3, 3, 3, 3, 19, 3, 3, 14, 3], ""invalid_row_count"": 6, ""invalid_row_fraction"": 0.00016430703507955199, ""log_broadband_mad"": 0.20812876014409443, ""log_broadband_median"": 2.1459987840799437, ""log_broadband_power_by_channel"": [2.2635239587984906, 3.6854546335788507, 2.218404853334857, 2.0338371161222772, 1.7119671024400682, 1.7883997607024853, 1.8795554475569087, 2.073592714825031, 2.0424347438448622, 1.7051409506038278, 2.3082327456784424, 2.277518162883419, 2.416453275150068, 2.400022342769634], ""nonfinite_fraction_by_channel"": [0.0, 0.0, 0.0, 0.0, 0.0, 0.0, 0.0, 0.0, 0.0, 0.0, 0.0, 0.0, 0.0, 0.0], ""resampling"": ""scipy.signal.resample_poly(up=1, down=2, window=('kaiser',5.0), padtype='constant') for native 256 Hz"", ""segment_count"": 2}"
UB0066,1688463692,128.0,Epoc X,390.5032777786255,1,0,,0,384,85,0.7786458333333334,325.0,14,8,2,4,PASS,,True,500.0,>8*1.4826*MAD of participant channel-window peak-to-peak values,307.3299107857812,"{""bad_power_threshold"": 6.216351451906794, ""filter"": ""scipy.signal.butter(order=4, btype='bandpass', Wn=[1,40], fs=128, output='sos') + sosfiltfilt"", ""flatline_limit_samples"": 641, ""flatline_max_run_samples_by_channel"": [3, 19, 2, 3, 12, 3, 3, 8, 2, 197, 3, 3, 3, 3], ""invalid_row_count"": 7, ""invalid_row_fraction"": 0.00014061307299827246, ""log_broadband_mad"": 0.37167866941294414, ""log_broadband_median"": 3.4610974755486392, ""log_broadband_power_by_channel"": [4.033748637248204, 3.2945810629983994, 4.036418482712005, 3.3205323281587718, 4.189517736476452, 3.976855836810432, 3.781656538103542, 3.5075579822668614, 3.2007566390541347, 3.8838957518196247, 2.8914188782272627, 2.8405945903664085, 3.1936834970634926, 3.414636968830417], ""nonfinite_fraction_by_channel"": [0.0, 0.0, 0.0, 0.0, 0.0, 0.0, 0.0, 0.0, 0.0, 0.0, 0.0, 0.0, 0.0, 0.0], ""resampling"": ""scipy.signal.resample_poly(up=1, down=2, window=('kaiser',5.0), padtype='constant') for native 256 Hz"", ""segment_count"": 3}"
UB0070,1689953025,128.0,Epoc X,294.8355848789215,0,1,F7,1,294,19,0.935374149659864,283.0,14,7,2,4,PASS,,True,500.0,>8*1.4826*MAD of participant channel-window peak-to-peak values,202.94764579004027,"{""bad_power_threshold"": 3.862934438941443, ""filter"": ""scipy.signal.butter(order=4, btype='bandpass', Wn=[1,40], fs=128, output='sos') + sosfiltfilt"", ""flatline_limit_samples"": 641, ""flatline_max_run_samples_by_channel"": [3, 13, 3, 3, 3, 3, 3, 3, 3, 3, 3, 3, 3, 3], ""invalid_row_count"": 0, ""invalid_row_fraction"": 0.0, ""log_broadband_mad"": 0.18782149914775825, ""log_broadband_median"": 2.470613665759111, ""log_broadband_power_by_channel"": [2.4865209926183254, 3.9686264044964488, 2.3998793665367706, 2.4547063388998964, 2.2543857874647815, 1.9140940483136408, 2.1022932279910953, 2.292648549314745, 2.287797664415725, 2.6725057468568454, 2.6634406627112415, 2.575235323345195, 3.412254959224229, 2.609899855249403], ""nonfinite_fraction_by_channel"": [0.0, 0.0, 0.0, 0.0, 0.0, 0.0, 0.0, 0.0, 0.0, 0.0, 0.0, 0.0, 0.0, 0.0], ""resampling"": ""scipy.signal.resample_poly(up=1, down=2, window=('kaiser',5.0), padtype='constant') for native 256 Hz"", ""segment_count"": 1}"
UB0071,1688983232,128.0,Epoc X,302.9881820678711,0,0,,0,302,18,0.9403973509933775,292.0,14,8,2,4,PASS,,True,500.0,>8*1.4826*MAD of participant channel-window peak-to-peak values,223.02896598129738,"{""bad_power_threshold"": 3.8288901395372723, ""filter"": ""scipy.signal.butter(order=4, btype='bandpass', Wn=[1,40], fs=128, output='sos') + sosfiltfilt"", ""flatline_limit_samples"": 641, ""flatline_max_run_samples_by_channel"": [2, 3, 3, 3, 3, 3, 3, 3, 3, 2, 2, 3, 3, 3], ""invalid_row_count"": 0, ""invalid_row_fraction"": 0.0, ""log_broadband_mad"": 0.18646313563189754, ""log_broadband_median"": 2.446638915098016, ""log_broadband_power_by_channel"": [2.584135242472912, 2.7033474893696434, 1.9530902781440123, 2.403855103512479, 2.3329680762214715, 2.3004152862089877, 2.158380481747051, 2.4877258305063927, 2.405551999689639, 2.611458504702656, 2.6547455967571714, 1.9343425058505392, 2.945735073457304, 2.7216623601713414], ""nonfinite_fraction_by_channel"": [0.0, 0.0, 0.0, 0.0, 0.0, 0.0, 0.0, 0.0, 0.0, 0.0, 0.0, 0.0, 0.0, 0.0], ""resampling"": ""scipy.signal.resample_poly(up=1, down=2, window=('kaiser',5.0), padtype='constant') for native 256 Hz"", ""segment_count"": 1}"
UB0072,1689156902,128.0,Epoc X,307.24361300468445,0,0,,0,301,51,0.8305647840531561,267.0,14,8,2,4,PASS,,True,500.0,>8*1.4826*MAD of participant channel-window peak-to-peak values,246.72229960025044,"{""bad_power_threshold"": 3.379897186251878, ""filter"": ""scipy.signal.butter(order=4, btype='bandpass', Wn=[1,40], fs=128, output='sos') + sosfiltfilt"", ""flatline_limit_samples"": 641, ""flatline_max_run_samples_by_channel"": [3, 4, 2, 3, 3, 3, 4, 3, 3, 3, 3, 3, 3, 3], ""invalid_row_count"": 88, ""invalid_row_fraction"": 0.0022363973671503724, ""log_broadband_mad"": 0.09276275156253755, ""log_broadband_median"": 2.6922469089187873, ""log_broadband_power_by_channel"": [2.6498690132084635, 3.0421332881292242, 2.645005242946531, 2.718998126951896, 3.3772904435636772, 2.6344175497800624, 2.46991564493483, 2.6445606002191497, 2.709582438168095, 3.0611965270174086, 2.8199430529051375, 2.6749113796694792, 2.9635275588927583, 2.528396796409504], ""nonfinite_fraction_by_channel"": [0.0, 0.0, 0.0, 0.0, 0.0, 0.0, 0.0, 0.0, 0.0, 0.0, 0.0, 0.0, 0.0, 0.0], ""resampling"": ""scipy.signal.resample_poly(up=1, down=2, window=('kaiser',5.0), padtype='constant') for native 256 Hz"", ""segment_count"": 3}"
UB0073,1689760942,128.0,Epoc X,298.20848393440247,0,0,,0,297,41,0.8619528619528619,267.0,14,8,2,4,PASS,,True,500.0,>8*1.4826*MAD of participant channel-window peak-to-peak values,148.58574074973177,"{""bad_power_threshold"": 4.280069307064031, ""filter"": ""scipy.signal.butter(order=4, btype='bandpass', Wn=[1,40], fs=128, output='sos') + sosfiltfilt"", ""flatline_limit_samples"": 641, ""flatline_max_run_samples_by_channel"": [3, 3, 3, 3, 3, 3, 3, 3, 3, 3, 3, 3, 2, 3], ""invalid_row_count"": 0, ""invalid_row_fraction"": 0.0, ""log_broadband_mad"": 0.25289146741330115, ""log_broadband_median"": 2.4053848591292297, ""log_broadband_power_by_channel"": [2.2062471416130967, 2.5350957115680965, 2.7072259186424628, 2.177773863991626, 2.2715406458636243, 1.9827046209437618, 2.127212919440231, 2.3434292689539973, 1.7649512703573742, 3.083192766572427, 2.4673404493044617, 2.5248645828508836, 3.6408202534532466, 2.7205595721059272], ""nonfinite_fraction_by_channel"": [0.0, 0.0, 0.0, 0.0, 0.0, 0.0, 0.0, 0.0, 0.0, 0.0, 0.0, 0.0, 0.0, 0.0], ""resampling"": ""scipy.signal.resample_poly(up=1, down=2, window=('kaiser',5.0), padtype='constant') for native 256 Hz"", ""segment_count"": 1}"
UB0074,1689767752,128.0,Epoc X,293.50006198883057,0,0,,0,292,42,0.8561643835616438,265.0,14,8,2,4,PASS,,True,500.0,>8*1.4826*MAD of participant channel-window peak-to-peak values,163.06721153274214,"{""bad_power_threshold"": 3.419178444519224, ""filter"": ""scipy.signal.butter(order=4, btype='bandpass', Wn=[1,40], fs=128, output='sos') + sosfiltfilt"", ""flatline_limit_samples"": 641, ""flatline_max_run_samples_by_channel"": [3, 3, 3, 3, 3, 5, 4, 3, 3, 3, 2, 3, 3, 3], ""invalid_row_count"": 0, ""invalid_row_fraction"": 0.0, ""log_broadband_mad"": 0.16542004495895613, ""log_broadband_median"": 2.1929196512384825, ""log_broadband_power_by_channel"": [2.101808324155218, 3.1361874919323505, 2.2095164168403296, 1.9963004585888704, 1.7730163268726171, 2.2933338069353497, 1.8673915467760358, 2.0586987539701824, 2.2138658779557283, 2.1457430724805087, 2.1763228856366355, 2.6082383034320737, 2.7802910255370756, 2.649286779814586], ""nonfinite_fraction_by_channel"": [0.0, 0.0, 0.0, 0.0, 0.0, 0.0, 0.0, 0.0, 0.0, 0.0, 0.0, 0.0, 0.0, 0.0], ""resampling"": ""scipy.signal.resample_poly(up=1, down=2, window=('kaiser',5.0), padtype='constant') for native 256 Hz"", ""segment_count"": 1}"
UB0075,1690217211,128.0,Epoc X,292.75793290138245,0,0,,0,291,37,0.872852233676976,264.0,14,8,2,4,PASS,,True,500.0,>8*1.4826*MAD of participant channel-window peak-to-peak values,256.81150866130054,"{""bad_power_threshold"": 4.404109903952749, ""filter"": ""scipy.signal.butter(order=4, btype='bandpass', Wn=[1,40], fs=128, output='sos') + sosfiltfilt"", ""flatline_limit_samples"": 641, ""flatline_max_run_samples_by_channel"": [2, 3, 3, 3, 3, 3, 3, 3, 3, 2, 3, 2, 3, 2], ""invalid_row_count"": 0, ""invalid_row_fraction"": 0.0, ""log_broadband_mad"": 0.2003060671253709, ""log_broadband_median"": 2.919241028352375, ""log_broadband_power_by_channel"": [3.012922864968713, 3.229245644222953, 2.9190916309754864, 2.724182422368762, 2.3713223656389415, 2.7136875000852463, 2.820586867881158, 2.3820654633131975, 2.9193904257292633, 3.1710438824584637, 2.6451951007554917, 3.094022700089775, 3.867187288278316, 3.1133711035780665], ""nonfinite_fraction_by_channel"": [0.0, 0.0, 0.0, 0.0, 0.0, 0.0, 0.0, 0.0, 0.0, 0.0, 0.0, 0.0, 0.0, 0.0], ""resampling"": ""scipy.signal.resample_poly(up=1, down=2, window=('kaiser',5.0), padtype='constant') for native 256 Hz"", ""segment_count"": 1}"
UB0077,1689939480,128.0,Epoc X,305.0802960395813,0,0,,0,304,44,0.8552631578947368,277.0,14,8,2,4,PASS,,True,500.0,>8*1.4826*MAD of participant channel-window peak-to-peak values,122.83997655484669,"{""bad_power_threshold"": 3.583337007201396, ""filter"": ""scipy.signal.butter(order=4, btype='bandpass', Wn=[1,40], fs=128, output='sos') + sosfiltfilt"", ""flatline_limit_samples"": 641, ""flatline_max_run_samples_by_channel"": [3, 7, 3, 3, 4, 4, 3, 3, 3, 3, 5, 3, 3, 3], ""invalid_row_count"": 0, ""invalid_row_fraction"": 0.0, ""log_broadband_mad"": 0.20868093323269132, ""log_broadband_median"": 2.0363852491474557, ""log_broadband_power_by_channel"": [2.2590246318914584, 2.273654207226877, 2.0727428125274576, 2.3970556724146714, 1.745379525214837, 1.676713390349002, 1.990285805027195, 1.8343336973236832, 1.847643652126867, 2.000027685767454, 1.9658846093213531, 2.204424406324237, 2.378450272750746, 2.251695563789066], ""nonfinite_fraction_by_channel"": [0.0, 0.0, 0.0, 0.0, 0.0, 0.0, 0.0, 0.0, 0.0, 0.0, 0.0, 0.0, 0.0, 0.0], ""resampling"": ""scipy.signal.resample_poly(up=1, down=2, window=('kaiser',5.0), padtype='constant') for native 256 Hz"", ""segment_count"": 1}"
UB0078,1689608980,128.0,Epoc X,298.6774001121521,0,0,,0,297,46,0.8451178451178452,272.0,14,8,2,4,PASS,,True,500.0,>8*1.4826*MAD of participant channel-window peak-to-peak values,162.84156820276783,"{""bad_power_threshold"": 4.211401864805781, ""filter"": ""scipy.signal.butter(order=4, btype='bandpass', Wn=[1,40], fs=128, output='sos') + sosfiltfilt"", ""flatline_limit_samples"": 641, ""flatline_max_run_samples_by_channel"": [2, 2, 2, 3, 56, 12, 3, 3, 3, 3, 3, 3, 3, 3], ""invalid_row_count"": 0, ""invalid_row_fraction"": 0.0, ""log_broadband_mad"": 0.2639099117780015, ""log_broadband_median"": 2.255037688795456, ""log_broadband_power_by_channel"": [2.6170404110442886, 2.716671752676781, 2.233474102065593, 2.140330381542586, 1.2870486872494857, 1.8399977101070077, 1.8955337808843462, 2.046337566166965, 2.30480399130978, 2.234068784247639, 2.3363007858384255, 2.276006593343273, 2.574157389722968, 3.066325337767469], ""nonfinite_fraction_by_channel"": [0.0, 0.0, 0.0, 0.0, 0.0, 0.0, 0.0, 0.0, 0.0, 0.0, 0.0, 0.0, 0.0, 0.0], ""resampling"": ""scipy.signal.resample_poly(up=1, down=2, window=('kaiser',5.0), padtype='constant') for native 256 Hz"", ""segment_count"": 1}"
UB0079,1689871205,128.0,Epoc X,290.54982018470764,0,1,F7,1,289,25,0.9134948096885813,277.0,14,7,2,4,PASS,,True,500.0,>8*1.4826*MAD of participant channel-window peak-to-peak values,148.00082670343699,"{""bad_power_threshold"": 3.4347692677044295, ""filter"": ""scipy.signal.butter(order=4, btype='bandpass', Wn=[1,40], fs=128, output='sos') + sosfiltfilt"", ""flatline_limit_samples"": 641, ""flatline_max_run_samples_by_channel"": [2, 243, 3, 3, 2, 3, 3, 2, 3, 3, 2, 2, 3, 3], ""invalid_row_count"": 0, ""invalid_row_fraction"": 0.0, ""log_broadband_mad"": 0.09179662322230175, ""log_broadband_median"": 2.7542808997575063, ""log_broadband_power_by_channel"": [2.79140004671802, 0.9270092030495454, 2.6041037048337166, 2.7216489604977183, 2.820384739024908, 2.543178100443695, 2.578719181436076, 2.747183129006245, 2.70625665612296, 2.9166719688025182, 2.871770306934708, 2.9037281675634197, 2.7613786705087673, 2.7955106054666468], ""nonfinite_fraction_by_channel"": [0.0, 0.0, 0.0, 0.0, 0.0, 0.0, 0.0, 0.0, 0.0, 0.0, 0.0, 0.0, 0.0, 0.0], ""resampling"": ""scipy.signal.resample_poly(up=1, down=2, window=('kaiser',5.0), padtype='constant') for native 256 Hz"", ""segment_count"": 1}"
UB0080,1696521458,128.0,Epoc X,302.22240018844604,0,0,,0,297,60,0.797979797979798,261.0,14,8,2,4,PASS,,True,500.0,>8*1.4826*MAD of participant channel-window peak-to-peak values,159.44406724537876,"{""bad_power_threshold"": 3.44805049686457, ""filter"": ""scipy.signal.butter(order=4, btype='bandpass', Wn=[1,40], fs=128, output='sos') + sosfiltfilt"", ""flatline_limit_samples"": 641, ""flatline_max_run_samples_by_channel"": [2, 12, 3, 29, 2, 3, 3, 2, 3, 3, 2, 3, 3, 2], ""invalid_row_count"": 25, ""invalid_row_fraction"": 0.0006458946933291997, ""log_broadband_mad"": 0.13311205180289787, ""log_broadband_median"": 2.4612908568496885, ""log_broadband_power_by_channel"": [2.4457985820263115, 3.1723314937862948, 2.4767831316730655, 1.5616755017175383, 2.4073122032867413, 2.2342405747237146, 2.1114950497807565, 2.43128296962438, 2.33278799330749, 2.497329878650321, 2.6423839944920786, 2.599012096913286, 2.8199064302893504, 2.5074017559841137], ""nonfinite_fraction_by_channel"": [0.0, 0.0, 0.0, 0.0, 0.0, 0.0, 0.0, 0.0, 0.0, 0.0, 0.0, 0.0, 0.0, 0.0], ""resampling"": ""scipy.signal.resample_poly(up=1, down=2, window=('kaiser',5.0), padtype='constant') for native 256 Hz"", ""segment_count"": 3}"
UB0081,1690197703,128.0,Epoc X,293.4146430492401,0,1,F7,1,292,23,0.9212328767123288,279.0,14,7,2,4,PASS,,True,500.0,>8*1.4826*MAD of participant channel-window peak-to-peak values,147.90906400094352,"{""bad_power_threshold"": 3.3329281034525984, ""filter"": ""scipy.signal.butter(order=4, btype='bandpass', Wn=[1,40], fs=128, output='sos') + sosfiltfilt"", ""flatline_limit_samples"": 641, ""flatline_max_run_samples_by_channel"": [3, 10, 3, 3, 3, 3, 3, 3, 3, 3, 3, 2, 3, 3], ""invalid_row_count"": 0, ""invalid_row_fraction"": 0.0, ""log_broadband_mad"": 0.11609021813903952, ""log_broadband_median"": 2.4723513163878987, ""log_broadband_power_by_channel"": [2.4854739184742196, 1.548496664428461, 2.9440708050555338, 2.3729666962638514, 1.9516036016170364, 2.339555500233867, 2.398923293191089, 2.392739840781501, 2.4592287143015783, 2.532867217588334, 2.6552589350532223, 2.608083088309213, 2.718366946871884, 2.54375599598783], ""nonfinite_fraction_by_channel"": [0.0, 0.0, 0.0, 0.0, 0.0, 0.0, 0.0, 0.0, 0.0, 0.0, 0.0, 0.0, 0.0, 0.0], ""resampling"": ""scipy.signal.resample_poly(up=1, down=2, window=('kaiser',5.0), padtype='constant') for native 256 Hz"", ""segment_count"": 1}"
UB0083,1693841279,128.0,Epoc X,303.4658260345459,1,0,,0,296,113,0.6182432432432432,212.0,14,8,2,4,PASS,,True,500.0,>8*1.4826*MAD of participant channel-window peak-to-peak values,185.76133605710945,"{""bad_power_threshold"": 4.403405029934569, ""filter"": ""scipy.signal.butter(order=4, btype='bandpass', Wn=[1,40], fs=128, output='sos') + sosfiltfilt"", ""flatline_limit_samples"": 641, ""flatline_max_run_samples_by_channel"": [3, 3, 4, 262, 3, 3, 3, 3, 3, 3, 3, 3, 2, 3], ""invalid_row_count"": 20, ""invalid_row_fraction"": 0.0005175581605982972, ""log_broadband_mad"": 0.2743080275306935, ""log_broadband_median"": 2.369959621849538, ""log_broadband_power_by_channel"": [2.39992677074587, 2.3692096016970954, 2.208844522067277, 1.1753500626589126, 2.045275199940729, 1.895378637268305, 2.3625786852144506, 2.3707096420019806, 3.6536647415407164, 2.4886964942640915, 2.6100676458541723, 1.9616019200564554, 2.6784676529062903, 2.7095219226254565], ""nonfinite_fraction_by_channel"": [0.0, 0.0, 0.0, 0.0, 0.0, 0.0, 0.0, 0.0, 0.0, 0.0, 0.0, 0.0, 0.0, 0.0], ""resampling"": ""scipy.signal.resample_poly(up=1, down=2, window=('kaiser',5.0), padtype='constant') for native 256 Hz"", ""segment_count"": 4}"
UB0084,1693847512,128.0,Epoc X,300.25688219070435,0,0,,0,298,29,0.9026845637583892,282.0,14,8,2,4,PASS,,True,500.0,>8*1.4826*MAD of participant channel-window peak-to-peak values,117.85862439785117,"{""bad_power_threshold"": 3.3511975752139156, ""filter"": ""scipy.signal.butter(order=4, btype='bandpass', Wn=[1,40], fs=128, output='sos') + sosfiltfilt"", ""flatline_limit_samples"": 641, ""flatline_max_run_samples_by_channel"": [3, 3, 2, 3, 39, 3, 3, 3, 3, 3, 3, 3, 3, 3], ""invalid_row_count"": 6, ""invalid_row_fraction"": 0.00015602246723528187, ""log_broadband_mad"": 0.16325530931376808, ""log_broadband_median"": 2.140985967270953, ""log_broadband_power_by_channel"": [2.322095628117854, 2.1986275060996943, 2.145653122901263, 2.136318811640643, 1.9515502802901032, 1.9988632755010567, 1.995585009490318, 2.06130365359692, 1.7500890518907843, 2.1862299093508635, 2.357355161711193, 1.703708698095492, 2.3887178977510093, 2.390475101823431], ""nonfinite_fraction_by_channel"": [0.0, 0.0, 0.0, 0.0, 0.0, 0.0, 0.0, 0.0, 0.0, 0.0, 0.0, 0.0, 0.0, 0.0], ""resampling"": ""scipy.signal.resample_poly(up=1, down=2, window=('kaiser',5.0), padtype='constant') for native 256 Hz"", ""segment_count"": 2}"
UB0085,1694187414,128.0,Epoc X,287.40521597862244,0,0,,0,286,110,0.6153846153846154,206.0,14,8,2,4,PASS,,True,500.0,>8*1.4826*MAD of participant channel-window peak-to-peak values,392.8499787858061,"{""bad_power_threshold"": 4.746136173401525, ""filter"": ""scipy.signal.butter(order=4, btype='bandpass', Wn=[1,40], fs=128, output='sos') + sosfiltfilt"", ""flatline_limit_samples"": 641, ""flatline_max_run_samples_by_channel"": [2, 2, 3, 3, 3, 3, 3, 3, 72, 3, 2, 3, 3, 4], ""invalid_row_count"": 0, ""invalid_row_fraction"": 0.0, ""log_broadband_mad"": 0.22968956860840484, ""log_broadband_median"": 3.0434474013074198, ""log_broadband_power_by_channel"": [2.7905282961179534, 3.670585191206025, 2.9579705567808117, 3.5647736532524457, 4.481758309315145, 3.212587247521049, 2.8369873692800764, 2.8426166328945985, 1.5492034307470295, 4.327958958299499, 2.9532098366894157, 3.125399411076399, 3.5681873653082428, 2.9614953915384405], ""nonfinite_fraction_by_channel"": [0.0, 0.0, 0.0, 0.0, 0.0, 0.0, 0.0, 0.0, 0.0, 0.0, 0.0, 0.0, 0.0, 0.0], ""resampling"": ""scipy.signal.resample_poly(up=1, down=2, window=('kaiser',5.0), padtype='constant') for native 256 Hz"", ""segment_count"": 1}"
UB0086,1694704680,128.0,Epoc X,301.23313999176025,0,1,P8,1,300,4,0.9866666666666667,299.0,14,8,2,3,PASS,,True,500.0,>8*1.4826*MAD of participant channel-window peak-to-peak values,141.55701055444757,"{""bad_power_threshold"": 3.3187157686904594, ""filter"": ""scipy.signal.butter(order=4, btype='bandpass', Wn=[1,40], fs=128, output='sos') + sosfiltfilt"", ""flatline_limit_samples"": 641, ""flatline_max_run_samples_by_channel"": [3, 3, 3, 3, 4, 4, 3, 3, 23, 3, 3, 3, 3, 3], ""invalid_row_count"": 0, ""invalid_row_fraction"": 0.0, ""log_broadband_mad"": 0.150463545355491, ""log_broadband_median"": 2.2033295069702046, ""log_broadband_power_by_channel"": [2.0970121740019936, 2.2514845421066045, 1.9138243241594535, 1.797768546911674, 2.2587716157265834, 2.3660012643127954, 2.0596480777743706, 1.8095763423303952, 1.0319147174386103, 2.1945285478834826, 2.4261644948259935, 2.212130466056927, 2.3569291161131862, 2.350656988538205], ""nonfinite_fraction_by_channel"": [0.0, 0.0, 0.0, 0.0, 0.0, 0.0, 0.0, 0.0, 0.0, 0.0, 0.0, 0.0, 0.0, 0.0], ""resampling"": ""scipy.signal.resample_poly(up=1, down=2, window=('kaiser',5.0), padtype='constant') for native 256 Hz"", ""segment_count"": 1}"
UB0087,1695049873,128.0,Epoc X,293.12802600860596,0,1,F7,1,292,14,0.952054794520548,284.0,14,7,2,4,PASS,,True,500.0,>8*1.4826*MAD of participant channel-window peak-to-peak values,187.661000280389,"{""bad_power_threshold"": 3.4721209820289856, ""filter"": ""scipy.signal.butter(order=4, btype='bandpass', Wn=[1,40], fs=128, output='sos') + sosfiltfilt"", ""flatline_limit_samples"": 641, ""flatline_max_run_samples_by_channel"": [3, 5, 3, 3, 3, 3, 3, 3, 2, 2, 3, 3, 2, 3], ""invalid_row_count"": 0, ""invalid_row_fraction"": 0.0, ""log_broadband_mad"": 0.11601009893736247, ""log_broadband_median"": 2.6121381186063175, ""log_broadband_power_by_channel"": [2.5638223580090758, 1.5190667664585293, 2.6102109302953136, 1.9319748904062604, 2.815861169835417, 2.174145610618232, 2.3649186752548887, 2.6140653069173214, 2.6094420264371343, 2.7541332961378093, 2.7358119087017054, 2.6862318307509128, 2.7204845263856545, 2.6525482370099347], ""nonfinite_fraction_by_channel"": [0.0, 0.0, 0.0, 0.0, 0.0, 0.0, 0.0, 0.0, 0.0, 0.0, 0.0, 0.0, 0.0, 0.0], ""resampling"": ""scipy.signal.resample_poly(up=1, down=2, window=('kaiser',5.0), padtype='constant') for native 256 Hz"", ""segment_count"": 1}"
UB0089,1695054933,128.0,Epoc X,298.30486392974854,0,1,T7,1,297,49,0.835016835016835,266.0,14,8,1,4,PASS,,True,500.0,>8*1.4826*MAD of participant channel-window peak-to-peak values,206.5513770382527,"{""bad_power_threshold"": 4.629199328703884, ""filter"": ""scipy.signal.butter(order=4, btype='bandpass', Wn=[1,40], fs=128, output='sos') + sosfiltfilt"", ""flatline_limit_samples"": 641, ""flatline_max_run_samples_by_channel"": [2, 3, 3, 3, 3, 3, 3, 3, 3, 3, 2, 3, 2, 2], ""invalid_row_count"": 0, ""invalid_row_fraction"": 0.0, ""log_broadband_mad"": 0.12589361883265737, ""log_broadband_median"": 3.6959499322973954, ""log_broadband_power_by_channel"": [3.712024047356078, 3.7181837733971403, 3.1623168938916315, 3.679875817238713, 2.4954168531762027, 3.5546212981833167, 3.559246546325838, 3.603884785443719, 3.972589318241161, 3.6395452747528503, 3.860366176079685, 3.812248726317332, 3.811633605777847, 3.8314383759427737], ""nonfinite_fraction_by_channel"": [0.0, 0.0, 0.0, 0.0, 0.0, 0.0, 0.0, 0.0, 0.0, 0.0, 0.0, 0.0, 0.0, 0.0], ""resampling"": ""scipy.signal.resample_poly(up=1, down=2, window=('kaiser',5.0), padtype='constant') for native 256 Hz"", ""segment_count"": 1}"
UB0090,1695229846,128.0,Epoc X,298.6090281009674,0,0,,0,292,26,0.910958904109589,277.0,14,8,2,4,PASS,,True,500.0,>8*1.4826*MAD of participant channel-window peak-to-peak values,206.57489911508748,"{""bad_power_threshold"": 3.981628596552193, ""filter"": ""scipy.signal.butter(order=4, btype='bandpass', Wn=[1,40], fs=128, output='sos') + sosfiltfilt"", ""flatline_limit_samples"": 641, ""flatline_max_run_samples_by_channel"": [3, 3, 3, 3, 3, 2, 3, 3, 3, 3, 2, 2, 9, 2], ""invalid_row_count"": 64, ""invalid_row_fraction"": 0.0016734213622695776, ""log_broadband_mad"": 0.11679660914001722, ""log_broadband_median"": 3.1158153329972453, ""log_broadband_power_by_channel"": [3.0841078065607324, 3.2334554233239357, 3.1158556821049106, 3.090491127843266, 3.0888052772081473, 3.1157749838895805, 3.087980739145979, 3.2317684609505894, 2.5065970916747027, 3.2729592717901363, 3.515590235111578, 2.8970551644483185, 3.3492729952728655, 3.245967741347804], ""nonfinite_fraction_by_channel"": [0.0, 0.0, 0.0, 0.0, 0.0, 0.0, 0.0, 0.0, 0.0, 0.0, 0.0, 0.0, 0.0, 0.0], ""resampling"": ""scipy.signal.resample_poly(up=1, down=2, window=('kaiser',5.0), padtype='constant') for native 256 Hz"", ""segment_count"": 3}"
UB0091,1701711629,128.0,Epoc+,296.36299180984497,0,0,,0,246,35,0.8577235772357723,244.0,14,8,2,4,PASS,,True,500.0,>8*1.4826*MAD of participant channel-window peak-to-peak values,137.78694537753455,"{""bad_power_threshold"": 3.8105019687303754, ""filter"": ""scipy.signal.butter(order=4, btype='bandpass', Wn=[1,40], fs=128, output='sos') + sosfiltfilt"", ""flatline_limit_samples"": 641, ""flatline_max_run_samples_by_channel"": [3, 3, 3, 3, 3, 3, 3, 3, 3, 8, 3, 9, 2, 2], ""invalid_row_count"": 354, ""invalid_row_fraction"": 0.009311378820558682, ""log_broadband_mad"": 0.23273858197787622, ""log_broadband_median"": 2.0852108605283792, ""log_broadband_power_by_channel"": [1.8144031863096595, 2.657115783823696, 1.4990469154009156, 2.0674754632839054, 2.217949609278181, 1.6811755688705512, 1.8441736499547496, 2.0774319356634026, 2.0929897853933563, 2.4394242117200973, 2.287066834368342, 2.0303163039076075, 2.8284858071227053, 2.309650813910502], ""nonfinite_fraction_by_channel"": [0.0, 0.0, 0.0, 0.0, 0.0, 0.0, 0.0, 0.0, 0.0, 0.0, 0.0, 0.0, 0.0, 0.0], ""resampling"": ""scipy.signal.resample_poly(up=1, down=2, window=('kaiser',5.0), padtype='constant') for native 256 Hz"", ""segment_count"": 32}"
UB0098,1696950715,128.0,Epoc X,279.827250957489,0,0,,0,278,2,0.9928057553956835,278.0,14,8,2,4,PASS,,True,500.0,>8*1.4826*MAD of participant channel-window peak-to-peak values,33.65232039091039,"{""bad_power_threshold"": 2.1495003842119904, ""filter"": ""scipy.signal.butter(order=4, btype='bandpass', Wn=[1,40], fs=128, output='sos') + sosfiltfilt"", ""flatline_limit_samples"": 641, ""flatline_max_run_samples_by_channel"": [3, 4, 4, 3, 80, 4, 3, 4, 4, 12, 4, 4, 3, 4], ""invalid_row_count"": 0, ""invalid_row_fraction"": 0.0, ""log_broadband_mad"": 0.21564611163660474, ""log_broadband_median"": 0.5509157586498397, ""log_broadband_power_by_channel"": [0.546936861740394, 0.6014377126858382, 0.5548946555592853, 0.8853374402679917, 0.1278654141456172, 0.3539183661901534, 0.8366216189379758, 0.45058151771240285, 0.3043145914591614, 0.9063098040856744, 0.31662092783631646, 0.39762611016033506, 0.9011943253927741, 0.5964211907722593], ""nonfinite_fraction_by_channel"": [0.0, 0.0, 0.0, 0.0, 0.0, 0.0, 0.0, 0.0, 0.0, 0.0, 0.0, 0.0, 0.0, 0.0], ""resampling"": ""scipy.signal.resample_poly(up=1, down=2, window=('kaiser',5.0), padtype='constant') for native 256 Hz"", ""segment_count"": 1}"
UB0099,1697212000,128.0,Epoc X,294.42061018943787,0,2,FC5;T7,2,293,19,0.9351535836177475,281.0,14,7,1,4,PASS,,True,500.0,>8*1.4826*MAD of participant channel-window peak-to-peak values,225.98964832207744,"{""bad_power_threshold"": 3.4540301759676026, ""filter"": ""scipy.signal.butter(order=4, btype='bandpass', Wn=[1,40], fs=128, output='sos') + sosfiltfilt"", ""flatline_limit_samples"": 641, ""flatline_max_run_samples_by_channel"": [3, 3, 2, 26, 3, 2, 2, 4, 3, 3, 2, 3, 2, 2], ""invalid_row_count"": 0, ""invalid_row_fraction"": 0.0, ""log_broadband_mad"": 0.09788238680268058, ""log_broadband_median"": 2.7284280425993317, ""log_broadband_power_by_channel"": [2.7117689305808472, 2.626818378966295, 2.6549758657568763, 1.386523709776649, 1.8605447452690513, 2.553421059798924, 2.5686314299273802, 2.7998417434842136, 2.822583152571656, 2.759646953722314, 2.8346234604054565, 2.9077580004248906, 2.745087154617816, 2.788207894101936], ""nonfinite_fraction_by_channel"": [0.0, 0.0, 0.0, 0.0, 0.0, 0.0, 0.0, 0.0, 0.0, 0.0, 0.0, 0.0, 0.0, 0.0], ""resampling"": ""scipy.signal.resample_poly(up=1, down=2, window=('kaiser',5.0), padtype='constant') for native 256 Hz"", ""segment_count"": 1}"
UB0100,1697472944,128.0,Epoc X,283.29402804374695,0,1,F7,1,282,50,0.8226950354609929,248.0,14,7,2,4,PASS,,True,500.0,>8*1.4826*MAD of participant channel-window peak-to-peak values,243.08744003595243,"{""bad_power_threshold"": 3.797736873114717, ""filter"": ""scipy.signal.butter(order=4, btype='bandpass', Wn=[1,40], fs=128, output='sos') + sosfiltfilt"", ""flatline_limit_samples"": 641, ""flatline_max_run_samples_by_channel"": [3, 166, 3, 4, 3, 4, 3, 3, 3, 3, 3, 2, 2, 3], ""invalid_row_count"": 0, ""invalid_row_fraction"": 0.0, ""log_broadband_mad"": 0.14159938510496706, ""log_broadband_median"": 2.7480606313315965, ""log_broadband_power_by_channel"": [2.807845570493976, 0.9826053969024424, 2.665587901815377, 2.25245004508248, 2.547334590637882, 2.417331125228639, 2.764197779734113, 2.6705490556774145, 2.73192348292908, 2.8107219438217483, 3.0072201125964115, 2.952351371057192, 3.5538581334643955, 2.8194039036798175], ""nonfinite_fraction_by_channel"": [0.0, 0.0, 0.0, 0.0, 0.0, 0.0, 0.0, 0.0, 0.0, 0.0, 0.0, 0.0, 0.0, 0.0], ""resampling"": ""scipy.signal.resample_poly(up=1, down=2, window=('kaiser',5.0), padtype='constant') for native 256 Hz"", ""segment_count"": 1}"
UB0102,1697477852,128.0,Epoc X,285.90200185775757,0,1,F7,1,285,26,0.9087719298245615,270.0,14,7,2,4,PASS,,True,500.0,>8*1.4826*MAD of participant channel-window peak-to-peak values,202.380160299354,"{""bad_power_threshold"": 3.496850371532876, ""filter"": ""scipy.signal.butter(order=4, btype='bandpass', Wn=[1,40], fs=128, output='sos') + sosfiltfilt"", ""flatline_limit_samples"": 641, ""flatline_max_run_samples_by_channel"": [2, 8, 3, 3, 3, 3, 3, 2, 3, 2, 2, 2, 2, 3], ""invalid_row_count"": 0, ""invalid_row_fraction"": 0.0, ""log_broadband_mad"": 0.13209491919234395, ""log_broadband_median"": 2.5176307355600303, ""log_broadband_power_by_channel"": [2.5382639554610225, 3.6971443938413526, 2.4803468307545575, 2.412378825785666, 2.384070041787619, 2.161918620246328, 2.3390888402341443, 2.496997515659038, 2.7256547201799926, 2.545315804146071, 2.648259880172307, 2.695875525938556, 2.9976135394433334, 2.4514183038584494], ""nonfinite_fraction_by_channel"": [0.0, 0.0, 0.0, 0.0, 0.0, 0.0, 0.0, 0.0, 0.0, 0.0, 0.0, 0.0, 0.0, 0.0], ""resampling"": ""scipy.signal.resample_poly(up=1, down=2, window=('kaiser',5.0), padtype='constant') for native 256 Hz"", ""segment_count"": 1}"
UB0103,1698683183,256.0,Epoc+,311.8874921798706,0,0,,0,306,40,0.869281045751634,281.0,14,8,2,4,PASS,,True,500.0,>8*1.4826*MAD of participant channel-window peak-to-peak values,188.41185939288593,"{""bad_power_threshold"": 4.033558568045026, ""filter"": ""scipy.signal.butter(order=4, btype='bandpass', Wn=[1,40], fs=128, output='sos') + sosfiltfilt"", ""flatline_limit_samples"": 1281, ""flatline_max_run_samples_by_channel"": [3, 3, 4, 4, 4, 4, 5, 3, 3, 3, 3, 4, 4, 3], ""invalid_row_count"": 24, ""invalid_row_fraction"": 0.0002999325151840836, ""log_broadband_mad"": 0.1919896826598937, ""log_broadband_median"": 2.6103390504872346, ""log_broadband_power_by_channel"": [2.6529541051756884, 2.9717184669772876, 2.647933999809338, 2.8741953641284192, 2.29491418261793, 1.8781007296634935, 2.375456164334287, 2.572744101165131, 2.5651016530666766, 2.461242571320395, 2.150312305063085, 2.6711526013263223, 3.0395337050047937, 2.703539917095239], ""nonfinite_fraction_by_channel"": [0.0, 0.0, 0.0, 0.0, 0.0, 0.0, 0.0, 0.0, 0.0, 0.0, 0.0, 0.0, 0.0, 0.0], ""resampling"": ""scipy.signal.resample_poly(up=1, down=2, window=('kaiser',5.0), padtype='constant') for native 256 Hz"", ""segment_count"": 5}"
UB0104,1697561944,128.0,Epoc X,283.5907099246979,0,1,FC5,1,280,36,0.8714285714285714,260.0,14,7,2,4,PASS,,True,500.0,>8*1.4826*MAD of participant channel-window peak-to-peak values,189.62386234620826,"{""bad_power_threshold"": 3.461166596825391, ""filter"": ""scipy.signal.butter(order=4, btype='bandpass', Wn=[1,40], fs=128, output='sos') + sosfiltfilt"", ""flatline_limit_samples"": 641, ""flatline_max_run_samples_by_channel"": [2, 8, 3, 138, 3, 2, 3, 2, 3, 2, 2, 3, 2, 3], ""invalid_row_count"": 39, ""invalid_row_fraction"": 0.0010737885462555065, ""log_broadband_mad"": 0.09316456836404918, ""log_broadband_median"": 2.7705376515426945, ""log_broadband_power_by_channel"": [2.7809062128905166, 2.581115382873865, 2.739999987428257, 0.7746382872132185, 2.775812274304672, 2.7652630287807165, 2.657015571681175, 2.6977305946761154, 2.825496948463214, 2.7419785783917234, 2.9520243624852407, 3.0325192158570644, 2.9537296202235224, 2.889869671640072], ""nonfinite_fraction_by_channel"": [0.0, 0.0, 0.0, 0.0, 0.0, 0.0, 0.0, 0.0, 0.0, 0.0, 0.0, 0.0, 0.0, 0.0], ""resampling"": ""scipy.signal.resample_poly(up=1, down=2, window=('kaiser',5.0), padtype='constant') for native 256 Hz"", ""segment_count"": 2}"
UB0105,1698076315,128.0,Epoc X,290.30651092529297,0,0,,0,289,26,0.9100346020761245,274.0,14,8,2,4,PASS,,True,500.0,>8*1.4826*MAD of participant channel-window peak-to-peak values,171.43152011378282,"{""bad_power_threshold"": 3.494524109998403, ""filter"": ""scipy.signal.butter(order=4, btype='bandpass', Wn=[1,40], fs=128, output='sos') + sosfiltfilt"", ""flatline_limit_samples"": 641, ""flatline_max_run_samples_by_channel"": [3, 4, 3, 3, 2, 3, 3, 3, 2, 3, 3, 2, 3, 2], ""invalid_row_count"": 0, ""invalid_row_fraction"": 0.0, ""log_broadband_mad"": 0.1480505396776457, ""log_broadband_median"": 2.3970254593680154, ""log_broadband_power_by_channel"": [2.4529134645978066, 2.389957776401265, 2.203647249152373, 2.0590431035560752, 2.3956763973377018, 2.0159730745755073, 2.1038834460630014, 2.316334355280391, 2.398374521398329, 2.740558542134995, 2.479328209801718, 2.5459964027033175, 2.5441555953880046, 2.557563090657185], ""nonfinite_fraction_by_channel"": [0.0, 0.0, 0.0, 0.0, 0.0, 0.0, 0.0, 0.0, 0.0, 0.0, 0.0, 0.0, 0.0, 0.0], ""resampling"": ""scipy.signal.resample_poly(up=1, down=2, window=('kaiser',5.0), padtype='constant') for native 256 Hz"", ""segment_count"": 1}"
UB0106,1700501223,128.0,Epoc+,291.654394865036,0,0,,0,251,20,0.9203187250996016,258.0,14,8,2,4,PASS,,True,500.0,>8*1.4826*MAD of participant channel-window peak-to-peak values,156.98944006501006,"{""bad_power_threshold"": 4.04458148528628, ""filter"": ""scipy.signal.butter(order=4, btype='bandpass', Wn=[1,40], fs=128, output='sos') + sosfiltfilt"", ""flatline_limit_samples"": 641, ""flatline_max_run_samples_by_channel"": [3, 3, 3, 3, 2, 3, 3, 8, 2, 3, 8, 3, 2, 3], ""invalid_row_count"": 201, ""invalid_row_fraction"": 0.005372320521729834, ""log_broadband_mad"": 0.2426884863085741, ""log_broadband_median"": 2.24553173628082, ""log_broadband_power_by_channel"": [1.9416277062805538, 2.680205208129716, 1.470159293522948, 2.3727140431118148, 2.6933593942713494, 2.043489500248155, 2.022516303229807, 2.245440913960652, 2.245622558600988, 2.507893275846955, 2.091876688905315, 1.9166740360673582, 2.93354980829725, 2.309640906746511], ""nonfinite_fraction_by_channel"": [0.0, 0.0, 0.0, 0.0, 0.0, 0.0, 0.0, 0.0, 0.0, 0.0, 0.0, 0.0, 0.0, 0.0], ""resampling"": ""scipy.signal.resample_poly(up=1, down=2, window=('kaiser',5.0), padtype='constant') for native 256 Hz"", ""segment_count"": 24}"
UB0107,1699889103,128.0,Epoc+,292.66373801231384,0,0,,0,251,56,0.7768924302788844,233.0,14,8,2,4,PASS,,True,500.0,>8*1.4826*MAD of participant channel-window peak-to-peak values,312.576450926634,"{""bad_power_threshold"": 3.5712382487448187, ""filter"": ""scipy.signal.butter(order=4, btype='bandpass', Wn=[1,40], fs=128, output='sos') + sosfiltfilt"", ""flatline_limit_samples"": 641, ""flatline_max_run_samples_by_channel"": [4, 2, 3, 3, 2, 2, 3, 3, 3, 3, 2, 3, 2, 3], ""invalid_row_count"": 161, ""invalid_row_fraction"": 0.004288187508323345, ""log_broadband_mad"": 0.13134469923578074, ""log_broadband_median"": 2.597579993309976, ""log_broadband_power_by_channel"": [2.84741833330274, 3.3091183409002003, 2.495761598853957, 2.480183468822511, 2.4075792327235144, 2.0963193414502586, 2.339126243177194, 2.639128321979974, 2.556031664639978, 2.7032228457109198, 2.6687865685252925, 2.5021172916374113, 3.3792591048650453, 2.7428728672940723], ""nonfinite_fraction_by_channel"": [0.0, 0.0, 0.0, 0.0, 0.0, 0.0, 0.0, 0.0, 0.0, 0.0, 0.0, 0.0, 0.0, 0.0], ""resampling"": ""scipy.signal.resample_poly(up=1, down=2, window=('kaiser',5.0), padtype='constant') for native 256 Hz"", ""segment_count"": 27}"
UB0109,1698403223,256.0,Epoc+,301.2783889770508,0,0,,0,266,59,0.7781954887218046,237.0,14,8,2,4,PASS,,True,500.0,>8*1.4826*MAD of participant channel-window peak-to-peak values,162.2392274376079,"{""bad_power_threshold"": 3.935657252010505, ""filter"": ""scipy.signal.butter(order=4, btype='bandpass', Wn=[1,40], fs=128, output='sos') + sosfiltfilt"", ""flatline_limit_samples"": 1281, ""flatline_max_run_samples_by_channel"": [5, 4, 4, 5, 9, 5, 6, 4, 4, 3, 5, 4, 5, 4], ""invalid_row_count"": 602, ""invalid_row_fraction"": 0.007788242599875802, ""log_broadband_mad"": 0.1858002723122656, ""log_broadband_median"": 2.5583198333596804, ""log_broadband_power_by_channel"": [2.5286280603444773, 2.1911383776278472, 2.339413287738529, 2.1647342793452693, 2.110571322584328, 2.6983212146581277, 2.1547466751085356, 2.5827194487079956, 2.7743015565132096, 2.8383383972309257, 2.56147126193547, 2.5862655192428106, 2.7139386548306823, 2.555168404783891], ""nonfinite_fraction_by_channel"": [0.0, 0.0, 0.0, 0.0, 0.0, 0.0, 0.0, 0.0, 0.0, 0.0, 0.0, 0.0, 0.0, 0.0], ""resampling"": ""scipy.signal.resample_poly(up=1, down=2, window=('kaiser',5.0), padtype='constant') for native 256 Hz"", ""segment_count"": 16}"
UB0115,1700666262,128.0,Epoc+,304.4925420284271,0,0,,0,261,21,0.9195402298850575,272.0,14,8,2,4,PASS,,True,500.0,>8*1.4826*MAD of participant channel-window peak-to-peak values,168.4548934267653,"{""bad_power_threshold"": 3.207412117214213, ""filter"": ""scipy.signal.butter(order=4, btype='bandpass', Wn=[1,40], fs=128, output='sos') + sosfiltfilt"", ""flatline_limit_samples"": 641, ""flatline_max_run_samples_by_channel"": [3, 8, 3, 3, 2, 8, 3, 8, 3, 2, 3, 3, 3, 9], ""invalid_row_count"": 159, ""invalid_row_fraction"": 0.004070556309362279, ""log_broadband_mad"": 0.12779938375939848, ""log_broadband_median"": 2.2600352854057926, ""log_broadband_power_by_channel"": [2.346200696385449, 2.5350914837412963, 2.196548067081237, 1.8999715967321043, 2.0344188985826044, 2.121075562968835, 2.004256984673113, 2.410513243742131, 2.376674330487632, 2.1830081578882155, 2.222438175664775, 2.29763239514681, 3.1384579442339438, 2.3581279620992115], ""nonfinite_fraction_by_channel"": [0.0, 0.0, 0.0, 0.0, 0.0, 0.0, 0.0, 0.0, 0.0, 0.0, 0.0, 0.0, 0.0, 0.0], ""resampling"": ""scipy.signal.resample_poly(up=1, down=2, window=('kaiser',5.0), padtype='constant') for native 256 Hz"", ""segment_count"": 27}"
UB0118,1705339594,128.0,Epoc+,299.9648609161377,0,0,,0,255,27,0.8941176470588236,260.0,14,8,2,4,PASS,,True,500.0,>8*1.4826*MAD of participant channel-window peak-to-peak values,144.49514964246907,"{""bad_power_threshold"": 3.604965749162872, ""filter"": ""scipy.signal.butter(order=4, btype='bandpass', Wn=[1,40], fs=128, output='sos') + sosfiltfilt"", ""flatline_limit_samples"": 641, ""flatline_max_run_samples_by_channel"": [3, 3, 3, 3, 3, 3, 3, 2, 3, 2, 3, 3, 8, 3], ""invalid_row_count"": 167, ""invalid_row_fraction"": 0.00433991683991684, ""log_broadband_mad"": 0.1874073010038766, ""log_broadband_median"": 2.215715426821135, ""log_broadband_power_by_channel"": [2.420495035144096, 2.6045242302346883, 1.9333319303494652, 2.0722488457224637, 2.0456804331363427, 1.8721047408090459, 2.8461709280729934, 2.0620375729198765, 2.210986595265311, 2.262776502947309, 2.2204442583769595, 2.184705170028359, 3.176699185402543, 3.096735196249237], ""nonfinite_fraction_by_channel"": [0.0, 0.0, 0.0, 0.0, 0.0, 0.0, 0.0, 0.0, 0.0, 0.0, 0.0, 0.0, 0.0, 0.0], ""resampling"": ""scipy.signal.resample_poly(up=1, down=2, window=('kaiser',5.0), padtype='constant') for native 256 Hz"", ""segment_count"": 29}"
UB0119,1699895572,128.0,Epoc+,294.69462609291077,4,0,,0,182,26,0.8571428571428571,194.0,14,8,2,4,PASS,,True,500.0,>8*1.4826*MAD of participant channel-window peak-to-peak values,279.20393840025713,"{""bad_power_threshold"": 4.558943488674, ""filter"": ""scipy.signal.butter(order=4, btype='bandpass', Wn=[1,40], fs=128, output='sos') + sosfiltfilt"", ""flatline_limit_samples"": 641, ""flatline_max_run_samples_by_channel"": [3, 9, 8, 2, 8, 11, 3, 9, 2, 2, 12, 9, 15, 3], ""invalid_row_count"": 1574, ""invalid_row_fraction"": 0.04250607615446935, ""log_broadband_mad"": 0.2716756342920823, ""log_broadband_median"": 2.5450120116667945, ""log_broadband_power_by_channel"": [3.5003771916152577, 2.909724460286634, 2.237311603331745, 2.355933659956481, 2.1112088398723983, 2.0059498803560722, 2.155048400599903, 2.49308033448661, 2.4815949199323515, 2.6806929041914462, 2.596943688846979, 2.6710804200832587, 3.9152713829842765, 2.7806628719159097], ""nonfinite_fraction_by_channel"": [0.0, 0.0, 0.0, 0.0, 0.0, 0.0, 0.0, 0.0, 0.0, 0.0, 0.0, 0.0, 0.0, 0.0], ""resampling"": ""scipy.signal.resample_poly(up=1, down=2, window=('kaiser',5.0), padtype='constant') for native 256 Hz"", ""segment_count"": 38}"
UB0120,1700490392,128.0,Epoc+,290.25053191185,0,0,,0,256,49,0.80859375,242.0,14,8,2,4,PASS,,True,500.0,>8*1.4826*MAD of participant channel-window peak-to-peak values,240.30254340756318,"{""bad_power_threshold"": 4.504654373951406, ""filter"": ""scipy.signal.butter(order=4, btype='bandpass', Wn=[1,40], fs=128, output='sos') + sosfiltfilt"", ""flatline_limit_samples"": 641, ""flatline_max_run_samples_by_channel"": [58, 2, 3, 2, 4, 3, 8, 3, 2, 3, 3, 3, 2, 3], ""invalid_row_count"": 126, ""invalid_row_fraction"": 0.0033840038674329913, ""log_broadband_mad"": 0.27869030871644895, ""log_broadband_median"": 2.43872311543637, ""log_broadband_power_by_channel"": [4.278041204710776, 2.9434234928163447, 2.3588102593403817, 2.401249302371716, 2.2458729065039145, 1.778207696776197, 1.9970498828005685, 2.303435560381582, 2.367609660222562, 2.738741138584987, 2.752136019352954, 2.4761969285010244, 2.9656244290250764, 2.696085709720651], ""nonfinite_fraction_by_channel"": [0.0, 0.0, 0.0, 0.0, 0.0, 0.0, 0.0, 0.0, 0.0, 0.0, 0.0, 0.0, 0.0, 0.0], ""resampling"": ""scipy.signal.resample_poly(up=1, down=2, window=('kaiser',5.0), padtype='constant') for native 256 Hz"", ""segment_count"": 22}"
UB0122,1703005095,128.0,Epoc+,297.1801481246948,0,1,F7,1,237,12,0.9493670886075949,262.0,14,7,2,4,PASS,,True,500.0,>8*1.4826*MAD of participant channel-window peak-to-peak values,189.95276391699036,"{""bad_power_threshold"": 3.143932167077628, ""filter"": ""scipy.signal.butter(order=4, btype='bandpass', Wn=[1,40], fs=128, output='sos') + sosfiltfilt"", ""flatline_limit_samples"": 641, ""flatline_max_run_samples_by_channel"": [3, 3, 3, 2, 3, 3, 3, 7, 3, 2, 3, 3, 2, 3], ""invalid_row_count"": 253, ""invalid_row_fraction"": 0.006636587797072557, ""log_broadband_mad"": 0.0946691438344116, ""log_broadband_median"": 2.442149803833135, ""log_broadband_power_by_channel"": [2.4528212530947857, 3.415241859637525, 2.378299509634134, 2.4968617222647027, 2.431478354571484, 1.9849435461304608, 2.1529323454132534, 2.313633135346231, 2.3892961512222346, 2.6039972235060924, 2.540168133871129, 2.3695108083991085, 3.116927606448842, 2.533469761463964], ""nonfinite_fraction_by_channel"": [0.0, 0.0, 0.0, 0.0, 0.0, 0.0, 0.0, 0.0, 0.0, 0.0, 0.0, 0.0, 0.0, 0.0], ""resampling"": ""scipy.signal.resample_poly(up=1, down=2, window=('kaiser',5.0), padtype='constant') for native 256 Hz"", ""segment_count"": 35}"
UB0124,1701449069,128.0,Epoc+,318.6117420196533,0,0,,0,266,19,0.9285714285714286,283.0,14,8,2,4,PASS,,True,500.0,>8*1.4826*MAD of participant channel-window peak-to-peak values,280.2384573912723,"{""bad_power_threshold"": 3.541349325504642, ""filter"": ""scipy.signal.butter(order=4, btype='bandpass', Wn=[1,40], fs=128, output='sos') + sosfiltfilt"", ""flatline_limit_samples"": 641, ""flatline_max_run_samples_by_channel"": [3, 3, 8, 3, 2, 8, 3, 3, 3, 3, 3, 2, 2, 3], ""invalid_row_count"": 203, ""invalid_row_fraction"": 0.004966725386572715, ""log_broadband_mad"": 0.10919661091602095, ""log_broadband_median"": 2.731874848784179, ""log_broadband_power_by_channel"": [2.7751859835022588, 2.9381936979171677, 2.6486236744923346, 2.4636251739261015, 2.7114358960178397, 2.6067043003744934, 2.570880117607321, 3.2031521165889334, 2.9194357006915763, 2.7301684511826023, 2.7335812463857554, 2.6386521753618224, 2.9292571845356146, 2.7926637554213958], ""nonfinite_fraction_by_channel"": [0.0, 0.0, 0.0, 0.0, 0.0, 0.0, 0.0, 0.0, 0.0, 0.0, 0.0, 0.0, 0.0, 0.0], ""resampling"": ""scipy.signal.resample_poly(up=1, down=2, window=('kaiser',5.0), padtype='constant') for native 256 Hz"", ""segment_count"": 34}"
UB0126,1700585562,128.0,Epoc+,279.89077615737915,0,0,,0,201,8,0.9601990049751243,240.0,14,8,2,4,PASS,,True,500.0,>8*1.4826*MAD of participant channel-window peak-to-peak values,155.9140138932662,"{""bad_power_threshold"": 3.719463303382415, ""filter"": ""scipy.signal.butter(order=4, btype='bandpass', Wn=[1,40], fs=128, output='sos') + sosfiltfilt"", ""flatline_limit_samples"": 641, ""flatline_max_run_samples_by_channel"": [3, 8, 3, 3, 4, 3, 3, 3, 3, 7, 8, 3, 2, 3], ""invalid_row_count"": 363, ""invalid_row_fraction"": 0.010110012533073387, ""log_broadband_mad"": 0.18945629840393297, ""log_broadband_median"": 2.31502376331406, ""log_broadband_power_by_channel"": [2.4739493002220847, 2.48562671689528, 1.9686871747252244, 1.910169190161022, 2.019097293659004, 1.963303735157408, 1.95957830496897, 2.523333406540706, 2.2462076418082475, 2.401903743018252, 2.383839884819873, 2.1582673001401433, 2.5246151067910727, 2.409811866889968], ""nonfinite_fraction_by_channel"": [0.0, 0.0, 0.0, 0.0, 0.0, 0.0, 0.0, 0.0, 0.0, 0.0, 0.0, 0.0, 0.0, 0.0], ""resampling"": ""scipy.signal.resample_poly(up=1, down=2, window=('kaiser',5.0), padtype='constant') for native 256 Hz"", ""segment_count"": 45}"
UB0127,1700845957,128.0,Epoc+,298.0229640007019,0,0,,0,242,28,0.8842975206611571,247.0,14,8,2,4,PASS,,True,500.0,>8*1.4826*MAD of participant channel-window peak-to-peak values,349.4029775159788,"{""bad_power_threshold"": 4.0194791613994605, ""filter"": ""scipy.signal.butter(order=4, btype='bandpass', Wn=[1,40], fs=128, output='sos') + sosfiltfilt"", ""flatline_limit_samples"": 641, ""flatline_max_run_samples_by_channel"": [2, 2, 3, 2, 3, 3, 3, 2, 3, 2, 2, 3, 2, 2], ""invalid_row_count"": 275, ""invalid_row_fraction"": 0.007193115534513876, ""log_broadband_mad"": 0.156295026445465, ""log_broadband_median"": 2.8608641303592286, ""log_broadband_power_by_channel"": [2.857754729919207, 3.8280968496953163, 2.856153723461918, 2.7702006198739473, 2.655148875243129, 3.066893327252996, 2.6209774236259364, 2.8343995160662345, 2.9914823284107896, 3.4322832397713388, 2.8639735307992495, 2.8437466953113546, 3.408747010990768, 3.0428359851985975], ""nonfinite_fraction_by_channel"": [0.0, 0.0, 0.0, 0.0, 0.0, 0.0, 0.0, 0.0, 0.0, 0.0, 0.0, 0.0, 0.0, 0.0], ""resampling"": ""scipy.signal.resample_poly(up=1, down=2, window=('kaiser',5.0), padtype='constant') for native 256 Hz"", ""segment_count"": 31}"
UB0128,1701102249,128.0,Epoc+,288.59480595588684,0,0,,0,250,15,0.94,263.0,14,8,2,4,PASS,,True,500.0,>8*1.4826*MAD of participant channel-window peak-to-peak values,176.78798384543308,"{""bad_power_threshold"": 3.040909763154022, ""filter"": ""scipy.signal.butter(order=4, btype='bandpass', Wn=[1,40], fs=128, output='sos') + sosfiltfilt"", ""flatline_limit_samples"": 641, ""flatline_max_run_samples_by_channel"": [3, 2, 3, 2, 3, 3, 3, 3, 3, 3, 3, 3, 3, 3], ""invalid_row_count"": 151, ""invalid_row_fraction"": 0.004078655934309329, ""log_broadband_mad"": 0.08789352899696445, ""log_broadband_median"": 2.3893550326995245, ""log_broadband_power_by_channel"": [2.433122571402013, 2.699205405575696, 2.3809914650479764, 2.2611353639407543, 2.045271079865742, 2.119557720779106, 2.0565344780911983, 2.408050513791555, 2.3977186003510726, 2.5461932293520597, 2.3733369566725884, 2.36362729844518, 2.6399912157136187, 2.4369224219346832], ""nonfinite_fraction_by_channel"": [0.0, 0.0, 0.0, 0.0, 0.0, 0.0, 0.0, 0.0, 0.0, 0.0, 0.0, 0.0, 0.0, 0.0], ""resampling"": ""scipy.signal.resample_poly(up=1, down=2, window=('kaiser',5.0), padtype='constant') for native 256 Hz"", ""segment_count"": 26}"
UB0129,1706544787,128.0,Epoc+,310.6673550605774,0,0,,0,257,23,0.9105058365758755,272.0,14,8,2,4,PASS,,True,500.0,>8*1.4826*MAD of participant channel-window peak-to-peak values,181.70104099250696,"{""bad_power_threshold"": 3.759341628994795, ""filter"": ""scipy.signal.butter(order=4, btype='bandpass', Wn=[1,40], fs=128, output='sos') + sosfiltfilt"", ""flatline_limit_samples"": 641, ""flatline_max_run_samples_by_channel"": [2, 2, 3, 3, 3, 3, 3, 3, 2, 3, 2, 3, 3, 2], ""invalid_row_count"": 208, ""invalid_row_fraction"": 0.0052191804882944825, ""log_broadband_mad"": 0.16687559880124514, ""log_broadband_median"": 2.5222928150811645, ""log_broadband_power_by_channel"": [2.6894015480710265, 2.6920825274773934, 2.4893057508626115, 2.3825516928497446, 2.1863360041700797, 2.199191045767326, 2.353997915102572, 2.355650350468536, 2.5166727106705866, 2.5279129194917425, 2.5718654034507042, 2.542567226967086, 2.82631266513432, 2.770519557828307], ""nonfinite_fraction_by_channel"": [0.0, 0.0, 0.0, 0.0, 0.0, 0.0, 0.0, 0.0, 0.0, 0.0, 0.0, 0.0, 0.0, 0.0], ""resampling"": ""scipy.signal.resample_poly(up=1, down=2, window=('kaiser',5.0), padtype='constant') for native 256 Hz"", ""segment_count"": 35}"
UB0131,1702921953,128.0,Epoc+,285.0874819755554,0,0,,0,242,11,0.9545454545454546,262.0,14,8,2,4,PASS,,True,500.0,>8*1.4826*MAD of participant channel-window peak-to-peak values,171.07804994585968,"{""bad_power_threshold"": 4.066099897110109, ""filter"": ""scipy.signal.butter(order=4, btype='bandpass', Wn=[1,40], fs=128, output='sos') + sosfiltfilt"", ""flatline_limit_samples"": 641, ""flatline_max_run_samples_by_channel"": [2, 3, 3, 3, 3, 3, 3, 3, 12, 3, 3, 2, 3, 2], ""invalid_row_count"": 177, ""invalid_row_fraction"": 0.004839635796899352, ""log_broadband_mad"": 0.21567333766033392, ""log_broadband_median"": 2.467313445034054, ""log_broadband_power_by_channel"": [2.7027062053609687, 2.758326869820395, 2.489357275444272, 2.3007326889527464, 2.168255682447333, 2.0855973108453822, 2.362576180468658, 2.4452696146238355, 1.791276755355463, 2.52972903506202, 2.271359530040301, 2.6075169621747456, 2.7206744086233194, 2.755457928183296], ""nonfinite_fraction_by_channel"": [0.0, 0.0, 0.0, 0.0, 0.0, 0.0, 0.0, 0.0, 0.0, 0.0, 0.0, 0.0, 0.0, 0.0], ""resampling"": ""scipy.signal.resample_poly(up=1, down=2, window=('kaiser',5.0), padtype='constant') for native 256 Hz"", ""segment_count"": 27}"
UB0132,1703247549,128.0,Epoc+,280.5692038536072,0,0,,0,233,37,0.8412017167381974,232.0,14,8,2,4,PASS,,True,500.0,>8*1.4826*MAD of participant channel-window peak-to-peak values,231.52979587625006,"{""bad_power_threshold"": 4.604690150957262, ""filter"": ""scipy.signal.butter(order=4, btype='bandpass', Wn=[1,40], fs=128, output='sos') + sosfiltfilt"", ""flatline_limit_samples"": 641, ""flatline_max_run_samples_by_channel"": [3, 3, 2, 2, 3, 3, 2, 3, 3, 3, 3, 3, 3, 3], ""invalid_row_count"": 185, ""invalid_row_fraction"": 0.005140031118026228, ""log_broadband_mad"": 0.24486690904640773, ""log_broadband_median"": 2.7894917541962414, ""log_broadband_power_by_channel"": [2.7247077300319704, 2.9449634208167166, 2.8185675777475288, 2.536964250744529, 3.176750051442988, 2.3063784470503053, 2.715215321166773, 3.204822625153078, 3.153651963404108, 3.142468241205757, 2.5378498731259658, 2.7604159306449536, 3.0275836912187812, 2.6860774227829753], ""nonfinite_fraction_by_channel"": [0.0, 0.0, 0.0, 0.0, 0.0, 0.0, 0.0, 0.0, 0.0, 0.0, 0.0, 0.0, 0.0, 0.0], ""resampling"": ""scipy.signal.resample_poly(up=1, down=2, window=('kaiser',5.0), padtype='constant') for native 256 Hz"", ""segment_count"": 31}"
UB0133,1702485424,128.0,Epoc+,301.03302097320557,0,0,,0,255,52,0.796078431372549,240.0,14,8,2,4,PASS,,True,500.0,>8*1.4826*MAD of participant channel-window peak-to-peak values,160.57869847686482,"{""bad_power_threshold"": 3.499087167006655, ""filter"": ""scipy.signal.butter(order=4, btype='bandpass', Wn=[1,40], fs=128, output='sos') + sosfiltfilt"", ""flatline_limit_samples"": 641, ""flatline_max_run_samples_by_channel"": [3, 3, 3, 8, 3, 3, 8, 3, 2, 3, 2, 3, 3, 3], ""invalid_row_count"": 174, ""invalid_row_fraction"": 0.004505787606494549, ""log_broadband_mad"": 0.1195310167980308, ""log_broadband_median"": 2.6130037394828527, ""log_broadband_power_by_channel"": [2.749605699114866, 2.912004141380267, 2.653203171181282, 2.567393969708702, 2.4940019261522846, 2.458128066952336, 2.4929435192173592, 2.5728043077844234, 2.440853803978514, 2.6798824013993197, 2.7147333987088067, 2.710896433466271, 2.8750587159647853, 2.4887006011785227], ""nonfinite_fraction_by_channel"": [0.0, 0.0, 0.0, 0.0, 0.0, 0.0, 0.0, 0.0, 0.0, 0.0, 0.0, 0.0, 0.0, 0.0], ""resampling"": ""scipy.signal.resample_poly(up=1, down=2, window=('kaiser',5.0), padtype='constant') for native 256 Hz"", ""segment_count"": 29}"
UB0134,1702657018,128.0,Epoc+,288.94914388656616,0,0,,0,254,10,0.9606299212598425,269.0,14,8,2,4,PASS,,True,500.0,>8*1.4826*MAD of participant channel-window peak-to-peak values,153.90731718972728,"{""bad_power_threshold"": 3.308334567265448, ""filter"": ""scipy.signal.butter(order=4, btype='bandpass', Wn=[1,40], fs=128, output='sos') + sosfiltfilt"", ""flatline_limit_samples"": 641, ""flatline_max_run_samples_by_channel"": [3, 3, 3, 3, 3, 3, 3, 3, 3, 3, 2, 3, 3, 3], ""invalid_row_count"": 139, ""invalid_row_fraction"": 0.003749966277281679, ""log_broadband_mad"": 0.12903684151863382, ""log_broadband_median"": 2.3517844610878154, ""log_broadband_power_by_channel"": [2.3688406377905857, 2.482773328484802, 2.220499105958297, 2.10121566951484, 1.914547285170923, 1.8295853357403031, 2.1030936304278605, 2.462198122931659, 2.3347282843850445, 2.4109797547268066, 2.373947719407091, 2.1053063597519888, 2.4788692767280964, 2.4375108356708055], ""nonfinite_fraction_by_channel"": [0.0, 0.0, 0.0, 0.0, 0.0, 0.0, 0.0, 0.0, 0.0, 0.0, 0.0, 0.0, 0.0, 0.0], ""resampling"": ""scipy.signal.resample_poly(up=1, down=2, window=('kaiser',5.0), padtype='constant') for native 256 Hz"", ""segment_count"": 23}"
UB0137,1706550171,128.0,Epoc+,288.90233302116394,0,3,F7;FC5;F4,0,0,0,0.0,0.0,11,5,2,4,FAIL_TOO_MANY_BAD_CHANNELS,>2 frozen bad channels,True,500.0,>8*1.4826*MAD of participant channel-window peak-to-peak values,,
UB0138,1706894463,128.0,Epoc+,303.7057030200958,0,0,,0,234,23,0.9017094017094017,246.0,14,8,2,4,PASS,,True,500.0,>8*1.4826*MAD of participant channel-window peak-to-peak values,188.2403250191873,"{""bad_power_threshold"": 4.144977544813272, ""filter"": ""scipy.signal.butter(order=4, btype='bandpass', Wn=[1,40], fs=128, output='sos') + sosfiltfilt"", ""flatline_limit_samples"": 641, ""flatline_max_run_samples_by_channel"": [8, 2, 3, 8, 8, 3, 8, 3, 3, 3, 3, 3, 3, 3], ""invalid_row_count"": 450, ""invalid_row_fraction"": 0.011550308008213552, ""log_broadband_mad"": 0.24718488937939842, ""log_broadband_median"": 2.312595959843791, ""log_broadband_power_by_channel"": [1.9956472910916654, 2.6448524167776544, 1.7858831041461352, 2.118356629127276, 2.547132237641719, 1.8067958036492087, 2.2378652936019803, 2.3873266260856014, 2.3929514750338807, 2.4103577170641617, 2.3979183645085507, 2.0527624588829223, 2.6050661603904834, 2.029381331634915], ""nonfinite_fraction_by_channel"": [0.0, 0.0, 0.0, 0.0, 0.0, 0.0, 0.0, 0.0, 0.0, 0.0, 0.0, 0.0, 0.0, 0.0], ""resampling"": ""scipy.signal.resample_poly(up=1, down=2, window=('kaiser',5.0), padtype='constant') for native 256 Hz"", ""segment_count"": 32}"
UB0139,1707154997,128.0,Epoc+,286.36125898361206,0,0,,0,237,24,0.8987341772151899,242.0,14,8,2,4,PASS,,True,500.0,>8*1.4826*MAD of participant channel-window peak-to-peak values,207.57581929493466,"{""bad_power_threshold"": 3.45558237444067, ""filter"": ""scipy.signal.butter(order=4, btype='bandpass', Wn=[1,40], fs=128, output='sos') + sosfiltfilt"", ""flatline_limit_samples"": 641, ""flatline_max_run_samples_by_channel"": [3, 3, 3, 3, 3, 3, 3, 2, 3, 3, 3, 3, 2, 3], ""invalid_row_count"": 255, ""invalid_row_fraction"": 0.006941608819926501, ""log_broadband_mad"": 0.11371584182957584, ""log_broadband_median"": 2.6126068389580244, ""log_broadband_power_by_channel"": [2.785798648315186, 2.896782229283029, 2.5583669646560345, 2.3845345912415827, 2.2299671893778688, 2.0223939054380584, 2.2242908466831195, 2.609592086032629, 2.5759938004512053, 2.617574331037258, 2.6227434483597287, 2.6156215918834196, 3.3221691211887348, 2.6552891994015413], ""nonfinite_fraction_by_channel"": [0.0, 0.0, 0.0, 0.0, 0.0, 0.0, 0.0, 0.0, 0.0, 0.0, 0.0, 0.0, 0.0, 0.0], ""resampling"": ""scipy.signal.resample_poly(up=1, down=2, window=('kaiser',5.0), padtype='constant') for native 256 Hz"", ""segment_count"": 25}"
UB0140,1707300923,128.0,Epoc+,287.93338799476624,0,0,,0,230,17,0.9260869565217391,245.0,14,8,2,4,PASS,,True,500.0,>8*1.4826*MAD of participant channel-window peak-to-peak values,163.2683012149165,"{""bad_power_threshold"": 3.566362924051729, ""filter"": ""scipy.signal.butter(order=4, btype='bandpass', Wn=[1,40], fs=128, output='sos') + sosfiltfilt"", ""flatline_limit_samples"": 641, ""flatline_max_run_samples_by_channel"": [3, 2, 4, 4, 2, 3, 9, 2, 3, 2, 3, 3, 3, 3], ""invalid_row_count"": 347, ""invalid_row_fraction"": 0.009394119876549895, ""log_broadband_mad"": 0.17434794136480236, ""log_broadband_median"": 2.2739216347144495, ""log_broadband_power_by_channel"": [2.19253195826025, 2.46545832113865, 2.2478513034757577, 1.9727708248573517, 2.3028156822507992, 1.9403842023265352, 2.116762438409045, 2.5535259818980856, 2.2893694621705647, 2.5908056607290177, 2.082292695995294, 2.258473807258335, 2.650893037092986, 2.3239928279945814], ""nonfinite_fraction_by_channel"": [0.0, 0.0, 0.0, 0.0, 0.0, 0.0, 0.0, 0.0, 0.0, 0.0, 0.0, 0.0, 0.0, 0.0], ""resampling"": ""scipy.signal.resample_poly(up=1, down=2, window=('kaiser',5.0), padtype='constant') for native 256 Hz"", ""segment_count"": 27}"
UB0142,1708100703,128.0,Epoc+,298.404816865921,0,0,,0,253,5,0.9802371541501976,278.0,14,8,2,4,PASS,,True,500.0,>8*1.4826*MAD of participant channel-window peak-to-peak values,266.082442619955,"{""bad_power_threshold"": 4.05663254433368, ""filter"": ""scipy.signal.butter(order=4, btype='bandpass', Wn=[1,40], fs=128, output='sos') + sosfiltfilt"", ""flatline_limit_samples"": 641, ""flatline_max_run_samples_by_channel"": [2, 3, 2, 3, 3, 3, 3, 3, 3, 2, 3, 4, 3, 2], ""invalid_row_count"": 164, ""invalid_row_fraction"": 0.004284221525600836, ""log_broadband_mad"": 0.20104846250317698, ""log_broadband_median"": 2.566260291797629, ""log_broadband_power_by_channel"": [2.996711934248951, 2.4982156524906967, 2.7685226772767764, 2.5453651600024974, 2.2311919032282796, 2.1455977701603524, 2.2824929629273494, 2.5446730467394136, 2.7660948313248355, 2.548047756129056, 2.5844728274662017, 2.7697277423819435, 2.6185096821459175, 2.879987075925607], ""nonfinite_fraction_by_channel"": [0.0, 0.0, 0.0, 0.0, 0.0, 0.0, 0.0, 0.0, 0.0, 0.0, 0.0, 0.0, 0.0, 0.0], ""resampling"": ""scipy.signal.resample_poly(up=1, down=2, window=('kaiser',5.0), padtype='constant') for native 256 Hz"", ""segment_count"": 28}"
UB0143,1709548893,128.0,Epoc+,281.4730532169342,0,0,,0,231,41,0.8225108225108225,227.0,14,8,2,4,PASS,,True,500.0,>8*1.4826*MAD of participant channel-window peak-to-peak values,199.32484985032673,"{""bad_power_threshold"": 3.983044385452507, ""filter"": ""scipy.signal.butter(order=4, btype='bandpass', Wn=[1,40], fs=128, output='sos') + sosfiltfilt"", ""flatline_limit_samples"": 641, ""flatline_max_run_samples_by_channel"": [3, 3, 3, 3, 3, 3, 4, 3, 3, 3, 3, 3, 3, 3], ""invalid_row_count"": 182, ""invalid_row_fraction"": 0.005040434252797164, ""log_broadband_mad"": 0.21024945192073985, ""log_broadband_median"": 2.424465198364062, ""log_broadband_power_by_channel"": [2.4712803707857462, 3.119255503325127, 2.5795167203102802, 2.209641177341942, 2.2187903155447026, 2.1119943545874156, 2.0355489352013425, 2.0717816463441423, 2.377650025942378, 2.4888488195161327, 2.164661240405995, 2.568113465416777, 2.769226176233872, 2.4960490371010726], ""nonfinite_fraction_by_channel"": [0.0, 0.0, 0.0, 0.0, 0.0, 0.0, 0.0, 0.0, 0.0, 0.0, 0.0, 0.0, 0.0, 0.0], ""resampling"": ""scipy.signal.resample_poly(up=1, down=2, window=('kaiser',5.0), padtype='constant') for native 256 Hz"", ""segment_count"": 27}"
UB0144,1711124683,128.0,Epoc+,284.20489597320557,1,1,F8,1,222,7,0.9684684684684685,247.0,14,7,2,4,PASS,,True,500.0,>8*1.4826*MAD of participant channel-window peak-to-peak values,280.1484780868052,"{""bad_power_threshold"": 3.763488305268753, ""filter"": ""scipy.signal.butter(order=4, btype='bandpass', Wn=[1,40], fs=128, output='sos') + sosfiltfilt"", ""flatline_limit_samples"": 641, ""flatline_max_run_samples_by_channel"": [3, 8, 3, 2, 9, 4, 3, 3, 2, 3, 3, 3, 24, 3], ""invalid_row_count"": 538, ""invalid_row_fraction"": 0.01482379522221916, ""log_broadband_mad"": 0.13266273150200347, ""log_broadband_median"": 2.7800594766444013, ""log_broadband_power_by_channel"": [2.668465910838013, 3.0369488341464255, 2.716741060711532, 2.8661539348591765, 2.2227315547535316, 2.098603505177172, 2.6243523995170763, 2.626327579446783, 2.878959772943741, 2.995050738303081, 2.8166302773786422, 2.7434886759101604, 3.8102268274401934, 2.8661289024688523], ""nonfinite_fraction_by_channel"": [0.0, 0.0, 0.0, 0.0, 0.0, 0.0, 0.0, 0.0, 0.0, 0.0, 0.0, 0.0, 0.0, 0.0], ""resampling"": ""scipy.signal.resample_poly(up=1, down=2, window=('kaiser',5.0), padtype='constant') for native 256 Hz"", ""segment_count"": 32}"
UB0147,1714144611,128.0,Epoc+,302.6146891117096,0,1,T7,1,260,26,0.9,266.0,14,8,1,4,PASS,,True,500.0,>8*1.4826*MAD of participant channel-window peak-to-peak values,255.0837072870887,"{""bad_power_threshold"": 3.7373663678552456, ""filter"": ""scipy.signal.butter(order=4, btype='bandpass', Wn=[1,40], fs=128, output='sos') + sosfiltfilt"", ""flatline_limit_samples"": 641, ""flatline_max_run_samples_by_channel"": [2, 2, 2, 2, 2, 3, 3, 3, 2, 2, 3, 8, 3, 2], ""invalid_row_count"": 166, ""invalid_row_fraction"": 0.004276146316331788, ""log_broadband_mad"": 0.13772339113701548, ""log_broadband_median"": 2.71642286935655, ""log_broadband_power_by_channel"": [2.952883823326489, 3.153421210488582, 2.6545565831127638, 2.6611198910049314, 4.71166932103679, 2.5324726646061033, 2.5774457858891577, 2.6589300089354206, 2.744396968344895, 2.6884487703682045, 2.681594481275994, 2.972289743808495, 2.8528925681631887, 2.987959082001691], ""nonfinite_fraction_by_channel"": [0.0, 0.0, 0.0, 0.0, 0.0, 0.0, 0.0, 0.0, 0.0, 0.0, 0.0, 0.0, 0.0, 0.0], ""resampling"": ""scipy.signal.resample_poly(up=1, down=2, window=('kaiser',5.0), padtype='constant') for native 256 Hz"", ""segment_count"": 27}"
UB0149,1714749242,128.0,Epoc+,298.292955160141,0,0,,0,244,241,0.012295081967213115,5.0,14,8,2,4,FAIL_CLEAN_DURATION,clean_seconds<120.0,True,500.0,>8*1.4826*MAD of participant channel-window peak-to-peak values,188.75812546666887,"{""bad_power_threshold"": 4.09114836155466, ""filter"": ""scipy.signal.butter(order=4, btype='bandpass', Wn=[1,40], fs=128, output='sos') + sosfiltfilt"", ""flatline_limit_samples"": 641, ""flatline_max_run_samples_by_channel"": [2, 3, 8, 3, 3, 3, 3, 2, 3, 3, 3, 2, 8, 8], ""invalid_row_count"": 611, ""invalid_row_fraction"": 0.015974691487136584, ""log_broadband_mad"": 0.2444703925993854, ""log_broadband_median"": 2.2788893412154168, ""log_broadband_power_by_channel"": [2.6645234956413204, 2.2686673537468742, 2.0397174296851306, 1.766238354735954, 1.9161098845192597, 1.903386613657643, 2.171034257499931, 2.4194673947802903, 2.3499595966575657, 2.2891113286839593, 2.029120467546932, 3.762484696931837, 2.445382361744719, 2.596013334731784], ""nonfinite_fraction_by_channel"": [0.0, 0.0, 0.0, 0.0, 0.0, 0.0, 0.0, 0.0, 0.0, 0.0, 0.0, 0.0, 0.0, 0.0], ""resampling"": ""scipy.signal.resample_poly(up=1, down=2, window=('kaiser',5.0), padtype='constant') for native 256 Hz"", ""segment_count"": 30}"
UB0150,1715005587,128.0,Epoc+,295.01154589653015,0,0,,0,247,8,0.9676113360323887,270.0,14,8,2,4,PASS,,True,500.0,>8*1.4826*MAD of participant channel-window peak-to-peak values,123.61140485254543,"{""bad_power_threshold"": 3.2570524354525068, ""filter"": ""scipy.signal.butter(order=4, btype='bandpass', Wn=[1,40], fs=128, output='sos') + sosfiltfilt"", ""flatline_limit_samples"": 641, ""flatline_max_run_samples_by_channel"": [3, 8, 3, 4, 3, 3, 3, 3, 3, 3, 3, 2, 3, 3], ""invalid_row_count"": 184, ""invalid_row_fraction"": 0.004862322287405528, ""log_broadband_mad"": 0.15355407381505515, ""log_broadband_median"": 2.118756086261503, ""log_broadband_power_by_channel"": [2.0684108874469413, 2.226512633642429, 1.9607298930940769, 1.8884385191617015, 1.9696741317988191, 1.946043551383842, 2.052105814519131, 2.214805317779004, 2.4017247776356534, 2.2913540259109175, 2.0952902935644846, 2.1422218789585212, 2.6970439662824144, 3.046693408094201], ""nonfinite_fraction_by_channel"": [0.0, 0.0, 0.0, 0.0, 0.0, 0.0, 0.0, 0.0, 0.0, 0.0, 0.0, 0.0, 0.0, 0.0], ""resampling"": ""scipy.signal.resample_poly(up=1, down=2, window=('kaiser',5.0), padtype='constant') for native 256 Hz"", ""segment_count"": 30}"
UB0153,1716370907,128.0,Epoc+,303.29166984558105,0,1,FC5,1,269,30,0.8884758364312267,266.0,14,7,2,4,PASS,,True,500.0,>8*1.4826*MAD of participant channel-window peak-to-peak values,146.46596366037872,"{""bad_power_threshold"": 3.9238463544106024, ""filter"": ""scipy.signal.butter(order=4, btype='bandpass', Wn=[1,40], fs=128, output='sos') + sosfiltfilt"", ""flatline_limit_samples"": 641, ""flatline_max_run_samples_by_channel"": [3, 3, 3, 3, 3, 3, 3, 2, 3, 3, 3, 3, 3, 3], ""invalid_row_count"": 132, ""invalid_row_fraction"": 0.003392967304133251, ""log_broadband_mad"": 0.09205280788064218, ""log_broadband_median"": 3.2414588895914016, ""log_broadband_power_by_channel"": [3.3014783054832715, 3.3954286563139564, 3.235718598188076, 2.398500051344479, 3.3446220970447365, 3.121215956650528, 3.216101814418949, 3.183737962503119, 3.055960182240213, 3.322401297899351, 3.4274751783146042, 3.2257475143214376, 3.4292760601998054, 3.2471991809947274], ""nonfinite_fraction_by_channel"": [0.0, 0.0, 0.0, 0.0, 0.0, 0.0, 0.0, 0.0, 0.0, 0.0, 0.0, 0.0, 0.0, 0.0], ""resampling"": ""scipy.signal.resample_poly(up=1, down=2, window=('kaiser',5.0), padtype='constant') for native 256 Hz"", ""segment_count"": 23}"
UB0154,1716971045,128.0,Epoc+,285.8619759082794,0,0,,0,282,41,0.8546099290780141,259.0,14,8,2,4,PASS,,True,500.0,>8*1.4826*MAD of participant channel-window peak-to-peak values,90.23769488917176,"{""bad_power_threshold"": 2.8429692544851353, ""filter"": ""scipy.signal.butter(order=4, btype='bandpass', Wn=[1,40], fs=128, output='sos') + sosfiltfilt"", ""flatline_limit_samples"": 641, ""flatline_max_run_samples_by_channel"": [3, 3, 3, 3, 3, 3, 3, 3, 3, 3, 3, 3, 3, 3], ""invalid_row_count"": 2, ""invalid_row_fraction"": 5.453900902620599e-05, ""log_broadband_mad"": 0.11724406546699018, ""log_broadband_median"": 1.973838997178337, ""log_broadband_power_by_channel"": [1.9011509570895415, 2.1082681263049388, 1.8825784784660209, 1.8737799953709584, 1.9755272869028888, 1.6266549761847806, 1.7859391170668446, 1.9721507074537852, 1.877389849689288, 2.14855528014018, 2.160525270086519, 2.02512577811548, 2.6638405204568794, 2.248583706190675], ""nonfinite_fraction_by_channel"": [0.0, 0.0, 0.0, 0.0, 0.0, 0.0, 0.0, 0.0, 0.0, 0.0, 0.0, 0.0, 0.0, 0.0], ""resampling"": ""scipy.signal.resample_poly(up=1, down=2, window=('kaiser',5.0), padtype='constant') for native 256 Hz"", ""segment_count"": 3}"
UB0156,1717427530,128.0,Epoc+,284.01459193229675,0,1,F8,1,205,20,0.9024390243902439,233.0,14,7,2,4,PASS,,True,500.0,>8*1.4826*MAD of participant channel-window peak-to-peak values,295.4854070707047,"{""bad_power_threshold"": 3.147478624943753, ""filter"": ""scipy.signal.butter(order=4, btype='bandpass', Wn=[1,40], fs=128, output='sos') + sosfiltfilt"", ""flatline_limit_samples"": 641, ""flatline_max_run_samples_by_channel"": [2, 2, 2, 8, 2, 3, 8, 2, 2, 2, 8, 2, 3, 3], ""invalid_row_count"": 371, ""invalid_row_fraction"": 0.010182796289180436, ""log_broadband_mad"": 0.044159784307326255, ""log_broadband_median"": 2.8201221438735438, ""log_broadband_power_by_channel"": [2.8659477209456887, 2.838591988617402, 2.82229656300685, 2.650837412737472, 2.749629636966935, 2.687247144238794, 2.618531296820132, 2.958967126400619, 2.8059439576758787, 2.856850397878999, 2.8195234679275485, 2.820720819819539, 3.433295195559614, 2.777628152331036], ""nonfinite_fraction_by_channel"": [0.0, 0.0, 0.0, 0.0, 0.0, 0.0, 0.0, 0.0, 0.0, 0.0, 0.0, 0.0, 0.0, 0.0], ""resampling"": ""scipy.signal.resample_poly(up=1, down=2, window=('kaiser',5.0), padtype='constant') for native 256 Hz"", ""segment_count"": 45}"
UB0158,1717772915,128.0,Epoc+,283.55407786369324,0,0,,0,256,43,0.83203125,244.0,14,8,2,4,PASS,,True,500.0,>8*1.4826*MAD of participant channel-window peak-to-peak values,392.43261756947186,"{""bad_power_threshold"": 6.877694093396556, ""filter"": ""scipy.signal.butter(order=4, btype='bandpass', Wn=[1,40], fs=128, output='sos') + sosfiltfilt"", ""flatline_limit_samples"": 641, ""flatline_max_run_samples_by_channel"": [2, 55, 9, 3, 3, 3, 3, 3, 2, 3, 2, 3, 50, 2], ""invalid_row_count"": 110, ""invalid_row_fraction"": 0.0030240549828178696, ""log_broadband_mad"": 0.5170250906925731, ""log_broadband_median"": 3.044987096092513, ""log_broadband_power_by_channel"": [3.076189757153484, 3.8907531283026233, 2.8156259267860855, 3.7816412226161495, 3.381187100114007, 2.1936795266617954, 2.385878240112151, 2.291436289588081, 2.6700457706877287, 3.7450958177239193, 2.7618719780414183, 3.0989913903352515, 4.033149202478371, 3.0137844350315417], ""nonfinite_fraction_by_channel"": [0.0, 0.0, 0.0, 0.0, 0.0, 0.0, 0.0, 0.0, 0.0, 0.0, 0.0, 0.0, 0.0, 0.0], ""resampling"": ""scipy.signal.resample_poly(up=1, down=2, window=('kaiser',5.0), padtype='constant') for native 256 Hz"", ""segment_count"": 19}"
UB0161,1719401541,128.0,Epoc+,312.36671590805054,0,1,T7,1,268,22,0.917910447761194,281.0,14,8,1,4,PASS,,True,500.0,>8*1.4826*MAD of participant channel-window peak-to-peak values,178.82208383088548,"{""bad_power_threshold"": 3.4711425527154245, ""filter"": ""scipy.signal.butter(order=4, btype='bandpass', Wn=[1,40], fs=128, output='sos') + sosfiltfilt"", ""flatline_limit_samples"": 641, ""flatline_max_run_samples_by_channel"": [3, 3, 3, 2, 8, 3, 4, 3, 2, 8, 3, 3, 3, 3], ""invalid_row_count"": 167, ""invalid_row_fraction"": 0.004167602505552644, ""log_broadband_mad"": 0.1352775818915759, ""log_broadband_median"": 2.4683298381531724, ""log_broadband_power_by_channel"": [2.498600052470634, 2.592842304142799, 2.2695157626394002, 2.252546416168244, 1.2570783250737765, 1.9806181607295825, 2.433313158764371, 2.6143725359466976, 2.520655002690244, 2.438059623835711, 2.5664519738540195, 2.3771290154248175, 2.931919910492125, 2.6500871598260987], ""nonfinite_fraction_by_channel"": [0.0, 0.0, 0.0, 0.0, 0.0, 0.0, 0.0, 0.0, 0.0, 0.0, 0.0, 0.0, 0.0, 0.0], ""resampling"": ""scipy.signal.resample_poly(up=1, down=2, window=('kaiser',5.0), padtype='constant') for native 256 Hz"", ""segment_count"": 28}"
UB0162,1720002490,128.0,Epoc+,282.07315707206726,0,2,F3;FC5,2,236,21,0.9110169491525424,247.0,14,6,2,4,PASS,,True,500.0,>8*1.4826*MAD of participant channel-window peak-to-peak values,175.74868288721134,"{""bad_power_threshold"": 4.153362168703128, ""filter"": ""scipy.signal.butter(order=4, btype='bandpass', Wn=[1,40], fs=128, output='sos') + sosfiltfilt"", ""flatline_limit_samples"": 641, ""flatline_max_run_samples_by_channel"": [3, 3, 8, 8, 8, 3, 3, 3, 3, 3, 3, 2, 3, 3], ""invalid_row_count"": 176, ""invalid_row_fraction"": 0.004863893878679011, ""log_broadband_mad"": 0.07883190292679498, ""log_broadband_median"": 3.5689812723067975, ""log_broadband_power_by_channel"": [3.343423018784404, 3.703288822716258, 2.5290962378440245, 2.9103911281744286, 3.558100522809826, 3.5627274799711435, 3.1234800142503065, 3.5023510750162807, 3.623971161063453, 3.6600148808698707, 3.630286596908496, 3.5994721185582805, 3.681850701359062, 3.5752350646424516], ""nonfinite_fraction_by_channel"": [0.0, 0.0, 0.0, 0.0, 0.0, 0.0, 0.0, 0.0, 0.0, 0.0, 0.0, 0.0, 0.0, 0.0], ""resampling"": ""scipy.signal.resample_poly(up=1, down=2, window=('kaiser',5.0), padtype='constant') for native 256 Hz"", ""segment_count"": 29}"
UB0164,1720609711,128.0,Epoc+,297.01673102378845,0,0,,0,253,41,0.8379446640316206,249.0,14,8,2,4,PASS,,True,500.0,>8*1.4826*MAD of participant channel-window peak-to-peak values,187.4395912251272,"{""bad_power_threshold"": 4.581082127858934, ""filter"": ""scipy.signal.butter(order=4, btype='bandpass', Wn=[1,40], fs=128, output='sos') + sosfiltfilt"", ""flatline_limit_samples"": 641, ""flatline_max_run_samples_by_channel"": [3, 3, 3, 3, 3, 3, 9, 9, 3, 2, 3, 2, 37, 3], ""invalid_row_count"": 176, ""invalid_row_fraction"": 0.004619180095533043, ""log_broadband_mad"": 0.17503617309896047, ""log_broadband_median"": 3.2835389766763408, ""log_broadband_power_by_channel"": [2.989488044424658, 3.4700320271935587, 2.7371228034541866, 3.211036901616981, 3.3233794906035308, 3.338734663957314, 3.119959680995638, 3.3359072949680684, 3.1806328888012474, 3.2436984627491507, 2.8916373155505553, 3.584136962489051, 3.7829670422273045, 3.5920038263612675], ""nonfinite_fraction_by_channel"": [0.0, 0.0, 0.0, 0.0, 0.0, 0.0, 0.0, 0.0, 0.0, 0.0, 0.0, 0.0, 0.0, 0.0], ""resampling"": ""scipy.signal.resample_poly(up=1, down=2, window=('kaiser',5.0), padtype='constant') for native 256 Hz"", ""segment_count"": 30}"
UB0166,1726052310,128.0,Epoc+,307.00265192985535,0,0,,0,257,17,0.933852140077821,274.0,14,8,2,4,PASS,,True,500.0,>8*1.4826*MAD of participant channel-window peak-to-peak values,151.35250639242088,"{""bad_power_threshold"": 4.427683657371501, ""filter"": ""scipy.signal.butter(order=4, btype='bandpass', Wn=[1,40], fs=128, output='sos') + sosfiltfilt"", ""flatline_limit_samples"": 641, ""flatline_max_run_samples_by_channel"": [2, 2, 3, 2, 2, 2, 2, 2, 3, 2, 3, 3, 2, 2], ""invalid_row_count"": 188, ""invalid_row_fraction"": 0.004773633293553056, ""log_broadband_mad"": 0.021955976829307833, ""log_broadband_median"": 4.264924001135842, ""log_broadband_power_by_channel"": [4.274288799072604, 4.282384477042935, 4.259965463211721, 4.221680867534691, 4.2632686274963545, 4.231929044885651, 4.2829354428044875, 4.266579374775329, 4.2979000620491075, 4.239023489145872, 4.294373010322204, 4.1849911734012055, 4.297976662371512, 4.24730741573628], ""nonfinite_fraction_by_channel"": [0.0, 0.0, 0.0, 0.0, 0.0, 0.0, 0.0, 0.0, 0.0, 0.0, 0.0, 0.0, 0.0, 0.0], ""resampling"": ""scipy.signal.resample_poly(up=1, down=2, window=('kaiser',5.0), padtype='constant') for native 256 Hz"", ""segment_count"": 31}"
UB0168,1726479260,128.0,Epoc+,279.302561044693,0,0,,0,243,35,0.8559670781893004,237.0,14,8,2,4,PASS,,True,500.0,>8*1.4826*MAD of participant channel-window peak-to-peak values,179.39731525515384,"{""bad_power_threshold"": 3.880773703072813, ""filter"": ""scipy.signal.butter(order=4, btype='bandpass', Wn=[1,40], fs=128, output='sos') + sosfiltfilt"", ""flatline_limit_samples"": 641, ""flatline_max_run_samples_by_channel"": [3, 3, 3, 3, 2, 2, 3, 3, 3, 3, 3, 2, 3, 3], ""invalid_row_count"": 159, ""invalid_row_fraction"": 0.004437869822485207, ""log_broadband_mad"": 0.1821615976198423, ""log_broadband_median"": 2.530409779916922, ""log_broadband_power_by_channel"": [2.4680661448200802, 2.7662933716186435, 2.33299363487969, 2.358601287980752, 2.5158340240437034, 2.3378950766134072, 1.7267880618982656, 2.736671536543376, 2.418236295932845, 2.6633856419504833, 2.54498553579014, 2.5571249100932, 2.746744964920127, 3.1737064681914275], ""nonfinite_fraction_by_channel"": [0.0, 0.0, 0.0, 0.0, 0.0, 0.0, 0.0, 0.0, 0.0, 0.0, 0.0, 0.0, 0.0, 0.0], ""resampling"": ""scipy.signal.resample_poly(up=1, down=2, window=('kaiser',5.0), padtype='constant') for native 256 Hz"", ""segment_count"": 22}"
UB0169,1726657190,128.0,Epoc+,292.30029797554016,1,0,,0,234,42,0.8205128205128205,228.0,14,8,2,4,PASS,,True,500.0,>8*1.4826*MAD of participant channel-window peak-to-peak values,146.9206366855632,"{""bad_power_threshold"": 3.4340724094792945, ""filter"": ""scipy.signal.butter(order=4, btype='bandpass', Wn=[1,40], fs=128, output='sos') + sosfiltfilt"", ""flatline_limit_samples"": 641, ""flatline_max_run_samples_by_channel"": [2, 3, 3, 3, 3, 4, 3, 2, 3, 3, 2, 3, 2, 2], ""invalid_row_count"": 293, ""invalid_row_fraction"": 0.007860496311200537, ""log_broadband_mad"": 0.13491783413267178, ""log_broadband_median"": 2.4339265050537984, ""log_broadband_power_by_channel"": [2.4443716313219506, 2.54953530267846, 2.2281986213260643, 2.462661146746526, 1.8871114698699327, 1.9127877412522643, 2.162053272790927, 2.9136773722288885, 2.3276870876335063, 2.4234813787856466, 2.4797608977169996, 2.2293724169468785, 2.58815337569448, 2.4639621016828848], ""nonfinite_fraction_by_channel"": [0.0, 0.0, 0.0, 0.0, 0.0, 0.0, 0.0, 0.0, 0.0, 0.0, 0.0, 0.0, 0.0, 0.0], ""resampling"": ""scipy.signal.resample_poly(up=1, down=2, window=('kaiser',5.0), padtype='constant') for native 256 Hz"", ""segment_count"": 31}"
UB0170,1729257596,128.0,Epoc+,294.06182193756104,0,0,,0,234,34,0.8547008547008547,235.0,14,8,2,4,PASS,,True,500.0,>8*1.4826*MAD of participant channel-window peak-to-peak values,169.12666068920436,"{""bad_power_threshold"": 3.6096984606658444, ""filter"": ""scipy.signal.butter(order=4, btype='bandpass', Wn=[1,40], fs=128, output='sos') + sosfiltfilt"", ""flatline_limit_samples"": 641, ""flatline_max_run_samples_by_channel"": [9, 3, 3, 10, 8, 3, 3, 3, 3, 2, 3, 3, 3, 3], ""invalid_row_count"": 381, ""invalid_row_fraction"": 0.010099939029239457, ""log_broadband_mad"": 0.12981148820378752, ""log_broadband_median"": 2.6474058986111677, ""log_broadband_power_by_channel"": [2.647951079676188, 3.1559497631047346, 2.4855112156264743, 2.272764247500826, 2.54776854808039, 2.387780333153677, 2.1072288321900277, 2.655489814063813, 2.5357732973077773, 2.7953962737153524, 2.7433583827423798, 2.646860717546148, 3.0096327977605566, 2.703050997769402], ""nonfinite_fraction_by_channel"": [0.0, 0.0, 0.0, 0.0, 0.0, 0.0, 0.0, 0.0, 0.0, 0.0, 0.0, 0.0, 0.0, 0.0], ""resampling"": ""scipy.signal.resample_poly(up=1, down=2, window=('kaiser',5.0), padtype='constant') for native 256 Hz"", ""segment_count"": 31}"
UB0172,1730117374,128.0,Epoc+,291.30220913887024,0,1,F4,1,261,17,0.9348659003831418,267.0,14,7,2,4,PASS,,True,500.0,>8*1.4826*MAD of participant channel-window peak-to-peak values,155.62497666849353,"{""bad_power_threshold"": 3.9820722626398304, ""filter"": ""scipy.signal.butter(order=4, btype='bandpass', Wn=[1,40], fs=128, output='sos') + sosfiltfilt"", ""flatline_limit_samples"": 641, ""flatline_max_run_samples_by_channel"": [2, 3, 2, 2, 3, 3, 2, 3, 3, 3, 3, 2, 3, 3], ""invalid_row_count"": 114, ""invalid_row_fraction"": 0.0030504120732098897, ""log_broadband_mad"": 0.17023779630196478, ""log_broadband_median"": 2.7200994786533657, ""log_broadband_power_by_channel"": [2.8590090684876213, 2.7333718314230313, 2.4462896540071495, 2.5185334758836917, 2.763831443419176, 1.8750626158634394, 2.517433504717077, 3.0322440364551095, 2.69013073103649, 2.8040613334559157, 2.7068271258837, 4.41177514752218, 2.635681656020425, 3.277771920517414], ""nonfinite_fraction_by_channel"": [0.0, 0.0, 0.0, 0.0, 0.0, 0.0, 0.0, 0.0, 0.0, 0.0, 0.0, 0.0, 0.0, 0.0], ""resampling"": ""scipy.signal.resample_poly(up=1, down=2, window=('kaiser',5.0), padtype='constant') for native 256 Hz"", ""segment_count"": 20}"
UB0173,1731088564,128.0,Epoc+,291.5446970462799,0,0,,0,245,16,0.9346938775510204,263.0,14,8,2,4,PASS,,True,500.0,>8*1.4826*MAD of participant channel-window peak-to-peak values,163.5835579636364,"{""bad_power_threshold"": 3.6248396593869403, ""filter"": ""scipy.signal.butter(order=4, btype='bandpass', Wn=[1,40], fs=128, output='sos') + sosfiltfilt"", ""flatline_limit_samples"": 641, ""flatline_max_run_samples_by_channel"": [3, 2, 3, 3, 3, 3, 3, 3, 3, 2, 3, 3, 2, 3], ""invalid_row_count"": 182, ""invalid_row_fraction"": 0.004866310160427808, ""log_broadband_mad"": 0.1717200417864584, ""log_broadband_median"": 2.3518789896239243, ""log_broadband_power_by_channel"": [2.4367145130724186, 2.4546593934169967, 2.3790121090608136, 2.059239004756619, 2.5333609960930423, 1.828444114336425, 2.042415581011561, 2.297350713419904, 2.046571477075514, 2.481023760690319, 2.513837066727723, 1.8637199334967973, 2.63608533704386, 2.3247458701870345], ""nonfinite_fraction_by_channel"": [0.0, 0.0, 0.0, 0.0, 0.0, 0.0, 0.0, 0.0, 0.0, 0.0, 0.0, 0.0, 0.0, 0.0], ""resampling"": ""scipy.signal.resample_poly(up=1, down=2, window=('kaiser',5.0), padtype='constant') for native 256 Hz"", ""segment_count"": 30}"
UB0176,1734087033,128.0,Epoc+,285.8691370487213,2,0,,0,231,18,0.922077922077922,246.0,14,8,2,4,PASS,,True,500.0,>8*1.4826*MAD of participant channel-window peak-to-peak values,159.67096721349176,"{""bad_power_threshold"": 3.8054527485700222, ""filter"": ""scipy.signal.butter(order=4, btype='bandpass', Wn=[1,40], fs=128, output='sos') + sosfiltfilt"", ""flatline_limit_samples"": 641, ""flatline_max_run_samples_by_channel"": [3, 2, 4, 3, 9, 3, 3, 267, 3, 186, 3, 4, 2, 3], ""invalid_row_count"": 277, ""invalid_row_fraction"": 0.007643066055957177, ""log_broadband_mad"": 0.22781969933367407, ""log_broadband_median"": 2.1166253174094964, ""log_broadband_power_by_channel"": [2.1191193047862398, 2.6829209845101007, 1.251202387079053, 2.114131330032753, 1.8649777497025375, 1.98627075563285, 2.053373653723285, 0.43007745633765787, 2.3206171483698856, 0.8506576110908223, 2.2770833139989044, 2.199939439795506, 3.2812583116326834, 2.522392945798653], ""nonfinite_fraction_by_channel"": [0.0, 0.0, 0.0, 0.0, 0.0, 0.0, 0.0, 0.0, 0.0, 0.0, 0.0, 0.0, 0.0, 0.0], ""resampling"": ""scipy.signal.resample_poly(up=1, down=2, window=('kaiser',5.0), padtype='constant') for native 256 Hz"", ""segment_count"": 32}"
