participant_id,AF3_log_broadband,AF3_log_rel_delta,AF3_log_rel_theta,AF3_log_rel_alpha,AF3_log_rel_beta,F7_log_broadband,F7_log_rel_delta,F7_log_rel_theta,F7_log_rel_alpha,F7_log_rel_beta,F3_log_broadband,F3_log_rel_delta,F3_log_rel_theta,F3_log_rel_alpha,F3_log_rel_beta,FC5_log_broadband,FC5_log_rel_delta,FC5_log_rel_theta,FC5_log_rel_alpha,FC5_log_rel_beta,T7_log_broadband,T7_log_rel_delta,T7_log_rel_theta,T7_log_rel_alpha,T7_log_rel_beta,P7_log_broadband,P7_log_rel_delta,P7_log_rel_theta,P7_log_rel_alpha,P7_log_rel_beta,O1_log_broadband,O1_log_rel_delta,O1_log_rel_theta,O1_log_rel_alpha,O1_log_rel_beta,O2_log_broadband,O2_log_rel_delta,O2_log_rel_theta,O2_log_rel_alpha,O2_log_rel_beta,P8_log_broadband,P8_log_rel_delta,P8_log_rel_theta,P8_log_rel_alpha,P8_log_rel_beta,T8_log_broadband,T8_log_rel_delta,T8_log_rel_theta,T8_log_rel_alpha,T8_log_rel_beta,FC6_log_broadband,FC6_log_rel_delta,FC6_log_rel_theta,FC6_log_rel_alpha,FC6_log_rel_beta,F4_log_broadband,F4_log_rel_delta,F4_log_rel_theta,F4_log_rel_alpha,F4_log_rel_beta,F8_log_broadband,F8_log_rel_delta,F8_log_rel_theta,F8_log_rel_alpha,F8_log_rel_beta,AF4_log_broadband,AF4_log_rel_delta,AF4_log_rel_theta,AF4_log_rel_alpha,AF4_log_rel_beta
UB0004,1.7229055460476812,-0.47162153577351673,-0.81604323324153283,-1.0435012157776946,-0.80601293240902427,2.1537303376107966,-0.26474632588030478,-0.91151381491857375,-1.3242022048976418,-1.2018268629850799,1.6963615343683123,-0.50488785515519041,-0.68446000151391606,-1.0285271818721464,-0.89322499612843453,1.7877957389481964,-0.35519383920094766,-0.93138512926602135,-1.1995883499092885,-0.80894239883546382,1.9929247168694064,-0.53250995902624443,-0.91202613123562681,-1.1026716048568799,-0.56828131011286964,1.8515134967198981,-0.52641749018578488,-0.74285703345393994,-1.0376263212920964,-0.76124076605229063,2.0777036396819435,-0.59466162760256724,-0.69557746907583851,-0.87150379702409964,-0.84230960927313037,1.9690363461537519,-0.44217729701367736,-0.83513024361415855,-0.93360851820914981,-0.87458720690572644,1.7997663785676385,-0.43282684413194616,-0.82385404587269129,-1.0432428792485133,-0.86823867454815251,2.0071804426373858,-0.72477229043907365,-1.0290174602500577,-1.2256087230671435,-0.39412491883548995,1.7324931704248105,-0.433078808724769,-0.89288719956741414,-1.1177107793864547,-0.74795499036937674,1.7069703936572576,-0.51510399505812599,-0.672282293914093,-1.0222207539096619,-0.85169965445265117,2.0372302013787249,-0.31912860369496665,-0.78102187899161524,-1.2231105200801156,-0.97306034968260113,1.7407603800859761,-0.54952863556679254,-0.87155481408525581,-1.1028279124977698,-0.60070095605218687
UB0007,2.1676202881773108,-0.3488348054195276,-0.95894058384131453,-1.1324155400646692,-1.0571934576565556,2.3787780013509527,-0.43294496694583273,-0.94196773057138361,-0.93978762693956874,-1.0431417800028497,2.084764191575124,-0.36540256321421422,-0.87529355109585483,-1.1098086593301719,-1.1997153656387072,2.0440039269613326,-0.47389773260645796,-0.88652443497300937,-0.78751705313141573,-1.0183283854967562,2.5203172639034381,-0.51056035147167766,-1.0254829187545691,-1.0105868817290959,-0.79907401011035195,2.3299930869592416,-0.49133103829649577,-0.86254186469199157,-0.86264159252742934,-0.95707467531128132,2.3313908579195002,-0.45192265055481712,-0.86764785038845327,-0.87824532766250973,-1.1461877915660688,2.267843408651697,-0.50481713124580341,-0.84453567196836743,-0.86388256890664561,-0.97012909406339365,2.1925611811328065,-0.479193891246119,-0.84485054781700542,-0.84341853266610944,-0.89564749705530056,2.5442924600174504,-0.50282406210859731,-0.96499619849772467,-0.88662730136920798,-0.8460250254493944,1.9515129195756096,-0.3969006938484112,-1.0257187384368796,-1.0854041903803275,-0.93547490984936499,2.0867761929630717,-0.33432875973924603,-0.92531302703180918,-1.2490810646027759,-1.2028839470959936,2.0975436957700442,-0.60447003812022482,-0.86071897172034717,-0.89980920402358189,-0.78478216695054692,1.9288676128886153,-0.57457109680491936,-0.76845242826930682,-0.88421188301611875,-0.92503747548986359
UB0020,1.7650562242593784,-0.50637654905684237,-0.83128959467834118,-1.0464067117304992,-0.66470338553322073,2.1414828835881963,-0.53708301358070021,-0.96307182111149703,-1.202213347070705,-0.50453439590496929,1.860102409684036,-0.6064259516669408,-0.78169864561951852,-1.0414546381291587,-0.57578697510714205,2.4241538374435385,-0.17598310002743778,-1.2215253935494204,-1.5495414852531642,-0.96445998637781161,2.1726062322228339,-0.68911746009845043,-0.98867272645523707,-1.1371123052873384,-0.43805491745755776,2.2051120485117393,-0.64300186262963477,-0.82534666183295746,-1.0374956639026909,-0.50669939946181042,2.2470580516439247,-0.55545689433601453,-0.79303598244390017,-1.0294352226786607,-0.60987119969426062,2.1921987802419816,-0.61356994030792211,-0.79877061136574867,-0.84334084707804891,-0.63509050881557916,2.0123524356861728,-0.64213469049799499,-0.85782552682094138,-0.97041841421976338,-0.53633036183824423,2.1118779314752798,-0.6538147145278701,-1.0369409261163802,-1.1067499732433141,-0.46566853022641808,1.8925866218267258,-0.64121544513945317,-0.9699524469186237,-1.1718218680087622,-0.46139996084612078,2.0115448716420454,-0.60818755676745717,-0.77898401901538783,-1.0432621519096785,-0.57506354333876164,2.0911057340912285,-0.48406686527043763,-0.95511977819196825,-1.1807542255678265,-0.61673808864113644,1.9846306605676731,-0.25428748788644956,-0.98770568010421889,-1.3365505974791068,-0.86693294320672232
UB0021,1.4400917112650418,-0.59768939721553827,-0.70812407744430372,-1.0065537263304889,-0.73576734772682229,1.8743771820556054,-0.41484103299526964,-0.84412535890003082,-1.1006019145752544,-0.78905309925024136,1.6827744078956186,-0.57245089881659383,-0.6978443022004599,-1.0050636171082015,-0.84073371862835578,1.6359464387820732,-0.58353803845978347,-0.78781476845149268,-0.98119389037744409,-0.65407779704186875,2.1289648460985111,-0.67767773582226376,-0.83312135392700803,-1.168190303355982,-0.59093913488700489,1.3275932467563121,-0.59059404332711385,-0.81141665488702652,-1.0646561009933719,-0.67909730356879405,2.0996850494122494,-0.51462178883032106,-0.72571173240799558,-0.97556617467923168,-0.86893434146448323,2.1807769990568198,-0.46185193503422606,-0.70163165360462976,-0.96025192844475071,-0.93713223935593926,1.3140209773716596,-0.62896229754588284,-0.86425804766430891,-1.047975727503871,-0.640143700296676,2.1578048171543633,-0.69345220989508916,-0.89846077251614531,-1.0935058797184429,-0.53683324748256434,1.8174158317303453,-0.62126127083898341,-0.90996556147475172,-1.0538911285949197,-0.56670211493148603,1.6438617892405505,-0.54856795651069856,-0.70226928419002199,-1.0185756177129579,-0.80174621275151314,2.0309556641686966,-0.3940142301635513,-0.82051374392826126,-1.1427317123091314,-0.83071599489904946,1.5211129716950624,-0.52259031888693031,-0.71414319870159693,-1.0585986609678997,-0.79610216537586853
UB0023,1.8851304479479289,-0.52024605438989469,-0.61952681147421829,-1.0780030098818736,-0.93266011946219529,2.0827981410575158,-0.40726815715929088,-0.87221660435254822,-1.1110337388374398,-0.81448275264403491,2.108604573115791,-0.4819980330596273,-0.60764456963272084,-1.1215125031688902,-1.001549050747826,1.8414312332328169,-0.56499567457864641,-0.78223874676688565,-0.95853195315507755,-0.72093299061964156,2.0478324809816324,-0.52190754557618579,-0.80500220631954023,-1.0368193386061122,-0.71978727894268091,1.9643574551601277,-0.61584939740278744,-0.72961965805673545,-0.97692832934403362,-0.74904422092765566,2.0784911049775365,-0.50555408652006317,-0.80313369565314785,-0.98063549378768244,-0.7545333236663424,2.0871004557968784,-0.43455709323011199,-0.82517654501528181,-1.0153922838084897,-0.82676570689828821,1.936640350620342,-0.54783136262483167,-0.70187844103957231,-0.98372550537617942,-0.77492566258953055,2.1229101608658327,-0.61097328276371765,-0.76177107652949283,-1.0216216801748976,-0.66261280982412452,1.8603273024911779,-0.57731287456176972,-0.84450865401536079,-1.0215078628983281,-0.65329696195970466,1.5046776832957147,-0.44695963212839157,-0.75128055638588975,-1.0978142139342908,-0.86096247906371914,2.3857286110725919,-0.39682322174752649,-0.92298732059347222,-1.2243344233687952,-0.76614640082238183,1.3306976316413694,-0.55386932001060718,-0.69271584638861583,-1.0729698078064507,-0.79223753000257513
UB0024,1.9431610011420914,-0.60209196784334162,-0.5182898569372355,-1.1402023336736731,-1.1184787726330707,2.1476517885265691,-0.42229690069076287,-0.65917059051693894,-1.2099771511277533,-1.0293207676865346,1.9357227252783793,-0.66341364085310461,-0.48950993004332954,-1.1645893484266598,-1.0974727136949625,1.9250469078127459,-0.61392136285155485,-0.59824739547519756,-1.0514628139088393,-0.85087429140711568,2.2029107915227533,-0.55036535333972425,-0.4965107340818406,-1.321415694959339,-1.2722173389684923,2.2599193058137295,-0.66351705607913747,-0.40412293124008708,-1.2354331297649628,-1.3156129103119945,2.4156297175868926,-0.49526389488850325,-0.49699415797698643,-1.1275818752266058,-1.4004532339454134,2.3825723573824242,-0.50103531890001851,-0.55874567205993597,-1.1304238718947985,-1.3752446091916082,1.8303288510727842,-0.56810385683012099,-0.51948536666819778,-1.1460458876638613,-1.0551528241181147,2.1600550762962234,-0.64480290081964164,-0.59047644254491249,-1.2656207223987841,-0.83765746509568495,2.1336375662681366,-0.6021427018597838,-0.60071519296339193,-1.068212592447757,-0.89206385251644593,1.9115068904697547,-0.63125669447678656,-0.51305646287816908,-1.1103374406619633,-1.0719210095613354,2.1556634553781628,-0.46777051912407663,-0.58723148023076088,-1.2088012248873443,-1.0837087135008283,1.7845727421351278,-0.54288007432235386,-0.60145371233483691,-1.1285798526867221,-0.9748404405124067
UB0028,1.8999995689460141,-0.5517641120774015,-0.7351156258536935,-1.1106248774631187,-0.8691318195661083,2.4249591795274235,-0.75163923347539052,-1.1280888608058501,-1.1716327023730448,-0.39649556336871944,1.9752466226385921,-0.52119870980561056,-0.68688690681385656,-1.1356719363409689,-0.92420412947761688,2.0751150948525439,-0.73138689545002034,-0.88735425734506279,-1.1077332739235,-0.50563291349404471,2.0511874528829379,-0.56145755291899535,-0.70377771595993721,-0.90432483350015547,-0.8475718689705195,2.0745586644735718,-0.59239642761967226,-0.65508053555193058,-0.88849826178521352,-0.90004415557228179,2.1215088130149713,-0.50401412194816919,-0.65556388941002974,-1.0208727474092902,-0.96747274246214765,2.0552784255273364,-0.53023919622476012,-0.67646796661157527,-0.97401374170233268,-0.90916526672291242,1.9677849527040987,-0.56639394269464893,-0.68560068558114906,-0.96208064185264086,-0.87832620926195037,1.9920850790259264,-0.62496884248431694,-0.85435907962407864,-1.037986177072574,-0.64996455461007563,2.140596232022812,-0.77101304653108815,-0.94721158476013989,-1.1196705615324003,-0.4449653557042228,2.0436124779508322,-0.50765082188224286,-0.65518751292987443,-1.071014683780082,-0.90460141517811632,2.3479652136239411,-0.63666583076357874,-1.0492948781343352,-1.2204064819180251,-0.52228542091395447,1.8562592270613054,-0.61050174361475118,-0.70206892353745598,-1.0603914475246674,-0.83348281237621946
UB0029,1.8530844681489795,-0.69070586154088909,-0.71100821430992966,-1.086332884478022,-0.7613537063893473,2.0642329573195326,-0.56253682918612091,-0.88083389488794461,-1.0835879956735379,-0.6284301137053977,1.9747929894164613,-0.51191934003509376,-0.65861849758081814,-1.0128018137797972,-1.0021448166806235,1.8632017097502447,-0.72094309202876083,-0.76547591540747772,-0.98134277822546678,-0.62730465192242624,2.1916112726678976,-0.92073211298563606,-0.90281703587787199,-1.3271211038350503,-0.3843521819219558,1.9033662966375475,-0.6308888589916728,-0.64797983006763604,-0.96684922169902177,-0.84003010043071913,2.1430035835302816,-0.51936310644332007,-0.71862592075615805,-0.9267588138136984,-0.92426343648637443,2.1314878740959355,-0.55604058920932509,-0.68388557660985927,-0.8381547631343339,-0.96828869166722453,1.8468261197778406,-0.62660870780815947,-0.69838394149125371,-0.98633785316322031,-0.76022165738059733,1.975665621742736,-0.70800002837174347,-0.91015840067312981,-1.2199461833815033,-0.57679317573798772,2.0441866275301135,-0.84054860226024963,-0.90319128962739881,-1.0845333622602513,-0.475802281377317,1.6922462665156932,-0.6001577215318088,-0.65819118016856082,-1.0667909374653419,-0.84415619269619835,2.2547794807712989,-0.74915050464084287,-1.0592097312857582,-1.1881610090577504,-0.43822516515002508,1.84577815336988,-0.73452591982719218,-0.69824625614778379,-1.1256573340604017,-0.70284419071365545
UB0030,1.8927694296014141,-0.93116895362088803,-1.2162026297641766,-1.1466447621632794,-0.33085037255658356,1.9458344639948584,-0.81049725871074707,-0.90909531057381332,-0.84677677441130705,-0.574172323982723,1.7437903135306294,-0.92057941279697442,-1.0228614916231415,-0.98057400693959273,-0.4110153265251571,2.0138748525986907,-1.2357818644817464,-1.2799540502722451,-1.0581553121376031,-0.2932639432193368,2.4571268163212432,-1.5613705332030894,-1.5214441602621493,-0.95724979698576174,-0.27972592941372937,2.7079451329814801,-1.8503149442644322,-1.8880253487602661,-1.4640805171603493,-0.18813785646037789,1.8975350818858814,-1.1043811782430226,-1.1680842031193728,-0.94060947784050208,-0.44260395970692767,1.8203668477422155,-1.0095155067010098,-1.1404042255949993,-0.95673741810369606,-0.39779791444135493,2.2597561162241151,-1.3952764452492534,-1.5427056537070043,-1.2470609181779686,-0.24363403320111537,2.1857674636612652,-1.312751645152948,-1.4115369484472167,-1.2288308071987759,-0.26793614571355884,1.992216722267097,-1.0607161180551201,-1.1040255623783626,-0.92873752877619864,-0.35931883163643252,1.5452639704294922,-0.86136550139013801,-0.94424216552579776,-0.62479887430772574,-0.59047274401534089,1.9825247123158607,-0.84656143491008962,-1.0529011468226677,-0.94979065958823827,-0.40468300905199966,1.8509209821562649,-0.84913702433186788,-0.9980030680533869,-0.87231243484349674,-0.44449807385181006
UB0032,1.6098121853571903,-0.49012322645270878,-0.74083569721938147,-1.0616347358107669,-0.77908453392297372,1.7466949500354865,-0.39274481203781086,-0.84409620460029122,-1.053892209974312,-0.85101095666487825,1.528878580613579,-0.57992650604239626,-0.68021695716464881,-0.93486209437411272,-0.8195192355473232,1.3992249457402384,-0.60489874328750304,-0.77031785507126194,-0.93469665494903686,-0.65713768130339389,1.6458446755623122,-0.67969942290123542,-0.85266935166413638,-0.94849382411090843,-0.62035904009565712,1.8592111368115118,-0.5397434092771165,-0.80969610493188049,-1.0855310128681332,-0.69361407226929639,1.6937419815591364,-0.58399243791750632,-0.84132556772493605,-0.933132073450474,-0.66727205768323694,1.7977830875327336,-0.39282112314175532,-0.94890489689910351,-1.0191576036224284,-0.80741501435406193,1.6616080591743645,-0.51823000318226353,-0.85015579410551911,-1.039024284344197,-0.69181128757696975,1.5056720728841353,-0.55842356535153992,-0.84348938568995513,-0.99813129611120766,-0.64233678218162338,1.5176250886116474,-0.55969151280222396,-0.84966094075974419,-0.95555104314683548,-0.67569526849717088,1.4547689246095583,-0.50005617903459809,-0.79321693037139962,-0.95519389216155948,-0.79246987521649692,1.9518382053385031,-0.25819028786177478,-0.9377717761023513,-1.2765202807655189,-1.0671260331663679,1.414401514102543,-0.49563153932588688,-0.81339520041694469,-1.0246060118646538,-0.71548508477727801
UB0034,1.4816309281314346,-0.49755515173396259,-0.83171729217919155,-1.1699365312745862,-0.77151309912494415,1.5002406740098306,-0.47395201129533387,-0.92606600783871429,-1.2019201653848604,-0.71832533286044253,1.4106815330467584,-0.45969523931659662,-0.88212430871488345,-1.1848096356325528,-0.8041045883576573,1.5003694555616098,-0.49748035634305077,-0.92770449310060665,-1.2347416223352516,-0.70650751269855327,1.4418568081992769,-0.61706911490957428,-0.86756301232643684,-1.104593891901992,-0.62693262528257032,1.5204453905178568,-0.66837468492218899,-0.91355748190898933,-1.0736821601485318,-0.57678601724665091,1.4837641082181861,-0.56357587575964219,-0.8844472809638303,-1.0618676649690924,-0.69086165025360036,1.4787033230205131,-0.75387301082906133,-0.98617824693486678,-0.94350814669097816,-0.56659449027237674,1.624184006287505,-0.7896984654395981,-1.0852227637971281,-1.0419678343428571,-0.51451993701901966,1.4895836630277288,-0.48627956325566685,-0.78938529277596559,-1.194521316308069,-0.80014044790954308,1.5497497637979394,-0.46896308267722997,-0.89747890872601399,-1.2249641486434777,-0.71668195292326853,1.5656784313407428,-0.44561684333742002,-0.7860576942150298,-1.1744468692369707,-0.83099596797558972,1.4641925613812734,-0.46826991875014023,-0.84830477361131562,-1.1986294067786309,-0.77045520386456678,1.5122990461416874,-0.3977328004552102,-0.81217712886934013,-1.2269723893055648,-0.89712956281009681
UB0035,2.0400136001452998,-0.34750189657254432,-0.98616504428391982,-1.420508422013818,-0.70334434461545736,1.6591741846330306,-0.63778733101990348,-1.0271313668111772,-1.1262213453841159,-0.49529935511753392,1.3918853182106532,-0.77823672965396851,-0.90239386279533307,-1.0698299894788568,-0.47442143344456883,1.7905356448134775,-1.1454680992522079,-1.3870639702312684,-1.2804123257646804,-0.28084154815813572,1.8545965693537994,-0.44203881360253372,-1.0888965594513729,-1.1044991719615604,-0.6107916160465483,1.7070816918560483,-0.88177492682943792,-1.121709290135227,-1.0758616960133329,-0.43384247788980906,1.706391224362076,-0.88967712284050615,-1.0711967637146316,-0.98678330100104461,-0.4631356834831063,1.5210727607777712,-0.78586869700376827,-1.0052692908515157,-1.0272244570858984,-0.48801216384641949,1.8132076042580882,-0.97854498844657856,-1.2022021516978931,-1.1706342746250689,-0.35134788882525475,1.7211335334944773,-0.81076122959562236,-1.1045156425287803,-0.95319499985716105,-0.4234771264292449,1.6856595746149585,-0.95885695485362821,-1.1836921118300063,-1.1078323788207705,-0.32842486539962679,1.523370961601701,-0.68625849339797795,-0.88865265080740952,-1.1393711597858733,-0.50812631764663252,1.7062458798690194,-0.46342091411092168,-0.9037458950144549,-1.1668779567171181,-0.6873050774317685,1.8763431209630068,-0.89987096764516006,-1.1639035227767263,-1.2996414304967034,-0.34389015445113136
UB0039,1.0991267912172891,-0.46240084813240545,-0.91821094984464213,-1.1054462162456538,-0.74133594033439065,1.5589756289465206,-0.4323476780959124,-0.95468288572908622,-1.1485689595182083,-0.66222190639252443,1.172435870646606,-0.33214991432984736,-1.0010482342931293,-1.2426304451397929,-0.86355932300045291,1.4311540576163655,-0.59104280264482978,-1.0191421111975327,-1.177614853019288,-0.53440747269861444,1.3904116346702888,-0.51634173244362869,-0.83008523334484385,-1.008039000253327,-0.73931893815261451,1.3641068391470943,-0.5092138267358175,-0.86954133918346788,-1.0078130333783035,-0.72602360351789963,1.5719954197116974,-0.5142738444124717,-0.85776015323616861,-1.0107544885200019,-0.73392973033270326,1.6340351552597827,-0.37942825546405218,-0.87234230405136703,-1.099850252316354,-0.90542923006348508,1.7257305552718245,-0.43577351098820627,-0.88206917524136852,-1.0282412637298552,-0.85613872159316817,1.3860222485233586,-0.57318723679224726,-0.96513329321947117,-1.0925915336893803,-0.6187999078306895,1.2975507516018812,-0.60178696440319435,-0.92349944052708677,-1.059413199000137,-0.5811068785717346,0.94928045346150935,-0.49306152948166643,-0.95533695306889233,-1.1278114776314256,-0.66740762558617928,2.058492931953448,-0.28781408791280749,-0.79306679363491206,-1.3510041206902279,-1.1755231983351238,1.0745617468545166,-0.5184700974046943,-0.88028163717804775,-1.1090572841807673,-0.67996337343362956
UB0042,1.7283168967638625,-0.44663994655196948,-0.89752858950794367,-1.1776723192317888,-0.69283951545308153,1.7733323443179489,-0.33837025312723429,-0.83162066481815899,-1.1769985867789399,-0.90885492639754528,1.6481106816670317,-0.54322385734497924,-0.78463839037448713,-0.9935873566490061,-0.6777250439728032,1.5720581149973705,-0.47911772487488669,-0.77188492677929688,-1.0917240473532419,-0.75237659910334953,1.6888595992582309,-0.61939750106040081,-0.93242752243097138,-1.1304589724699798,-0.51632110655132335,1.8761214786083258,-0.66213943502332961,-0.93685298448958509,-1.0491312788233071,-0.51886741522586743,2.0962165181205137,-0.87585538750182512,-1.1447372184721973,-1.0155218979220417,-0.41819935062964131,1.912306714111466,-0.69347452298356571,-0.99487058769626768,-0.99275169980752853,-0.53318020141842548,1.795437662087819,-0.5308103925424662,-0.84596685078254685,-1.0938086011224901,-0.65218231739216548,1.5550570215783504,-0.79455473307260194,-0.97420241757195614,-1.105286653070952,-0.44167369798924344,1.7696783925862447,-0.53252472719765853,-0.80175086239623572,-1.024309371264188,-0.69123639140626825,2.0684470560390116,-0.5512828902786362,-0.77879473210653916,-1.0611895176796182,-0.73059782266282225,1.8383710745017288,-0.40344220459556834,-0.79775315441473715,-1.1177429114172652,-0.89932680820059452,1.8357827395911972,-0.49185626887660472,-0.81799680786828177,-1.197043834594385,-0.733115387963856
UB0044,1.6531474508373383,-0.53401386299336973,-0.64338325437358479,-1.0758724102442025,-0.86256256697584788,2.0754699776088446,-0.39294225677391781,-0.79624241542467422,-1.3584657037421113,-0.76914082120361404,1.5169653816059363,-0.58344196351859023,-0.61184554604345376,-1.1057011866424928,-0.89704503876604025,1.6827261300342378,-0.67366291375641529,-0.77575365261611107,-1.1149973571280736,-0.58427410550680181,1.87500648080689,-0.70081832824712176,-0.6785141902966294,-1.1170137488687955,-0.65924000355391466,1.835586937512494,-0.58116499377610786,-0.6802960594345322,-1.0503822535753704,-0.79922491427399445,1.7900727654055635,-0.48096723761341137,-0.68046226409776345,-0.95751893736638582,-0.8972256323114457,1.9313475192003566,-0.50045191027344005,-0.71526756064203056,-0.92957754154094874,-0.96220393325491749,1.917868914653313,-0.64396818803506484,-0.75054302612794788,-1.1011344692203078,-0.5938306106200284,1.743361747950732,-0.64037601343116346,-0.74433780028018426,-1.1492539391333834,-0.64241143905906872,1.5890032603722086,-0.54276561425044911,-0.70137215136858588,-1.0965747477114045,-0.75574783506972476,1.6314396305590348,-0.56010324022000912,-0.59909407536979464,-1.0918881814807155,-0.89672743282431822,1.8980637996582579,-0.55117105019893575,-0.84219373319679891,-1.2240633176757556,-0.57613218935576682,1.6230774426803976,-0.54553030219840482,-0.66424776179862066,-1.105225829379449,-0.82244869912156504
UB0045,1.6259006853940257,-0.27119869308337463,-0.94656098937567457,-1.282870626023342,-0.95228205750211459,1.7563056711111975,-0.37426872051933907,-0.95885561045200562,-1.1755611806997508,-0.8004298660496062,1.5290315180945999,-0.5055269127970512,-0.69423987818215349,-1.1691363702222586,-0.87337621041533475,1.6182412999457658,-0.411908624766821,-1.0071798179772649,-1.2241106025189961,-0.732767566199377,1.9009263142347153,-1.1278984272008512,-1.2628876889721612,-1.347574517081283,-0.30356622504166619,1.4826893473396017,-0.67276900754365743,-0.82371560265678001,-0.99173590828343061,-0.60642354480085636,1.7168018764494666,-0.42494592799148528,-0.78788130358451669,-1.0717622642835161,-0.84504659686903216,1.5723019667528375,-0.55742880397820094,-0.78759567215591741,-1.0426794412538838,-0.71737363570974033,1.6260656309666115,-0.38352916946919002,-1.0270418117191433,-1.2099263138934941,-0.67784561048813996,1.9392927113009506,-0.88878692823235084,-1.2213791931009741,-1.2852532190426302,-0.35378742873535179,1.5750513194409228,-0.46122921715688303,-0.90827574934804467,-1.1655708840327597,-0.69122347730790401,1.2661814764112584,-0.48667830887507874,-0.92115989987676428,-1.218755476363544,-0.6489984884018275,1.8521474108928599,-0.43049783757106475,-0.91704948836605049,-1.1650671170498044,-0.71580434851416519,1.4784308168109965,-0.35861396998259981,-0.89633998896844291,-1.1807784292946324,-0.8313331503754442
UB0046,2.4052898664401168,-1.4038413425774781,-1.6373685997604164,-1.5746844373554381,-0.31055873961232044,2.1182310444147756,-0.90242731475474947,-1.3372375476935761,-1.3671868631938022,-0.33127903461237773,1.7640061481900178,-0.93430639423987305,-1.0234290235955572,-1.1308637124062182,-0.43658850729781562,1.6145915638905213,-0.81271051201287881,-1.1304713379126419,-1.1645996885172369,-0.43249707703616985,1.5806805729594973,-0.70992346327587763,-0.90549694496643451,-1.0193225592037145,-0.55869669376442643,1.6854972839372606,-0.70226655602695465,-0.8955789934657008,-0.97151048579087496,-0.62674226163508773,1.7298034871091672,-0.52899757060471986,-0.89224607653310994,-0.80368177870917423,-0.81239972920238301,1.6225318952637271,-0.62943908599798215,-0.86300835124027397,-0.76542413294667,-0.75289657715936165,1.6809155848887096,-0.68440873796102664,-0.89928545265332094,-0.97118738483567646,-0.58924889202035313,1.6492082770219096,-0.6268685232189728,-1.0990602495181099,-1.19579990622249,-0.50695702906442053,1.8812130935583902,-0.92891083575528555,-1.1830953906541204,-1.2100440101209369,-0.3519537755824762,1.587949004023361,-0.88287621405854999,-1.0647282664857807,-1.1575403605760155,-0.41131847622011886,1.9717933267132972,-0.47673455925554131,-0.95763467166894101,-1.2443245828682867,-0.67187036624976915,2.0333073238482471,-1.0767360208527172,-1.2777436053027844,-1.387174059474849,-0.29673883356265607
UB0047,1.3219000065287894,-0.62059532706371145,-0.71419154122980422,-0.95583324849268214,-0.73388524554975199,1.5596015450574576,-0.35598563158661833,-0.90146146026526086,-1.1282640620159132,-0.81245537440224025,1.3217449268475714,-0.64870050805485402,-0.65738830236728218,-0.96660869921325565,-0.72788542645557897,1.358970124686004,-0.52901513601958206,-0.85976439920472636,-0.99987557689594264,-0.68584126421988101,1.5696052805274838,-0.72848794962491925,-1.0303816901916267,-0.93707484393570151,-0.54683634096115463,1.5321183487960197,-0.68679138705675125,-0.93196917829466286,-0.82801473161991845,-0.62322968894710129,1.6204729218063809,-0.60352297841170699,-0.85104967581564717,-0.83004742587257396,-0.71490689151993836,1.6317811260112596,-0.57824962593298812,-0.81626507544348414,-0.91627384076201612,-0.72961688734811858,1.4092053330315046,-0.8201200065831239,-1.0039878624597813,-0.99527557172384384,-0.46601880104620941,1.9878131657947009,-1.133050738838431,-1.4718043649810588,-1.3338402640612186,-0.28026970316502209,1.2596268383629066,-0.70706526985433937,-0.92345759015445028,-0.95684984350162949,-0.58175838514846545,1.136915621824611,-0.5553526086614502,-0.82659933443297728,-1.0145102254721674,-0.68957010063007751,1.7019929326228587,-0.41320435883857032,-0.83497763111530987,-1.0357006215696256,-0.8437015267191359,1.2932989869440825,-0.5858772797115912,-0.76692751754465682,-0.95487589719190624,-0.73613350689224488
UB0049,1.6200114245161941,-0.41079116420922357,-0.86998355598565036,-1.0683097219566016,-0.76192873461671973,1.6368416915787203,-0.49228727376200876,-0.92150444196791781,-1.0561269071461967,-0.64470268648502504,1.5695741835102968,-0.57154881673239033,-0.69245304613484748,-1.0443977128134601,-0.74347392498444909,1.676017102796328,-0.66420100802458215,-1.1373656183181544,-1.1082854427591384,-0.48033144742840722,1.6046088278247992,-0.58700604512417331,-0.86183417609149016,-0.98714539399990986,-0.63138968746738666,1.8357320657527318,-0.56374675305719546,-0.93304298494799343,-1.1231750838178516,-0.59761305206484561,1.9215200236239387,-0.35609442376708234,-0.91014974633627044,-1.0860336262586971,-0.87586492759013446,1.8947569443627348,-0.46959176921644707,-0.86870140659429007,-0.91501729554603339,-0.79591622860574396,1.7656301865252124,-0.77874609027579111,-0.9583139401788574,-1.1326652781989384,-0.43373419390057738,1.7082118602742959,-0.77727637134266014,-1.0942887115312578,-1.1433377357959598,-0.41607632025722763,1.683018848362112,-0.76183127234477332,-1.0803146703282702,-1.0558452304566976,-0.43760862656769151,1.6865101958416504,-0.55858356193471725,-0.74550666512407848,-1.034208992676068,-0.71408875023824459,1.6870600924345369,-0.50227281193297746,-0.86394378184610043,-1.0738269977946602,-0.63265373769928102,1.577088630216503,-0.52301580067943731,-0.83521516018183972,-1.052627782241905,-0.64549497214889273
UB0051,1.7739435128806031,-0.46023908785165774,-0.74315079188154254,-1.1293837013821473,-0.80801701959793826,1.8698943335539169,-0.42757829473957032,-0.79759196534409516,-1.2218349244219278,-0.90112185266661882,1.7413452376031047,-0.51482130603809906,-0.64461367739542452,-1.0394270083471346,-0.87835540641109844,1.7191661078165659,-0.5563284898805384,-0.8668009135586594,-1.1454289015012253,-0.71952565622412024,1.8296376012856814,-0.51997440985249976,-0.85708192492887603,-1.1478285354971205,-0.75936876717735524,1.8652873567314028,-0.47655161577307875,-0.75954629527534057,-1.0033201074924667,-0.81228455456986248,2.0182654310680941,-0.46684718891692251,-0.79144411523833669,-0.94556606377013619,-0.88012208442402062,1.8273206868529692,-0.46158117186538272,-0.81210449350201264,-0.96477569043040912,-0.90720069664991243,1.7500558163266009,-0.48164918969099252,-0.78317865775865192,-1.0054235877061333,-0.83308031346869349,1.7001547524315621,-0.48210509064959595,-0.84747546138991237,-1.1230323057607972,-0.77721844913404925,1.792905368337214,-0.5075733974762604,-0.82555675876734735,-1.1367532337991975,-0.7389047183416857,1.5947097437467395,-0.53606947208829703,-0.63697403573885902,-1.050177101608422,-0.87161556457387357,1.094190718193913,-0.47875051419310816,-0.79217233793905251,-1.0815550641484071,-0.83471101713554918,1.8527975330145425,-0.40341807081598069,-0.73612103731227596,-1.1813976610394801,-0.97761566849215953
UB0052,1.8030078073423592,-0.36648018567762719,-0.73782153970194653,-1.0880238283202242,-1.0956793068207449,2.0941181845322689,-0.47393652707181178,-0.86006975367792382,-1.1483284502994386,-0.67240264530457183,1.9813815119105689,-0.34933748597109149,-0.74252473326196333,-1.1405410462424297,-1.1942127967951173,1.9711634187325013,-0.39336137563885615,-0.80952917010629888,-1.0923960086995206,-0.89405781970786813,1.9528283942272491,-0.56575936091791856,-0.80143851147185508,-1.0772845520521881,-0.7048664508478546,2.0475916768352453,-0.51339966992687525,-0.73157349270334437,-0.9756627257100039,-0.86529320497294282,2.1946531438189885,-0.45671858819576727,-0.68191188855143936,-0.99039259648736833,-1.0834197700839547,2.0435238365114521,-0.43433276982920183,-0.73212188618112861,-0.96011850995673242,-1.076697702734918,2.1294335179879353,-0.47701179129517945,-0.73158622598653589,-1.0620051265897623,-0.90169415986232737,2.037446397287666,-0.49260439541671253,-0.87792543608746532,-1.1381056389337707,-0.66815556629608186,1.8984040479539668,-0.54642102547667282,-0.76198634363281637,-0.9671644251324214,-0.76965803902123076,1.9954356153281847,-0.46288676868135814,-0.67454327846524875,-1.0328946111543802,-1.1140669688894238,2.05347628466961,-0.35154609684762123,-0.8098444833778351,-1.118995211772476,-0.96610312172304524,1.7983464534235236,-0.3929991618411624,-0.74652914944707072,-1.1061458154497736,-1.005781908790859
UB0053,1.7515426618090322,-0.59028227186738347,-0.75832584282912063,-0.78392003524532794,-0.93617549092348029,1.8109278322702489,-0.43890552081453227,-0.85275713805516351,-0.88643366312263927,-0.92410594608040197,1.797580865251583,-0.62351726286335785,-0.77122911440351816,-0.78883610916657332,-0.85933352870063051,1.8365390978245648,-0.53242094915967875,-0.85680601312834015,-0.76572139399636518,-0.92343114191589848,1.8741548548608675,-0.69600500227256834,-0.82463749783544715,-0.75414324477190631,-0.73949086784209839,1.8890982340887383,-0.56799144210910224,-0.8474958517793536,-0.80909269567866926,-0.77413395458363721,2.0193252069659593,-0.55199287716733947,-0.83450561867689088,-0.82733994393181398,-0.81748244865025965,1.983493327309267,-0.58788462328247104,-0.82111980129944706,-0.77938520449135018,-0.79546870165851924,1.8475178188724879,-0.60879950897902346,-0.81963429180401071,-0.78067001101184108,-0.80102165688302829,1.7658034097172131,-0.66459966593560627,-0.91877112950494255,-0.90336596842536299,-0.56667961555751067,1.7879958409799293,-0.58865177072308561,-0.86592948674510839,-0.73989555528471362,-0.83820029339975977,1.8525372802245947,-0.57079601960474535,-0.7439553000268182,-0.7828066389384386,-0.85884800983410392,1.8429376267530428,-0.40531561703566055,-0.89702695616341399,-0.95466861872517428,-0.93767990501441689,1.7106434639296202,-0.58606504816851968,-0.80313581587914795,-0.80949461035772685,-0.92088554691708246
UB0054,1.9560150388184472,-0.35435415597716102,-0.83839132136783989,-1.1983315849670149,-0.93158115938403929,1.548667628661518,-0.27922453590484786,-1.0913534684553376,-1.2114435957770116,-0.98012826757281357,1.9463764464052937,-0.41262737219792461,-0.8432868672013748,-1.1223752121290786,-0.81750862844113303,2.4687766357711305,-0.17174668725642581,-1.2494845438409994,-1.5213643794165816,-1.1378337448626221,2.1209098596005189,-0.44028257022877787,-1.0251053102256102,-1.1711795191965904,-0.80997980081260779,2.03426106624058,-0.4766909514369419,-0.9225400555318799,-1.1065519681912923,-0.78040845554184102,2.1676851607353154,-0.50370650441931775,-0.97897732581915231,-1.0746734484326268,-0.71815607453888219,2.1006425483775448,-0.44576769611502004,-1.0450867006643811,-1.0623862635350281,-0.70649994382951997,2.0641137816492545,-0.30751120117824821,-1.0016687720925339,-1.2091392845061733,-0.97014352844788743,2.1490662432336118,-0.58229420182284664,-1.0327259914435969,-1.0766085121382649,-0.65435236305911948,2.3576476324460192,-0.33854203780145536,-0.93903443534296882,-1.1271516153725629,-0.95207662817532324,1.9358503826062934,-0.43168952485687434,-0.83734264750257903,-1.1019884290547373,-0.8719690894613048,1.5491016721580304,-0.3781551386147094,-0.91314967751263088,-1.0729686708338098,-0.88291518987026263,1.8709446461237049,-0.35116269791610966,-0.83542819711081029,-1.2060517937432524,-0.96926670551990346
UB0056,1.4978180279096565,-0.33158080073917634,-0.90843014173773273,-1.0764641866262563,-0.94243373777474093,2.2958324207792122,-0.13469203196915691,-1.0405393821304176,-1.8424719695093148,-1.5979249659642054,1.441938878077873,-0.51524364118023591,-0.7814516261951675,-0.95036647332019997,-0.83029454393061464,1.4546932353953599,-0.32518989873041526,-0.90389141867346012,-1.2358123893954625,-0.89728151194331229,1.3010823493615982,-0.60701566832257492,-0.87545819312234818,-0.93727885594042304,-0.67657967138384145,1.539050815953229,-0.4844795695938019,-0.8723618121972464,-1.055043108834629,-0.73498085750004472,1.5791194743196073,-0.39426391377062464,-0.86382152925875033,-1.0655727815367473,-0.87825345408872812,1.5466310034035047,-0.44192874531296544,-0.86690248186975372,-0.94585737201941655,-0.87124947292119148,1.3820307641950476,-0.48510319917708772,-0.91422536670393462,-1.0327310711410023,-0.71124944758747821,1.4563497386075308,-0.45833613569504061,-1.0044287720150451,-1.2333415383457371,-0.56218160887496904,0.72522632036149826,-0.47887009838006267,-0.8500118522509621,-1.0390564574631227,-0.7047825782004693,1.3883177864736318,-0.41572577002018585,-0.90945876907382051,-1.1069136097997869,-0.77851080227080116,1.7943236318620694,-0.36876996738457019,-0.90909467742971628,-1.1810983188794482,-0.79309397638008083,1.5589974612427708,-0.27784812303765516,-0.93557870481093053,-1.2014856557078279,-1.0277090874559871
UB0057,1.85201688825377,-0.61983543686110143,-0.84946619372912013,-1.0077625372801906,-0.59684090808986012,1.9451659750321162,-0.69759129121513741,-1.04548031728728,-1.2920612998663263,-0.47679094968434221,1.816383724242661,-0.55442607765321483,-0.73297782216335516,-1.1009500093589613,-0.74443426698959114,1.8865196529819506,-0.63210295143043005,-0.93876239463649469,-1.1299700935493067,-0.5623181909984234,2.5086646903163397,-1.2079943927949253,-1.3986002913298359,-1.5206583540645058,-0.31100451109801319,2.1700515754476952,-0.75013309999192945,-0.97978471255676891,-1.2688211395995563,-0.46841716551049162,2.0153126930545167,-0.51564991468585886,-0.80612888880435485,-1.0582313571258901,-0.77398457620696881,1.9784890075139256,-0.70923426735664452,-0.88045803698121383,-1.1184864340357277,-0.57869523775738396,2.1747484644550754,-0.81878669166119789,-1.0969367088159836,-1.3233878243586847,-0.4737101874449392,2.5785135512130415,-1.2600015634336248,-1.5086423668489191,-1.5640234155097812,-0.31440328816777208,2.1556827757403543,-0.79947655400504747,-1.1390718222219642,-1.2664107526953368,-0.42105119271011238,2.0306357320860791,-0.53594838042356563,-0.95682487759242263,-1.2171195545718532,-0.62099355202237017,2.1147912559722615,-0.58646559851592173,-1.0285527441280826,-1.2694479909075702,-0.54929859859111774,1.7322352778518368,-0.64089969616892006,-0.82571659984868451,-1.1321146215226536,-0.58929519508290262
UB0059,1.9504306068548161,-0.76537630472522789,-0.70343135398972223,-0.89865078414902999,-0.76697539886213417,2.0853020119047274,-0.74353858765838177,-0.86190638923410257,-0.98183319733363272,-0.54073969172938274,1.4746267401129709,-0.66818317164264029,-0.72509542996443299,-0.88348514161022973,-0.73813298439089503,1.8220689809967952,-0.90552517650143616,-0.81710975276290654,-0.88292075160002315,-0.54126418301470469,1.8847326691409356,-0.87899169572952474,-0.82187367186971461,-1.0488418021731096,-0.49836382883335356,1.7842350361970121,-0.72288849645256992,-0.76299011210823475,-0.92678689808881798,-0.6913110754717765,1.9833041789153985,-0.75454210471669581,-0.72916623411851322,-0.75372298377014757,-0.776869840261321,2.032379838982556,-0.82692298675032383,-0.76139683946097803,-0.68382977841075288,-0.75694200334469119,1.8908888506156185,-0.63668193757457259,-0.8285046547082171,-0.90418455181257484,-0.71877523209214722,1.8862927650613446,-0.73598421415491933,-0.81902806457969701,-0.95714474702851948,-0.56245856390754834,1.7675390256604175,-0.68111198051406185,-0.79722322193521333,-0.89123262417736082,-0.64712029969562312,1.9877441942562224,-0.7122409642864147,-0.6270100985450755,-0.88493732244228551,-0.8426130362504286,1.8915322665086216,-0.60041063168591791,-0.78938425699759218,-0.95632744657647506,-0.69153093260379395,1.3231763096169109,-0.77774828302316346,-0.78317896858670177,-0.9113490917277165,-0.61911833677055572
UB0060,2.0784689786903527,-0.54906228737742979,-0.7827513808043407,-1.2438866854365735,-0.6476468359739227,1.4949363898543169,-0.72522060539118127,-0.72127247601723443,-1.0533820003128009,-0.60924128167449676,1.8812648266771377,-0.67717017452912875,-0.61511462182212362,-1.1366145843594544,-0.72156172290315967,2.1118361977642199,-0.76130787846919645,-0.86368416572531759,-1.1824537989577615,-0.46258986748563014,2.2792719473495886,-0.75066822898621322,-0.81925804917586442,-1.1000102042436839,-0.54658976320932062,2.0836403544314805,-0.6787631473240674,-0.73117105118618975,-1.0543256352728716,-0.65412499276626668,2.1270143962814005,-0.62674115114248141,-0.73772317084548322,-0.94802087769750032,-0.7234151970801217,2.1610197158929836,-0.59790277860983343,-0.7110050719372355,-1.0344413739600793,-0.76735211899826594,2.0988337322930324,-0.62488902213123731,-0.65888718634990817,-1.0995031876806625,-0.75411980093938613,2.2031782616725941,-0.8212479118000342,-0.88393116557078311,-1.2757640095518719,-0.4433376439790202,2.0558562353660186,-0.66780172685553185,-0.74388321222513931,-1.1370420174041889,-0.56048270172140247,2.1137225515106639,-0.6824792602767038,-0.66841801580773796,-1.0502539217382094,-0.73338182721391154,1.452919040686192,-0.69606744402340848,-0.70484153095350033,-1.0462676537187936,-0.59455279047685372,2.0309541567053611,-0.67664973889047475,-0.91742580468481782,-1.2557282609222815,-0.46843784748292933
UB0061,2.297143507798042,-0.57538564487406352,-0.92335128333603966,-1.4461714016864877,-0.49456927750467261,1.9197368047097263,-0.48420754764920132,-0.86074225240956692,-1.3031729717733485,-0.69705246206240279,1.919794926597898,-0.71563525195963829,-0.75929441922510676,-1.1481980482774332,-0.53969847397020165,2.037488729730847,-1.0411645176231192,-1.2095766984328002,-1.4144380809598283,-0.39354286338044586,1.9101532528218939,-0.53011248837368297,-0.88631834210443494,-1.2715646296843119,-0.58703477935308257,2.0440704964226306,-0.6063046372038059,-0.83664522041748701,-1.1557008806421007,-0.61642557884068827,1.8890369413425205,-0.51304715329000472,-0.77415032616910417,-1.0750284269362924,-0.80184617890569432,1.979807339335069,-0.46598000558089425,-0.76806292326897352,-1.1018197100587925,-0.89966006165920653,2.256424141108178,-0.76832488737201088,-1.0148412247770628,-1.3180178179237694,-0.4132380811668519,1.9355331787269501,-0.61022872712462339,-0.95811946010144955,-1.3426705146334834,-0.51770103920799193,2.0925736915820776,-0.91203828070860227,-1.143950676413479,-1.4227941653460345,-0.4098325857786021,1.9679223912207511,-0.63958691296286396,-0.76144301591514529,-1.1186421435805234,-0.58392427463817709,1.7087583807941016,-0.55538680978557831,-0.91808448390333108,-1.2607395304623714,-0.58190457723711353,2.2146171565323569,-0.52323418265505839,-0.91025989991572065,-1.4250684733582624,-0.53851165718881799
UB0063,1.8612490878495276,-0.43159685902962419,-0.83351728306403772,-0.98092808525953246,-0.85523652951024465,1.8825143949236738,-0.36226637129779493,-0.83141530055904933,-1.1310968876511507,-0.92111075575179946,1.9238015073198758,-0.51094003338097316,-0.64497549628433737,-0.95092321008525005,-1.0327261222116895,1.7887119355306056,-0.56796989963484235,-0.90206796647277465,-1.0429136320879677,-0.64856191793243334,1.6765115466002456,-0.53826000492574277,-0.76911436404971856,-1.006468033592965,-0.79102864117666138,1.8601429159597798,-0.50744097900889784,-0.73332541316425537,-0.995700423144805,-0.87703983228552462,1.9969880781853484,-0.56137607574056891,-0.79011386895223756,-0.96484910395158441,-0.80877950561742562,2.0744496107663006,-0.60273356633597686,-0.82915312486718928,-0.83509726346034752,-0.76631144424556774,1.8953957948298212,-0.53926908196764178,-0.8091441159153574,-0.96747273856048555,-0.77583258169132252,1.5886076511678535,-0.47664279198009329,-0.77913953055098473,-1.0184318728503503,-0.79284568953391243,1.8062621319611392,-0.52142828754613713,-0.85460596984310766,-0.87143878610225123,-0.82704111506539535,1.8072181628152684,-0.54896581005400713,-0.72601442994656384,-0.79564035575448078,-0.90197721419705279,1.8692797320353396,-0.3417389093369394,-0.8129895564506433,-1.1598352996419066,-1.0295692037968802,1.8889669720756932,-0.47060171683512819,-0.83289848630335261,-1.0554505876215483,-0.72529702620347103
UB0065,1.7752939281100215,-0.56300113058067347,-0.76191596485892543,-1.0187124415641537,-0.68988591902295027,1.9423207435916634,-0.40350004623123098,-0.83778009670685183,-1.0879633719360553,-0.91329366932861122,1.7849192435967791,-0.61156927046818776,-0.71045016106314751,-0.95615481326760876,-0.73570511900922619,1.5067523027260226,-0.62472482757287584,-0.84028922633706449,-0.93194833028063584,-0.69182518873391852,1.6764076363895379,-0.50454398307857362,-0.78777071062687976,-0.97055535834292261,-0.76386525713450615,1.689134856559384,-0.55045052974260467,-0.77403394288351013,-0.95017054782039412,-0.74925534316354303,1.7039513095332415,-0.51237099447331858,-0.81645324948883768,-0.9415121216969744,-0.76081570542781474,1.8824294910088113,-0.60338618994376414,-0.77615295699493903,-0.83800924136338584,-0.74911940302831193,1.708932778596062,-0.5832782675295024,-0.81340074362651515,-1.0959709260412476,-0.66458969695017478,1.5674547992731069,-0.54551755654966316,-0.81547600708432655,-0.97674976468553087,-0.73289837018072768,1.7408600992586893,-0.53700527847570267,-0.79772996945798169,-0.91433123590910037,-0.73283061897815238,1.7170189046628512,-0.56959991338363658,-0.71626567158543353,-0.92237903841232238,-0.76269900869070895,1.8956867210345343,-0.48824002982599451,-0.75685576904908591,-0.97897654237742793,-0.82596707343225229,1.8822929837944122,-0.52461557894512345,-0.75042951754220821,-1.0092125432925607,-0.75030948433048505
UB0066,2.0988615838190579,-0.54739593514682039,-0.64845150738623158,-1.0524079915680573,-0.82115677187746816,2.1446813406085892,-0.39838283637978006,-0.71895825206911701,-1.1645365670504657,-0.96244870200409671,2.1730168417542801,-0.46758966472483571,-0.66999065696167182,-1.0931298551764403,-0.95216321359148548,1.9939292340374524,-0.55912961265931693,-0.71817361327173179,-1.0123927362660361,-0.73128335720219528,2.3175176158301123,-0.60524732994244923,-0.53939678236021205,-1.0454171829472139,-0.99344268007573777,2.2944963985231337,-0.55636060084761041,-0.63415417239105976,-0.97503099939938309,-0.94323069527849746,2.3488780293050255,-0.54509193087632346,-0.6626214729341845,-0.9120564628516602,-0.92226297150392056,2.3434052511276322,-0.50769935046580372,-0.6491605667287057,-0.95353039656705607,-0.98297079935229092,2.2192570357001085,-0.52008077031575983,-0.6227228452887128,-0.98534870737669489,-0.93254801665310183,2.3929029195700462,-0.62884578608606245,-0.56272650664007651,-1.0346683324079686,-0.86083506267205412,2.0824830608819758,-0.57037042032331375,-0.73239754260208545,-0.9814801767629967,-0.73413455718620613,1.7782267030910013,-0.53272162411011115,-0.61238697525094443,-1.0607057730680309,-0.89365013819338068,2.1323992220166539,-0.47615078135421224,-0.69732037938092062,-1.0920962791499886,-0.90156362355734132,1.9932914613073087,-0.52284014100995879,-0.65598787331511499,-1.0350674018513808,-0.81147017951193079
UB0070,1.8424695135355009,-0.62380498815403407,-0.70810578815160929,-0.93459387858215548,-0.99408288119095956,1.3763601551434168,-0.68908947281551569,-0.77976955054992647,-0.58987200746725321,-1.0020379571827391,1.8429728047789637,-0.60819076858386156,-0.73674800437708121,-0.85058068703249123,-0.89661372523057425,1.9940794968959232,-0.67231296681299146,-0.73633047986182021,-0.62352782687044916,-0.99639092074914171,2.0015193063209122,-0.74579243794603656,-0.85668255808963434,-0.64937134044220779,-0.76665917543482032,1.9632718229431865,-0.69703640337811545,-0.75984010657451972,-0.76086383668163815,-0.8300201929240214,2.0388336809953871,-0.69816616285408073,-0.76274065256608181,-0.77724159363032719,-0.83737109845902635,1.9126477372528952,-0.69784067838340047,-0.73799011680507154,-0.72713492174579653,-0.8646141452560312,1.8251554501904288,-0.64024997968614794,-0.71942990482730462,-0.78848593168042524,-0.92113580712183207,2.2434062937391857,-0.78866894008268362,-1.0349538361551009,-0.96669132235999111,-0.46090528909850886,2.0281987208190788,-0.61717385005158465,-0.79017668846499378,-0.67488939219329547,-0.9786431489885653,1.8877508914929917,-0.66416313001623362,-0.69521497377814367,-0.7437597223170086,-0.95491269937195578,2.2403565919851367,-0.48927130104658212,-0.73862525422240244,-0.91917670880135693,-1.1143109898002854,1.9369060806716318,-0.61017992393131704,-0.66129433778677538,-0.92854620308085467,-1.0917454493746956
UB0071,1.9484948516704406,-0.52824410126696342,-0.89866805672768479,-0.70085724859287857,-0.86276965974201225,2.1976569424351515,-0.5104539709191882,-0.99136237650007342,-0.57326607911199479,-1.0047829448910104,1.7017018519705021,-0.61762881884803755,-0.89615206677902015,-0.6951071180582955,-0.77913676910417506,2.0107828691005012,-0.62179757902082977,-1.00152687807659,-0.52051800983877605,-0.93389024070779392,2.3632386426032208,-0.74393113231259611,-1.0926234136063353,-0.46769259569773641,-0.84004797450302227,2.124253675179185,-0.59787322435005674,-0.94481410016607181,-0.67250528245470975,-0.7658636053347796,1.9945180333937738,-0.70154717774968733,-0.85797850750056948,-0.72167129525402784,-0.72538686766488847,2.1726795588805325,-0.82862599251540126,-0.97777117635061184,-0.75227291568236343,-0.61178534719797706,1.840141195966865,-0.60530176336548291,-0.93087980802729442,-0.82827316470749279,-0.70752822481499944,2.1160023697418451,-0.65548449228261885,-1.0220574159552607,-0.52184924496386265,-0.81642904138937555,1.9750219934770989,-0.69600063134639933,-1.0359209328567567,-0.49929677773075132,-0.87618488111353288,1.4860340729163992,-0.61501422976167164,-0.9107188621529354,-0.68420622704934575,-0.7479516744999124,2.163252460124462,-0.52915682632898453,-1.0003749341000154,-0.52802998631694298,-1.0142531481780082,2.0059188657947598,-0.54502475438524156,-0.88816811525522632,-0.64574900057482987,-0.88704456647077334
UB0072,2.1692471699812392,-0.54922175275399843,-0.68858016928515919,-0.8636830656681973,-0.98693424102172578,2.1718073088083463,-0.50822042279575941,-0.78017414095323723,-0.89417202250013728,-0.84909334949961202,2.1818354288161013,-0.61094848250236389,-0.69685962595718254,-0.74491436947221756,-0.93138460484870156,2.0483868077730376,-0.62410885231217017,-0.79767702161821907,-0.80291633382406979,-0.76654792005900518,2.4292727659652842,-0.71384499314476002,-0.97675203173747827,-1.0788246802018286,-0.4868726969236814,2.1426035821667155,-0.55451494203736684,-0.73884275423987544,-0.76453351118175583,-0.89089113358976912,2.2540376476925239,-0.48215282017937988,-0.72441297834807772,-0.86251878732668175,-1.0043513846752339,2.319109722402632,-0.54168319631003325,-0.69250540101179681,-0.80829030172319905,-1.0738980584286719,2.1402922863001015,-0.6035313878144678,-0.78667835865146041,-0.72420207337129483,-0.87275404200021978,2.5990792698663059,-0.69520390555167477,-1.104674062263316,-1.0847447404544526,-0.45638310093168938,2.1041620036867466,-0.74253354473546906,-0.88846313966600721,-0.75165621605767852,-0.6381462679056118,1.8255461807454094,-0.63485305463337549,-0.79244487804640684,-0.65001426081573577,-0.87486866275158692,1.8251091403594328,-0.49616574512068645,-0.86079372511872587,-0.96117255766693988,-0.76997813866046827,1.7553221301616984,-0.53679385918643296,-0.73845396201878888,-0.92607968393765194,-0.87221843038344493
UB0073,1.6037293436813846,-0.47892712310217378,-0.75785373645088328,-1.0721173174819154,-0.79688545835196622,1.8275384542443691,-0.42084729800138354,-0.8201929838321147,-1.0446215009832913,-0.82993768271531398,1.7534241350315569,-0.37614163142696722,-0.76525690817094194,-1.0790057291375672,-1.0355013443150338,1.5430170324755883,-0.49638543506809407,-0.80862535839899885,-0.9987270194879091,-0.78304660314252361,1.8363267856518277,-0.59935589934815869,-0.85033210900923573,-0.82099238616318104,-0.71053409271591716,1.8748244282718698,-0.57749632736037215,-0.746089825540869,-0.91214397149769266,-0.75507281371373436,1.9452819471535792,-0.55193973423297482,-0.67840343621400645,-0.96782440865211594,-0.86638363392989981,1.9774036080191384,-0.51316516158564229,-0.76930062084536488,-0.86689366212941088,-0.96392105998929323,1.5628542108725518,-0.50230927138821124,-0.76697544545447915,-0.99632609566035479,-0.76447175743275164,1.7675173217871709,-0.54095548097300972,-0.81007262131108004,-0.95465962597136811,-0.76755355463535657,1.5920115199913103,-0.56879598858266389,-0.81077443716280784,-0.96187753026993028,-0.70725477441011841,1.827570284589469,-0.52898802849389948,-0.72826804525235367,-0.93088757616031392,-0.80492550391711959,1.8817303238608281,-0.431996516629642,-0.8301353360355308,-1.0820847712178276,-0.84025624694276191,1.9160006466300645,-0.38191306423565613,-0.80795262942511425,-1.0879208893915719,-0.85576980000760416
UB0074,1.6001167956268143,-0.46658342514975515,-0.74468949776507487,-1.0505984682008536,-0.86868148859296546,1.7738988129608744,-0.39365012353237816,-0.82708296100511469,-1.2047634308507633,-0.83369762630992272,1.63557409585224,-0.51410745349161235,-0.64396483235588753,-1.041227904010142,-0.89884506807435338,1.483208672638141,-0.51861984573715891,-0.84432899086037083,-1.0011831599792167,-0.70727639375082796,1.638695759155159,-0.53474565749703173,-0.74211236276455017,-0.97494763977890231,-0.77226734442476275,1.7836469042754013,-0.47661348557894745,-0.68738587963124798,-1.0930969114357918,-0.84748131311578168,1.8157780308937934,-0.59147679175733459,-0.72483071272724398,-0.96431827664804426,-0.7877208618634155,1.8472459817549649,-0.67135875899286268,-0.78746918652310138,-0.86990742685188227,-0.70027878499424034,1.8551585292135748,-0.47390850779971461,-0.75339249029830779,-0.99589615075007676,-0.92230279388945102,1.7294460234798827,-0.5945815485993764,-0.82237301962297837,-1.0779889624498264,-0.64833927913370859,1.3801082757488228,-0.53761587906966479,-0.85516325440023366,-1.0500579150254801,-0.68014808208599931,1.7223177848099773,-0.51671333303760147,-0.69104724359812786,-1.0833451979501332,-0.8725751598732373,1.5809030593185835,-0.45850411079621223,-0.85722984124763191,-1.181583095686582,-0.71316571777856641,2.024875921188483,-0.28934742513968414,-0.85222127507112688,-1.278795312982473,-1.0378423939376069
UB0075,2.4704860510616045,-0.70389294240305278,-0.44883690896407907,-1.219849444843931,-0.90193951767508551,2.0860465122935112,-0.76502298847749328,-0.44203997595392119,-1.0571524449934375,-0.97140836119615148,2.2215195262099829,-0.68875802638332484,-0.48520975142983269,-0.89443031686608698,-1.0727370286481803,2.1189406323533495,-0.85696910638219936,-0.48383828869634182,-1.0570753431004216,-0.86735517104835158,2.0679986219537851,-0.8017943781166732,-0.48432903734873162,-0.99011265399045545,-0.87760298568137696,2.1599276374765992,-0.76512249563474999,-0.52272991621307763,-1.0025337692147658,-0.89150911758202112,2.2663431207447973,-0.6094745612134832,-0.49448913642620551,-0.97401062086961232,-1.1542608982223939,1.990836901539728,-0.67435859759694494,-0.53247807387706381,-0.87692861761521201,-1.0661664823724131,2.0786346825650179,-0.68809804117971052,-0.4850320330980496,-0.89129495888663979,-1.0681411700589833,2.1127075140928193,-0.70678982860530959,-0.47388557334048875,-0.98241122540592229,-1.0021472841146353,1.7578314956301044,-0.83570604634384238,-0.59465595194278786,-1.0085164085594296,-0.66286656194174598,2.4154165440162396,-0.71764754788055629,-0.45663390862325043,-0.84576305998740586,-1.1336301656750285,1.7564277279006979,-0.64200643676869062,-0.61059544988149872,-1.0807367655862601,-0.87970548692878014,2.4387921880154351,-0.74405206219195907,-0.37213579953112508,-1.157739123332703,-1.1066807346859244
UB0077,1.4825940312859012,-0.57553862624896523,-0.63345341575463365,-1.0683956407532222,-0.87217646911110625,1.5048978925555032,-0.48309022486144315,-0.68450945336254487,-1.1339443010606471,-0.80834454368665387,1.5300210774036456,-0.54948393328399037,-0.61978616547519771,-1.0562256334524411,-0.90494969321037821,1.5235425912107863,-0.4929945033870593,-0.77151959081469812,-1.1120407597326432,-0.83050524658623792,1.5219342093500987,-0.65059823126641891,-0.68320334303323182,-0.98379379292110936,-0.78666019261274267,1.5556128403838567,-0.66983791431682804,-0.68993709603017517,-0.94816052740165002,-0.70733569106236327,1.7181215180353351,-0.56947585912529419,-0.77265118254695442,-0.97197991080937962,-0.76420686373062807,1.5433798383612982,-0.59034090211787627,-0.74659831212468286,-0.95640657071788848,-0.74427627538820063,1.4816690921500522,-0.57632674181582277,-0.75113093940628706,-1.0084318385700017,-0.7013636005405709,1.5133041879169944,-0.58994155083485333,-0.72252795499366917,-1.0413895033071801,-0.7599642951467287,1.3285253178854131,-0.37943691361899762,-0.90948669566573193,-1.1381413537235359,-0.80369036749252842,1.6108943645245755,-0.57523734817419669,-0.63624651985509262,-0.97854808776832691,-0.80336472692676275,1.4838893081245521,-0.49269418378095964,-0.73625510146908368,-1.1116605655066363,-0.7316302151942049,1.3791308761204595,-0.56257840198362119,-0.63466811385210353,-1.0207820905145442,-0.81216296555387046
UB0078,2.065263839338833,-0.48355009182718883,-0.6433463689090082,-1.2064903633551647,-1.0103000409603431,1.9388276709906351,-0.47688316173878209,-0.74915018935045208,-0.93066366563749647,-0.91087770265910784,1.7623352802966756,-0.75439453562442804,-0.53166124595453423,-1.0224570945093789,-0.78572247540825113,1.835786108801611,-0.70241196040776055,-0.7827977454298134,-0.83360689392782739,-0.73121423003932884,1.899064136413138,-0.62561766869096902,-0.72881567750377196,-0.95317374436800895,-0.68108380936152857,1.8696645080936913,-0.58831801559988306,-0.66423467231564193,-0.98966132412054886,-0.78097278932649061,1.8577794490990047,-0.57109584940866198,-0.67519451282927789,-0.97788741335851725,-0.8133373977178916,1.7959520327610099,-0.55689166633529086,-0.70841705090917206,-0.93348477053202983,-0.82282179938425659,1.9047990831141279,-0.59983076576592687,-0.71808464348170287,-1.0024602852049525,-0.75241214031860748,1.8148310571127417,-0.69982492328634438,-0.79050497198098324,-0.94718007889174427,-0.63332025773985856,1.7128326396493514,-0.68592113716747338,-0.80316115391248122,-0.89634067711678334,-0.63192427289122965,1.6531964831803398,-0.72996418748504754,-0.58443687539925759,-0.97259981407247331,-0.74350970866331434,1.8592813395689622,-0.49528629516711326,-0.78425995210723098,-0.96249705891311021,-0.86077005823198349,2.1336203438949544,-0.47271123331209813,-0.82296868313806582,-1.2484080432753613,-0.68624791659890283
UB0079,1.8214505809241843,-0.48943945725677007,-0.86755354179716626,-1.0058971442679789,-0.67001741658392144,1.0664894795210489,-0.58535083311285485,-0.70968187348112544,-0.85097742849058189,-0.83236927987524634,1.738402459656772,-0.56621073383439602,-0.69593961224455236,-0.90883848451139104,-0.79975838342756733,1.5588080223611565,-0.57187566106236409,-0.72879911537019748,-0.86621665501361789,-0.80163760834430864,1.7565513109010629,-0.54888953923611905,-0.72219873012800462,-0.93123963349736893,-0.7585987494829789,1.8778099366259591,-0.57754116692301227,-0.72881445347435925,-0.95183566581755885,-0.72520708773795794,2.0273898932704268,-0.59959881733882714,-0.7747739592864934,-0.96258289105748573,-0.67930389201605257,1.504403375265623,-0.41998733197074478,-0.79714469554082013,-1.0779110134301355,-0.89854563153463218,1.1920034064717879,-0.70937084765079383,-0.7901260999849975,-0.95695439728285581,-0.60989520475930037,1.8466198450578335,-0.55891376239237744,-0.7192807655272262,-0.9490050035852905,-0.8099373528406838,1.6231225835947791,-0.62383916530007921,-0.69905315823540737,-0.83576566157252552,-0.78682385845663994,1.8643183662287184,-0.52721141914614955,-0.76021292356747527,-0.89952377513181281,-0.81488072164034864,1.5993501058255417,-0.53679050131119677,-0.76180844355467259,-0.98928312914631567,-0.78715166258612357,1.6199918647520999,-0.53017267709120519,-0.77385655043191126,-1.0161847787608607,-0.69852066238433408
UB0080,1.5671751629888324,-0.52192791082327206,-0.75494533743102676,-0.99213297184977767,-0.7589690061347385,2.1835527942094495,-0.9608708423880914,-1.2491686712848298,-1.3287153002398246,-0.29379874125094579,1.6633401402377916,-0.62601501051001363,-0.66904232648594886,-0.96187874848806709,-0.82078613044290516,1.8861980823384823,-0.58679991305833934,-0.85806550431502771,-1.0232089717241688,-0.61687220171383561,1.7604038806780644,-0.84937711031309782,-0.87477455546295158,-1.0475613144350542,-0.45901731640694554,1.6453471573223777,-0.73335402758263291,-0.81281111002688755,-0.95622384718492004,-0.56797574678923668,1.6468500517121623,-0.6759949332088574,-0.78905755097302577,-0.92362194451352009,-0.63428370127411027,1.7935996389363178,-0.64335336152203926,-0.77471518640861314,-0.86927126223004125,-0.70325909751783178,1.6719473564457077,-0.69172046204670079,-0.88041971436093147,-0.92231775239563529,-0.60824188013695579,1.6926392959372514,-0.89545575568446911,-0.91819002234225378,-0.91564525964768728,-0.48696218454814871,1.99331059061992,-0.87550037075154508,-1.2257050431327405,-1.2574183149016875,-0.31657511701889823,1.7633589552935707,-0.60719058355712296,-0.64021515818192942,-0.99289162005377574,-0.79115470272341193,2.1198438608237575,-0.88734456305103471,-1.1935354446198769,-1.3216454128889903,-0.32049087346993721,1.5248467445647718,-0.49510558021748058,-0.76877299130022347,-1.0314989171503901,-0.78204641472970748
UB0081,2.0055064481044149,-0.53996460203357621,-0.82620112480002939,-0.97166394813496593,-0.70726177926561962,1.3334992796899103,-0.59292248433004269,-0.8797727783032776,-0.74584450175753325,-0.78123807174340976,1.997075354091683,-0.55484178605855472,-0.73363270968263117,-0.84764343194059844,-0.90549770193449575,1.9520684324011797,-0.61648447244920834,-0.8742309834918206,-0.71758512315243783,-0.74758205882115647,2.1038895709940402,-0.73523640192499407,-0.89470073546164874,-0.81940374320567699,-0.59194120003841677,2.1080026040070616,-0.64922440236833012,-0.84349326566257488,-0.92106745912085564,-0.6037961426890659,2.1138019482874211,-0.50112347342771135,-0.80602509484657847,-0.87848363929963291,-0.85862106156450291,1.9497541546068342,-0.5169884000133762,-0.82606444249951005,-0.81348604550573178,-0.85539488005792597,1.9919977025513564,-0.51817287558201608,-0.82136495783387553,-0.9584056953467528,-0.74082346015247791,2.0070732675924852,-0.54821714684020595,-0.87588990085896068,-0.93828856809675998,-0.65860119733935529,1.8693793304658519,-0.61514552852894966,-0.86915102717647685,-0.81941300400894435,-0.68374983591010918,1.996898029271817,-0.62038980072141325,-0.68641471001013421,-0.84148207464452285,-0.88822814914990078,2.0454396308085481,-0.4245495200754783,-0.86172299925893936,-0.93743816577530936,-0.85338550225000775,1.9141789266763476,-0.56183277388430841,-0.81646949333732577,-0.97459380515720606,-0.66026520429040902
UB0083,1.9974712632107761,-0.41249435423288117,-0.78726518573705107,-0.9296152206452023,-0.98885937144500435,1.9372789767572083,-0.4635706831931119,-0.77598588321441375,-0.92249005547708562,-0.9760506148680117,1.7542500533993981,-0.53162376044304027,-0.68299699379565482,-0.84441197364690312,-0.91450634574579215,1.9014370877581523,-0.47002081074398383,-0.77268475379811474,-0.90761537491590549,-0.82494931248586889,1.8789019853875211,-0.50147500214195451,-0.75654412524943693,-0.88846180338095138,-0.87780654504900768,1.8910945137899995,-0.47448743171652324,-0.76451335759309091,-0.93257635350356916,-0.91355095598702052,1.9681116287659826,-0.57695952998828781,-0.68071710293337717,-0.85078011195088687,-0.95088503372033073,1.8778453084132647,-0.55410508538978431,-0.80257496988751775,-0.76279224489938113,-0.92290112900173904,2.3936167371141597,-0.38990158727784735,-0.79619260385201818,-0.96872170324138829,-1.0211330701442201,1.7988735352833964,-0.55334783156466227,-0.72775878565258412,-0.83164379162133228,-0.88138733970715544,1.906624730809295,-0.53103183972241064,-0.73274860034731992,-0.77839123816516886,-0.90175764547988246,1.3349082693378453,-0.53701654031401735,-0.82091583972543902,-0.91994010947728322,-0.78843150446447352,2.0631537061593122,-0.44190312219936506,-0.78925416907467316,-0.91603208321034435,-0.96470523596131863,2.1612305356972037,-0.17964126661573848,-1.0656109780412988,-1.2610569784337204,-1.2064370521271477
UB0084,1.8054147143365602,-0.62348001763857996,-0.67416753017845155,-0.90458747050908783,-0.83508276302365814,1.7613100713885368,-0.58221440377785116,-0.66757541399704234,-0.95607433918094009,-0.86069583914233383,1.6424473440776484,-0.61857921377247904,-0.66011108462284629,-0.8824826488327302,-0.85320078084252804,1.5802689132804435,-0.65217188888545541,-0.71815730053824356,-0.92917277484450589,-0.784973744350286,1.9132449562492575,-0.52166779126731722,-0.77971913497219802,-0.92984969271365425,-0.75625531443339045,1.6733105903819128,-0.67340040890918706,-0.7638821246888432,-0.83841885698476604,-0.721475506195427,1.7550822343598973,-0.66437159809804491,-0.65809423856800175,-0.73023937903577751,-0.89997975556974719,1.7610016420467565,-0.67268459285497062,-0.66063172569661832,-0.72452089761744098,-0.90597801030145864,1.4449667124903449,-0.54776610793056413,-0.77898436498226942,-0.93732676478396304,-0.78518551688369431,1.6733759102938954,-0.59912313901089809,-0.79315346879725623,-0.91631061738256636,-0.71940377027827795,1.6589205840162731,-0.61389687589051045,-0.80677914040037246,-0.98284188104009307,-0.6817880620654736,1.1154304968783384,-0.52953259487571891,-0.77014355466364204,-1.0585725992864825,-0.73481033175475574,1.7383999248909048,-0.55211716028531288,-0.75260373227938149,-0.983874058002149,-0.80252847857789167,1.817468621888555,-0.54297872547880577,-0.68358030754602883,-0.94471809519555594,-0.8194891814930485
UB0085,1.8722828719008104,-0.50170452950858346,-0.81730699096156645,-1.0566258523945504,-0.65592681369530803,2.1020777082852642,-0.4952699459283148,-0.99618439354476251,-1.2545005746916289,-0.52789115883749504,2.0514326122187034,-0.43008739989148026,-0.78048145562642568,-1.1411169047455698,-0.76726535212805702,1.9911602361430978,-0.46675378294358938,-0.92611112050299527,-1.1449805489490548,-0.61941752192448885,2.0577322170578802,-0.42184086556779998,-0.81508099677309986,-1.1566780560068708,-0.81090281625941585,2.1954346793196269,-0.48962313035914085,-0.75160752419531285,-1.0867709519618221,-0.75167065507935216,2.3385926969890991,-0.47784172207372261,-0.74125911341711448,-1.0160725119487313,-0.84155087738046519,2.199177564540145,-0.49937795699525961,-0.75188738178575709,-0.92621899594392443,-0.87451515316534545,1.9940154958814729,-0.52353318325270481,-0.72713209483969377,-1.0412371172457029,-0.73815745668807486,2.3646574310347459,-0.23841449003159124,-0.96541800582734183,-1.317431541275867,-0.99011487249168018,2.2267817064105619,-0.47393968877605092,-0.90478605384150124,-1.230351817510603,-0.58816775828117263,2.0555720251527521,-0.46440421510781055,-0.80269663253585211,-1.152240745660094,-0.73530452635039101,2.2184740701861041,-0.72061996664024563,-1.0514161072124093,-1.3011317251368586,-0.38302276754340248,1.894065870464519,-0.48249996694321956,-0.85509544815660088,-1.1840840618777428,-0.62580719010946795
UB0086,1.579164526093066,-0.61006327433894936,-0.72384151328785407,-1.0451394408773216,-0.67787406011677054,1.6654701204539495,-0.45815350387133541,-0.89050675512624311,-1.0743752499255583,-0.73348286334705104,1.4403895905354953,-0.67763996648928915,-0.64822715236736816,-1.0043330456909767,-0.70931216462518509,1.3997630722092689,-0.68425337273485065,-0.87146826409413469,-1.0030164205062473,-0.56935866423818005,2.0258576142711711,-0.26122010576922661,-0.89635419382515047,-1.3933715064170591,-0.96489405029201425,2.0320931403787377,-0.36164008402156311,-0.8527196310782903,-1.1324983535040949,-0.88394507227128738,1.8565860987145095,-0.49555356166852016,-0.83045565961789736,-0.95417270239133356,-0.79729283847877064,1.8485534941216413,-0.40915096737645279,-0.85001839214280006,-1.073724524726388,-0.85029625542443565,0.98490268551691817,-0.52007729578171946,-0.83300693068267817,-1.0924460047590028,-0.65729879328271346,1.799867973478209,-0.54115764983671366,-0.89397238491380748,-1.1413324777035878,-0.59508133067698277,1.8020064548531938,-0.45411717806606583,-0.96860720026252667,-1.1555567944672607,-0.63874741041791627,1.6585918456844055,-0.57445138818047814,-0.66610662720086111,-1.1078462423896767,-0.72411559406049975,1.6840623233801113,-0.51837765487395737,-0.87070869088196912,-1.0655730489666646,-0.69513751268608526,1.7448931815049988,-0.58150054297393861,-0.8198501826134339,-1.0801171296292329,-0.59993341784186893
UB0087,2.0745720882197554,-0.75806782743740109,-0.59621615587740728,-0.69359803703222833,-0.99501940094984631,1.4433035038930226,-0.83131441110528148,-0.75622576910658568,-0.50595983050982585,-0.96484636473488972,2.1452160594383587,-0.77915793429011027,-0.64879497552433807,-0.61656260743923386,-1.0812869838525472,1.9491117409297969,-0.83695129755784614,-0.75003793580220823,-0.63351472379187934,-0.80511330961951966,2.2069029808607294,-0.82494337984655863,-0.80210671112039744,-0.64723020492128913,-0.68121710617673459,2.2212667895730753,-0.74362968067380231,-0.63473737658315921,-0.594155689139509,-1.0517642564903595,2.3154503825723207,-0.70683291392325742,-0.68106452045382482,-0.54743670625138097,-1.0964279548818681,2.3078673973999591,-0.74481440443389957,-0.74227579225508844,-0.47719769476207397,-1.0951206761226384,2.2437538174902709,-0.72738186766485713,-0.74782293116143239,-0.48786681737187099,-1.0667587888647294,2.252390206938228,-0.81488801529965926,-0.80663139962182684,-0.51968249723081006,-0.84458040646414934,2.1367039160870878,-0.77256563203245199,-0.75469678177586375,-0.57383539590858446,-0.96227870594436393,2.1764684784373438,-0.84436309854991975,-0.7081324835527435,-0.49710731838086009,-1.1199091813354771,2.1571339772817839,-0.75143022210960975,-0.74116088131417679,-0.72801828890462117,-0.77280119520933122,2.0105790771048611,-0.76019813009995119,-0.58788708775269516,-0.72142501629796496,-0.97447275262740196
UB0089,1.4438359106475958,-0.60873571595075371,-0.85635284580552062,-1.1548680719844404,-0.54731791234435745,1.5759205156964309,-0.41592411399486107,-0.8763473762090942,-1.1301031876241718,-0.76031314471914579,1.9371225351490313,-0.51677648699235479,-0.81978851574968825,-1.0313499677479716,-0.69566960446635462,1.3792197563419872,-0.62962086329308975,-0.90637358180545058,-1.0300708161676606,-0.54700623413941485,0.94550105352450708,-0.59936308915500636,-0.8168279972424366,-1.0245386359099209,-0.63372594451982134,1.5801289452146998,-0.71867054689721788,-0.84568490507258154,-1.0291700416996479,-0.52245058989252802,1.6209757986973561,-0.65212636624276832,-0.9118137824266167,-0.97094554395526877,-0.56075874807620718,1.5445008695099909,-0.52908321689011684,-0.83913349931630266,-1.0011248315554098,-0.66571762292828351,1.8034052687369548,-0.48165252268914155,-0.75597703060294297,-1.0457913280999049,-0.7966003435764053,1.6751658033971348,-0.96635461561625413,-1.1670764748049147,-1.2432843424004292,-0.31977066164388357,1.9144067627404655,-0.91690494292930458,-1.1638921066674535,-1.2694877684655275,-0.35115017252871134,1.5833683020152995,-0.76249811419704949,-0.98377904650915526,-1.2051262752982073,-0.44685653663607616,1.6753052762974003,-0.47752815978784308,-0.90852533064384633,-1.1195400044798578,-0.65829150226263766,2.2048881048856339,-1.3068277162565196,-1.5982680811007417,-1.7197581802802371,-0.30208577807029213
UB0090,2.1151693292276348,-1.0393476634679004,-0.56714247438073107,-0.87261383395176639,-1.1295052280840654,1.9454531598530298,-0.71997021492675095,-0.68999573684311921,-0.90917602115429397,-0.95722790392257462,1.8716749537283603,-0.62311529996512749,-0.56398532981002347,-0.94145187544923281,-1.1052227746046799,1.9147801372676401,-0.85195541407700803,-0.69023561122419697,-0.89357247513017612,-1.0858079040533419,2.036450613538987,-0.87480916603590897,-0.73949157758288686,-0.85546598658720185,-1.0194529343978389,1.9429383828063533,-0.73083637603632212,-0.67518320864092329,-0.8517715861366586,-0.87290232292019099,2.0154309728226787,-0.67868517005036533,-0.69659260281462387,-0.70424654239158069,-0.90425107642275493,2.2966560926682407,-1.0257313775501586,-0.72990988678742652,-0.79444236210894448,-0.89915256003820665,1.8317080373878789,-0.48296692075671532,-0.77934145192720439,-1.0446009580473692,-0.83336736851779947,1.9149425516242651,-0.96179863506853991,-0.77970347548821295,-0.96930920539306031,-0.64594479502317392,2.2100558892549396,-0.77218549173137929,-0.75184062398341733,-0.93093837377573996,-0.98577181045730566,1.4852796417234078,-0.62119328566852783,-0.75221078068459291,-0.96212136903806589,-0.88466756290087534,1.9266497792532857,-0.66963048713694184,-0.70102035382881533,-0.97644826040813759,-0.9444657746741667,1.8982155080218248,-0.69407029120771147,-0.60934764578421663,-0.9273608382392251,-0.9971729146457643
UB0091,1.3242998465021303,-0.70008168112877411,-0.87325907613099363,-0.97579485111645314,-0.55606494596564093,1.8874284991937171,-0.51953845755944783,-0.78311379807698145,-0.89783407767689638,-0.88352828950957996,1.2995180707261766,-0.75335674966120625,-0.83862358927751091,-0.90115805640917279,-0.55779231386533934,1.7757414194701491,-0.57283065958241575,-0.93806398133654445,-0.88977749673794615,-0.67902436034950808,1.6948852353361585,-0.84699916325731039,-0.95913108497857469,-0.69974863599504511,-0.57404143841006239,1.6478898712573,-0.73432722663860173,-0.85568724744629865,-0.84565002512182252,-0.5798261708735275,1.6922340123739641,-0.63034865201962398,-0.80812703502415983,-0.8391174890035058,-0.6725331336605942,1.7083129290415524,-0.69462552798337729,-0.83608924614636204,-0.74169969596791507,-0.6414070154397965,1.6942669517316753,-0.76016296819588958,-0.89234787821129447,-0.80832215866624624,-0.55168374871096648,1.9278732213771335,-0.91788348453337032,-1.1012825262963579,-0.97094579974667961,-0.42447744810250243,1.677184672571076,-0.859708138409502,-1.0100525114892174,-0.82255351199915838,-0.5258164475411562,1.4295823857441965,-0.67477215314169259,-0.84929736632312791,-0.90887516848917793,-0.57263965275728557,1.8983372119209052,-0.54280498842761016,-0.79782971697164318,-0.91245781992125519,-0.78832621449935225,1.9165583226446448,-0.26452044033261246,-0.93985017290199757,-1.2339675096272136,-0.98374209573569016
UB0098,0.45482088270868171,-1.2565280925085831,-1.1482031327177782,-1.0157199965293602,-0.39204419077488351,0.50679800947641396,-1.0601596562139495,-1.0948553605040585,-1.0327870098509178,-0.414086697633754,0.45192880114442069,-1.3118039842794076,-1.1451073501499289,-0.99892825810627073,-0.38169279800245659,0.78750937379027652,-1.1979000424371047,-1.1415763345712087,-1.0241413400025299,-0.39851751944161368,0.098538470571757686,-1.2804431235641076,-1.0941115062053319,-0.95249421649357324,-0.37736252039087415,0.29736356742596037,-1.32577644400441,-1.1708160351588721,-0.97924442148985447,-0.3655730035740048,0.74470124094803747,-1.3777064947030615,-1.2105639115549205,-1.0365957906269077,-0.36054919577676353,0.34940736959708263,-1.312407218081717,-1.1106515459843935,-1.000240213667269,-0.37498377131347793,0.25310733321381623,-1.3400550415770416,-1.1301629631330252,-1.0332721098515396,-0.36354099012853669,0.82230652060202569,-1.255798198028852,-1.1262829546279693,-0.96616210606136788,-0.37174087632478592,0.25191956093933088,-1.3712758759050367,-1.1487459000961986,-1.0107410339858807,-0.38214849179983662,0.33177978275372544,-1.2743139313519682,-1.1212673560770314,-1.0056403914476983,-0.37766156646251536,0.81333676643243846,-1.3014515452429376,-1.1492911732307598,-1.028672934677676,-0.37813228109064889,0.48171330121107447,-1.0629278273723342,-1.0561624219896928,-0.96566053024833998,-0.42054041934369979
UB0099,2.3108610121449575,-0.68093446329207041,-0.73109820388507785,-0.59807363919392043,-1.0233918911993838,2.2511571456834774,-0.62900921563437273,-0.77890899793934176,-0.62021574068647811,-0.91621070893239653,2.2942838457014871,-0.68514746708566254,-0.66608257297717988,-0.54498743831434437,-1.1560114084915813,1.4132630304453937,-0.75701820568853062,-0.90614774192504322,-0.41149123427498735,-0.97241989501082626,1.6201411076403454,-0.79598738404056024,-0.89408204018012505,-0.40811081032830054,-0.95034868343603418,2.4849972004614598,-0.6726036771126862,-0.83089191532105355,-0.50115012925200186,-1.0083736205766678,2.4825392765047729,-0.74088049588143834,-0.87244308372492785,-0.48757302379310608,-0.90012553383064864,2.5195131547880569,-0.70483827897315399,-0.9145233002629376,-0.45316454345409318,-0.90668868234528788,2.3201144860115104,-0.59738816356952196,-0.8152654762177407,-0.59835900933593744,-0.99443692066050904,2.3815017820688329,-0.69633203398745314,-0.86030246092366591,-0.66278024544176461,-0.69519700525237349,2.2650487547953677,-0.81660903112418137,-0.96043385459703368,-0.47075156958633257,-0.76351761553784903,2.4084767602878072,-0.7981583358977643,-0.74162399438274296,-0.41831456208615436,-1.0854697523871324,2.1776446056427314,-0.63411715109904943,-0.78424564112147976,-0.72334217197918838,-0.77208409549534185,2.2592989615380215,-0.73801556715594296,-0.72942907337830798,-0.61014409073836773,-0.85699656061181306
UB0100,2.0158402266240021,-0.500044558057263,-0.6224667718830289,-1.0644011009862426,-1.0569347789588606,1.4308895877320227,-0.48843862733800936,-0.64647985368240302,-1.049416373523915,-0.96917465853165541,2.1209647761557329,-0.66396074121920523,-0.40038763149294598,-1.1112119739816941,-1.1705184796290937,1.8891761681835963,-0.48106400652354686,-0.66203782724798588,-1.0228428465771546,-0.9417082587235478,2.1373506463449163,-0.52607310500294857,-0.60284199748303113,-1.0930118426548732,-0.92760721537157265,2.1692435215045718,-0.56100862682323305,-0.6136736561960946,-1.0420817497237,-0.9622665273042208,2.2885942716885852,-0.53960610238354256,-0.61183444059068903,-0.96041791320556458,-0.98372907979123481,2.2468975022549325,-0.55266839781321186,-0.62571616388124573,-0.97691410927723443,-0.93978306328864147,2.1329143318087604,-0.53682561046454047,-0.63719647338304464,-1.0674871953121103,-0.99546624317222798,2.0915943507803045,-0.51347495825190737,-0.59312430861433652,-1.1367696798505029,-0.97651091349243113,2.279172402751235,-0.41631976182832631,-0.75326339086094474,-1.1801032670948741,-1.004277900209285,2.3128778604465721,-0.54200162112550054,-0.47110960869106422,-1.1487265731815828,-1.172306575331544,2.4322602330634711,-0.34975276842913838,-0.83585863844441699,-1.2078998827112675,-1.0306901684521161,1.9806900171554438,-0.52761996738630534,-0.58705327075984748,-1.076548705025002,-1.0323238378567461
UB0102,2.0416204212538558,-0.59752178635571707,-0.82932919655205417,-1.0822118191640353,-0.58697956527427231,1.446317147339389,-0.66153830220623189,-0.88603881379301364,-0.8939279468392447,-0.56431852551370865,2.0192687470628421,-0.67774590978016702,-0.87337438066595174,-0.98868613950776729,-0.51273365292034845,2.0867617374264071,-0.62797714333828081,-0.87661484687220548,-1.0419596499045318,-0.5281421261018836,2.2431332247735845,-0.71563098541064918,-0.95433353630994278,-0.85859642552118354,-0.55374049745593368,2.1999010630219953,-0.7088802105294828,-0.87935077636534564,-0.91026184274210309,-0.55811947499133241,2.2230784591534021,-0.57673675132937063,-0.79269395380030272,-0.95833924191050779,-0.69101008060654123,2.1881059295908343,-0.58032053328747946,-0.77946180033521628,-0.90440325169941238,-0.69807973731730355,2.1391901461850042,-0.60214982589486188,-0.77955960432619587,-1.0040712018083784,-0.62518452006405145,2.1043855166551988,-0.66165438844583691,-0.98417689876782266,-0.92261805290337007,-0.51113715347559496,2.0993979146921946,-0.70126492907653182,-0.92983756277755236,-1.0008561685407462,-0.45695537283583298,2.194420098977484,-0.63335658727338928,-0.88679048230484903,-0.97535028511744548,-0.50882575744283509,2.1608002706103036,-0.56331493043066694,-0.9607548456385856,-1.0678407540070558,-0.55730452013245979,1.8106271166343497,-0.62935159466701895,-0.9018113852842311,-1.0682137718173339,-0.50378677063916144
UB0103,2.0948263727006236,-0.5444270037959249,-0.67219839666210124,-0.88590662388642327,-0.90896560192675091,2.2351528334921063,-0.44420647530032958,-0.75933858291033829,-1.0908706171216569,-0.85508794896552043,2.2457761555572375,-0.53657054635886758,-0.60694217872754674,-0.90679556607471579,-0.99537642552316086,2.0184831637647136,-0.57136192619042592,-0.8401214416273588,-1.0022065028702904,-0.67834389156965136,2.1311664741171601,-0.57367165703277101,-0.69679049869695564,-0.98865514491236228,-0.80083156268265887,2.0954475441010558,-0.5657683254943362,-0.65598803155201235,-0.93620147366217044,-0.88861332033945284,2.259431386660173,-0.6239407651475648,-0.66033799153644823,-0.78912570694561146,-0.89383718443496885,2.2702676799491242,-0.59660387529349945,-0.70002635716334494,-0.76376875799946431,-0.94990187033205054,2.1594759989579906,-0.51322082423944959,-0.66608463064753975,-0.91960842866340553,-0.94777991354803404,1.9638795088182439,-0.55516245814421805,-0.74710458928946555,-1.0527948359268149,-0.76535607046954457,1.6306991488058316,-0.71495531565736581,-0.77143183681009087,-0.97197330207127797,-0.64058496143124666,2.1764447683517663,-0.59916899463320883,-0.60005429867025417,-0.87840440135812081,-0.92405147166553836,2.240246302741308,-0.52010676213229246,-0.69948648912020039,-0.92732385136949258,-0.83827889646242271,2.0518804729176114,-0.57646824939158192,-0.70175036182409356,-0.91194201897824578,-0.81042764483329655
UB0104,2.0989971755080408,-0.49912399261682594,-0.74238727062004184,-1.1928134928813754,-0.77445963259528461,1.8733164334409276,-0.49943127410298038,-0.81246058480801431,-1.0667242340247638,-0.7683105433206715,2.0972776787179885,-0.47699035483211771,-0.62594926603250522,-1.1058688247053952,-0.98058680360333772,1.2003006314705105,-0.58136500303551064,-0.78821968510108764,-1.0061843728595974,-0.69207440895797911,2.0640220323812346,-0.4325245031809124,-0.87021902938478934,-1.1423444232263633,-0.73575566427382177,2.1125679026813096,-0.5924714678178471,-0.69224632589273472,-1.1540518270381228,-0.75941700542711565,2.1951306897315073,-0.67283365058625211,-0.60417642300519425,-0.95421094192247025,-0.86627787493126895,2.1484574099406877,-0.70151323674774002,-0.74272877063415621,-0.9332934856605104,-0.68045971004828332,2.1857137044372941,-0.69727434995137072,-0.93159478841465426,-1.1764283338416348,-0.50603202994888252,2.021142110034821,-0.6593514246235529,-0.7845005473539659,-1.1357041743980718,-0.64562635131529411,1.910752346813209,-0.62208784992775001,-0.74560438759292069,-1.058406158362994,-0.64725630335425555,2.1785043349834461,-0.50662505705518623,-0.62309792811695552,-1.0890454632429947,-0.90317883455191927,2.0214586898210576,-0.49007346700032794,-0.78812794113952189,-1.1184184613781614,-0.72654486118118811,2.0989978367780209,-0.5558784952327398,-0.73573680382525453,-1.2308535851795692,-0.71878752655986844
UB0105,1.8489129491355387,-0.50479050838081263,-0.7790039978201142,-1.0513120479245182,-0.74209736949300187,1.826011656885564,-0.5891130397026314,-0.77749313536799491,-1.0179676634786279,-0.74909209813326882,1.7763086870299258,-0.64272858317091464,-0.799144145037469,-1.0680905322012337,-0.63628551471136541,1.6833678548210023,-0.71334395831767128,-0.8861056114571646,-1.0492008656561762,-0.57858802450686708,2.1327927664266348,-0.79469854404080897,-0.95094262167930477,-1.054279917506721,-0.52117570402456981,1.9691175711519464,-0.62337808768848713,-0.84345433886073018,-0.99763729270085455,-0.64418199092038209,1.9246129246542112,-0.56656510017577921,-0.81565105288328699,-0.98360759648914897,-0.69424116850049633,1.9190972236969717,-0.55060914268141581,-0.81317420638814486,-0.98645943937773783,-0.70356223400827822,1.8719799890511764,-0.54321597406982758,-0.81268336324805368,-1.0431860717615891,-0.70903719311026203,2.3389054135876939,-1.2399772920585259,-1.4581818213950641,-1.4926744201559947,-0.25789912833039635,1.6495418291820416,-0.63266839989966883,-0.95420728637191488,-1.1675431255205211,-0.59319986789755197,1.9655733380812157,-0.64581047765224353,-0.744371231020027,-0.98214043932502038,-0.71014956779979643,1.8724481269838837,-0.54373553308342226,-0.78323460863751782,-1.0401414555696984,-0.71255771674952717,1.90181876732913,-0.59882937236200173,-0.79360884723304226,-1.0566936446241015,-0.66851793772536616
UB0106,1.3610416703435282,-0.51964830850951482,-0.74819717684606468,-1.0390624678293656,-0.79293188855517605,1.9278482950526141,-0.53196631115270132,-1.0179650649365881,-1.3401588048515827,-0.54050911993908024,1.3760466634206756,-0.61166945134861206,-0.79337721695714947,-1.0444992841122989,-0.63482096379997388,1.5577558339846544,-0.46128792220596609,-0.85385643085887553,-1.1398748932579097,-0.73826582630389936,1.8114766809160259,-1.0440393330472919,-1.1772167399205227,-1.2816158963015247,-0.30649958338085453,1.5843690863820707,-0.77254837529183762,-0.78475575112419549,-0.98812129959224426,-0.58627359687258151,1.5829369918655363,-0.62358999370068213,-0.70716526520055634,-0.93362048610151038,-0.7578689745154511,1.6926008306221987,-0.6104004322513199,-0.73490516879201462,-0.86313756823200527,-0.80292192086738357,1.6590751516775206,-0.6987444048101592,-0.73731064911992983,-0.97842794242533515,-0.7050705629426417,2.0102426200839218,-1.091402353004441,-1.1697984490277082,-1.3432899405140768,-0.29907657733298926,1.4787327774326005,-0.96095657707341331,-1.0269182557286385,-1.0409515361094126,-0.40032606365929502,1.3379605838240756,-0.51007281033950369,-0.74513055698496766,-1.0397792422649808,-0.76294270334694758,2.0163149694250135,-0.76836725595542299,-1.1056772079951664,-1.2714056862965775,-0.40927805572802733,1.5590603925988824,-0.57591715265478716,-0.6876239715746334,-1.0452521560947174,-0.80520408842503388
UB0107,2.0053568734461322,-0.51641628767792014,-0.64440965415337126,-1.1902540493480449,-0.85880478271210725,2.2583530974094961,-0.44344472023244774,-0.75484980902018317,-1.3536818178835142,-0.77784201126962382,2.018011221874993,-0.57409233803396353,-0.60306041703645485,-1.1142913593536665,-0.87710203132452791,2.0487494044832824,-0.61295196283655096,-0.74618522159337952,-1.1654998373229202,-0.68586141687802571,2.3338016553367043,-0.80853157978491663,-0.70150176798379738,-1.1186346626865575,-0.56346688613904461,2.2060599632537574,-0.63617858176380171,-0.5766419805032087,-1.0836952166084552,-0.94601981398202051,2.3246092577930364,-0.52496863219105505,-0.59486639616171555,-1.0982177479385156,-0.99964247146915974,2.3897038937495023,-0.4974302390060667,-0.65057490788763028,-1.0784858778565065,-1.0948919840812441,2.2022920572990428,-0.53590912010817615,-0.65601310876573915,-1.0715888713853794,-0.86047040147359566,2.3533260931078388,-0.80171094883172178,-0.9826869218681783,-1.2842047716554457,-0.38899722924910479,2.2026831326562695,-0.83352186575905518,-0.91494028037646169,-1.2856091406443024,-0.43883777892944792,1.932748973370642,-0.58100289395669324,-0.62405785445702422,-1.1132093816125825,-0.81669368251263774,2.3210207023911256,-0.54953283109605733,-0.82813255336400182,-1.3595242995729842,-0.71119197673144752,1.9842161459618197,-0.5409501392859466,-0.66815145793467334,-1.2027038208336958,-0.79274648236721235
UB0109,1.5638149578691809,-0.41805459076264601,-0.6889126260577535,-1.1308885692087502,-0.91213470766315918,1.3375593843769873,-0.43544962104279678,-0.78875763181229874,-1.2042898621602978,-0.78839560262433295,1.569825847653225,-0.59696294636294267,-0.57159370515347507,-1.0323890775837858,-0.93797143162218666,1.2029305246151605,-0.59514791174069948,-0.82230381540992425,-1.0878806531220899,-0.65091848000237174,1.4128165597121514,-0.61557107620640183,-0.83139982312487848,-1.0682600665106834,-0.66688881520693466,1.5869288826692358,-0.45961850493766215,-0.84075764145515053,-1.028935071971929,-0.78959438875340926,1.6858624965177462,-0.502954804170336,-0.78464094169057819,-0.95379864868172892,-0.77648368988164074,1.6278127811731431,-0.48375551241652398,-0.81081659653720961,-0.95670602581515352,-0.82939772962194147,1.6719107932052504,-0.45761150499134362,-0.7836871584560402,-1.065570104582324,-0.79436353124636339,1.7169622874140846,-0.72151595484364306,-0.87724663826143501,-1.0676671942250764,-0.54766482453655718,1.6333074335274103,-0.62992468993099593,-1.0127387815130016,-1.1842588873061914,-0.50266928448553205,1.3485871268526433,-0.61814939211169051,-0.61812306092838909,-1.0378205271496816,-0.80890990610593649,1.8112720598711758,-0.26780823262193687,-0.90563947744024142,-1.2553816514240701,-1.0223640760953723,1.5357027877156122,-0.44051661023429822,-0.70531335767622572,-1.1049458777952441,-0.91675695934552914
UB0115,1.7625694890730887,-0.58452213834571265,-0.583567530335805,-1.1707218000485013,-0.88483397692354515,1.919613925173586,-0.59146625337019088,-0.74608461652889724,-1.1345249943580153,-0.71237031182468891,1.7488923523606228,-0.59277779772444106,-0.54465001789596568,-1.2113411358292145,-0.93097620110036317,1.6031411330865244,-0.74050682269662682,-0.69452113925310632,-1.0572424272196925,-0.64464209242434589,1.9712597773209881,-0.80048859579671205,-0.79014185353593236,-1.0112783704783994,-0.61037080084816719,2.05533037643551,-0.73440108238200874,-0.71764313431621884,-1.1228373187059075,-0.62827612793026699,2.0477160012440363,-0.6517453454370159,-0.62213528929437301,-1.1379015348672343,-0.78201924464565131,2.1673771169901013,-0.58553168144831236,-0.61554886906695461,-1.1528199609272209,-0.86616505059146343,1.9676831727558151,-0.75067891715232005,-0.73349878978012528,-1.1628098293368025,-0.61230979183139489,1.8470772197604393,-0.74951241096387689,-0.8669762072741598,-1.1031295951277837,-0.54898975964238916,1.66915885436697,-0.69925532397493828,-0.75424656702299031,-1.0444997102117948,-0.64278385481464695,1.7943437458627129,-0.57447841499330343,-0.56841566293866008,-1.1920297064040457,-0.95422085643402643,1.9291058411870647,-0.65839309709456095,-0.75312845151878194,-1.121951197343388,-0.6722004910515843,1.7871534187766733,-0.5663448546887232,-0.60471258210052692,-1.1895227491332581,-0.89112557844994245
UB0118,1.8434540531627741,-0.50015544107590504,-0.8258870331298489,-0.93140060195889318,-0.70833067174532816,2.1398841944532059,-0.34614084487429342,-0.95618805227109849,-0.86639474931107785,-1.0156133972934156,1.5815369116402698,-0.56505579560518515,-0.77633359999443963,-0.86730442139922359,-0.7276640720835037,1.6645293070178262,-0.60048053776997057,-0.85490608976945115,-0.75246750469468737,-0.68132781422410316,1.9981703543392153,-0.63128516129977641,-0.91722526066809595,-0.7692438204074844,-0.68003806496205388,1.8217540977259494,-0.54773164945270136,-0.83826153959190886,-0.86815758899786832,-0.72296167620490359,1.9708256307360834,-0.50484326922084533,-0.79368200451804194,-0.84708488652983083,-0.80321514910873915,1.8438977144030204,-0.61466974747340664,-0.90194568405609998,-0.79804219577484936,-0.6651761526387554,1.8837688751731576,-0.59580736506745291,-0.89690557567219842,-0.87745846627124169,-0.61743857203496377,1.7947804526492006,-0.64581420522861188,-0.93280789441029621,-0.8343796099694134,-0.59987964713997122,1.5738808938946205,-0.67969559683699998,-0.88152836450672867,-0.70435528191319285,-0.64153873554800223,1.6798771529648606,-0.58328095117713186,-0.80534584392940989,-0.84693890258980931,-0.69078394083613959,1.8278924639516865,-0.47240161501444211,-0.89563700557809134,-0.8632644365016745,-0.78756667708262418,1.8253477274352621,-0.48050816674424557,-0.90839404570286875,-0.90829859287948667,-0.70551750127823476
UB0119,2.1204968125755741,-0.41974786233251327,-0.79942562391153182,-1.102580339861212,-0.88594098567003932,2.261330929525128,-0.35632938923713597,-0.74082641012036676,-1.1557128071744698,-1.1025612174182402,1.8448382807496979,-0.64701290823748381,-0.66450642977893248,-0.90990040617400325,-0.83574482527916005,1.9971072908432206,-0.59566424664902251,-0.74499891077936087,-0.95372498521102789,-0.73338441440054636,2.1514782204600285,-0.60139476411419979,-0.64863896202659077,-0.90466695828724641,-1.0554321333116532,2.2507586124260706,-0.6275743478570569,-0.67673995820318855,-0.824303102364214,-1.0786601307340598,2.2140537698052669,-0.5686691781854154,-0.72125690992779523,-0.74983690052840157,-1.0281661095758485,2.2163732009563355,-0.5514199805365374,-0.79468508491732903,-0.70016579821154279,-1.0574370291659427,2.1377535981607445,-0.53181572838549496,-0.76795394212408974,-0.78954592600888152,-1.092016704095919,2.1518313909058229,-0.47765370966174758,-0.84968285556616419,-0.88979065763170617,-1.0155051872451659,1.8007498504670263,-0.61523837832511286,-0.85012289100411209,-0.96097479640574468,-0.70249587663254942,2.1519486315761394,-0.61002124595656182,-0.59220361557645806,-0.94586522040280308,-1.0229572800358251,2.4996926729941382,-0.30994360802560772,-0.87361753698873512,-1.2512411455171575,-1.1207162162875208,2.1595943688688339,-0.5196592337042264,-0.6548137795807345,-0.99195518847509156,-1.1068521144218937
UB0120,1.9428064985627886,-0.62425151950121294,-0.80428077689546207,-1.126166439377444,-0.50204968020909002,2.1866988893484396,-0.51261807042536334,-0.92757189621279534,-1.2447426016338525,-0.50477265122978032,1.9640096644410645,-0.80208818447195629,-0.76197733650067923,-1.1002486494027648,-0.42778128567216894,2.0230694476068889,-0.78614150234876257,-0.95924451776990993,-1.1836200464735553,-0.35507311424740556,2.0130850112607503,-0.68440705222710174,-0.79544855042247264,-1.0390960796929567,-0.60630219390830764,1.9711635363924176,-0.69659812509950092,-0.78121237982863634,-0.99035225025541584,-0.5493724927210033,1.9908046427203121,-0.65929247728925489,-0.73266099334961021,-0.96030752758708748,-0.58988203683576468,2.0464027608052127,-0.59388651028324968,-0.78785396272915009,-0.85445451935930128,-0.70435089268896356,2.0418422708513559,-0.61560455760079147,-0.82493731238071644,-0.94034864637252669,-0.60487082422547611,2.0990050252540184,-0.72549974218657254,-0.8852981156647497,-1.058401596554853,-0.48438566957477597,1.9506214621813955,-0.72889965911610921,-0.97128326090375117,-1.1556980206391421,-0.39455458203866167,1.9491683680800209,-0.86508506879132663,-0.81481052733676096,-1.0245451116796072,-0.43922679467961756,2.208872926845638,-0.55154275947201881,-0.99362477605977739,-1.2376338329278287,-0.44497148727043717,2.0370038681710181,-0.76164835882270532,-0.95898709907012214,-1.1698254898576348,-0.37758180151492682
UB0122,1.9765396064754337,-0.61385708307775777,-0.8748283853377985,-1.1144207825451218,-0.52637689963120315,1.2846764370336128,-0.55804417322711397,-0.86145864431878294,-1.0720478896928847,-0.59754706644347733,1.8864124608333848,-0.5987831530374278,-0.6040204598524882,-0.91887665777903105,-0.90884256828909127,2.0817898225074689,-0.54778905242475662,-0.93058183237311087,-1.1168166321414577,-0.54703505902095373,2.2737635172777839,-0.76268420440436091,-1.0572354045324437,-1.2844790980494278,-0.36994406347361131,2.0348266251032179,-0.52494140645285059,-0.77231882947073838,-1.038298016973827,-0.74415254709619338,2.0804806498731274,-0.48766269552496327,-0.73013300246021107,-0.91004930926032279,-0.93913764588614734,2.0339551446244313,-0.4609342088576695,-0.76558175819963381,-0.89838366635233313,-0.94903184375391081,2.0969562595587963,-0.53122102083567491,-0.68707760950858632,-0.97946916641157555,-0.80886004859225324,2.2816081496309262,-0.91193209469395609,-1.0218496054546964,-1.1455009957369653,-0.38418883350592414,1.9786430701882742,-0.61478675001879779,-0.94749583073668264,-1.0056793835892395,-0.53575610428324294,1.8830656442331857,-0.57554334334789203,-0.62985949437447797,-0.88296120042872195,-0.90764342525649055,2.285538648406936,-0.60408783763924989,-1.0736386016714594,-1.3780453944649045,-0.45832182126444954,2.0724102132455582,-0.81230355797264286,-1.0572606878862216,-1.221113722281356,-0.366431551106362
UB0124,2.1971858733196132,-0.34558934337746655,-0.71655688295801956,-1.2805210394386817,-1.1317272119049635,2.4073068102365389,-0.33963551731107028,-0.82496875662708413,-1.2461248439382755,-0.93218932666482179,2.2399147724715851,-0.45348959794362786,-0.59995091740769024,-1.1838050891194052,-1.0776420301195662,2.0583218578434215,-0.45678941624023606,-0.82094852314447453,-1.1696465507784657,-0.75594635370720509,2.4377263992609004,-0.59879403887098315,-0.80588366920600851,-1.2342468421395449,-0.61097766261494013,2.3877869480657359,-0.43651602202802908,-0.72206372809713937,-1.1802418434425801,-0.90430968258311084,2.5004082194778743,-0.44193886908287255,-0.73226517969850924,-1.0778846540439897,-1.0552584919267014,2.4224902904687355,-0.40251057121124756,-0.80338632953634548,-0.99655164812850283,-1.0238885389496499,2.6078687700468213,-0.46368878119900808,-0.63782545768278842,-1.2541814765918946,-1.0897704024029751,2.3399679512087563,-0.46613826466410052,-0.683227935474086,-1.1534696676022111,-0.86241832544170249,2.035581719817515,-0.47481467222010221,-0.76403505451357623,-1.1066956010494622,-0.81700783112315112,2.1521495461935127,-0.49205801937843313,-0.62024684407805697,-1.0923138887684045,-1.0762274988022094,2.2338733539672018,-0.39899447808171806,-0.79782595652833832,-1.1841916956278142,-0.88194546521008255,2.2322521759178264,-0.40295132637656883,-0.69613317438765865,-1.2003812961020073,-1.1030575018874218
UB0126,2.014449177507458,-0.5861074924297176,-0.69944251195709339,-0.97576050385359236,-0.81654447612498171,1.9690589601749899,-0.52357804712397349,-0.81797091089813023,-1.0118666222013544,-0.70264393123444591,1.6948188835751719,-0.62597169641466011,-0.65229150060008323,-0.96530105760966733,-0.83288476869063022,1.6790952485306858,-0.64179896580430607,-0.77385759356646977,-0.90093153892743549,-0.67137206900466662,1.9804445686935148,-0.67001485805391248,-0.70674947507275188,-0.89954672399879587,-0.74420811666221087,1.9716074341722443,-0.63200110878159643,-0.69568176405488025,-0.89991157560473833,-0.79080543297505934,1.9597972965216852,-0.54628606076018549,-0.74627660133922502,-0.93804966166234949,-0.80015871584401299,2.31598718994106,-0.54188158708855372,-0.78892757636883881,-0.83976056200886973,-0.89225354780340094,1.943557232674773,-0.65476259701763118,-0.76612478276233886,-0.88260972187048203,-0.73849516351532785,1.9923582028963394,-0.64309662164986758,-0.74130847022821578,-0.84964633089991404,-0.77186812901321145,1.8301709684721399,-0.61699365267913808,-0.77223397647498915,-0.89266747897894283,-0.70133072405137831,1.6797631642118807,-0.60725065421151814,-0.62623115877745938,-0.97959060686982657,-0.87542771100308625,1.9815820315184294,-0.50293356994806682,-0.77166115572538341,-0.93247182891601543,-0.84257749358099265,1.9226621275281925,-0.57346879492932801,-0.68329527489369246,-0.97082630151193927,-0.8274164083819997
UB0127,2.3016460037399908,-0.89211675074384189,-1.1498955026507578,-1.2375036367668426,-0.32071472397011103,2.9226618176651065,-1.2955947588010099,-1.6959868636474866,-1.565066489404219,-0.20443198546287625,2.0704876351495161,-0.69240781488690839,-0.73269829427907207,-0.85131053422818193,-0.64754210728219785,2.3249635697965667,-1.0937306862498182,-1.3115518077815518,-1.2446707698198369,-0.28044190143194536,2.169480573678114,-0.7038564840561069,-0.9455296022919657,-1.1431833892721366,-0.48542071435434636,2.3479849560226631,-0.62214925902846119,-0.93078901156346516,-0.99756062517782929,-0.62800227121920005,2.313058527913312,-0.58479762519684875,-0.76919350530154851,-0.77337366826830589,-0.91209818440686408,2.3982563957620897,-0.63594003550732503,-0.82713308195570456,-0.75713702124224369,-0.80185176839855565,2.3980711321582504,-0.54663536990121608,-0.90572126068170344,-0.8806576942873996,-0.71256521534826733,2.2266219836463517,-0.73917724604114599,-1.0330319054440693,-1.0209253584229654,-0.44438536756138125,2.4131962742324031,-1.1233114995979487,-1.403252364732783,-1.3330398962931218,-0.2305374787269949,2.0677517702139538,-0.83259082402369511,-0.86673553315684659,-0.83049245074603717,-0.50961627831541134,3.064468963418908,-1.6127990792794249,-1.9417222729606105,-1.7841602608107001,-0.14056517557015508,2.7439575720176288,-1.1969490806645227,-1.5317140765141208,-1.5722950925533787,-0.19013345792362596
UB0128,1.8110194522697491,-0.59151772762552246,-0.7224388068019767,-0.93606170448565706,-0.9726625384877331,2.3642332196107634,-0.82247136061830139,-1.0860036068709704,-1.1522269179310252,-0.38484161251113602,1.9745266737258995,-0.56159977659259552,-0.63532345647923238,-0.88632803057873422,-1.0833516690515126,2.0842517744780968,-0.7536450486780425,-0.94371791427150387,-0.98673748124283323,-0.47509950794798766,1.9693910727014001,-0.72375603911533115,-0.85640075191661902,-0.65588954328636473,-0.81711332151069893,1.931503703318098,-0.57690847956569424,-0.74892777319578741,-0.73097713556259691,-0.93732063803833177,2.0390435033648742,-0.55766432044214864,-0.71981579988716204,-0.76364251155912188,-1.0338945551635077,2.1432345417497971,-0.57952221059661602,-0.75020260127535632,-0.72329268174550154,-1.0516848538756212,2.0559174975141006,-0.60675384450430825,-0.7517487391373453,-0.78046198881281137,-1.0045472347520061,2.1502231338698641,-0.63154086275696908,-0.79576224125219142,-0.69172389478962493,-0.96107788831884799,1.8244701316357133,-0.72270066954623247,-0.8467666643168551,-0.74499768747427264,-0.71793284036229654,1.8996832334372518,-0.57709880275568126,-0.64602133675585383,-0.89987519714204967,-1.0286813472470968,2.0769466110397454,-0.51028941484301782,-0.85597167912140781,-0.80623011117307486,-0.89299790260404843,1.8428520981688805,-0.61076075843862587,-0.79335644388518656,-0.93480363987713644,-0.8881129561209512
UB0129,2.0561375451683244,-0.60771368827324923,-0.80635726621905757,-0.95718243006697046,-0.74495435860316461,2.0617329018347923,-0.52459349734369487,-0.85454935481581096,-0.91509585254784054,-0.77255045261179323,1.9506184202171504,-0.58127617291553879,-0.65666651852954638,-0.80545749303169922,-0.97045384628519749,2.0136566530371254,-0.72822591544984561,-0.94118077585815674,-0.90101808730010391,-0.50075026691734159,2.2850945199474171,-0.73080834979972054,-0.80395413017796014,-0.58644392705265969,-0.84292076764406176,2.1191734409150551,-0.61149644180087359,-0.73467932272821168,-0.81794909086248024,-0.86232863732240017,2.1827241258504486,-0.59012376835452973,-0.73867920049657698,-0.79754343159694496,-0.89139194302608282,2.0330328101251744,-0.55993582128755137,-0.78264779317477717,-0.78103255995875376,-0.90147819077992519,2.1100193665440417,-0.58759562653711472,-0.75887117471577925,-0.82348477767809491,-0.81254171902826533,2.0601989262785305,-0.60017846783598827,-0.85465745882379296,-0.69025217815731976,-0.81252846089883635,1.9197132587855597,-0.6752104918148838,-0.89520397125616302,-0.88769238406879392,-0.59104507837476128,1.9401416296844534,-0.55395482265094476,-0.68820088741633434,-0.84268213041884321,-0.91402316524503846,2.1476870580707863,-0.5820749043792145,-0.83450208759687172,-0.91532993241985483,-0.68003456632199399,2.2183976895783935,-0.65469358018536661,-0.90029973882835768,-1.0409969366938217,-0.57350439530781427
UB0131,2.1709436023699111,-0.50367979353268721,-0.62031684406438015,-1.0711091718755952,-0.91905628852018917,2.186272187207694,-0.44837786855760847,-0.67901234658826315,-1.2138057711099641,-0.99109997017773688,1.9558960048149594,-0.50238967118314271,-0.62105389739934769,-0.96154046622043354,-1.0308585593460382,1.8424360896641503,-0.65854831046086182,-0.79382293443141883,-1.1108693535486438,-0.638334891191631,1.9954227847788684,-0.4729943259221383,-0.59840763054356838,-1.1115862096098916,-1.0411085756949339,2.0955090446907421,-0.51345622580942585,-0.58372869881765477,-1.0880322007837719,-1.0698769402501922,2.2865915629115294,-0.45986297767854473,-0.6729545811982075,-0.96007119750381376,-1.1801322802010699,2.202621216439264,-0.45303918906029578,-0.72855218881682116,-0.91008825760218504,-1.1752051212086303,2.0606121129224926,-0.4856189841876512,-0.5568442360536594,-1.0807125859732452,-1.0933153268904152,2.0994122796409909,-0.43905687626889994,-0.63420348033441798,-1.0031622339490682,-1.0563531628607938,1.7017489550965748,-0.60378627875830315,-0.7294005941341497,-1.0862979882650607,-0.80746837995104082,2.07128880267781,-0.58868493953056278,-0.63715378262632261,-0.79059166264238867,-1.078168515009946,2.1749929697700536,-0.4938036102653745,-0.65021836395473065,-1.1657389139584293,-0.90227413663428613,2.2479044680763032,-0.51221746486238451,-0.60494278195098894,-1.0544599878367782,-1.0225298012452952
UB0132,1.9790568454776971,-0.5522379828700642,-0.75139029722465145,-1.0582092937067165,-0.68297452113267554,1.9745841659335681,-0.45719235854975038,-0.89073232602121521,-1.1636755025856278,-0.67540703265646063,2.05447536862436,-0.52391405192486351,-0.70115873060125067,-1.0005093256622661,-0.83939381334567265,1.9366406555435773,-0.60058006907533845,-0.8844136607393186,-1.0968310761307878,-0.56529765069744653,2.1549791639306832,-0.42818624362052804,-0.87555462068860956,-1.0926799918737613,-0.78096681394822731,2.0952982550641561,-0.57213306967514144,-0.71774790022761703,-0.96915296923273664,-0.74102660584326752,2.2572555384973061,-0.56897584682484958,-0.69125125365405393,-0.8956428798147138,-0.82839178211362485,2.3298442169470146,-0.59628382917564293,-0.6698458353692901,-0.91376859982547898,-0.89759969622670543,2.1953266734687933,-0.56589661502742628,-0.83931092705298349,-0.98338824851093587,-0.64126489219216232,2.3029925925880406,-0.75389177394216356,-0.9641890861016037,-1.1055253848934914,-0.41272513287181101,1.7244469549843262,-0.69878553998069437,-0.86316524897895275,-0.9595477534684711,-0.51164953067690178,2.0812897017024437,-0.57578643525809925,-0.70845506476904252,-0.97568034767991851,-0.77383670091663082,1.9143305925941712,-0.5086814924188634,-0.92982302574029063,-1.0724154880036973,-0.60809353187951065,1.9959564017336557,-0.56129119411830652,-0.73851133716012873,-1.0530614768121476,-0.66454273763203253
UB0133,1.977101032241438,-0.40054055641600406,-0.76635354766852826,-1.028959293238336,-1.0111995679379813,2.1043917270814614,-0.4622590175855516,-0.78379241587189452,-1.0892445800623043,-0.8278031894062956,1.9754972580517729,-0.48688324370295094,-0.63198087856462859,-1.028129571766095,-1.0460724793858249,1.8719011061572253,-0.59786719822957879,-0.72028186672262096,-0.98730670741642224,-0.7077094223207967,2.026816321993981,-0.54853910431106923,-0.7365945459651575,-1.0235190482094869,-0.87337399097389745,2.04911581931739,-0.55187582190326134,-0.7031481607053699,-0.90711570902448357,-1.0174054863866671,2.1453954344174093,-0.52172784187130472,-0.7175378904966152,-0.8148722542616933,-0.98090322725340151,2.0765098242000741,-0.54041460069516833,-0.7891189620599649,-0.77278283869530318,-0.9520929710360917,1.956933097466738,-0.53688113953460948,-0.76781210415160839,-0.87656530007575284,-0.83609112494126192,2.0221368453938009,-0.57986385205251634,-0.7326777754187388,-0.79510512260676203,-0.83691262794982302,1.9717666145688397,-0.52776272975958394,-0.75358547505866036,-0.912860683158357,-0.87704435836012806,1.9963018517459592,-0.52154285844225623,-0.60856593964691519,-0.9331434542842203,-1.048434311602821,2.0788381186319627,-0.48083946282786716,-0.76483916430026611,-1.0040319530956272,-0.85970152755916129,1.5820223012714443,-0.49211876353518219,-0.74793152826877463,-0.91514590833183218,-0.88183468779145791
UB0134,1.7928501477561893,-0.53666153074450984,-0.75602763269722584,-0.92359588944247362,-0.79708535509426348,1.8572165633401334,-0.55112843896274322,-0.80744153916805017,-0.76875711832529425,-0.87433336417910335,1.7894975116083689,-0.60401806981439665,-0.71507599261745602,-0.88616346118463762,-0.79441512601743358,1.7146186604242057,-0.72495770930361969,-0.8070867071014225,-0.65425865442658915,-0.77965935155884325,1.9650710979438493,-0.70202405445889227,-0.88226605867683605,-0.84505604388452227,-0.63219011006512049,1.9418842813461383,-0.68439792336639926,-0.81336768037260632,-0.89154936141675856,-0.60337032719265427,1.9974151890882914,-0.64014419819628743,-0.80781770244316375,-0.86864033558956777,-0.66233005697714686,2.0945332853807463,-0.62973844024055303,-0.77453795380525703,-0.78661369859702202,-0.76498358535177591,1.8086582474992403,-0.6118553160156146,-0.79694229257027271,-0.84418905849984449,-0.7155989129686271,1.8776336188960454,-0.69860665043146797,-0.93781155149928463,-0.82797967560322361,-0.59669288786703545,1.6505684050381593,-0.6580016998243341,-0.83926583859764869,-0.76910108122303145,-0.72412552805020669,1.526597911702706,-0.59136869574755835,-0.75390192396948219,-0.93181257215302549,-0.73354912718600485,1.8092275485867546,-0.6061612293448303,-0.85666235652065548,-0.81817690796984843,-0.75324517296152149,1.8360576277298557,-0.56326860288324132,-0.76337540012858107,-0.87626979203750266,-0.76468272077394905
UB0138,1.5209273535679433,-0.55032714392172299,-0.84733142637124059,-0.79164078419250494,-0.80804999521695153,2.1210693239934146,-0.34265909319673948,-1.0061542252762419,-1.0029273086495152,-0.84027231586889894,1.4957764625911927,-0.59889329067340336,-0.82180812784123747,-0.72895077623992965,-0.7907193135313344,1.7141030834125686,-0.59684819483831852,-0.84010373373926739,-0.75776547817801188,-0.74067437263590818,1.8177784556210579,-0.50532558929642202,-0.84748992618910612,-0.87731754615246238,-0.81666985746803522,1.7561902038151822,-0.56038708248918401,-0.81691656945810298,-0.80745550825969337,-0.79594337851338259,2.066150898750708,-0.46221811792202749,-0.81090710034480695,-0.85967428637706,-0.89801631823266703,2.0989751999095549,-0.56478394040540103,-0.91663629464176688,-0.59486354344535275,-0.84440546720259613,1.99835861534941,-0.54407178002608991,-0.88577216091561173,-0.6648862254422272,-0.85283174671343076,1.8295360533430005,-0.54506253551983008,-0.85892536785408857,-0.83366237632970641,-0.79057773615008886,1.9156009316258535,-0.36215893914587538,-0.94292542308384264,-0.95629142225323838,-0.84894450758459705,1.5012880711975156,-0.62870094741189686,-0.77327462931038127,-0.7204498583015273,-0.78623662657747195,1.9949826899050098,-0.39850617910868147,-0.90687931399972987,-0.9931606589240507,-0.81880036507400922,1.4524663635330863,-0.52684994048308698,-0.87245251236412369,-0.8008241487865575,-0.81203019126693921
UB0139,2.1548596477695763,-0.63707827281087592,-0.78965447379727383,-0.85972964058623602,-0.77338841336490782,2.1484776598310367,-0.48178499153554316,-0.82358421134545046,-0.84983103804280047,-0.95521682524228768,2.1449269703890974,-0.70176894795792677,-0.66919395225055467,-0.77305016890132749,-0.8397538875473779,2.0061347256126458,-0.7366393813519484,-0.85756255868692199,-0.64103276675821597,-0.75740429077039295,2.2321133618278695,-0.69512802570747967,-0.73646224169963448,-0.62204890552226288,-0.95592839647416716,2.2455232724784402,-0.66280021266864431,-0.74501257378251506,-0.59569430324601336,-1.0449982554967219,2.1498189631883839,-0.5336268800503482,-0.76617944034996555,-0.6916034461734295,-0.99323450493513266,2.2428023186033195,-0.57794309780633291,-0.76923632569113665,-0.65032232989954153,-1.062005051774974,2.2041453670912499,-0.61914597020590389,-0.74651292855957108,-0.65413465225017553,-1.0594150023370443,2.1704771309337718,-0.64135677739780339,-0.76186197485065654,-0.70103158776264896,-0.86710046947175712,1.9956884405512942,-0.68078888282016392,-0.84218675223095485,-0.77417891665024252,-0.67182217444653747,2.1101313033835809,-0.73400672475274964,-0.74884419434981497,-0.78278788828952128,-0.78286034030500884,2.0809824247899993,-0.54490946622765901,-0.8319271694081033,-0.8540153916692298,-0.80951820790567186,2.0640191039022113,-0.70635413694060256,-0.8068816950326001,-0.80097620744392839,-0.71848899388548826
UB0140,1.7313933204789678,-0.57635513919730585,-0.75374085010736414,-0.86596699576767078,-0.73449521033248089,1.9041791284184615,-0.68216527796317161,-0.96807451819755275,-1.1202238648356884,-0.47080613244289427,1.8643943100243334,-0.59497602430963681,-0.68613781653649408,-0.77665863029451165,-0.8622086718230354,1.6172838003281202,-0.61353364956207823,-0.84934327288489953,-0.85363550992496517,-0.65293442071402363,2.0301273922064249,-0.70762688554546094,-1.0252850734572447,-1.1984243111973676,-0.44364243365950984,1.8677035295060229,-0.62502566036709772,-0.73079394457443769,-0.92934571548791944,-0.77857994822316257,2.0313738370828838,-0.66396228374132704,-0.76106783725579208,-0.73993793573853084,-0.79017317267260501,2.3363982876862712,-0.73031372862981581,-0.82503722197389084,-0.59130236708220218,-0.86034055973775725,1.9169415385550577,-0.64718504115120867,-0.79833978473756395,-0.70405463138755009,-0.79774022435883163,2.2704959993470033,-0.71554811910788418,-1.1129797889242135,-1.0199672233122983,-0.47779412035086877,1.4770417598193728,-0.77704120639527163,-0.85834169452687947,-0.84201827438681565,-0.58203866633842172,1.8135805707553687,-0.50492449913604509,-0.76821244251338305,-0.78978021726093928,-0.8893954736710824,1.8036247275216972,-0.69131406282589025,-0.847237308998392,-1.0109572148663388,-0.54943291666163641,1.8064380516884171,-0.5622083246289028,-0.75429622040857092,-0.82330618928583854,-0.82584104713453821
UB0142,2.4571178662246163,-0.95514234052337588,-0.29703404242411263,-1.4316212866502362,-0.99815964998380924,2.0696362278037093,-0.55925263665025793,-0.56242716974373419,-1.134612725042492,-1.0490616255475889,2.3024992254845968,-0.95154651803790569,-0.28825855032799097,-1.2929217087164653,-1.2594408961880941,2.029474510736593,-0.73498274152380594,-0.56637852789867971,-1.1222568549792129,-0.97381199728862744,2.1556074055481802,-0.88516449115713547,-0.47181087697837842,-1.2049961226805952,-0.89155041734641771,2.1325320748599532,-0.73903765531989984,-0.41102961616312994,-1.09264791432232,-1.1553885402669057,2.1794413009973401,-0.61526811089784839,-0.44763748694252492,-1.0353708142030074,-1.2318308651332828,2.2870970455027253,-0.60973917068316474,-0.48536412561427444,-1.0191652066733243,-1.2992440016192355,2.4038185083233996,-0.66421595595436733,-0.43599468583029699,-1.1146857732052444,-1.2865267900050803,2.1458684274309534,-0.77933775500207036,-0.39828357569364858,-1.2176884840569575,-1.0850844767488255,1.959843514715633,-0.70029093948845722,-0.50397040571427887,-1.1534573839225044,-1.0917401640427111,2.2666258948267894,-0.79831779325347696,-0.38919839004717965,-1.1629043385746005,-1.0832112538064753,2.0646028666579492,-0.70146327878397807,-0.48335198052770356,-1.2215670036809954,-1.1116055211748257,2.3660187861183988,-0.86140545795097245,-0.40097002952639776,-1.29296806263215,-0.92491521920277209
UB0143,1.8505023305170212,-0.44913122467598748,-0.74948252728254094,-1.0762841463626502,-0.88447406851410515,2.2273855759833294,-0.48942140805434792,-0.92039001108525487,-1.3244375156761619,-0.62231087385148043,1.6212215690843057,-0.50882734214577607,-0.73278027707188687,-1.1070098657241392,-0.84557306138128996,1.9165797961018876,-0.71797088038043499,-0.84762476359863448,-1.1518704406314728,-0.51016585904960832,2.0193262588202607,-0.65533958389407942,-0.80776462501965995,-1.1722438563143314,-0.58286506252526671,1.8949003065664383,-0.45951872949367423,-0.7599158967583346,-1.0330995080032965,-0.92636040898436245,1.8783022824382014,-0.42075709953645535,-0.70608806001154023,-1.0969637411039388,-0.99524549732459189,1.7347645585228468,-0.45856997179674058,-0.80435239056549812,-1.0385022001368449,-0.88034780575608451,1.8441001156075936,-0.4658844881678465,-0.77430942842864781,-1.0476871522816267,-0.89403931662944747,1.9816323446513562,-0.50226257272783392,-0.70526670501170829,-1.0617351142242752,-0.93394484219322926,1.4153750128611078,-0.62782939146202099,-0.89755708857156868,-1.0679114417144189,-0.59200038987355819,1.6146402611485342,-0.49134613304944708,-0.66846744501753574,-1.0231470982009176,-0.95275659744429575,2.0173690715504882,-0.48167070832371728,-0.81017473843980548,-1.1733044509540425,-0.72359298665052507,1.7918647883470764,-0.42974527984575678,-0.72082838560497486,-1.1076559633066621,-0.9172136053818114
UB0144,2.0167351269415854,-0.89948820523271511,-0.72272201870858921,-0.72158385896426103,-0.77419630671150796,2.1694782455571637,-0.70282274255813626,-0.87654607960279263,-0.72653769288128833,-0.7796033244922187,2.0947220420418002,-0.67340482626422982,-0.70180621394511788,-0.79067845059727293,-0.85329465556191608,2.1206396720169125,-0.67625426049946358,-0.89315792321154575,-0.67871435922043888,-0.8435327266062842,2.2104489339355355,-0.87190058949249072,-0.93224346333403807,-0.48874665040657927,-0.87064467440777693,2.136803917797196,-0.84068681536714929,-0.84328485282575294,-0.5729242990425355,-0.85425995454219383,2.2670319127946512,-0.71083210720722023,-0.77590936337939886,-0.6570052211816364,-0.91282992228328486,2.0347790924189773,-0.70683905250017598,-0.76570997197648905,-0.7263314691846271,-0.78968649383080436,2.2413676288150843,-0.75917387184767104,-0.80431943011024365,-0.62505644314582032,-0.9155186371729509,2.5126930406770112,-1.1337958172604938,-1.0661786468747789,-0.64898710282371697,-0.55323924312242712,2.0383357493371999,-0.78440289131201346,-0.94784298975171366,-0.64928675852346263,-0.70751486088014093,1.8425718698303837,-0.6820916592784394,-0.80461200321522719,-0.72720646806319189,-0.8058536328490834,1.5574714756574897,-0.86480882419034921,-0.97620618123301128,-0.56337833634061008,-0.75542416469189222,2.0344747038416373,-0.75695879249917719,-0.78872057116070482,-0.74412343179303397,-0.78019839303754179
UB0147,2.3969362853484562,-0.89515310463806474,-1.0987952160982966,-1.2619735965650531,-0.34383366446838493,2.1539184193894885,-0.49196100499620443,-0.86806912837927497,-1.1389679219068156,-0.69053766584409615,2.2422366816263199,-0.8019630980400263,-0.87908028047638176,-1.0412240312296981,-0.48266665045419171,2.2189620739086586,-0.72119692530477253,-0.89922495480018017,-1.022078078270646,-0.52734991270047815,1.4980349926312575,-0.57172033141254075,-0.79007662518008026,-0.97327383836180215,-0.70400981565121323,2.2238983033539994,-0.49629105982736088,-0.76841311522896816,-0.99851215776968072,-0.83145823224275905,2.3933924836837628,-0.56261481760830301,-0.64013355842544417,-0.92269441673988817,-0.95315733717716611,2.3013021521254378,-0.5053458365057818,-0.74796072023946425,-0.82126708078862276,-0.99736877020770964,2.3495056511682915,-0.57938207934915398,-0.70845316983502016,-0.9388515063969558,-0.82943218722271372,2.1683916359255369,-0.60985186317915718,-0.8202453302242021,-1.0097653198726277,-0.63396939129521523,2.0725129911800257,-0.59571108873557066,-0.85177863243152085,-1.0455338899134463,-0.62244478252577207,2.3127366580580855,-0.66516340482739478,-0.82658587026330466,-1.0114262520541777,-0.57490334623718975,2.0398630741675143,-0.58054163185628516,-0.85707285442169057,-1.0616993425469208,-0.60344918013157955,2.4668520152622833,-0.87525403717138195,-1.1359137236094763,-1.2617319796267381,-0.32970400261282251
UB0150,1.4140851094874938,-0.63847868836849431,-0.76674317417690085,-0.81070893183711723,-0.7976878051725369,1.6373397290518177,-0.59542363961948841,-0.76757061018175532,-0.73491131025177492,-0.86959913467806405,1.3819287361283989,-0.69265093950432821,-0.72485112580025557,-0.79162713788162542,-0.78572778842082303,1.4796707567535252,-0.66207902062277135,-0.82176474045997394,-0.65666005738925615,-0.78510728327545631,1.9070991595614928,-0.75306037721246344,-0.84577744570261104,-0.43719270438068192,-0.95484908152799286,1.7487474651426367,-0.76487013307822194,-0.87960962819820154,-0.59218028794812572,-0.7413260163684664,1.7331691136236738,-0.57772403313140352,-0.76706267544498563,-0.81537331950243574,-0.77244651932226271,1.5567898284890287,-0.72687959878047004,-0.78736570143955709,-0.79477882602892036,-0.69596180029168719,1.786066632228108,-0.49124172697221319,-0.91005764324798388,-0.8689234712784627,-0.76895122581575903,1.7431720625855174,-0.78649476246224193,-0.85408898244566378,-0.59237144564637323,-0.78765787991407576,1.3313355855857956,-0.54775292683935539,-0.86889925895292031,-0.77369848667271557,-0.78477720084602343,1.3963772897905888,-0.71406747205389931,-0.76880203365156785,-0.64861907602609237,-0.84552566069719548,1.6314820158639673,-0.55207565783387003,-0.79969575250672109,-0.73856703242380695,-0.86502026628112538,1.4995069934492566,-0.57048632218312678,-0.75257340257133554,-0.83118032918694496,-0.8260705207883825
UB0153,1.7530990405570366,-0.62766059924078133,-0.80762464563396863,-0.8257625267228077,-0.68397570810938524,1.7921746119184521,-0.57777450564516808,-0.92283498712233192,-0.94961652758808923,-0.58622731816466733,1.7019071429934729,-0.67554286126960572,-0.78180622498993224,-0.82150726220508741,-0.65920268910716195,1.0275784924098588,-0.64696394761042153,-0.86466048308812438,-0.77267818024217516,-0.62472225198719189,1.8500148385038619,-0.74093797499096459,-0.87544934113995054,-0.89664036550476744,-0.53773031593231191,1.7181465829321878,-0.67276323243859826,-0.86046713263948671,-0.84892650961440297,-0.64384371033428756,1.9475356474608121,-0.69706973217898527,-0.90411323466570126,-0.88239798775997724,-0.5960292550582228,2.0182907374080843,-0.77815365740969311,-0.93824800763735328,-0.89630299646887568,-0.55939125292928138,1.6756657180643668,-0.59313750296166623,-0.8711307244704658,-0.87836795607980356,-0.70731391103457031,1.8352973277633269,-0.66860655334466346,-0.87908510968665432,-0.90300101614472994,-0.56481132512634469,1.8194928068159857,-0.62037691029696307,-0.89508027792924116,-0.7516308278482623,-0.67598694153356054,1.7854475395374321,-0.71359975739847192,-0.85460366388504938,-0.52540215712027649,-0.75235698269635509,1.8210975209908935,-0.57856030929095359,-0.87686942356128661,-0.92277194326209711,-0.63494593758870677,1.7439444278404315,-0.66810413228993437,-0.87884447460770165,-0.88694232279032048,-0.53275793761874757
UB0154,1.3080940546781499,-0.5564046825769301,-0.693175373774645,-1.0850476077020299,-0.77114938763981677,1.5489970349687374,-0.4908082425507887,-0.78186225633164097,-1.0693539468880155,-0.75918120979943338,1.4277136459494457,-0.60088987918313963,-0.60289161732093333,-1.0840467216671741,-0.815365087958415,1.4910757333606346,-0.52922347463897657,-0.7647954099334171,-1.1010693893368797,-0.71273376031802249,1.5249126511053608,-0.66938390363202649,-0.82588342864138975,-1.0161278601948907,-0.59937593991606175,1.5522400587493639,-0.61715407248740373,-0.74517048230553906,-0.90345748046641738,-0.76336355634974007,1.6554049271645863,-0.5417623332001843,-0.79131062196237434,-0.89764308145618876,-0.79767409568433456,1.6161652814189107,-0.6376239558752369,-0.74404839159356129,-0.90735904396133393,-0.71079309067846563,1.4260604642247248,-0.65865240403677561,-0.78387880076697025,-0.97004147027187648,-0.67749606281125052,1.5432273746187022,-0.60915418079330252,-0.75908088505431703,-0.96440330767662408,-0.74760963414079395,1.5206578254055005,-0.51746750858032431,-0.80616349164583179,-1.0121994808089316,-0.73035424905580937,1.4220450446269914,-0.59881164162534251,-0.63132150834099798,-1.0257804354977047,-0.81741332999890304,1.6717469279436719,-0.43593742533374791,-0.84294046738156292,-1.0728960784364514,-0.78993178206513248,1.542175974567755,-0.21723726950153846,-1.0313986717260155,-1.3989641632856671,-1.09496551662926
UB0156,2.2578022746115445,-0.5779297469120207,-0.87102184675127181,-1.1931559165515095,-0.54772890558904164,2.4086830239875776,-0.61756033183282966,-1.0125478806416026,-1.3207715813355887,-0.42739823850771641,2.1734532981973009,-0.48891442354864251,-0.63007768403121045,-1.0022863308056342,-0.99595035898798978,2.0471008426493831,-0.62232461185010945,-0.86803196861568555,-1.0773991979241466,-0.55216144416775226,2.5584911819503318,-0.83981905476506447,-1.1171228946433802,-1.3789534573382429,-0.33304300712734097,2.3326877303469953,-0.45388408941341712,-0.8350720867537238,-1.0989178705166223,-0.75209089449782796,2.4514899395942376,-0.58254609471890573,-0.85078735671464201,-0.9987857602678496,-0.68057513498504896,2.2577028313268999,-0.42016219782913111,-0.81173193270525368,-0.99773379483313329,-0.92629574331580355,2.398117866294438,-0.62777550639427382,-0.96546056595483309,-1.0271663188705775,-0.60027886432807509,2.4374680853031867,-0.66437967301217182,-0.99318289478254118,-1.0505382718084577,-0.50960763922251051,2.1615708354794103,-0.4937251126341094,-0.86712321241293433,-1.0508324205173178,-0.66955719757532794,2.1774499093302211,-0.54854153786423532,-0.63477087785640107,-0.90373483646937858,-1.0387767843654874,1.5017281610824575,-0.56262423314983867,-0.82694014951895967,-0.98884595525350194,-0.69105711688037541,2.1710531295963791,-0.67350573137942449,-0.92255193963300508,-1.1882849431804536,-0.44928573232287505
UB0158,2.4552035693205898,-0.71001470098760433,-0.69523393358765673,-1.1695488995177703,-0.68452097566136982,2.7542187991686733,-0.42638304791611192,-0.87881582763149457,-1.4012605041570017,-0.71165423793268079,2.1266237496634131,-0.71941816036563833,-0.57990091957865308,-0.8156203663205559,-0.92742535877278731,2.258980608203863,-0.81273750254077137,-0.85831866667007395,-0.98725565814558824,-0.52123515521166008,2.24505018729025,-0.66011254264130581,-0.72738726175704971,-0.9925077311792031,-0.72752339812396205,2.2386596601057778,-0.58494807234613944,-0.58347645139665849,-0.90932471891129152,-0.94259075732241637,2.3592131287351275,-0.54061023461357349,-0.63842121500120974,-0.90570654414932972,-1.0469932559628328,2.1529986614625094,-0.49551040372128152,-0.65431915540956409,-0.96976488178376075,-1.0353974011191975,2.3391137325583693,-0.65154879295120349,-0.777496671889363,-1.0567989318622477,-0.62751050858292257,2.348845162462025,-0.67173721786358387,-0.87041702900119877,-1.0982804262466068,-0.54520232641607047,2.2437930996027671,-0.90305850496240303,-1.1613879164514995,-1.1833596317175255,-0.36552199883859715,2.0365942986208361,-0.56653092570714103,-0.6365013324812282,-0.90276889872606836,-0.92914474806177261,2.5279695631610388,-0.65933865094480459,-1.0566516184244366,-1.3053120724867955,-0.4974803762865791,2.3361708813275643,-0.60253267430837476,-0.55641848460780352,-1.1285825998904411,-0.97540427893475434
UB0161,1.9785246110669163,-0.53430024817056376,-0.65983430840464741,-1.1672045876772681,-0.92456937918983384,1.9734937379267186,-0.5524994284901259,-0.65024617156148823,-1.1005831711303835,-0.96218145072520889,1.9033078186893575,-0.57869438491371628,-0.66018747077977469,-1.0805819582581739,-0.93683669209687825,1.9842827686287414,-0.72999310282847385,-0.74323461456655193,-1.1723569150074142,-0.73036724254575891,1.3093876439032988,-0.68877122339700136,-0.64536860051066824,-0.99160632426377626,-0.86122645483241389,2.0229153410297949,-0.58213970668872661,-0.64538391353284674,-1.1128725845317631,-0.85886132828384509,2.2938227394921711,-0.50393702046096278,-0.64461289268123534,-1.1242012513064379,-1.1371925617204481,2.3108437618001427,-0.52354212335782835,-0.63000434001213668,-1.0425481575889735,-1.0894898305998892,2.1034845179932788,-0.54270378162525645,-0.6387756624908083,-0.97035493427818853,-1.0266142767544451,2.0328361281032614,-0.68971491382606476,-0.73718472358099141,-0.94616743749558596,-0.71904392124201522,1.9647383465963657,-0.7427407080114109,-0.66453744419664318,-0.90500564379484383,-0.82309255285549465,1.8817386570380314,-0.56341920743310925,-0.64110007721458806,-1.0888592446173755,-0.95999478218718637,1.9826151265085075,-0.58905896171183658,-0.68304459699600617,-1.0013096126682042,-1.003291469913105,2.0582355467505824,-0.56127328391180731,-0.63805978983137468,-1.184728283198885,-0.8505444299303041
UB0162,1.6238328865766913,-0.47390763880864045,-0.66381455662343358,-0.96533459419563938,-1.0017662549169384,1.9467141987751868,-0.47778581093535416,-0.7114659663827505,-0.97030666521251896,-0.88815063998829347,1.038346803622052,-0.47256100128168299,-0.67673446510018065,-0.88462633301399574,-1.0507075738367613,1.1848882618614103,-0.6089728841751072,-0.64373152578091886,-0.78099942319993088,-0.94445833522880651,1.8903963721299799,-0.61897194598367933,-0.63786133997041838,-0.87932848059550917,-0.84018292652640159,2.0093996493405681,-0.57065543081397674,-0.62770897732279041,-0.76592994085069954,-1.0088466995185992,2.0750501216972999,-0.59395894676944638,-0.68417114192635076,-0.62317611103037285,-1.132540571574008,2.1271288915548769,-0.5583275384532721,-0.71764781296678115,-0.66060743570890001,-1.1494794204404586,2.1120487220861772,-0.61136586492184286,-0.67008375401168863,-0.6873263018147342,-1.0082723528283646,2.0427205264253523,-0.63785294933835501,-0.80791759554332188,-0.85855788513928177,-0.72391471740740743,1.8898311434860309,-0.69136866921463824,-0.74467480935363817,-0.89541637060918999,-0.66552600891337299,2.0069141367937777,-0.54209501781400904,-0.56605800825146546,-0.93137754619737889,-1.089059149259372,2.0127487341361476,-0.38374561158110648,-0.79707870888155952,-1.0779574348638226,-0.92684041519311255,1.7394931483951219,-0.44500681509958062,-0.73110554961505714,-1.005295638881442,-0.90673345125140214
UB0164,1.3627951323410552,-0.33239407860264958,-0.8213155213795682,-1.1998593278640863,-0.97791435988776232,2.4545616439413744,-0.1513791176152163,-0.96687289983044233,-1.6989389692917758,-1.6202922270029556,1.5002326374952764,-0.32778702274566351,-0.90922918745592207,-1.2102193366436889,-0.88448418896720926,1.4702822508252436,-0.31845790466347113,-0.89471115593803008,-1.2451922190945046,-0.90706372387828138,1.5177333088648293,-0.39193753892887184,-0.80885495287436104,-1.1300231706137627,-0.9000466167854726,1.5757041431973302,-0.43334648036415591,-0.70861446692108021,-1.0250760540915558,-1.0115574887303871,1.510852192347826,-0.38819234065698793,-0.7632688724171065,-1.0195861916122992,-1.015618206146232,1.5995908757918498,-0.43354054214532378,-0.72761275889795152,-0.98236657874624822,-1.0242880377359502,1.4753705618834534,-0.40698306267683249,-0.76815984014469052,-0.98891608057386771,-0.95009367114263932,1.4295125699640556,-0.38401599426041089,-0.830398585525702,-1.1148185819894296,-0.93036445316226102,1.554237881182174,-0.33375268452028894,-0.94832847798586672,-1.2131650885358405,-0.88637464903309304,1.7058043709239492,-0.32958057527064444,-0.87762353319831665,-1.239920543200699,-0.96875302422892062,1.8428563929399482,-0.30302511815398164,-0.89268071527241633,-1.3015726528348535,-0.91122510733692241,1.7273850862280544,-0.25873826210789252,-0.9223755669293161,-1.3308581209769534,-1.1188817107520912
UB0166,1.8376705138528742,-0.59602192877250204,-0.64682303190940504,-1.0374955976000213,-0.78172265197684976,1.9841772630557286,-0.59220659991510716,-0.84658142795292768,-1.1059282015930227,-0.5999188526095095,1.877826094835803,-0.60740214209153121,-0.60600582960638061,-0.97102114258357308,-0.924355212077002,1.7490862463151087,-0.56645522028008854,-0.76046454370866678,-0.98231526142922476,-0.73462277259431752,1.9599405677020998,-0.6091506187814415,-0.84318895738457689,-1.0352242900468913,-0.58063077553041054,2.0553310457509992,-0.59959504944343633,-0.74528475936146377,-0.96418183713929251,-0.69622984316844605,2.1536111317566524,-0.50463618601226656,-0.64135184706461179,-1.0094598913685213,-1.0012736586316509,2.1575301939343099,-0.55043193191959583,-0.67673720698358242,-0.92640349697980162,-1.0261420090472826,2.0198653988564881,-0.52481276084082262,-0.73275869749937017,-0.97821193834112274,-0.86346853072809315,1.828630931747532,-0.48064700736189425,-0.77323100120918953,-1.0640978462723569,-0.74863288480957269,1.7788677563088848,-0.49809095661379532,-0.75563552782353527,-0.98286162392080367,-0.80059823209051728,1.8462070848336376,-0.53330906865507111,-0.63917996383165043,-1.0166227424474541,-0.90712000088365219,1.9336709086630086,-0.51511738686522701,-0.78426347994291867,-1.0722331289499309,-0.69484510786167641,1.852819652359498,-0.45784108911006938,-0.70487113069136398,-1.0924386486283406,-0.86289716212194512
UB0168,2.0430283094067345,-0.59804239579236573,-0.68228858244514612,-0.94007765243402897,-0.84392711701012546,2.021670556364199,-0.46059099149001015,-0.76367211741744656,-1.0654300865812063,-0.87961384018193156,1.9728574327797554,-0.72206340560909887,-0.59339258918672766,-0.81445383017736783,-0.9712535750551855,1.8066316179335447,-0.60095290872209928,-0.74626283176955566,-0.98534209080280055,-0.74903543012100404,2.399774442190985,-0.97258877365660212,-1.0868554287578078,-1.0597671459149247,-0.39716051947190795,2.1589236037682649,-0.51716420483166448,-0.72533314588432751,-0.94100084711109,-0.89614881285044601,1.9359958929425249,-0.56801057639552699,-0.73643460808703121,-0.89263153409121099,-0.83811234151317948,2.0795155622087576,-0.44601155202092746,-0.7290965829700955,-1.0429255571656673,-1.0149466592278387,2.0368256362931545,-0.59418601996531373,-0.66882222678493441,-0.94110642375160714,-0.88234201490834152,2.2691680326608514,-0.8403468064254711,-0.90686603439365654,-1.0172493385929116,-0.47968552542887316,1.8831518635418631,-0.5662913665698639,-0.73492182866759093,-0.98087504879206855,-0.76423846838962928,2.0389235465810107,-0.6584880093104335,-0.67982175662649125,-0.87014844836498673,-0.86662295340208684,2.0627543903645664,-0.47919308059830945,-0.74919440313390817,-0.99659242650729363,-0.89910208393801039,2.0317254870120705,-0.53921908931335694,-0.72960566272544725,-0.95992912048902435,-0.8514217564455735
UB0169,1.8914254381292264,-0.64016807169777012,-0.61419996140471045,-0.92246173721460956,-0.80059815205809803,1.9065411017753051,-0.55080636723099441,-0.68491581115858313,-1.0029941384388636,-0.77868304789673615,1.8782561144601884,-0.69913000877363074,-0.64907521100975496,-0.91239487580330692,-0.71266795900270918,1.8744467579074686,-0.72630584677088028,-0.70461587313125773,-0.93425954525205035,-0.68757003120727744,1.8152856055266344,-0.69930416980319743,-0.77683726969282652,-0.83635031872777144,-0.64946512054493455,1.8438703475146054,-0.62049394680042247,-0.70924591335504616,-0.90686751724440451,-0.74806889926969444,2.0268308349323805,-0.70289948720838114,-0.67579179567265468,-0.83617459708410369,-0.71874215154539545,2.0925770490705826,-0.78190687317560026,-0.79087203150254004,-0.86824273274585417,-0.63385713013701239,1.8962590066313343,-0.70560550133201416,-0.69166703480935099,-0.83768903229716662,-0.74994465302568325,1.9642673202510545,-0.79357015662577879,-0.8051815034742601,-0.88326217508159632,-0.61284440669743656,1.7736029734018319,-0.71529107430385186,-0.68521641835924629,-0.81792327959363631,-0.69281767195497301,1.7361823289952887,-0.71326549296336106,-0.66481929220072877,-0.87495646331302324,-0.71995525908593039,1.8613062300189149,-0.5883716517441353,-0.66243025259840205,-0.9259190642046351,-0.76563547167739565,1.8546695857631732,-0.61523621037492515,-0.63448054247297669,-0.91638831562471834,-0.83672666964500186
UB0170,1.8923079884432052,-0.60637914442690888,-0.67440564504864886,-1.0577097104924733,-0.74230445300959969,1.9954665786436878,-0.41458023722787729,-0.83011726966153421,-1.201181628581856,-0.78964891360887268,1.9680408683292283,-0.65328337699001282,-0.51483917660113165,-0.97826715685668075,-0.95814954730388258,1.7145134338360271,-0.72902249500199146,-0.71717236896775072,-1.0474873204817299,-0.62352448112494252,2.0565028345118743,-0.75616509345992899,-0.90190504560928342,-1.1772842186582595,-0.49161503886954927,1.9072025824331573,-0.54101357290794327,-0.63258047746444213,-1.0455411472409124,-0.8836919831271759,2.0638447872014769,-0.61254456737411744,-0.58174041137017674,-0.93116898092035782,-0.92861642991923599,2.2412931078576781,-0.65085627561770432,-0.58490626050448391,-0.86274962599772409,-0.93902084616340986,1.9527571156571315,-0.58475411654006171,-0.72404727580892358,-0.90745187137909777,-0.80151911533191245,2.2046957675909313,-0.96586943957825588,-0.97781345981813717,-1.2097663980204709,-0.37613460931219006,1.8079791903115656,-0.66899122849720549,-0.68676003998043533,-0.98980384952210076,-0.60689383575818789,1.9898064427890425,-0.67040063229366864,-0.51978914811906785,-0.89532849605413989,-0.9457268140094981,1.9750379705195322,-0.4237434334732243,-0.73998796495784158,-1.1621363381912433,-0.81215259373455373,1.8319583914950863,-0.62156294841287207,-0.67445146715745752,-1.0255511986330177,-0.73583901205653923
UB0172,2.4634773222713227,-1.5344743431105199,-1.6748502941711578,-1.5852553238426332,-0.24849964151879209,1.7548591522409445,-0.57409718912550334,-0.90610436136755768,-0.91574822267994316,-0.59390739903633283,1.7729237172348813,-0.72294640660333975,-0.79439392182503044,-0.90063891965011256,-0.5610395828998519,1.7742470657163913,-0.64774558799783266,-0.9096202469474941,-0.9214210933888376,-0.5173369417132756,2.2034932495688149,-0.33477940111318022,-0.9312453676298873,-1.0958196208832907,-0.88260072455399663,1.8551309533632026,-0.66650487585979223,-0.78534187553890644,-0.82525327519901981,-0.72835061600838125,2.0347109026946928,-0.72478855186834834,-0.81093592722758956,-0.67807628711204093,-0.70378684995602014,1.9465890999872242,-0.61035603655662474,-0.79366168904625556,-0.67490859837846662,-0.79764793475012685,1.8176863091779492,-0.79206682875086742,-0.81267427138189263,-0.62676947015101314,-0.66322790984480473,1.7626350739709435,-0.73164708051086491,-0.8444713021577317,-0.80280327961987663,-0.56649936429562719,1.8271887291957953,-0.75510203040392732,-0.90694820387963526,-0.87834866973196757,-0.47709056911326297,1.0346373715911052,-0.7085438309504859,-0.8660755767900058,-0.82995901028828978,-0.57046389396502661,1.6836767429032538,-0.67239998649105437,-0.96410803616513563,-0.99335115116412998,-0.50153688855645095,1.7705173027357257,-0.6787262273354524,-0.93261372259693409,-0.96362846457066731,-0.51894023362523467
UB0173,1.9186735083417192,-0.48066820591210441,-0.72313986408768527,-1.1179574969449491,-0.84372892366592089,1.968818208253641,-0.4405617980198927,-0.75926822051874476,-1.0724791308449138,-0.79987507585869455,1.9495570580534241,-0.53552081999993018,-0.65971256023152769,-1.0339126166816073,-0.92429874401980194,1.7108683050515032,-0.58113085577880097,-0.80196004041689173,-1.0523558319825597,-0.60464045114726594,2.0589434102168664,-0.60991134782637302,-0.90360768607463848,-1.2089478978529709,-0.52330195306758565,1.8514682447597786,-0.51939739131303697,-0.68279430097217342,-1.0467763371406573,-0.82804389578924698,1.8868823650605555,-0.53157865734409937,-0.65909736784879813,-1.0067422886874418,-0.82449820958411935,1.9751853399107133,-0.55735452309796651,-0.71288594825887652,-0.98103179003457353,-0.81299415624716209,1.6368956134489183,-0.51459513655089595,-0.72907463517641291,-1.042213471389418,-0.78200923973463721,2.0721313994740642,-0.59465320603084837,-0.83297695303982644,-1.1079744999584509,-0.57713546730740306,2.0293348755603113,-0.48396174032922679,-0.80969380860261309,-1.120684562343859,-0.71022350676183021,1.4579005447723463,-0.59482136503858996,-0.7072018306787633,-1.0507838967210852,-0.7437980638627345,2.1798961980498652,-0.48366679077219876,-0.7908347095530236,-1.1484065545169686,-0.66345949249177549,1.6940463762578462,-0.48622028980871396,-0.75316712409812547,-1.1295871672195352,-0.81240879562998769
UB0176,1.6465737049323592,-0.7230923601617012,-0.74535460137306786,-0.93965235330358099,-0.6046119278969333,2.2035373796083828,-0.91196830501330739,-1.0792538191439256,-1.3184063304722164,-0.3620392883421415,1.4186577421079636,-0.73799742006177527,-0.78597947152483594,-0.9558050276807325,-0.59833191255402185,1.6995678591919212,-0.87168423888049296,-0.89721153383042784,-1.0584926298268,-0.43147470722577119,1.7305753343971029,-0.75020570589248703,-0.87367046722163266,-1.1578789857414165,-0.50442127909183454,1.791556667556814,-0.64942619012288527,-0.75126648691921905,-1.0476750199986378,-0.64697055374964907,1.935675782589666,-0.58384016328724819,-0.75816748070421047,-0.93101381837264863,-0.76881469485782072,1.6425967010883278,-0.71770490156586642,-0.75075375682135692,-0.96781924513577555,-0.62044897315004499,2.0720315437255112,-0.81553152346760083,-0.78611449519196819,-0.86450825674829357,-0.58910323006694354,1.6019443374720754,-0.71530731873355002,-0.75561581977473835,-0.98188623889010374,-0.62363391167851701,1.7972759614965048,-0.65961941040516481,-0.87450168310196974,-0.94008237940405037,-0.58842819832926396,1.7393352374043165,-0.56281582087356807,-0.68995570852519972,-0.88986058576646565,-0.82354111182560719,2.1386652099514474,-0.5152452428194505,-0.87726422974918272,-1.1942020324641931,-0.63292698612991205,1.9391210629990583,-0.51391274341160464,-0.74133926592640731,-1.0582643955119893,-0.75765575179296241
