family,repeat,outer_fold,participant_index,participant_id,y,p_m2,p_eeg,selected_C
E3,0,0,0,UB0004,0,0.2256611194773463,0.2763907577737695,0.1
E3,0,0,2,UB0020,0,0.7784282450556527,0.5615532105291026,0.1
E3,0,0,6,UB0028,1,0.3353120966323693,0.5536841946545391,0.1
E3,0,0,30,UB0066,0,0.1549590618908625,0.26175575731298084,0.1
E3,0,0,32,UB0071,0,0.3342810111300417,0.5367227702877042,0.1
E3,0,0,37,UB0077,1,0.1597334749925704,0.24102783775885891,0.1
E3,0,0,40,UB0080,0,0.1507720567076788,0.18506432614228305,0.1
E3,0,0,43,UB0084,0,0.4083049277398445,0.4400295276122608,0.1
E3,0,0,50,UB0098,0,0.7005500296619523,0.6590981178812491,0.1
E3,0,0,55,UB0104,0,0.287792971558423,0.39858494583114323,0.1
E3,0,0,61,UB0118,1,0.7473456843764951,0.6298961051062807,0.1
E3,0,0,62,UB0119,1,0.6766637342626709,0.5004552626453094,0.1
E3,0,0,71,UB0132,1,0.5592311644429999,0.5538357473182272,0.1
E3,0,0,73,UB0134,1,0.4247506769974693,0.5833471415202545,0.1
E3,0,0,76,UB0140,1,0.240702484740108,0.4273801948668674,0.1
E3,0,0,81,UB0150,1,0.0576021006964775,0.3488221006113383,0.1
E3,0,0,82,UB0153,0,0.185217264709096,0.3210681316163659,0.1
E3,0,0,84,UB0156,0,0.1545481232200769,0.35874459905386497,0.1
E3,0,0,87,UB0162,1,0.5051075249145299,0.5752239079899341,0.1
E3,0,0,93,UB0172,0,0.8115764459984803,0.5318595087266496,0.1
E3,0,1,3,UB0021,1,0.5429663414698436,0.44830814655866397,0.1
E3,0,1,12,UB0039,0,0.7905397768568694,0.5550700740850387,0.1
E3,0,1,17,UB0047,0,0.4852083495566413,0.39384908634713095,0.1
E3,0,1,19,UB0051,0,0.1659400373216837,0.33146820574136926,0.1
E3,0,1,20,UB0052,0,0.6424349595328291,0.5443675922302929,0.1
E3,0,1,23,UB0056,0,0.08945853836099,0.18922802136135616,0.1
E3,0,1,29,UB0065,0,0.1454645132488302,0.31682500345498776,0.1
E3,0,1,34,UB0073,1,0.4221828753647031,0.46149674053055934,0.1
E3,0,1,35,UB0074,1,0.5846082667710254,0.4839757077182575,0.1
E3,0,1,39,UB0079,0,0.2377948945405614,0.17379604068773988,0.1
E3,0,1,41,UB0081,0,0.4907068121588688,0.49200496521222886,0.1
E3,0,1,51,UB0099,1,0.7035695160494404,0.5425118989453904,0.1
E3,0,1,54,UB0103,0,0.2630528231045159,0.294200888681414,0.1
E3,0,1,74,UB0138,1,0.6321763255611003,0.40538925485873234,0.1
E3,0,1,86,UB0161,1,0.5879976174936372,0.8279056242087236,0.1
E3,0,1,88,UB0164,1,0.596022527109938,0.42355950158245054,0.1
E3,0,1,89,UB0166,1,0.6068827734657789,0.4633066589395257,0.1
E3,0,1,91,UB0169,0,0.1599816301202359,0.29617376632031395,0.1
E3,0,1,94,UB0173,0,0.745603418140505,0.49009195851064846,0.1
E3,0,2,4,UB0023,1,0.7508652754874393,0.5099281556800795,0.01
E3,0,2,5,UB0024,1,0.6676824370849442,0.48101676920114084,0.01
E3,0,2,8,UB0030,0,0.3650155710847864,0.40509056335033533,0.01
E3,0,2,14,UB0044,0,0.4567750433002163,0.4304407560461739,0.01
E3,0,2,15,UB0045,0,0.3717770885190901,0.4070750576512998,0.01
E3,0,2,18,UB0049,0,0.3881792197026259,0.4138044603061801,0.01
E3,0,2,24,UB0057,0,0.2394116273603677,0.29473962002792664,0.01
E3,0,2,25,UB0059,0,0.3042104835330888,0.3874556126541923,0.01
E3,0,2,31,UB0070,1,0.455617131099744,0.4683915949449797,0.01
E3,0,2,38,UB0078,1,0.2699984425969007,0.38328971467110107,0.01
E3,0,2,46,UB0087,1,0.532098502645143,0.44988972427430457,0.01
E3,0,2,59,UB0109,0,0.2560290166555124,0.3807942700221076,0.01
E3,0,2,63,UB0120,1,0.5115301239129367,0.43239587498332965,0.01
E3,0,2,64,UB0122,0,0.5160259835158223,0.4444853601031465,0.01
E3,0,2,66,UB0126,0,0.2648494922087273,0.3999276213703137,0.01
E3,0,2,79,UB0144,1,0.5125901354717106,0.45388254670600275,0.01
E3,0,2,85,UB0158,0,0.4772438254797219,0.45402623411648235,0.01
E3,0,2,90,UB0168,1,0.4901203736930681,0.45326495122563526,0.01
E3,0,2,95,UB0176,0,0.2381608564073407,0.3717906299494633,0.01
E3,0,3,1,UB0007,0,0.3487608518387793,0.31497513317088455,0.1
E3,0,3,7,UB0029,1,0.5568701189291542,0.5185815763047698,0.1
E3,0,3,9,UB0032,0,0.3771827045074985,0.38817668954444284,0.1
E3,0,3,10,UB0034,0,0.3621644657803949,0.3210771966709923,0.1
E3,0,3,11,UB0035,0,0.3832383475872344,0.2791467640798542,0.1
E3,0,3,13,UB0042,0,0.1862634156656013,0.15607487796051117,0.1
E3,0,3,16,UB0046,0,0.2056386386419076,0.04303639138103059,0.1
E3,0,3,21,UB0053,0,0.2830911980011436,0.27978684614833627,0.1
E3,0,3,26,UB0060,0,0.2717898478922515,0.24442346745863391,0.1
E3,0,3,33,UB0072,0,0.5588726397607632,0.5623737378253676,0.1
E3,0,3,52,UB0100,0,0.6666931947014934,0.6428442459683733,0.1
E3,0,3,53,UB0102,1,0.5053935593901657,0.45731519843157914,0.1
E3,0,3,57,UB0106,1,0.3946322298336906,0.335692940241656,0.1
E3,0,3,58,UB0107,1,0.3311359670679011,0.3198870505361341,0.1
E3,0,3,65,UB0124,1,0.6531456533747451,0.6230430692813594,0.1
E3,0,3,68,UB0128,1,0.9185360262013464,0.9359844177243772,0.1
E3,0,3,69,UB0129,1,0.5457679380522761,0.6072047803759548,0.1
E3,0,3,70,UB0131,0,0.299384111693429,0.26731315865851296,0.1
E3,0,3,78,UB0143,1,0.6188534558226305,0.6267718352608347,0.1
E3,0,4,22,UB0054,0,0.0588011020930355,0.2879842553935613,0.1
E3,0,4,27,UB0061,0,0.2260615343055715,0.2442677033002194,0.1
E3,0,4,28,UB0063,0,0.2214670345592399,0.2710858095455779,0.1
E3,0,4,36,UB0075,0,0.3052729492772495,0.48972342462520413,0.1
E3,0,4,42,UB0083,1,0.7730260962883218,0.5417960936115043,0.1
E3,0,4,44,UB0085,1,0.451200207007389,0.43912637690027484,0.1
E3,0,4,45,UB0086,1,0.6069555284978084,0.44170693519891524,0.1
E3,0,4,47,UB0089,0,0.1763720269565538,0.15328572864841963,0.1
E3,0,4,48,UB0090,0,0.4496867984186609,0.5270456533004476,0.1
E3,0,4,49,UB0091,1,0.642664554567336,0.7089154570306636,0.1
E3,0,4,56,UB0105,0,0.169491353429,0.258482419544593,0.1
E3,0,4,60,UB0115,1,0.2625498781676353,0.37120964953487695,0.1
E3,0,4,67,UB0127,1,0.4844676326246146,0.42096810463720363,0.1
E3,0,4,72,UB0133,0,0.4567342001749862,0.4419259387536175,0.1
E3,0,4,75,UB0139,0,0.6480304451046424,0.6048706276587976,0.1
E3,0,4,77,UB0142,1,0.1924052595286,0.8560813284656545,0.1
E3,0,4,80,UB0147,0,0.5996990990724704,0.4816847073867953,0.1
E3,0,4,83,UB0154,0,0.4332771357339756,0.40572242435092915,0.1
E3,0,4,92,UB0170,1,0.5136531184605609,0.4939588372561507,0.1
E3,1,0,3,UB0021,1,0.4778285872187442,0.4440891180436533,0.1
E3,1,0,13,UB0042,0,0.1497755823175612,0.1469312149175843,0.1
E3,1,0,14,UB0044,0,0.4035918561477127,0.40716546015365784,0.1
E3,1,0,18,UB0049,0,0.3068822681604117,0.31620625753425724,0.1
E3,1,0,22,UB0054,0,0.1956726290983943,0.13621768173148752,0.1
E3,1,0,27,UB0061,0,0.2981593737702404,0.2518867870451662,0.1
E3,1,0,32,UB0071,0,0.2857829605952174,0.401511494879129,0.1
E3,1,0,33,UB0072,0,0.5792922100378881,0.5946529782017245,0.1
E3,1,0,37,UB0077,1,0.2250986526294444,0.258215982001007,0.1
E3,1,0,41,UB0081,0,0.5102075721285912,0.4943291325857397,0.1
E3,1,0,43,UB0084,0,0.390477398384408,0.4408207051542742,0.1
E3,1,0,46,UB0087,1,0.5140092939902107,0.5301882093374408,0.1
E3,1,0,51,UB0099,1,0.5883769580169355,0.596715525175329,0.1
E3,1,0,55,UB0104,0,0.4328969520813348,0.3999618627407847,0.1
E3,1,0,65,UB0124,1,0.6488038703948541,0.6287755921351241,0.1
E3,1,0,66,UB0126,0,0.2909043691120053,0.2647052203170819,0.1
E3,1,0,73,UB0134,1,0.4128372670513287,0.5477417471817829,0.1
E3,1,0,76,UB0140,1,0.3606380772060714,0.4112719908247251,0.1
E3,1,0,81,UB0150,1,0.2266994743238032,0.39661550222623587,0.1
E3,1,0,90,UB0168,1,0.6056975251485593,0.5430612843158559,0.1
E3,1,1,4,UB0023,1,0.8324634918719892,0.5269382273620635,0.01
E3,1,1,5,UB0024,1,0.6639718102660521,0.4790563707225637,0.01
E3,1,1,7,UB0029,1,0.5047074056422075,0.43983699589676506,0.01
E3,1,1,9,UB0032,0,0.3407595582693495,0.3980512933824757,0.01
E3,1,1,10,UB0034,0,0.4376347470190824,0.4232888092519941,0.01
E3,1,1,21,UB0053,0,0.3127787753926965,0.407452441210299,0.01
E3,1,1,28,UB0063,0,0.3250737438887752,0.40408637444728773,0.01
E3,1,1,39,UB0079,0,0.2858960464912923,0.3876132976578676,0.01
E3,1,1,47,UB0089,0,0.2737817103529269,0.37638421639490444,0.01
E3,1,1,48,UB0090,0,0.4833529716685137,0.4343126058625638,0.01
E3,1,1,49,UB0091,1,0.5436249692800994,0.45442805029972444,0.01
E3,1,1,53,UB0102,1,0.4730439460884383,0.42508832206983793,0.01
E3,1,1,54,UB0103,0,0.3434452941930679,0.4140080091484425,0.01
E3,1,1,60,UB0115,1,0.3234886436898439,0.40076244204741024,0.01
E3,1,1,61,UB0118,1,0.5353750603765847,0.4665892390784563,0.01
E3,1,1,72,UB0133,0,0.4959729880728817,0.46164405979960493,0.01
E3,1,1,79,UB0144,1,0.5729620843558971,0.48171986681694157,0.01
E3,1,1,80,UB0147,0,0.5609795267114926,0.4561240326738915,0.01
E3,1,1,93,UB0172,0,0.6493012581773441,0.518801310211944,0.01
E3,1,2,0,UB0004,0,0.3098648390837293,0.2602515705820692,0.1
E3,1,2,6,UB0028,1,0.4669169642250954,0.5171007375236811,0.1
E3,1,2,15,UB0045,0,0.2597361518974903,0.1989925544683075,0.1
E3,1,2,24,UB0057,0,0.2388683222169014,0.037186872954315206,0.1
E3,1,2,26,UB0060,0,0.2959111254570666,0.2781514730570964,0.1
E3,1,2,29,UB0065,0,0.2920673695820021,0.3039747887104461,0.1
E3,1,2,40,UB0080,0,0.2437874642209089,0.20465328080696193,0.1
E3,1,2,42,UB0083,1,0.6611405518622404,0.5872577031212012,0.1
E3,1,2,45,UB0086,1,0.4575217216038082,0.4149277803426784,0.1
E3,1,2,50,UB0098,0,0.6313696333233325,0.6010334460018566,0.1
E3,1,2,52,UB0100,0,0.6918664014256242,0.6716330162636011,0.1
E3,1,2,57,UB0106,1,0.3248295085705133,0.25751290210805083,0.1
E3,1,2,68,UB0128,1,0.9335964817981354,0.9469970010629741,0.1
E3,1,2,74,UB0138,1,0.4921959890808156,0.4094635448571572,0.1
E3,1,2,75,UB0139,0,0.5748076962085537,0.6170950807797424,0.1
E3,1,2,83,UB0154,0,0.4334395239117784,0.3696063060756327,0.1
E3,1,2,84,UB0156,0,0.3585449846069981,0.3485200346892809,0.1
E3,1,2,87,UB0162,1,0.5821327432065823,0.7253574017795504,0.1
E3,1,2,88,UB0164,1,0.4229530825078404,0.39154204818854255,0.1
E3,1,3,1,UB0007,0,0.3313180788596655,0.06536150584316715,1.0
E3,1,3,8,UB0030,0,0.315410501498306,0.23825553407514816,1.0
E3,1,3,11,UB0035,0,0.3651123315635821,0.46470345099491145,1.0
E3,1,3,20,UB0052,0,0.5543518171105765,0.5295269782870815,1.0
E3,1,3,25,UB0059,0,0.3115059091152589,0.429018707005383,1.0
E3,1,3,30,UB0066,0,0.2748681502022738,0.17090724128288767,1.0
E3,1,3,34,UB0073,1,0.4830827315009039,0.310320235503081,1.0
E3,1,3,35,UB0074,1,0.4742212875273808,0.6336516295636341,1.0
E3,1,3,36,UB0075,0,0.3824487971805317,0.2924184691355926,1.0
E3,1,3,44,UB0085,1,0.4407108529958743,0.1969129444688043,1.0
E3,1,3,59,UB0109,0,0.2636518757631428,0.1873370350579085,1.0
E3,1,3,62,UB0119,1,0.5256808751617785,0.5377387467035583,1.0
E3,1,3,64,UB0122,0,0.4741748381719986,0.46785015817648073,1.0
E3,1,3,69,UB0129,1,0.5197190496021578,0.7635306591487773,1.0
E3,1,3,70,UB0131,0,0.3098695513849616,0.14976432042685364,1.0
E3,1,3,71,UB0132,1,0.5561638913786449,0.5025403603937513,1.0
E3,1,3,77,UB0142,1,0.3140293181214778,0.951101793937111,1.0
E3,1,3,92,UB0170,1,0.4781575277657579,0.5913225400507984,1.0
E3,1,3,95,UB0176,0,0.2490573820078902,0.2672981830639158,1.0
E3,1,4,2,UB0020,0,0.6499028599180303,0.5061694486302574,0.1
E3,1,4,12,UB0039,0,0.5658397472981597,0.4855644062383194,0.1
E3,1,4,16,UB0046,0,0.1806655925890295,0.05897607200613759,0.1
E3,1,4,17,UB0047,0,0.4338849437900091,0.4149574191000226,0.1
E3,1,4,19,UB0051,0,0.2152338216013456,0.2377339599119018,0.1
E3,1,4,23,UB0056,0,0.1484573989246238,0.15023233582979206,0.1
E3,1,4,31,UB0070,1,0.4539648788126084,0.6719248812724969,0.1
E3,1,4,38,UB0078,1,0.2475217333171607,0.2423451154992324,0.1
E3,1,4,56,UB0105,0,0.2401730542666783,0.2581082405564416,0.1
E3,1,4,58,UB0107,1,0.2818696728871875,0.2679676179002326,0.1
E3,1,4,63,UB0120,1,0.5163891371838162,0.4288611649252034,0.1
E3,1,4,67,UB0127,1,0.4045866122206893,0.3602521222691315,0.1
E3,1,4,78,UB0143,1,0.656698432384055,0.6358496863886207,0.1
E3,1,4,82,UB0153,0,0.2306293456912118,0.21916215677060383,0.1
E3,1,4,85,UB0158,0,0.5201937341284086,0.5736534920592264,0.1
E3,1,4,86,UB0161,1,0.5789701399451432,0.7563077884855013,0.1
E3,1,4,89,UB0166,1,0.5471174629731316,0.5333744663665788,0.1
E3,1,4,91,UB0169,0,0.2430858645615514,0.25905844031989944,0.1
E3,1,4,94,UB0173,0,0.6139089231735113,0.5586612332995593,0.1
E3,2,0,26,UB0060,0,0.2316579290019323,0.2931054600542562,0.1
E3,2,0,27,UB0061,0,0.3854202428615596,0.26374334070486627,0.1
E3,2,0,30,UB0066,0,0.1318295467089499,0.31548304233777896,0.1
E3,2,0,33,UB0072,0,0.6564005323490519,0.6039839177443761,0.1
E3,2,0,38,UB0078,1,0.2318781652943451,0.2508808365678153,0.1
E3,2,0,39,UB0079,0,0.283863931188961,0.3128113919691197,0.1
E3,2,0,40,UB0080,0,0.1357206860428674,0.14560455571564968,0.1
E3,2,0,42,UB0083,1,0.7342697366831493,0.5333490232342811,0.1
E3,2,0,45,UB0086,1,0.6407044763062979,0.3668451173965574,0.1
E3,2,0,53,UB0102,1,0.3936234074948922,0.47773576756328906,0.1
E3,2,0,54,UB0103,0,0.349539977422426,0.35039313784064896,0.1
E3,2,0,64,UB0122,0,0.6632217559315355,0.5013525764880644,0.1
E3,2,0,68,UB0128,1,0.9965684495170212,0.9507347364331937,0.1
E3,2,0,77,UB0142,1,0.2112728074471638,0.29180337167928466,0.1
E3,2,0,81,UB0150,1,0.0461804401168107,0.2843789950137056,0.1
E3,2,0,85,UB0158,0,0.5765873439044357,0.6546467591594831,0.1
E3,2,0,90,UB0168,1,0.7175560704116128,0.5972292121188264,0.1
E3,2,0,91,UB0169,0,0.1758649167895584,0.2944722273526458,0.1
E3,2,0,92,UB0170,1,0.441974741224043,0.45675430996355915,0.1
E3,2,0,93,UB0172,0,0.8164544452517519,0.6689242346680311,0.1
E3,2,1,6,UB0028,1,0.4740813829681553,0.43687090707370185,1.0
E3,2,1,8,UB0030,0,0.292832416818234,0.30352737472397223,1.0
E3,2,1,9,UB0032,0,0.3534548618978948,0.26195254032858606,1.0
E3,2,1,14,UB0044,0,0.4282365215268175,0.4696172822247202,1.0
E3,2,1,16,UB0046,0,0.1897507370855717,0.0004968067598707617,1.0
E3,2,1,23,UB0056,0,0.1623976369970251,0.06288201543599806,1.0
E3,2,1,32,UB0071,0,0.2878504505596891,0.7334365745686191,1.0
E3,2,1,34,UB0073,1,0.4963408574583778,0.41822109056858275,1.0
E3,2,1,36,UB0075,0,0.3734921866411231,0.3214666236110085,1.0
E3,2,1,37,UB0077,1,0.2455780463720601,0.18598949690169228,1.0
E3,2,1,50,UB0098,0,0.5994448090543042,0.6194667005196319,1.0
E3,2,1,52,UB0100,0,0.6950283403549614,0.8749140735220958,1.0
E3,2,1,59,UB0109,0,0.2343071998735059,0.24718797578217136,1.0
E3,2,1,61,UB0118,1,0.5876033921317878,0.903650771204093,1.0
E3,2,1,62,UB0119,1,0.5322815960757694,0.673576061189646,1.0
E3,2,1,65,UB0124,1,0.6626200255589545,0.8792796886933708,1.0
E3,2,1,73,UB0134,1,0.4256370337312521,0.9276081340741048,1.0
E3,2,1,79,UB0144,1,0.5115682605449082,0.7122828959080413,1.0
E3,2,1,94,UB0173,0,0.5965844718735919,0.5111461219662159,1.0
E3,2,2,0,UB0004,0,0.3050511400863586,0.2889570688310074,0.1
E3,2,2,2,UB0020,0,0.5988261700343859,0.5231821803747939,0.1
E3,2,2,5,UB0024,1,0.6687199333107303,0.6393501754212331,0.1
E3,2,2,15,UB0045,0,0.4093796647552122,0.3491363233309412,0.1
E3,2,2,17,UB0047,0,0.441482285783697,0.4645513867841127,0.1
E3,2,2,22,UB0054,0,0.1783000741261101,0.12522636111703445,0.1
E3,2,2,25,UB0059,0,0.3097076167488788,0.29100292653048976,0.1
E3,2,2,41,UB0081,0,0.5606118708144918,0.5683471069730269,0.1
E3,2,2,43,UB0084,0,0.4492964271443707,0.4712566109626429,0.1
E3,2,2,44,UB0085,1,0.4554174520931978,0.43389984029152445,0.1
E3,2,2,46,UB0087,1,0.5453179519289568,0.5587879719176527,0.1
E3,2,2,49,UB0091,1,0.5336503406822206,0.5108698112301604,0.1
E3,2,2,60,UB0115,1,0.3140024389435691,0.33762788391420556,0.1
E3,2,2,67,UB0127,1,0.4111886727309854,0.4761965383828191,0.1
E3,2,2,69,UB0129,1,0.54843575780242,0.6086025847542387,0.1
E3,2,2,80,UB0147,0,0.5563396787336633,0.5476956470650022,0.1
E3,2,2,82,UB0153,0,0.2804468007565628,0.2876109941534372,0.1
E3,2,2,83,UB0154,0,0.4828228635108121,0.4358270683875674,0.1
E3,2,2,87,UB0162,1,0.4969283874797403,0.5605418274173061,0.1
E3,2,3,3,UB0021,1,0.4719115659684528,0.42204623815666353,0.1
E3,2,3,10,UB0034,0,0.3435517406245206,0.3080185583035022,0.1
E3,2,3,12,UB0039,0,0.5253338803877609,0.4773516624836265,0.1
E3,2,3,13,UB0042,0,0.1974761228817526,0.17839664621057366,0.1
E3,2,3,18,UB0049,0,0.3678707040788509,0.3405479151951968,0.1
E3,2,3,19,UB0051,0,0.2550426087983587,0.2879312912912869,0.1
E3,2,3,28,UB0063,0,0.3140048951111071,0.293236885623011,0.1
E3,2,3,29,UB0065,0,0.3014235453830987,0.28174060677682394,0.1
E3,2,3,31,UB0070,1,0.4163203319931554,0.6187311640967003,0.1
E3,2,3,35,UB0074,1,0.4765579757901098,0.49874318400044854,0.1
E3,2,3,48,UB0090,0,0.3878771590186589,0.4430960418112359,0.1
E3,2,3,51,UB0099,1,0.559470844159277,0.5643021340528039,0.1
E3,2,3,55,UB0104,0,0.4478340577076486,0.45361457419373474,0.1
E3,2,3,71,UB0132,1,0.5746652873446588,0.5405528415515729,0.1
E3,2,3,74,UB0138,1,0.5057089996997247,0.45122145981064665,0.1
E3,2,3,75,UB0139,0,0.568741845246527,0.6059286384809708,0.1
E3,2,3,84,UB0156,0,0.3130471727415771,0.3075505168459727,0.1
E3,2,3,86,UB0161,1,0.8015021192087861,0.9322359698577566,0.1
E3,2,3,88,UB0164,1,0.4487927724655321,0.4178907638472944,0.1
E3,2,4,1,UB0007,0,0.3372380341359653,0.3222038552345306,0.1
E3,2,4,4,UB0023,1,0.8264927920425873,0.761613991144486,0.1
E3,2,4,7,UB0029,1,0.5356884961005612,0.49371885783845865,0.1
E3,2,4,11,UB0035,0,0.3522478984742802,0.2709419310668129,0.1
E3,2,4,20,UB0052,0,0.5485245077780317,0.5156588818311061,0.1
E3,2,4,21,UB0053,0,0.290560786435569,0.29179146977814874,0.1
E3,2,4,24,UB0057,0,0.2407531492698994,0.028420187096586776,0.1
E3,2,4,47,UB0089,0,0.241216825329018,0.18589182163325507,0.1
E3,2,4,56,UB0105,0,0.2830821188618171,0.27180129491156346,0.1
E3,2,4,57,UB0106,1,0.3599244715843233,0.3163774910020001,0.1
E3,2,4,58,UB0107,1,0.3406911104052475,0.3195656694447359,0.1
E3,2,4,63,UB0120,1,0.4715323280116159,0.3675940091787833,0.1
E3,2,4,66,UB0126,0,0.2946161823761456,0.2923541922758471,0.1
E3,2,4,70,UB0131,0,0.3189516351533021,0.2753999403136385,0.1
E3,2,4,72,UB0133,0,0.423279923924843,0.45177443500177245,0.1
E3,2,4,76,UB0140,1,0.3736470073066243,0.4801629619100699,0.1
E3,2,4,78,UB0143,1,0.623186996520645,0.6155553234632342,0.1
E3,2,4,89,UB0166,1,0.5093396563240806,0.46849076590146527,0.1
E3,2,4,95,UB0176,0,0.242178650647472,0.2128875644687629,0.1
E3,3,0,5,UB0024,1,0.5692577941414981,0.49921507551794314,0.01
E3,3,0,10,UB0034,0,0.3859837868558631,0.3866853328900156,0.01
E3,3,0,11,UB0035,0,0.3981335595143816,0.37535024234355746,0.01
E3,3,0,18,UB0049,0,0.3624518199250356,0.39841569342312466,0.01
E3,3,0,22,UB0054,0,0.1985682890082169,0.3504871191175694,0.01
E3,3,0,26,UB0060,0,0.2579069241578816,0.38506535773255357,0.01
E3,3,0,30,UB0066,0,0.2718271589094641,0.3752395666667585,0.01
E3,3,0,37,UB0077,1,0.2551614047861435,0.3714749910108252,0.01
E3,3,0,44,UB0085,1,0.4610540288425035,0.4402654784490325,0.01
E3,3,0,45,UB0086,1,0.4607973013763083,0.41768450558688,0.01
E3,3,0,51,UB0099,1,0.5240732260010496,0.453327594197075,0.01
E3,3,0,59,UB0109,0,0.2480968907245781,0.36663280672266474,0.01
E3,3,0,60,UB0115,1,0.2916364606539343,0.3895955935573512,0.01
E3,3,0,66,UB0126,0,0.2371483290750532,0.3927807944735936,0.01
E3,3,0,70,UB0131,0,0.2825510257933897,0.38783396238990075,0.01
E3,3,0,84,UB0156,0,0.2757473880182455,0.4047298188682575,0.01
E3,3,0,86,UB0161,1,0.5761461084372514,0.5336566865308224,0.01
E3,3,0,87,UB0162,1,0.5007823199237427,0.4716224688336835,0.01
E3,3,0,91,UB0169,0,0.2661786315964404,0.3944775981138512,0.01
E3,3,0,92,UB0170,1,0.4654281007522734,0.4273130910767901,0.01
E3,3,1,1,UB0007,0,0.4061045379973495,0.3913223200812197,0.1
E3,3,1,2,UB0020,0,0.6557057205977193,0.5832824838645013,0.1
E3,3,1,7,UB0029,1,0.6045923355393462,0.5503673723824123,0.1
E3,3,1,8,UB0030,0,0.3552882027081632,0.3884444046738922,0.1
E3,3,1,14,UB0044,0,0.4870713628761437,0.45573220008357174,0.1
E3,3,1,20,UB0052,0,0.6083272967211228,0.5651578636363382,0.1
E3,3,1,27,UB0061,0,0.2732553178883092,0.24296467397236887,0.1
E3,3,1,42,UB0083,1,0.6524183477470009,0.5705679604657157,0.1
E3,3,1,47,UB0089,0,0.2159867618082889,0.1586195827231976,0.1
E3,3,1,55,UB0104,0,0.4896697853670364,0.4545813998387556,0.1
E3,3,1,58,UB0107,1,0.2997817934710101,0.28555959678752824,0.1
E3,3,1,65,UB0124,1,0.6695555240741976,0.6322350511255007,0.1
E3,3,1,68,UB0128,1,0.9118471630804832,0.9041348767211771,0.1
E3,3,1,71,UB0132,1,0.6237160385041555,0.5857807256541104,0.1
E3,3,1,72,UB0133,0,0.4702821670025962,0.5142603863068151,0.1
E3,3,1,77,UB0142,1,0.2836895857372029,0.03835249945594006,0.1
E3,3,1,83,UB0154,0,0.4864497333951567,0.40346431023403984,0.1
E3,3,1,88,UB0164,1,0.4941228653951595,0.4883176667934483,0.1
E3,3,1,94,UB0173,0,0.6035202622966797,0.548065217873003,0.1
E3,3,2,0,UB0004,0,0.2756335053573217,0.2657976326602747,0.1
E3,3,2,17,UB0047,0,0.3688349024866118,0.40158353781031536,0.1
E3,3,2,19,UB0051,0,0.2278868120854442,0.2636315105149446,0.1
E3,3,2,24,UB0057,0,0.2233665992712377,0.03312367682168593,0.1
E3,3,2,32,UB0071,0,0.3431782065901398,0.6021539579337852,0.1
E3,3,2,33,UB0072,0,0.5959600891022897,0.6509753721130835,0.1
E3,3,2,38,UB0078,1,0.2341671800792161,0.2429262647197495,0.1
E3,3,2,41,UB0081,0,0.5922943312949426,0.6161646244404786,0.1
E3,3,2,46,UB0087,1,0.5450685882523881,0.6006854001970475,0.1
E3,3,2,48,UB0090,0,0.431916034791139,0.42077464709167706,0.1
E3,3,2,50,UB0098,0,0.692715473697999,0.6880516212104839,0.1
E3,3,2,53,UB0102,1,0.5024983388064385,0.3860108677367867,0.1
E3,3,2,61,UB0118,1,0.5514044986488728,0.6625413692608263,0.1
E3,3,2,62,UB0119,1,0.5711619449610166,0.5262710302682742,0.1
E3,3,2,67,UB0127,1,0.3997764023825417,0.2630856275439157,0.1
E3,3,2,79,UB0144,1,0.5185733700634526,0.5961602269151105,0.1
E3,3,2,82,UB0153,0,0.2824146884027431,0.28330915269198104,0.1
E3,3,2,90,UB0168,1,0.4896687266722359,0.5197712064192994,0.1
E3,3,2,93,UB0172,0,0.645734071982119,0.6155357004599643,0.1
E3,3,3,4,UB0023,1,0.7768610067421374,0.7187242185121325,0.1
E3,3,3,6,UB0028,1,0.4572913783356246,0.5394493726312694,0.1
E3,3,3,13,UB0042,0,0.1663140880547364,0.1351599818485145,0.1
E3,3,3,15,UB0045,0,0.2439491226685002,0.2930507014743662,0.1
E3,3,3,21,UB0053,0,0.3258029704883697,0.3368216099218755,0.1
E3,3,3,25,UB0059,0,0.3322732712609205,0.34757887891707717,0.1
E3,3,3,29,UB0065,0,0.2612739951324014,0.23053797146086455,0.1
E3,3,3,35,UB0074,1,0.4492013262624768,0.4714907303352329,0.1
E3,3,3,39,UB0079,0,0.3030834048825005,0.20052959836557321,0.1
E3,3,3,40,UB0080,0,0.259100430033278,0.2176691682723085,0.1
E3,3,3,43,UB0084,0,0.3880231387665218,0.39709430660631084,0.1
E3,3,3,49,UB0091,1,0.4563453177822518,0.5670317028107942,0.1
E3,3,3,56,UB0105,0,0.3078537483112382,0.28521287987469074,0.1
E3,3,3,73,UB0134,1,0.3992269039589165,0.4517316845150263,0.1
E3,3,3,75,UB0139,0,0.5652443187352425,0.5872363597624305,0.1
E3,3,3,76,UB0140,1,0.3432045575682452,0.40890623315882274,0.1
E3,3,3,78,UB0143,1,0.5864202534374617,0.5869163097654673,0.1
E3,3,3,81,UB0150,1,0.201822699827061,0.2464190657123329,0.1
E3,3,3,85,UB0158,0,0.481165181413549,0.5496094676865536,0.1
E3,3,4,3,UB0021,1,0.4893527293347056,0.41526778005248927,0.1
E3,3,4,9,UB0032,0,0.3243595957147972,0.3904149168607658,0.1
E3,3,4,12,UB0039,0,0.7788192998493794,0.5118436778940691,0.1
E3,3,4,16,UB0046,0,0.131472163834746,0.05297949159569688,0.1
E3,3,4,23,UB0056,0,0.0884057586821625,0.167690233365999,0.1
E3,3,4,28,UB0063,0,0.3117726907574123,0.3107318679283125,0.1
E3,3,4,31,UB0070,1,0.4165520178694728,0.5710062573040118,0.1
E3,3,4,34,UB0073,1,0.4292512182492752,0.3951728784945044,0.1
E3,3,4,36,UB0075,0,0.4104041351269975,0.4746777664083347,0.1
E3,3,4,52,UB0100,0,0.8619635026289206,0.6788630901692748,0.1
E3,3,4,54,UB0103,0,0.2736000570868256,0.29884209374335374,0.1
E3,3,4,57,UB0106,1,0.3008567821375717,0.2728391889630926,0.1
E3,3,4,63,UB0120,1,0.4974318082915645,0.37138889279330956,0.1
E3,3,4,64,UB0122,0,0.5263845482323158,0.4410539424632768,0.1
E3,3,4,69,UB0129,1,0.6119086432746091,0.6175208846368315,0.1
E3,3,4,74,UB0138,1,0.6337106383393121,0.4240571177851626,0.1
E3,3,4,80,UB0147,0,0.5665389535368484,0.48783521735138397,0.1
E3,3,4,89,UB0166,1,0.5693388434896641,0.46946176788975125,0.1
E3,3,4,95,UB0176,0,0.1517767878865623,0.2483959788890746,0.1
E3,4,0,1,UB0007,0,0.432759575357516,0.3915197142330844,0.1
E3,4,0,29,UB0065,0,0.3071372055704152,0.2778373326053581,0.1
E3,4,0,30,UB0066,0,0.3421221891681918,0.30729802639464354,0.1
E3,4,0,33,UB0072,0,0.6449269371941421,0.6702190683445628,0.1
E3,4,0,34,UB0073,1,0.490034185265487,0.4375619075303728,0.1
E3,4,0,35,UB0074,1,0.4664969888062463,0.4574283324889991,0.1
E3,4,0,44,UB0085,1,0.6245676555564441,0.5381876169855999,0.1
E3,4,0,46,UB0087,1,0.5331814530495369,0.5394150429349435,0.1
E3,4,0,50,UB0098,0,0.7121518791442705,0.6369155065546942,0.1
E3,4,0,53,UB0102,1,0.5043249735779008,0.522627757326894,0.1
E3,4,0,54,UB0103,0,0.4146456354224306,0.3724347162084475,0.1
E3,4,0,59,UB0109,0,0.2181945607334622,0.23620466005044283,0.1
E3,4,0,64,UB0122,0,0.6019480879678034,0.5476063261569671,0.1
E3,4,0,71,UB0132,1,0.5995143301125878,0.5502435417730459,0.1
E3,4,0,73,UB0134,1,0.418861950211316,0.5523872899382214,0.1
E3,4,0,80,UB0147,0,0.628174439857214,0.5831753382532527,0.1
E3,4,0,85,UB0158,0,0.5829934258337388,0.7032279889764058,0.1
E3,4,0,89,UB0166,1,0.5752344224996813,0.5299420253497672,0.1
E3,4,0,90,UB0168,1,0.6015946316106028,0.5552435934826976,0.1
E3,4,0,95,UB0176,0,0.2077784185776038,0.21487160913224304,0.1
E3,4,1,6,UB0028,1,0.3414939201728673,0.5175485333940123,0.1
E3,4,1,8,UB0030,0,0.2246783354243493,0.40157485827577133,0.1
E3,4,1,14,UB0044,0,0.4178447793092945,0.37504768399171234,0.1
E3,4,1,19,UB0051,0,0.1423221548017621,0.27374243990052866,0.1
E3,4,1,20,UB0052,0,0.5351816889990794,0.5046215080944223,0.1
E3,4,1,27,UB0061,0,0.3289856044872148,0.27960101615744026,0.1
E3,4,1,28,UB0063,0,0.2606602322305931,0.30730713960381645,0.1
E3,4,1,32,UB0071,0,0.2806008034512462,0.6312007149999722,0.1
E3,4,1,42,UB0083,1,0.7680565691821623,0.5780079921095982,0.1
E3,4,1,55,UB0104,0,0.3142836176403013,0.4331300527147632,0.1
E3,4,1,56,UB0105,0,0.2111923665663178,0.30364824856767936,0.1
E3,4,1,74,UB0138,1,0.6382880234713624,0.4620419727526173,0.1
E3,4,1,75,UB0139,0,0.6641004818036403,0.6753693055207408,0.1
E3,4,1,77,UB0142,1,0.2368932889286856,0.05418271346088021,0.1
E3,4,1,81,UB0150,1,0.1086352625438539,0.5422639292568939,0.1
E3,4,1,82,UB0153,0,0.183369761519818,0.26632495259800837,0.1
E3,4,1,87,UB0162,1,0.529291941162685,0.6870014957529279,0.1
E3,4,1,88,UB0164,1,0.5856974092902388,0.44113861237861396,0.1
E3,4,1,92,UB0170,1,0.462799757250601,0.43444456683094596,0.1
E3,4,2,0,UB0004,0,0.3403474919483162,0.2715789763465954,0.1
E3,4,2,4,UB0023,1,0.836838687736919,0.7891521587903146,0.1
E3,4,2,7,UB0029,1,0.4929269830323707,0.4486879740734451,0.1
E3,4,2,11,UB0035,0,0.3853803027315113,0.29460538738771835,0.1
E3,4,2,17,UB0047,0,0.370993465111758,0.37734359167620346,0.1
E3,4,2,21,UB0053,0,0.3113941573562349,0.2882372160440784,0.1
E3,4,2,22,UB0054,0,0.1889059206401834,0.10965067383744798,0.1
E3,4,2,25,UB0059,0,0.326365785011249,0.3449046403242228,0.1
E3,4,2,31,UB0070,1,0.4006579376801763,0.6371112152554531,0.1
E3,4,2,36,UB0075,0,0.4238281413855957,0.4421022444338811,0.1
E3,4,2,43,UB0084,0,0.398888257635674,0.46019313951357615,0.1
E3,4,2,47,UB0089,0,0.2649372160288267,0.2235766099101075,0.1
E3,4,2,57,UB0106,1,0.3732836982716147,0.32768470974358227,0.1
E3,4,2,60,UB0115,1,0.3424306970054189,0.31575117552093,0.1
E3,4,2,63,UB0120,1,0.4650224091536909,0.39911318447799066,0.1
E3,4,2,69,UB0129,1,0.518655589510702,0.5712917233049837,0.1
E3,4,2,70,UB0131,0,0.3077635395302764,0.2642477062858954,0.1
E3,4,2,78,UB0143,1,0.553207876287001,0.5396359180937871,0.1
E3,4,2,91,UB0169,0,0.3105640678831619,0.3054926441955296,0.1
E3,4,3,2,UB0020,0,0.8069278339026486,0.5735419663884598,0.1
E3,4,3,9,UB0032,0,0.4131752882273397,0.4858941130492941,0.1
E3,4,3,12,UB0039,0,0.8585246874297143,0.5944776645293148,0.1
E3,4,3,15,UB0045,0,0.2194604593770579,0.29778767834596975,0.1
E3,4,3,16,UB0046,0,0.1345986137882301,0.08808289680355517,0.1
E3,4,3,37,UB0077,1,0.1785951049309138,0.24854805951376,0.1
E3,4,3,40,UB0080,0,0.1971619341578044,0.20962905041442348,0.1
E3,4,3,45,UB0086,1,0.6671699783418941,0.4693077402592096,0.1
E3,4,3,51,UB0099,1,0.7357966780415884,0.6215287120187604,0.1
E3,4,3,52,UB0100,0,0.887405411146384,0.6929263094119904,0.1
E3,4,3,58,UB0107,1,0.2257281544157176,0.27794014338198225,0.1
E3,4,3,61,UB0118,1,0.7877716966835209,0.6601493346926964,0.1
E3,4,3,62,UB0119,1,0.6342040223975294,0.46842336478556196,0.1
E3,4,3,65,UB0124,1,0.8419072463840394,0.5989343348150569,0.1
E3,4,3,66,UB0126,0,0.2294096526317428,0.38853744516083705,0.1
E3,4,3,72,UB0133,0,0.357835830489091,0.41001832272517463,0.1
E3,4,3,79,UB0144,1,0.6200430692176244,0.5569868902027886,0.1
E3,4,3,83,UB0154,0,0.4122996147919114,0.40075277324517156,0.1
E3,4,3,84,UB0156,0,0.1409256601627084,0.30275912639552044,0.1
E3,4,4,3,UB0021,1,0.5004208807584519,0.44610469507129386,0.1
E3,4,4,5,UB0024,1,0.6957677935613629,0.7235115306452536,0.1
E3,4,4,10,UB0034,0,0.3945650143205535,0.40575741869484044,0.1
E3,4,4,13,UB0042,0,0.1761373094363006,0.12319135838840867,0.1
E3,4,4,18,UB0049,0,0.3781751322378612,0.3399388151550409,0.1
E3,4,4,23,UB0056,0,0.1959725828037538,0.23208888296262922,0.1
E3,4,4,24,UB0057,0,0.2176837815571315,0.02241514458283826,0.1
E3,4,4,26,UB0060,0,0.2411574179264126,0.2350605349121519,0.1
E3,4,4,38,UB0078,1,0.2628736029021049,0.22235829377498392,0.1
E3,4,4,39,UB0079,0,0.2482988362395572,0.11159859896389601,0.1
E3,4,4,41,UB0081,0,0.5487159116098402,0.540577004905693,0.1
E3,4,4,48,UB0090,0,0.4489125429054629,0.6025563452761076,0.1
E3,4,4,49,UB0091,1,0.5420923156158324,0.66506260592124,0.1
E3,4,4,67,UB0127,1,0.4528229959987119,0.7562681254636555,0.1
E3,4,4,68,UB0128,1,0.9413353420875948,0.9841861717712349,0.1
E3,4,4,76,UB0140,1,0.4071324588636272,0.6612177927864347,0.1
E3,4,4,86,UB0161,1,0.7867033316164879,0.970753010588587,0.1
E3,4,4,93,UB0172,0,0.6646630682215122,0.7612646288910093,0.1
E3,4,4,94,UB0173,0,0.565011461850151,0.4869636789644713,0.1
E3,5,0,4,UB0023,1,0.7319782480882453,0.6733641187526844,0.1
E3,5,0,12,UB0039,0,0.4523842397427808,0.4077130148725512,0.1
E3,5,0,19,UB0051,0,0.2736428128121811,0.28116351166638637,0.1
E3,5,0,21,UB0053,0,0.3217993305569193,0.3404703144263592,0.1
E3,5,0,24,UB0057,0,0.2547466639191772,0.06351326487015872,0.1
E3,5,0,29,UB0065,0,0.2737661584556966,0.2715350375225476,0.1
E3,5,0,30,UB0066,0,0.3208302978617133,0.2573277589752494,0.1
E3,5,0,31,UB0070,1,0.4171535887820927,0.6413262248877748,0.1
E3,5,0,32,UB0071,0,0.3539361585803461,0.5572046850198552,0.1
E3,5,0,42,UB0083,1,0.5875070886754129,0.532286370259252,0.1
E3,5,0,43,UB0084,0,0.4131149131156728,0.493107753939957,0.1
E3,5,0,45,UB0086,1,0.4667692123549142,0.4579725519341768,0.1
E3,5,0,70,UB0131,0,0.3315402340030705,0.27890291997583766,0.1
E3,5,0,79,UB0144,1,0.4883474931270965,0.4672975316189585,0.1
E3,5,0,84,UB0156,0,0.3425354668785196,0.34960473075047127,0.1
E3,5,0,86,UB0161,1,0.6949833016456101,0.8790974644815814,0.1
E3,5,0,87,UB0162,1,0.5117297246977967,0.6018996124462817,0.1
E3,5,0,90,UB0168,1,0.5280685148366063,0.5448127351448364,0.1
E3,5,0,92,UB0170,1,0.4752093372929236,0.46647292239076316,0.1
E3,5,0,95,UB0176,0,0.2439397685698584,0.24200681670172217,0.1
E3,5,1,11,UB0035,0,0.3236890546454346,0.3786154349643339,0.1
E3,5,1,16,UB0046,0,0.0553495797533439,0.016011937721128567,0.1
E3,5,1,20,UB0052,0,0.579501778781215,0.5762060522291935,0.1
E3,5,1,22,UB0054,0,0.0280303166827513,0.1988195418864454,0.1
E3,5,1,23,UB0056,0,0.0294585081535479,0.12422570353790562,0.1
E3,5,1,28,UB0063,0,0.1068583437159958,0.24996994019251506,0.1
E3,5,1,36,UB0075,0,0.1708746974935693,0.27882807569143064,0.1
E3,5,1,37,UB0077,1,0.0748580459692998,0.16111889785112476,0.1
E3,5,1,50,UB0098,0,0.752927774117844,0.6765639261023121,0.1
E3,5,1,52,UB0100,0,0.864978625918472,0.7162121525640929,0.1
E3,5,1,58,UB0107,1,0.1365629111925139,0.24154773496680138,0.1
E3,5,1,60,UB0115,1,0.1883047646407611,0.2901703839300226,0.1
E3,5,1,67,UB0127,1,0.3890441548574394,0.17857537563211978,0.1
E3,5,1,69,UB0129,1,0.6711280337352566,0.6546221802696323,0.1
E3,5,1,71,UB0132,1,0.6945908858541447,0.6081010184505028,0.1
E3,5,1,72,UB0133,0,0.4076949073000845,0.45804768982610067,0.1
E3,5,1,77,UB0142,1,0.0987804631063846,0.6240477311180977,0.1
E3,5,1,81,UB0150,1,0.0947255656929173,0.3563642856266736,0.1
E3,5,1,82,UB0153,0,0.0738085947532484,0.2129283923843943,0.1
E3,5,2,9,UB0032,0,0.3833292990597121,0.3682237636255509,0.1
E3,5,2,25,UB0059,0,0.3063913553898711,0.3166009670414188,0.1
E3,5,2,33,UB0072,0,0.5931560132607571,0.57096551957417,0.1
E3,5,2,34,UB0073,1,0.4861172723889065,0.5100433732267123,0.1
E3,5,2,35,UB0074,1,0.4729384195324124,0.5122861923047071,0.1
E3,5,2,38,UB0078,1,0.2688234779098435,0.23191357821133984,0.1
E3,5,2,39,UB0079,0,0.2661732670480617,0.2605665201158555,0.1
E3,5,2,44,UB0085,1,0.482446500488035,0.37028821506320825,0.1
E3,5,2,47,UB0089,0,0.2172737838539621,0.17917416425516156,0.1
E3,5,2,53,UB0102,1,0.5372871818858592,0.5428462415293136,0.1
E3,5,2,54,UB0103,0,0.3398949008793634,0.31296639023435263,0.1
E3,5,2,55,UB0104,0,0.4493667090530027,0.46134115762789224,0.1
E3,5,2,62,UB0119,1,0.5215476709035508,0.4375070137322297,0.1
E3,5,2,65,UB0124,1,0.6513130362429038,0.6028030268216682,0.1
E3,5,2,66,UB0126,0,0.3691530749231126,0.3534204505120643,0.1
E3,5,2,73,UB0134,1,0.4219742449183087,0.6633925151578888,0.1
E3,5,2,75,UB0139,0,0.5992376826159141,0.639396909244148,0.1
E3,5,2,85,UB0158,0,0.4931511828469621,0.6487891221621074,0.1
E3,5,2,93,UB0172,0,0.6228453319631345,0.7437015936651198,0.1
E3,5,3,2,UB0020,0,0.5802667176986391,0.45633463775167504,0.1
E3,5,3,6,UB0028,1,0.4095572886706414,0.4495318033881783,0.1
E3,5,3,8,UB0030,0,0.3535121719140421,0.3744061221206686,0.1
E3,5,3,13,UB0042,0,0.2255093613472985,0.1947230233320606,0.1
E3,5,3,15,UB0045,0,0.3764683396622406,0.3429340405809652,0.1
E3,5,3,18,UB0049,0,0.3731091124206537,0.3368020561379372,0.1
E3,5,3,26,UB0060,0,0.2706742833667445,0.27374868158587323,0.1
E3,5,3,48,UB0090,0,0.4633776703758635,0.5470911478904547,0.1
E3,5,3,49,UB0091,1,0.5371030519865995,0.6268043983802172,0.1
E3,5,3,51,UB0099,1,0.5296907215000958,0.5071659600885762,0.1
E3,5,3,56,UB0105,0,0.2926504022494876,0.2650664963772773,0.1
E3,5,3,59,UB0109,0,0.2958459647397619,0.2961613796718816,0.1
E3,5,3,61,UB0118,1,0.529310690922255,0.5737459292135022,0.1
E3,5,3,68,UB0128,1,0.9227418266610556,0.9306510205571072,0.1
E3,5,3,74,UB0138,1,0.5424357361643241,0.4952698834513624,0.1
E3,5,3,78,UB0143,1,0.5495289765415629,0.5351179789717129,0.1
E3,5,3,83,UB0154,0,0.4460732735861296,0.3801526071342973,0.1
E3,5,3,89,UB0166,1,0.5172768598996123,0.48037894224956407,0.1
E3,5,3,91,UB0169,0,0.2967152643211986,0.25646253780728334,0.1
E3,5,4,0,UB0004,0,0.3167073721976298,0.38926764896541793,0.01
E3,5,4,1,UB0007,0,0.3370752583741636,0.42183128663391783,0.01
E3,5,4,3,UB0021,1,0.5193631101874383,0.44218023055831435,0.01
E3,5,4,5,UB0024,1,0.693069827154382,0.4872990586241715,0.01
E3,5,4,7,UB0029,1,0.5513098099700704,0.4614254340399213,0.01
E3,5,4,10,UB0034,0,0.3270813532710678,0.38489505348241443,0.01
E3,5,4,14,UB0044,0,0.4089137824223725,0.4166564170252294,0.01
E3,5,4,17,UB0047,0,0.3743101048819633,0.4094323354895669,0.01
E3,5,4,27,UB0061,0,0.306489349379267,0.3910693009920258,0.01
E3,5,4,40,UB0080,0,0.2458185289906787,0.36960424379009343,0.01
E3,5,4,41,UB0081,0,0.5544318377981303,0.4574789196654958,0.01
E3,5,4,46,UB0087,1,0.535743882992817,0.4499145946938077,0.01
E3,5,4,57,UB0106,1,0.3513815771470968,0.3841343462381607,0.01
E3,5,4,63,UB0120,1,0.4984664200161047,0.43051017960154914,0.01
E3,5,4,64,UB0122,0,0.5455670644966824,0.4552296387478289,0.01
E3,5,4,76,UB0140,1,0.3857581812362044,0.42399946823004375,0.01
E3,5,4,80,UB0147,0,0.588704804131988,0.4709799202595493,0.01
E3,5,4,88,UB0164,1,0.4545380674988667,0.42541285736841633,0.01
E3,5,4,94,UB0173,0,0.6176189794864627,0.46094254362095877,0.01
E3,6,0,2,UB0020,0,0.574441164977746,0.4340042792050248,0.01
E3,6,0,3,UB0021,1,0.4612200870870212,0.42276748727353775,0.01
E3,6,0,7,UB0029,1,0.4976183838563497,0.43444399082094726,0.01
E3,6,0,13,UB0042,0,0.1928563548577504,0.3381271516575838,0.01
E3,6,0,23,UB0056,0,0.2117688204645694,0.3556223849580856,0.01
E3,6,0,27,UB0061,0,0.3216323464751297,0.3854966836905708,0.01
E3,6,0,32,UB0071,0,0.3573777495344117,0.46729373783744954,0.01
E3,6,0,41,UB0081,0,0.5155822731979794,0.45785387374778824,0.01
E3,6,0,47,UB0089,0,0.2581311886190076,0.3522206668330608,0.01
E3,6,0,54,UB0103,0,0.3639573521623734,0.4053328105856696,0.01
E3,6,0,60,UB0115,1,0.3517022287641855,0.4007531333050057,0.01
E3,6,0,63,UB0120,1,0.4713203105365009,0.42205928315286084,0.01
E3,6,0,69,UB0129,1,0.5233403221409543,0.45066623759153174,0.01
E3,6,0,70,UB0131,0,0.3068768074138446,0.38978401918258027,0.01
E3,6,0,79,UB0144,1,0.5129925631368674,0.44715166612186047,0.01
E3,6,0,82,UB0153,0,0.3045704372594019,0.3853420175749924,0.01
E3,6,0,86,UB0161,1,0.8292008967453972,0.5928996702118198,0.01
E3,6,0,89,UB0166,1,0.4986579853058794,0.43256159502025626,0.01
E3,6,0,91,UB0169,0,0.3181661260377144,0.4132771261160252,0.01
E3,6,0,92,UB0170,1,0.4444310809976177,0.4181053727298822,0.01
E3,6,1,1,UB0007,0,0.3411850656458846,0.33853614740281596,0.1
E3,6,1,10,UB0034,0,0.3664015380331971,0.29618984087124106,0.1
E3,6,1,17,UB0047,0,0.4307490274788237,0.4374639450569136,0.1
E3,6,1,24,UB0057,0,0.2364416291616527,0.04362738363661344,0.1
E3,6,1,30,UB0066,0,0.2637064493048218,0.26604572502462376,0.1
E3,6,1,44,UB0085,1,0.4516647777025576,0.3814575268142663,0.1
E3,6,1,56,UB0105,0,0.2616769454068086,0.26645531538010686,0.1
E3,6,1,57,UB0106,1,0.3840117199960753,0.3414052886104165,0.1
E3,6,1,59,UB0109,0,0.2459307765143934,0.26125949820829875,0.1
E3,6,1,61,UB0118,1,0.5469138703085565,0.6358725405830636,0.1
E3,6,1,62,UB0119,1,0.5465030231484195,0.5031167453409636,0.1
E3,6,1,64,UB0122,0,0.4864276980855554,0.4543458892661967,0.1
E3,6,1,66,UB0126,0,0.2838182419574509,0.2940933755780956,0.1
E3,6,1,68,UB0128,1,0.9005507263144517,0.902486144106676,0.1
E3,6,1,72,UB0133,0,0.4382685256306323,0.47995149339847054,0.1
E3,6,1,77,UB0142,1,0.2946662564973965,0.08869594228251887,0.1
E3,6,1,83,UB0154,0,0.4598574067522189,0.38443227479435915,0.1
E3,6,1,88,UB0164,1,0.4550923519419468,0.44287320719064804,0.1
E3,6,1,90,UB0168,1,0.5421441736824063,0.5530823292747244,0.1
E3,6,2,0,UB0004,0,0.3079837649009327,0.39237458480304815,0.01
E3,6,2,5,UB0024,1,0.7206275696058889,0.5102534002471809,0.01
E3,6,2,11,UB0035,0,0.3257944007832962,0.3685949301438208,0.01
E3,6,2,14,UB0044,0,0.3990564159838843,0.4153660063508851,0.01
E3,6,2,25,UB0059,0,0.3239523339307812,0.38937942789930696,0.01
E3,6,2,28,UB0063,0,0.3223536151547004,0.3997291776764184,0.01
E3,6,2,34,UB0073,1,0.4864156685830259,0.42527225797709595,0.01
E3,6,2,35,UB0074,1,0.4718321303315922,0.43242852595139514,0.01
E3,6,2,40,UB0080,0,0.2532587395218221,0.3715659711642915,0.01
E3,6,2,42,UB0083,1,0.6299282943931924,0.4723683142538577,0.01
E3,6,2,45,UB0086,1,0.4705629590527784,0.4239118427927443,0.01
E3,6,2,49,UB0091,1,0.465989762002658,0.4168694268478126,0.01
E3,6,2,50,UB0098,0,0.6147679075960486,0.49744200575169617,0.01
E3,6,2,71,UB0132,1,0.5611857897983829,0.4770260264928594,0.01
E3,6,2,75,UB0139,0,0.572960128352709,0.47531135042816813,0.01
E3,6,2,76,UB0140,1,0.3775264670346598,0.42137111410459166,0.01
E3,6,2,80,UB0147,0,0.591055094665474,0.46929866069641896,0.01
E3,6,2,94,UB0173,0,0.6257678634721808,0.4638940282764213,0.01
E3,6,2,95,UB0176,0,0.238411492817461,0.3663945334761636,0.01
E3,6,3,15,UB0045,0,0.1992877364770333,0.07251044966320445,1.0
E3,6,3,18,UB0049,0,0.2406038449666699,0.19883922753010683,1.0
E3,6,3,20,UB0052,0,0.5903158454187614,0.6577766774716692,1.0
E3,6,3,21,UB0053,0,0.1719354605879386,0.22009197024776292,1.0
E3,6,3,29,UB0065,0,0.0842205914922577,0.056071135419997836,1.0
E3,6,3,31,UB0070,1,0.4558100293859695,0.8979975069829198,1.0
E3,6,3,37,UB0077,1,0.1329032962830651,0.10285986366332792,1.0
E3,6,3,38,UB0078,1,0.1604665402405367,0.11913067546289663,1.0
E3,6,3,39,UB0079,0,0.1499416556056482,0.03371117076864449,1.0
E3,6,3,43,UB0084,0,0.4449277670003021,0.23965095425671057,1.0
E3,6,3,46,UB0087,1,0.632685366543375,0.8245427204652618,1.0
E3,6,3,48,UB0090,0,0.3236616606229282,0.6179595897348072,1.0
E3,6,3,52,UB0100,0,0.8485495686629717,0.8987668854911609,1.0
E3,6,3,55,UB0104,0,0.3855045563327503,0.4981742376646238,1.0
E3,6,3,65,UB0124,1,0.843693331985126,0.8828155192643671,1.0
E3,6,3,67,UB0127,1,0.4671915659511261,0.2697607493905037,1.0
E3,6,3,81,UB0150,1,0.1234318014386766,0.19113125804016037,1.0
E3,6,3,84,UB0156,0,0.1319689940045943,0.11367923583035511,1.0
E3,6,3,87,UB0162,1,0.6582605752032717,0.8841588073037676,1.0
E3,6,4,4,UB0023,1,0.9778829801714956,0.7726734484056161,0.1
E3,6,4,6,UB0028,1,0.3549398219011077,0.5863058248718664,0.1
E3,6,4,8,UB0030,0,0.2680888315535365,0.3443429472528331,0.1
E3,6,4,9,UB0032,0,0.2567799842378807,0.3532773538652265,0.1
E3,6,4,12,UB0039,0,0.7875852224254776,0.49231838767967084,0.1
E3,6,4,16,UB0046,0,0.1604430236988083,0.09026177328719201,0.1
E3,6,4,19,UB0051,0,0.1378747087608073,0.25167271440627814,0.1
E3,6,4,22,UB0054,0,0.0474619075532608,0.14237863655127064,0.1
E3,6,4,26,UB0060,0,0.1779706750331895,0.2578960379005866,0.1
E3,6,4,33,UB0072,0,0.6298583988884828,0.5629491307824694,0.1
E3,6,4,36,UB0075,0,0.3004075208712447,0.4686208801422372,0.1
E3,6,4,51,UB0099,1,0.6571559561492653,0.5699639624426843,0.1
E3,6,4,53,UB0102,1,0.5357966042515809,0.5115377523294214,0.1
E3,6,4,58,UB0107,1,0.2818765969706542,0.2959722307143864,0.1
E3,6,4,73,UB0134,1,0.5143101369106896,0.6634067879283139,0.1
E3,6,4,74,UB0138,1,0.6747092382314671,0.43699410044858283,0.1
E3,6,4,78,UB0143,1,0.6140827292977874,0.5934551541346549,0.1
E3,6,4,85,UB0158,0,0.4328558798781503,0.64508154406592,0.1
E3,6,4,93,UB0172,0,0.785687642329836,0.6081265374787753,0.1
E3,7,0,5,UB0024,1,0.7091708476210719,0.6262011001388325,0.1
E3,7,0,6,UB0028,1,0.1663946627500209,0.4416287489831356,0.1
E3,7,0,12,UB0039,0,0.8289232194549215,0.5720123138726512,0.1
E3,7,0,15,UB0045,0,0.2573506788397332,0.2945625832046694,0.1
E3,7,0,22,UB0054,0,0.0329533598784611,0.08283725954435704,0.1
E3,7,0,24,UB0057,0,0.1065223555645715,0.07976627006617623,0.1
E3,7,0,31,UB0070,1,0.4998656004814441,0.7448505681100446,0.1
E3,7,0,35,UB0074,1,0.6078127411404934,0.49929630228337424,0.1
E3,7,0,37,UB0077,1,0.2391698050688754,0.2483707911456179,0.1
E3,7,0,41,UB0081,0,0.5285554544796544,0.4895513330682231,0.1
E3,7,0,43,UB0084,0,0.4198091637840697,0.5103121828556513,0.1
E3,7,0,44,UB0085,1,0.1974054734435498,0.34209867996022664,0.1
E3,7,0,54,UB0103,0,0.2196078750778597,0.28356690561124526,0.1
E3,7,0,56,UB0105,0,0.1626060241752891,0.2639717317204366,0.1
E3,7,0,62,UB0119,1,0.6839437019475891,0.45532504827095194,0.1
E3,7,0,68,UB0128,1,0.9905166786566976,0.9371001993836323,0.1
E3,7,0,92,UB0170,1,0.6149457387918393,0.5204817524432926,0.1
E3,7,0,93,UB0172,0,0.7695969277744242,0.725857207846134,0.1
E3,7,0,94,UB0173,0,0.7507511209608874,0.5220867953411175,0.1
E3,7,0,95,UB0176,0,0.1230399657035705,0.22091556629619896,0.1
E3,7,1,1,UB0007,0,0.3703621167767227,0.34061247519733207,0.1
E3,7,1,2,UB0020,0,0.6296566050785373,0.5314732563039641,0.1
E3,7,1,3,UB0021,1,0.4857535867811861,0.448740947920721,0.1
E3,7,1,13,UB0042,0,0.1428944197561081,0.12642575042191798,0.1
E3,7,1,14,UB0044,0,0.4089783960364575,0.39420242542602657,0.1
E3,7,1,20,UB0052,0,0.551557762893877,0.5350795652326661,0.1
E3,7,1,21,UB0053,0,0.2523498391731995,0.2529202023395762,0.1
E3,7,1,23,UB0056,0,0.150736137075267,0.15777021798708207,0.1
E3,7,1,25,UB0059,0,0.2619598561485413,0.24041313728590402,0.1
E3,7,1,32,UB0071,0,0.2808641586427549,0.40234099524469497,0.1
E3,7,1,38,UB0078,1,0.2396258778671213,0.22135411822780413,0.1
E3,7,1,58,UB0107,1,0.2949997703867141,0.26749264274346907,0.1
E3,7,1,60,UB0115,1,0.3022255952799069,0.285012853793355,0.1
E3,7,1,69,UB0129,1,0.5564190692449766,0.5550982271414379,0.1
E3,7,1,70,UB0131,0,0.2769728866913608,0.24212858464941955,0.1
E3,7,1,72,UB0133,0,0.4357430005411066,0.4514371390867246,0.1
E3,7,1,79,UB0144,1,0.5404600669671783,0.575216650820506,0.1
E3,7,1,81,UB0150,1,0.2568444375814108,0.38408576806992434,0.1
E3,7,1,87,UB0162,1,0.5822134735426147,0.6280754936033537,0.1
E3,7,2,9,UB0032,0,0.4018300964972124,0.4051038817864721,0.1
E3,7,2,10,UB0034,0,0.3402237870616045,0.3355443600775387,0.1
E3,7,2,18,UB0049,0,0.3729808589569814,0.3629590996636618,0.1
E3,7,2,28,UB0063,0,0.2964384027511518,0.30905551451432833,0.1
E3,7,2,29,UB0065,0,0.3288091686607883,0.3096943593175952,0.1
E3,7,2,33,UB0072,0,0.5591434725220262,0.6035124882699282,0.1
E3,7,2,39,UB0079,0,0.2741429907569537,0.090099713101843,0.1
E3,7,2,46,UB0087,1,0.5261676867261603,0.5857953798968375,0.1
E3,7,2,50,UB0098,0,0.6346573276587842,0.6178435754779773,0.1
E3,7,2,51,UB0099,1,0.5770627942845515,0.5583048798846981,0.1
E3,7,2,52,UB0100,0,0.6903210632436244,0.696579344812793,0.1
E3,7,2,53,UB0102,1,0.5048797828025413,0.3968998147461724,0.1
E3,7,2,59,UB0109,0,0.2393242934198154,0.24778865784936202,0.1
E3,7,2,63,UB0120,1,0.4936750569478152,0.3771009065729731,0.1
E3,7,2,65,UB0124,1,0.6296297336796861,0.6367658871769831,0.1
E3,7,2,67,UB0127,1,0.4372873024289802,0.3277580068580754,0.1
E3,7,2,85,UB0158,0,0.4997871415905146,0.5074422386315384,0.1
E3,7,2,88,UB0164,1,0.453369778090873,0.4469798109373429,0.1
E3,7,2,89,UB0166,1,0.5061026563366862,0.5058128433376997,0.1
E3,7,3,0,UB0004,0,0.2583913630049162,0.31204383337390096,0.1
E3,7,3,4,UB0023,1,0.8962532944372172,0.657092421636271,0.1
E3,7,3,7,UB0029,1,0.4288419352357598,0.4313841980940899,0.1
E3,7,3,19,UB0051,0,0.1504296252034371,0.2853627774501733,0.1
E3,7,3,34,UB0073,1,0.6375989946633263,0.49904825566548416,0.1
E3,7,3,40,UB0080,0,0.1870047763521634,0.20039631206869335,0.1
E3,7,3,48,UB0090,0,0.4373301152854155,0.5841657274584007,0.1
E3,7,3,55,UB0104,0,0.3748994060894058,0.43008779702382555,0.1
E3,7,3,61,UB0118,1,0.6834285218449759,0.5970864939073545,0.1
E3,7,3,64,UB0122,0,0.6334096769622545,0.5024576039719896,0.1
E3,7,3,66,UB0126,0,0.0464697001673076,0.1691824006384946,0.1
E3,7,3,71,UB0132,1,0.4724466502567379,0.4583369269450743,0.1
E3,7,3,75,UB0139,0,0.6360425488127252,0.5623887795782573,0.1
E3,7,3,77,UB0142,1,0.2446241686303632,0.5363577320571161,0.1
E3,7,3,78,UB0143,1,0.447051249804766,0.49518769938516727,0.1
E3,7,3,83,UB0154,0,0.3974434338417842,0.38708567299007723,0.1
E3,7,3,84,UB0156,0,0.1281666242328192,0.2934379260635974,0.1
E3,7,3,90,UB0168,1,0.417401012771272,0.42760092180161474,0.1
E3,7,3,91,UB0169,0,0.1842724265114757,0.30202588537611197,0.1
E3,7,4,8,UB0030,0,0.2640545715375345,0.2794666212071942,0.1
E3,7,4,11,UB0035,0,0.3003273215908086,0.29638575408578177,0.1
E3,7,4,16,UB0046,0,0.1925475686960332,0.056210483786614834,0.1
E3,7,4,17,UB0047,0,0.3318573955844341,0.3364335151916443,0.1
E3,7,4,26,UB0060,0,0.3283311175458142,0.3305058645565557,0.1
E3,7,4,27,UB0061,0,0.3277054623790531,0.2692461964672587,0.1
E3,7,4,30,UB0066,0,0.3383531255776157,0.28542046797012943,0.1
E3,7,4,36,UB0075,0,0.4105576243844312,0.44235959211955184,0.1
E3,7,4,42,UB0083,1,0.5868404727126721,0.5442586341744853,0.1
E3,7,4,45,UB0086,1,0.4222668740936817,0.37893899901449124,0.1
E3,7,4,47,UB0089,0,0.2215831910871231,0.16961154190274755,0.1
E3,7,4,49,UB0091,1,0.4303862890115181,0.4909205601272515,0.1
E3,7,4,57,UB0106,1,0.3159284677387045,0.2782863301559706,0.1
E3,7,4,73,UB0134,1,0.3944848588419753,0.5763282729463478,0.1
E3,7,4,74,UB0138,1,0.4492623921623531,0.41264564200017534,0.1
E3,7,4,76,UB0140,1,0.3592331910708888,0.4788734088494727,0.1
E3,7,4,80,UB0147,0,0.5738034822260027,0.5296443652444931,0.1
E3,7,4,82,UB0153,0,0.30210264839322,0.3055467012405276,0.1
E3,7,4,86,UB0161,1,0.6260239950831681,0.7779752199978645,0.1
E3,8,0,16,UB0046,0,0.1174406722635383,0.04812445371601179,0.1
E3,8,0,18,UB0049,0,0.2467287023477102,0.3059806552734576,0.1
E3,8,0,36,UB0075,0,0.3632117237398048,0.2754977465290699,0.1
E3,8,0,40,UB0080,0,0.1718196852016291,0.21184004546840823,0.1
E3,8,0,49,UB0091,1,0.6035626688415384,0.5093298743772798,0.1
E3,8,0,53,UB0102,1,0.5075646150693136,0.4760785944736473,0.1
E3,8,0,55,UB0104,0,0.3853357453821895,0.41659775132089477,0.1
E3,8,0,56,UB0105,0,0.1996716275360841,0.28930789828035175,0.1
E3,8,0,57,UB0106,1,0.3846549569741472,0.2557636357812601,0.1
E3,8,0,62,UB0119,1,0.6469776811938887,0.4967732631845728,0.1
E3,8,0,65,UB0124,1,0.806926393416857,0.5949908751286462,0.1
E3,8,0,72,UB0133,0,0.4357200130771539,0.44302017096221036,0.1
E3,8,0,75,UB0139,0,0.6480757980733297,0.5856374126778572,0.1
E3,8,0,76,UB0140,1,0.323943203657396,0.4290689799715357,0.1
E3,8,0,77,UB0142,1,0.2251077950711439,0.503439455023585,0.1
E3,8,0,80,UB0147,0,0.605887376668083,0.5124210379054478,0.1
E3,8,0,83,UB0154,0,0.4063808389803277,0.40957397714806404,0.1
E3,8,0,87,UB0162,1,0.4859591615603651,0.6015505466431402,0.1
E3,8,0,89,UB0166,1,0.5775619423789639,0.4530787230310013,0.1
E3,8,0,95,UB0176,0,0.1122648656598921,0.22916829542555955,0.1
E3,8,1,2,UB0020,0,0.603509526490084,0.44185906970253114,0.1
E3,8,1,4,UB0023,1,0.8039935519883291,0.727525709026426,0.1
E3,8,1,6,UB0028,1,0.4309503918046193,0.4753413697781164,0.1
E3,8,1,17,UB0047,0,0.4071059115404215,0.40954515628107896,0.1
E3,8,1,19,UB0051,0,0.2734371525471288,0.303122251524757,0.1
E3,8,1,20,UB0052,0,0.5478909726548569,0.5018348551929123,0.1
E3,8,1,21,UB0053,0,0.3084463258046937,0.2859021623563693,0.1
E3,8,1,22,UB0054,0,0.223832377240669,0.15398885248143301,0.1
E3,8,1,26,UB0060,0,0.2924561416834521,0.2835934031263618,0.1
E3,8,1,29,UB0065,0,0.2719606029361194,0.2579617633555537,0.1
E3,8,1,42,UB0083,1,0.6136125534680466,0.532539114335488,0.1
E3,8,1,51,UB0099,1,0.5674790590834127,0.5654690962379114,0.1
E3,8,1,61,UB0118,1,0.5525823668612287,0.6156565831369096,0.1
E3,8,1,71,UB0132,1,0.5422798492554192,0.49693570026806555,0.1
E3,8,1,82,UB0153,0,0.3026298084502518,0.3115422696932395,0.1
E3,8,1,84,UB0156,0,0.3191133255770716,0.3145068297275721,0.1
E3,8,1,88,UB0164,1,0.4520362948193913,0.4446890297357412,0.1
E3,8,1,90,UB0168,1,0.5780347456234877,0.5438244433094406,0.1
E3,8,1,91,UB0169,0,0.3050603770705271,0.3100170786256609,0.1
E3,8,2,9,UB0032,0,0.3132380898844204,0.27949694671105124,0.1
E3,8,2,10,UB0034,0,0.4054253209562084,0.36117688141487514,0.1
E3,8,2,15,UB0045,0,0.3444147993784732,0.22386481738382613,0.1
E3,8,2,30,UB0066,0,0.2805574477000658,0.2847246847205241,0.1
E3,8,2,35,UB0074,1,0.508904569595844,0.5304429167641636,0.1
E3,8,2,37,UB0077,1,0.2101042876769102,0.21056740790276957,0.1
E3,8,2,41,UB0081,0,0.5970385488931594,0.5785205325313778,0.1
E3,8,2,43,UB0084,0,0.463346104331247,0.38862668580596776,0.1
E3,8,2,46,UB0087,1,0.5591175643202642,0.5945750402738638,0.1
E3,8,2,48,UB0090,0,0.4461918253051026,0.5537894385986448,0.1
E3,8,2,50,UB0098,0,0.7201010707079762,0.6531687169609032,0.1
E3,8,2,63,UB0120,1,0.5428940008537944,0.43665135854211307,0.1
E3,8,2,67,UB0127,1,0.4346173616996381,0.44998311036660377,0.1
E3,8,2,74,UB0138,1,0.521090155707074,0.43102645517454824,0.1
E3,8,2,78,UB0143,1,0.5823475301231613,0.5393426757452235,0.1
E3,8,2,85,UB0158,0,0.5584637947262818,0.7278188518697933,0.1
E3,8,2,92,UB0170,1,0.4979842241384491,0.5020075632759746,0.1
E3,8,2,93,UB0172,0,0.6628324542168135,0.6828309550823526,0.1
E3,8,2,94,UB0173,0,0.5858204547649977,0.4951079368870548,0.1
E3,8,3,0,UB0004,0,0.2753216444158629,0.37549927332631067,0.01
E3,8,3,1,UB0007,0,0.375305680905234,0.43463349880924673,0.01
E3,8,3,3,UB0021,1,0.5021987473631816,0.4428554938363857,0.01
E3,8,3,8,UB0030,0,0.286982744082268,0.3806507824630541,0.01
E3,8,3,13,UB0042,0,0.1537750102627395,0.3269101983255911,0.01
E3,8,3,14,UB0044,0,0.405431818082632,0.41411072891777856,0.01
E3,8,3,24,UB0057,0,0.198694306230588,0.2894205790205328,0.01
E3,8,3,28,UB0063,0,0.3018668112860341,0.39389319538424356,0.01
E3,8,3,31,UB0070,1,0.4207212549708874,0.438053053730685,0.01
E3,8,3,32,UB0071,0,0.2974311996550811,0.43219453348628967,0.01
E3,8,3,33,UB0072,0,0.6048106044814084,0.4840586137517529,0.01
E3,8,3,58,UB0107,1,0.3267419792989546,0.40737078097044416,0.01
E3,8,3,64,UB0122,0,0.5571587295250425,0.4578557319209181,0.01
E3,8,3,68,UB0128,1,0.8693764107242472,0.6076037408204886,0.01
E3,8,3,69,UB0129,1,0.5768631078795889,0.46377841327324837,0.01
E3,8,3,70,UB0131,0,0.3429621024264267,0.4054640011092071,0.01
E3,8,3,79,UB0144,1,0.5262035336531323,0.44669486179181206,0.01
E3,8,3,81,UB0150,1,0.2208104183173959,0.3976090298512248,0.01
E3,8,3,86,UB0161,1,0.6118614318542033,0.5429348698880209,0.01
E3,8,4,5,UB0024,1,0.6635833139052674,0.5920245183938339,0.1
E3,8,4,7,UB0029,1,0.5539410135883225,0.4990235136495393,0.1
E3,8,4,11,UB0035,0,0.3478654692846484,0.26314648663918006,0.1
E3,8,4,12,UB0039,0,0.6089301794723565,0.6438813508323094,0.1
E3,8,4,23,UB0056,0,0.1880992679468125,0.1778132003049239,0.1
E3,8,4,25,UB0059,0,0.3150884842406459,0.30489738865369514,0.1
E3,8,4,27,UB0061,0,0.3034996659808948,0.23799954324383069,0.1
E3,8,4,34,UB0073,1,0.468485300897916,0.48027463980997104,0.1
E3,8,4,38,UB0078,1,0.2913872482588535,0.26181092082158064,0.1
E3,8,4,39,UB0079,0,0.2575174260582274,0.12997926867949008,0.1
E3,8,4,44,UB0085,1,0.3745790510401906,0.30729330783301795,0.1
E3,8,4,45,UB0086,1,0.494490891617886,0.4259151230302457,0.1
E3,8,4,47,UB0089,0,0.2459061389541949,0.1838093442394126,0.1
E3,8,4,52,UB0100,0,0.7015001000422675,0.6442873202728074,0.1
E3,8,4,54,UB0103,0,0.3040546612447293,0.2751166911293303,0.1
E3,8,4,59,UB0109,0,0.2664668700058101,0.2634408330374601,0.1
E3,8,4,60,UB0115,1,0.359810284462916,0.3248450154031225,0.1
E3,8,4,66,UB0126,0,0.3545575567278692,0.3316643854451761,0.1
E3,8,4,73,UB0134,1,0.4296225054449414,0.5643694843519645,0.1
E3,9,0,0,UB0004,0,0.3343074219629907,0.29408587859019897,0.1
E3,9,0,7,UB0029,1,0.4271870258232563,0.409579941229709,0.1
E3,9,0,9,UB0032,0,0.331336819658163,0.36499712506106385,0.1
E3,9,0,15,UB0045,0,0.3571468756141456,0.33511373010014006,0.1
E3,9,0,16,UB0046,0,0.2513061508372037,0.04651925810642768,0.1
E3,9,0,23,UB0056,0,0.2429029543880947,0.22530097937190857,0.1
E3,9,0,30,UB0066,0,0.284414126147829,0.23444692903436795,0.1
E3,9,0,31,UB0070,1,0.4212882393298355,0.6246393719704422,0.1
E3,9,0,39,UB0079,0,0.2708191504592385,0.08020621873952631,0.1
E3,9,0,44,UB0085,1,0.3788188516204963,0.32756524862599806,0.1
E3,9,0,54,UB0103,0,0.3519792892318927,0.32968438688392687,0.1
E3,9,0,59,UB0109,0,0.3142443510750804,0.3123780437746245,0.1
E3,9,0,68,UB0128,1,0.8486856850499835,0.8776989342667946,0.1
E3,9,0,71,UB0132,1,0.4521961674905606,0.4180101753796379,0.1
E3,9,0,73,UB0134,1,0.4304116521944176,0.533328882948272,0.1
E3,9,0,75,UB0139,0,0.5420875305173211,0.5553995424469391,0.1
E3,9,0,79,UB0144,1,0.4682963262153662,0.5232525931353479,0.1
E3,9,0,83,UB0154,0,0.4234795384439922,0.3674992081339012,0.1
E3,9,0,87,UB0162,1,0.4398186899727985,0.5393404021191254,0.1
E3,9,0,89,UB0166,1,0.4928618023990039,0.4817776101921648,0.1
E3,9,1,2,UB0020,0,0.809706846132241,0.5344772467617542,0.1
E3,9,1,4,UB0023,1,0.9934276176852512,0.8175698609113513,0.1
E3,9,1,11,UB0035,0,0.486515933184611,0.35838315924897385,0.1
E3,9,1,29,UB0065,0,0.0472676305002185,0.1711632445347544,0.1
E3,9,1,37,UB0077,1,0.0996708257092866,0.17260872307014008,0.1
E3,9,1,38,UB0078,1,0.1554636570542936,0.18268016052939126,0.1
E3,9,1,48,UB0090,0,0.5396302949717122,0.5171104728097591,0.1
E3,9,1,52,UB0100,0,0.8137717512950875,0.5851948568080134,0.1
E3,9,1,53,UB0102,1,0.4778520456785558,0.47750275483439164,0.1
E3,9,1,58,UB0107,1,0.1970506643708315,0.24466855314791322,0.1
E3,9,1,70,UB0131,0,0.0922625954084853,0.22107025842722705,0.1
E3,9,1,72,UB0133,0,0.5701655612044348,0.5571404713329319,0.1
E3,9,1,78,UB0143,1,0.5005327948460655,0.5496622956900326,0.1
E3,9,1,80,UB0147,0,0.7137991566423519,0.5452601576913381,0.1
E3,9,1,82,UB0153,0,0.1187168792109032,0.2673922005622248,0.1
E3,9,1,90,UB0168,1,0.5041359709762566,0.44527062719913385,0.1
E3,9,1,92,UB0170,1,0.5073246307325265,0.5115147192963555,0.1
E3,9,1,93,UB0172,0,0.8675243071680225,0.675422350901766,0.1
E3,9,1,95,UB0176,0,0.0394196355216777,0.1418917752022212,0.1
E3,9,2,3,UB0021,1,0.4635086372227246,0.4271135617483938,0.1
E3,9,2,14,UB0044,0,0.4320421555087947,0.426880926203202,0.1
E3,9,2,18,UB0049,0,0.3575752925937107,0.3177103817606042,0.1
E3,9,2,19,UB0051,0,0.2363215536694371,0.24779970977244137,0.1
E3,9,2,21,UB0053,0,0.2693545820961821,0.29188374347651064,0.1
E3,9,2,22,UB0054,0,0.2268927569413789,0.26787431544813384,0.1
E3,9,2,24,UB0057,0,0.2203910070440386,0.04672091783908776,0.1
E3,9,2,25,UB0059,0,0.2879345835771893,0.2917162117110102,0.1
E3,9,2,27,UB0061,0,0.282850309924347,0.2437436727195557,0.1
E3,9,2,34,UB0073,1,0.4813368110556054,0.4113071388402722,0.1
E3,9,2,35,UB0074,1,0.4646032998568612,0.4848545241718928,0.1
E3,9,2,40,UB0080,0,0.2414154531818808,0.20769461706918865,0.1
E3,9,2,43,UB0084,0,0.3941205152342394,0.4969463606129754,0.1
E3,9,2,46,UB0087,1,0.5046635809495928,0.4738542496548106,0.1
E3,9,2,49,UB0091,1,0.4799137653003126,0.5192717476374308,0.1
E3,9,2,60,UB0115,1,0.3154444839421981,0.4076263777381976,0.1
E3,9,2,64,UB0122,0,0.47000202494311,0.4551800949659141,0.1
E3,9,2,77,UB0142,1,0.2874642108604159,0.6300367147089496,0.1
E3,9,2,88,UB0164,1,0.4340478596741729,0.4354100307012166,0.1
E3,9,3,5,UB0024,1,0.7347019145281011,0.7020930393521582,0.1
E3,9,3,8,UB0030,0,0.2968954065959901,0.2693775987676764,0.1
E3,9,3,12,UB0039,0,0.6128560945142009,0.5629034722053358,0.1
E3,9,3,13,UB0042,0,0.1552801462557949,0.16752204249675287,0.1
E3,9,3,17,UB0047,0,0.4341778306292547,0.45853449393641044,0.1
E3,9,3,20,UB0052,0,0.5893788879888086,0.6141639216777106,0.1
E3,9,3,33,UB0072,0,0.6235775076279216,0.6596083511521058,0.1
E3,9,3,47,UB0089,0,0.2156240622479882,0.19153726990027975,0.1
E3,9,3,50,UB0098,0,0.5950327757478237,0.6276928362616133,0.1
E3,9,3,61,UB0118,1,0.6407073106362638,0.6829587809852298,0.1
E3,9,3,63,UB0120,1,0.5190497298923769,0.43563613046280153,0.1
E3,9,3,66,UB0126,0,0.3760681554968173,0.41057043915140445,0.1
E3,9,3,67,UB0127,1,0.462469459225385,0.31447839130976485,0.1
E3,9,3,69,UB0129,1,0.5867967008435999,0.5728795472161783,0.1
E3,9,3,76,UB0140,1,0.3844697234496079,0.41914498914842896,0.1
E3,9,3,81,UB0150,1,0.2282677766860341,0.3058785675220741,0.1
E3,9,3,84,UB0156,0,0.3412919710246811,0.3487538326092108,0.1
E3,9,3,86,UB0161,1,0.7172066761930755,0.7899690670187558,0.1
E3,9,3,94,UB0173,0,0.6315780929535215,0.6157563373641883,0.1
E3,9,4,1,UB0007,0,0.3976961222508238,0.4318852471486094,0.1
E3,9,4,6,UB0028,1,0.4973321661870867,0.6167126025044972,0.1
E3,9,4,10,UB0034,0,0.3219763112858066,0.2150396408122602,0.1
E3,9,4,26,UB0060,0,0.3259698846855119,0.33630200733579174,0.1
E3,9,4,28,UB0063,0,0.3372075734267268,0.28392874479147273,0.1
E3,9,4,32,UB0071,0,0.3629405256606332,0.6881602524475015,0.1
E3,9,4,36,UB0075,0,0.4319231803669482,0.5526731553339697,0.1
E3,9,4,41,UB0081,0,0.5418933261449775,0.573733752949028,0.1
E3,9,4,42,UB0083,1,0.6179358120312277,0.49007700908783125,0.1
E3,9,4,45,UB0086,1,0.4415919523357232,0.366840487188179,0.1
E3,9,4,51,UB0099,1,0.5781450758809534,0.5310550704614304,0.1
E3,9,4,55,UB0104,0,0.4576760867461624,0.4341174021833563,0.1
E3,9,4,56,UB0105,0,0.3025179410393916,0.29573438978721456,0.1
E3,9,4,57,UB0106,1,0.3467367186151277,0.28674349721641873,0.1
E3,9,4,62,UB0119,1,0.531777536403055,0.4624719452108626,0.1
E3,9,4,65,UB0124,1,0.6405562813782272,0.5973005426958387,0.1
E3,9,4,74,UB0138,1,0.4680717003708562,0.3453437545053405,0.1
E3,9,4,85,UB0158,0,0.5162212607805203,0.7535653717122748,0.1
E3,9,4,91,UB0169,0,0.3416992597121427,0.37117425102699847,0.1
E4,0,0,0,UB0004,0,0.2256611194773463,0.2947558667279971,0.1
E4,0,0,2,UB0020,0,0.7784282450556527,0.5416383617586185,0.1
E4,0,0,6,UB0028,1,0.3353120966323693,0.5061567554203508,0.1
E4,0,0,30,UB0066,0,0.1549590618908625,0.4176930787928668,0.1
E4,0,0,32,UB0071,0,0.3342810111300417,0.34228543383818827,0.1
E4,0,0,37,UB0077,1,0.1597334749925704,0.1696517690902821,0.1
E4,0,0,40,UB0080,0,0.1507720567076788,0.12905238193231816,0.1
E4,0,0,43,UB0084,0,0.4083049277398445,0.3656102209953423,0.1
E4,0,0,50,UB0098,0,0.7005500296619523,0.2082947045287544,0.1
E4,0,0,55,UB0104,0,0.287792971558423,0.24192749347529327,0.1
E4,0,0,61,UB0118,1,0.7473456843764951,0.5170802873535709,0.1
E4,0,0,62,UB0119,1,0.6766637342626709,0.7020073924789306,0.1
E4,0,0,71,UB0132,1,0.5592311644429999,0.6577745622845736,0.1
E4,0,0,73,UB0134,1,0.4247506769974693,0.6148993044101575,0.1
E4,0,0,76,UB0140,1,0.240702484740108,0.3255956727959852,0.1
E4,0,0,81,UB0150,1,0.0576021006964775,0.2162092632831043,0.1
E4,0,0,82,UB0153,0,0.185217264709096,0.19512226306290045,0.1
E4,0,0,84,UB0156,0,0.1545481232200769,0.20949384125218992,0.1
E4,0,0,87,UB0162,1,0.5051075249145299,0.5465275139573897,0.1
E4,0,0,93,UB0172,0,0.8115764459984803,0.6842506537229717,0.1
E4,0,1,3,UB0021,1,0.5429663414698436,0.38558593253209633,0.1
E4,0,1,12,UB0039,0,0.7905397768568694,0.4254569867679279,0.1
E4,0,1,17,UB0047,0,0.4852083495566413,0.2825188686372663,0.1
E4,0,1,19,UB0051,0,0.1659400373216837,0.24807172396733485,0.1
E4,0,1,20,UB0052,0,0.6424349595328291,0.5583826714488401,0.1
E4,0,1,23,UB0056,0,0.08945853836099,0.1686353629832326,0.1
E4,0,1,29,UB0065,0,0.1454645132488302,0.2841778408069826,0.1
E4,0,1,34,UB0073,1,0.4221828753647031,0.5055088284587831,0.1
E4,0,1,35,UB0074,1,0.5846082667710254,0.3461858512951769,0.1
E4,0,1,39,UB0079,0,0.2377948945405614,0.20427353418397035,0.1
E4,0,1,41,UB0081,0,0.4907068121588688,0.5763724838569962,0.1
E4,0,1,51,UB0099,1,0.7035695160494404,0.7682925592822778,0.1
E4,0,1,54,UB0103,0,0.2630528231045159,0.44179697686208474,0.1
E4,0,1,74,UB0138,1,0.6321763255611003,0.6157743663977611,0.1
E4,0,1,86,UB0161,1,0.5879976174936372,0.7347099374259564,0.1
E4,0,1,88,UB0164,1,0.596022527109938,0.3595347466708474,0.1
E4,0,1,89,UB0166,1,0.6068827734657789,0.5131101207844526,0.1
E4,0,1,91,UB0169,0,0.1599816301202359,0.26265343533205754,0.1
E4,0,1,94,UB0173,0,0.745603418140505,0.5826261149814409,0.1
E4,0,2,4,UB0023,1,0.7508652754874393,0.6613822387615853,0.1
E4,0,2,5,UB0024,1,0.6676824370849442,0.768171415842424,0.1
E4,0,2,8,UB0030,0,0.3650155710847864,0.13843462183602778,0.1
E4,0,2,14,UB0044,0,0.4567750433002163,0.469122830196193,0.1
E4,0,2,15,UB0045,0,0.3717770885190901,0.3883257538163415,0.1
E4,0,2,18,UB0049,0,0.3881792197026259,0.3808587038671686,0.1
E4,0,2,24,UB0057,0,0.2394116273603677,0.1285338267632956,0.1
E4,0,2,25,UB0059,0,0.3042104835330888,0.30760991613674804,0.1
E4,0,2,31,UB0070,1,0.455617131099744,0.3816192385140849,0.1
E4,0,2,38,UB0078,1,0.2699984425969007,0.3101576049108081,0.1
E4,0,2,46,UB0087,1,0.532098502645143,0.6149598548803805,0.1
E4,0,2,59,UB0109,0,0.2560290166555124,0.27671874051264117,0.1
E4,0,2,63,UB0120,1,0.5115301239129367,0.47929003249714797,0.1
E4,0,2,64,UB0122,0,0.5160259835158223,0.5874627556201852,0.1
E4,0,2,66,UB0126,0,0.2648494922087273,0.22199178739968803,0.1
E4,0,2,79,UB0144,1,0.5125901354717106,0.5763744422705365,0.1
E4,0,2,85,UB0158,0,0.4772438254797219,0.5718365567149667,0.1
E4,0,2,90,UB0168,1,0.4901203736930681,0.3609911775370446,0.1
E4,0,2,95,UB0176,0,0.2381608564073407,0.16203627384576516,0.1
E4,0,3,1,UB0007,0,0.3487608518387793,0.5200783402006298,0.1
E4,0,3,7,UB0029,1,0.5568701189291542,0.4503929915331462,0.1
E4,0,3,9,UB0032,0,0.3771827045074985,0.3186014329235767,0.1
E4,0,3,10,UB0034,0,0.3621644657803949,0.13400231192847037,0.1
E4,0,3,11,UB0035,0,0.3832383475872344,0.1253366426834096,0.1
E4,0,3,13,UB0042,0,0.1862634156656013,0.08482158770783127,0.1
E4,0,3,16,UB0046,0,0.2056386386419076,0.12488778248067321,0.1
E4,0,3,21,UB0053,0,0.2830911980011436,0.3724264235234664,0.1
E4,0,3,26,UB0060,0,0.2717898478922515,0.28664909265070687,0.1
E4,0,3,33,UB0072,0,0.5588726397607632,0.5947146113825084,0.1
E4,0,3,52,UB0100,0,0.6666931947014934,0.7524495861129523,0.1
E4,0,3,53,UB0102,1,0.5053935593901657,0.6798352219245709,0.1
E4,0,3,57,UB0106,1,0.3946322298336906,0.23180852128342017,0.1
E4,0,3,58,UB0107,1,0.3311359670679011,0.4264464401050342,0.1
E4,0,3,65,UB0124,1,0.6531456533747451,0.8160327912314013,0.1
E4,0,3,68,UB0128,1,0.9185360262013464,0.9106371543248691,0.1
E4,0,3,69,UB0129,1,0.5457679380522761,0.5238751588884467,0.1
E4,0,3,70,UB0131,0,0.299384111693429,0.5433873273004182,0.1
E4,0,3,78,UB0143,1,0.6188534558226305,0.5864535039681852,0.1
E4,0,4,22,UB0054,0,0.0588011020930355,0.09833732312943207,0.1
E4,0,4,27,UB0061,0,0.2260615343055715,0.14624058945966106,0.1
E4,0,4,28,UB0063,0,0.2214670345592399,0.12865280510951474,0.1
E4,0,4,36,UB0075,0,0.3052729492772495,0.5350378145366093,0.1
E4,0,4,42,UB0083,1,0.7730260962883218,0.7483456474957104,0.1
E4,0,4,44,UB0085,1,0.451200207007389,0.4360389088070495,0.1
E4,0,4,45,UB0086,1,0.6069555284978084,0.4245441817695833,0.1
E4,0,4,47,UB0089,0,0.1763720269565538,0.13695534966030246,0.1
E4,0,4,48,UB0090,0,0.4496867984186609,0.7205199784253642,0.1
E4,0,4,49,UB0091,1,0.642664554567336,0.4397391865921474,0.1
E4,0,4,56,UB0105,0,0.169491353429,0.1491542918302481,0.1
E4,0,4,60,UB0115,1,0.2625498781676353,0.3566315306078926,0.1
E4,0,4,67,UB0127,1,0.4844676326246146,0.18962709673907602,0.1
E4,0,4,72,UB0133,0,0.4567342001749862,0.49586881057232085,0.1
E4,0,4,75,UB0139,0,0.6480304451046424,0.8249699896491596,0.1
E4,0,4,77,UB0142,1,0.1924052595286,0.5946518270827698,0.1
E4,0,4,80,UB0147,0,0.5996990990724704,0.4944130328761698,0.1
E4,0,4,83,UB0154,0,0.4332771357339756,0.34234621755855227,0.1
E4,0,4,92,UB0170,1,0.5136531184605609,0.48223586161644566,0.1
E4,1,0,3,UB0021,1,0.4778285872187442,0.40128054417165837,0.1
E4,1,0,13,UB0042,0,0.1497755823175612,0.06598055896371986,0.1
E4,1,0,14,UB0044,0,0.4035918561477127,0.39181850182041406,0.1
E4,1,0,18,UB0049,0,0.3068822681604117,0.2631279400499753,0.1
E4,1,0,22,UB0054,0,0.1956726290983943,0.09767403591192762,0.1
E4,1,0,27,UB0061,0,0.2981593737702404,0.21579087879937905,0.1
E4,1,0,32,UB0071,0,0.2857829605952174,0.2713627099288993,0.1
E4,1,0,33,UB0072,0,0.5792922100378881,0.6418123650895915,0.1
E4,1,0,37,UB0077,1,0.2250986526294444,0.16116228971034313,0.1
E4,1,0,41,UB0081,0,0.5102075721285912,0.5745685493919999,0.1
E4,1,0,43,UB0084,0,0.390477398384408,0.3974780799837384,0.1
E4,1,0,46,UB0087,1,0.5140092939902107,0.7535745017787283,0.1
E4,1,0,51,UB0099,1,0.5883769580169355,0.7336942769447672,0.1
E4,1,0,55,UB0104,0,0.4328969520813348,0.24791435951305915,0.1
E4,1,0,65,UB0124,1,0.6488038703948541,0.7877103587929413,0.1
E4,1,0,66,UB0126,0,0.2909043691120053,0.27297345506003307,0.1
E4,1,0,73,UB0134,1,0.4128372670513287,0.6460067322011636,0.1
E4,1,0,76,UB0140,1,0.3606380772060714,0.33850222427782534,0.1
E4,1,0,81,UB0150,1,0.2266994743238032,0.24864495005639248,0.1
E4,1,0,90,UB0168,1,0.6056975251485593,0.5144485590219788,0.1
E4,1,1,4,UB0023,1,0.8324634918719892,0.7392800035646795,0.1
E4,1,1,5,UB0024,1,0.6639718102660521,0.832593266918664,0.1
E4,1,1,7,UB0029,1,0.5047074056422075,0.4408274187142442,0.1
E4,1,1,9,UB0032,0,0.3407595582693495,0.29556473653159343,0.1
E4,1,1,10,UB0034,0,0.4376347470190824,0.19743755929759388,0.1
E4,1,1,21,UB0053,0,0.3127787753926965,0.3830232058340012,0.1
E4,1,1,28,UB0063,0,0.3250737438887752,0.19743575089348223,0.1
E4,1,1,39,UB0079,0,0.2858960464912923,0.23778734925978132,0.1
E4,1,1,47,UB0089,0,0.2737817103529269,0.20800581849343786,0.1
E4,1,1,48,UB0090,0,0.4833529716685137,0.7110016845465168,0.1
E4,1,1,49,UB0091,1,0.5436249692800994,0.4717302203512687,0.1
E4,1,1,53,UB0102,1,0.4730439460884383,0.6507132957985503,0.1
E4,1,1,54,UB0103,0,0.3434452941930679,0.4803088156435357,0.1
E4,1,1,60,UB0115,1,0.3234886436898439,0.34739549826168986,0.1
E4,1,1,61,UB0118,1,0.5353750603765847,0.48558156656077905,0.1
E4,1,1,72,UB0133,0,0.4959729880728817,0.5892175614450335,0.1
E4,1,1,79,UB0144,1,0.5729620843558971,0.7622396233380894,0.1
E4,1,1,80,UB0147,0,0.5609795267114926,0.5905884894109472,0.1
E4,1,1,93,UB0172,0,0.6493012581773441,0.7365972471737514,0.1
E4,1,2,0,UB0004,0,0.3098648390837293,0.28969752185321934,0.1
E4,1,2,6,UB0028,1,0.4669169642250954,0.4907090978825771,0.1
E4,1,2,15,UB0045,0,0.2597361518974903,0.1935776001643376,0.1
E4,1,2,24,UB0057,0,0.2388683222169014,0.14116057234331394,0.1
E4,1,2,26,UB0060,0,0.2959111254570666,0.34280968934443523,0.1
E4,1,2,29,UB0065,0,0.2920673695820021,0.23675592331426829,0.1
E4,1,2,40,UB0080,0,0.2437874642209089,0.1358032202448666,0.1
E4,1,2,42,UB0083,1,0.6611405518622404,0.7103861771874654,0.1
E4,1,2,45,UB0086,1,0.4575217216038082,0.38044804075085986,0.1
E4,1,2,50,UB0098,0,0.6313696333233325,0.13118209234043207,0.1
E4,1,2,52,UB0100,0,0.6918664014256242,0.679321072517887,0.1
E4,1,2,57,UB0106,1,0.3248295085705133,0.281184248657868,0.1
E4,1,2,68,UB0128,1,0.9335964817981354,0.9450580494604358,0.1
E4,1,2,74,UB0138,1,0.4921959890808156,0.6493234564763781,0.1
E4,1,2,75,UB0139,0,0.5748076962085537,0.8032518448762176,0.1
E4,1,2,83,UB0154,0,0.4334395239117784,0.2961229299241028,0.1
E4,1,2,84,UB0156,0,0.3585449846069981,0.20421345856668655,0.1
E4,1,2,87,UB0162,1,0.5821327432065823,0.6254307383509031,0.1
E4,1,2,88,UB0164,1,0.4229530825078404,0.3118426786836198,0.1
E4,1,3,1,UB0007,0,0.3313180788596655,0.4331312220849066,0.1
E4,1,3,8,UB0030,0,0.315410501498306,0.090594684466015,0.1
E4,1,3,11,UB0035,0,0.3651123315635821,0.10128687149049251,0.1
E4,1,3,20,UB0052,0,0.5543518171105765,0.5976012230702886,0.1
E4,1,3,25,UB0059,0,0.3115059091152589,0.319480174405162,0.1
E4,1,3,30,UB0066,0,0.2748681502022738,0.49516079613122926,0.1
E4,1,3,34,UB0073,1,0.4830827315009039,0.5366992635438581,0.1
E4,1,3,35,UB0074,1,0.4742212875273808,0.36130831948029735,0.1
E4,1,3,36,UB0075,0,0.3824487971805317,0.5626316391581732,0.1
E4,1,3,44,UB0085,1,0.4407108529958743,0.37833033402278543,0.1
E4,1,3,59,UB0109,0,0.2636518757631428,0.2842905901303762,0.1
E4,1,3,62,UB0119,1,0.5256808751617785,0.7365792748980031,0.1
E4,1,3,64,UB0122,0,0.4741748381719986,0.4880307005536455,0.1
E4,1,3,69,UB0129,1,0.5197190496021578,0.5059944355324595,0.1
E4,1,3,70,UB0131,0,0.3098695513849616,0.5039669668133293,0.1
E4,1,3,71,UB0132,1,0.5561638913786449,0.667756974808444,0.1
E4,1,3,77,UB0142,1,0.3140293181214778,0.646489226325215,0.1
E4,1,3,92,UB0170,1,0.4781575277657579,0.5345631570435926,0.1
E4,1,3,95,UB0176,0,0.2490573820078902,0.15452302128668197,0.1
E4,1,4,2,UB0020,0,0.6499028599180303,0.5447274774412083,0.1
E4,1,4,12,UB0039,0,0.5658397472981597,0.4433501395424064,0.1
E4,1,4,16,UB0046,0,0.1806655925890295,0.10855140493253018,0.1
E4,1,4,17,UB0047,0,0.4338849437900091,0.3246797465090677,0.1
E4,1,4,19,UB0051,0,0.2152338216013456,0.22642132006708313,0.1
E4,1,4,23,UB0056,0,0.1484573989246238,0.16008071596198123,0.1
E4,1,4,31,UB0070,1,0.4539648788126084,0.49269646502895814,0.1
E4,1,4,38,UB0078,1,0.2475217333171607,0.2961879655602341,0.1
E4,1,4,56,UB0105,0,0.2401730542666783,0.17468067676291948,0.1
E4,1,4,58,UB0107,1,0.2818696728871875,0.4337864294378448,0.1
E4,1,4,63,UB0120,1,0.5163891371838162,0.4886254189346603,0.1
E4,1,4,67,UB0127,1,0.4045866122206893,0.21399071514257584,0.1
E4,1,4,78,UB0143,1,0.656698432384055,0.5647390800554934,0.1
E4,1,4,82,UB0153,0,0.2306293456912118,0.14362863619023708,0.1
E4,1,4,85,UB0158,0,0.5201937341284086,0.4881886014393154,0.1
E4,1,4,86,UB0161,1,0.5789701399451432,0.6009277182074828,0.1
E4,1,4,89,UB0166,1,0.5471174629731316,0.5423462013026465,0.1
E4,1,4,91,UB0169,0,0.2430858645615514,0.21293892141711424,0.1
E4,1,4,94,UB0173,0,0.6139089231735113,0.6030702027597286,0.1
E4,2,0,26,UB0060,0,0.2316579290019323,0.3571119832502643,0.1
E4,2,0,27,UB0061,0,0.3854202428615596,0.2648399033125861,0.1
E4,2,0,30,UB0066,0,0.1318295467089499,0.48195124609201156,0.1
E4,2,0,33,UB0072,0,0.6564005323490519,0.6905408983451429,0.1
E4,2,0,38,UB0078,1,0.2318781652943451,0.323732160856451,0.1
E4,2,0,39,UB0079,0,0.283863931188961,0.20713365955332894,0.1
E4,2,0,40,UB0080,0,0.1357206860428674,0.11391892024894847,0.1
E4,2,0,42,UB0083,1,0.7342697366831493,0.6842115228615776,0.1
E4,2,0,45,UB0086,1,0.6407044763062979,0.4473265940628246,0.1
E4,2,0,53,UB0102,1,0.3936234074948922,0.6298642161566984,0.1
E4,2,0,54,UB0103,0,0.349539977422426,0.5245794896833915,0.1
E4,2,0,64,UB0122,0,0.6632217559315355,0.5952264146128845,0.1
E4,2,0,68,UB0128,1,0.9965684495170212,0.9499949099690775,0.1
E4,2,0,77,UB0142,1,0.2112728074471638,0.5827185048432353,0.1
E4,2,0,81,UB0150,1,0.0461804401168107,0.2018527822884459,0.1
E4,2,0,85,UB0158,0,0.5765873439044357,0.5895875190957882,0.1
E4,2,0,90,UB0168,1,0.7175560704116128,0.5403173633288748,0.1
E4,2,0,91,UB0169,0,0.1758649167895584,0.26776700740254616,0.1
E4,2,0,92,UB0170,1,0.441974741224043,0.5214290905777081,0.1
E4,2,0,93,UB0172,0,0.8164544452517519,0.6816076394011262,0.1
E4,2,1,6,UB0028,1,0.4740813829681553,0.5216159083248619,0.1
E4,2,1,8,UB0030,0,0.292832416818234,0.09663159575992496,0.1
E4,2,1,9,UB0032,0,0.3534548618978948,0.3196968305306114,0.1
E4,2,1,14,UB0044,0,0.4282365215268175,0.4617420222194732,0.1
E4,2,1,16,UB0046,0,0.1897507370855717,0.18568081940906184,0.1
E4,2,1,23,UB0056,0,0.1623976369970251,0.19452962056382422,0.1
E4,2,1,32,UB0071,0,0.2878504505596891,0.22842211436469761,0.1
E4,2,1,34,UB0073,1,0.4963408574583778,0.5440128125069469,0.1
E4,2,1,36,UB0075,0,0.3734921866411231,0.49950325599288964,0.1
E4,2,1,37,UB0077,1,0.2455780463720601,0.19494195744622222,0.1
E4,2,1,50,UB0098,0,0.5994448090543042,0.0958820293759138,0.1
E4,2,1,52,UB0100,0,0.6950283403549614,0.7138515209518995,0.1
E4,2,1,59,UB0109,0,0.2343071998735059,0.270844326498548,0.1
E4,2,1,61,UB0118,1,0.5876033921317878,0.49196688983617687,0.1
E4,2,1,62,UB0119,1,0.5322815960757694,0.7112392929440727,0.1
E4,2,1,65,UB0124,1,0.6626200255589545,0.794896515805866,0.1
E4,2,1,73,UB0134,1,0.4256370337312521,0.6134919694717118,0.1
E4,2,1,79,UB0144,1,0.5115682605449082,0.6999862238073512,0.1
E4,2,1,94,UB0173,0,0.5965844718735919,0.5826273731962083,0.1
E4,2,2,0,UB0004,0,0.3050511400863586,0.3518817594597143,0.1
E4,2,2,2,UB0020,0,0.5988261700343859,0.4948520671722606,0.1
E4,2,2,5,UB0024,1,0.6687199333107303,0.7540798307662183,0.1
E4,2,2,15,UB0045,0,0.4093796647552122,0.4262280572831622,0.1
E4,2,2,17,UB0047,0,0.441482285783697,0.3601134224675525,0.1
E4,2,2,22,UB0054,0,0.1783000741261101,0.1073143886539788,0.1
E4,2,2,25,UB0059,0,0.3097076167488788,0.2988637089738278,0.1
E4,2,2,41,UB0081,0,0.5606118708144918,0.6113216140680566,0.1
E4,2,2,43,UB0084,0,0.4492964271443707,0.44748973492721883,0.1
E4,2,2,44,UB0085,1,0.4554174520931978,0.31527281002721796,0.1
E4,2,2,46,UB0087,1,0.5453179519289568,0.7556734506057304,0.1
E4,2,2,49,UB0091,1,0.5336503406822206,0.49053579528375774,0.1
E4,2,2,60,UB0115,1,0.3140024389435691,0.37052731188809745,0.1
E4,2,2,67,UB0127,1,0.4111886727309854,0.21838767005861992,0.1
E4,2,2,69,UB0129,1,0.54843575780242,0.5087611242773992,0.1
E4,2,2,80,UB0147,0,0.5563396787336633,0.5142448270424049,0.1
E4,2,2,82,UB0153,0,0.2804468007565628,0.16855807088958247,0.1
E4,2,2,83,UB0154,0,0.4828228635108121,0.3716179440926558,0.1
E4,2,2,87,UB0162,1,0.4969283874797403,0.5324551391612858,0.1
E4,2,3,3,UB0021,1,0.4719115659684528,0.34593511888816625,0.1
E4,2,3,10,UB0034,0,0.3435517406245206,0.10798317672188268,0.1
E4,2,3,12,UB0039,0,0.5253338803877609,0.43582458179337813,0.1
E4,2,3,13,UB0042,0,0.1974761228817526,0.08210760890901016,0.1
E4,2,3,18,UB0049,0,0.3678707040788509,0.31359152120171446,0.1
E4,2,3,19,UB0051,0,0.2550426087983587,0.234544647632942,0.1
E4,2,3,28,UB0063,0,0.3140048951111071,0.13056394752178915,0.1
E4,2,3,29,UB0065,0,0.3014235453830987,0.24464503272458726,0.1
E4,2,3,31,UB0070,1,0.4163203319931554,0.4227264060254616,0.1
E4,2,3,35,UB0074,1,0.4765579757901098,0.330847273259434,0.1
E4,2,3,48,UB0090,0,0.3878771590186589,0.6204829434944988,0.1
E4,2,3,51,UB0099,1,0.559470844159277,0.7631732652092814,0.1
E4,2,3,55,UB0104,0,0.4478340577076486,0.21514537814521403,0.1
E4,2,3,71,UB0132,1,0.5746652873446588,0.6897784729514019,0.1
E4,2,3,74,UB0138,1,0.5057089996997247,0.6840708121808264,0.1
E4,2,3,75,UB0139,0,0.568741845246527,0.8344692087088523,0.1
E4,2,3,84,UB0156,0,0.3130471727415771,0.16278743879848417,0.1
E4,2,3,86,UB0161,1,0.8015021192087861,0.8403248825691898,0.1
E4,2,3,88,UB0164,1,0.4487927724655321,0.3554208771552086,0.1
E4,2,4,1,UB0007,0,0.3372380341359653,0.549290950343729,0.1
E4,2,4,4,UB0023,1,0.8264927920425873,0.7258500407578861,0.1
E4,2,4,7,UB0029,1,0.5356884961005612,0.3884627163736151,0.1
E4,2,4,11,UB0035,0,0.3522478984742802,0.09623158827743748,0.1
E4,2,4,20,UB0052,0,0.5485245077780317,0.605011384674553,0.1
E4,2,4,21,UB0053,0,0.290560786435569,0.3851079665405456,0.1
E4,2,4,24,UB0057,0,0.2407531492698994,0.05862652390398729,0.1
E4,2,4,47,UB0089,0,0.241216825329018,0.12874981335759683,0.1
E4,2,4,56,UB0105,0,0.2830821188618171,0.12692472368624522,0.1
E4,2,4,57,UB0106,1,0.3599244715843233,0.18080001210030622,0.1
E4,2,4,58,UB0107,1,0.3406911104052475,0.41895448581575034,0.1
E4,2,4,63,UB0120,1,0.4715323280116159,0.4655233509748415,0.1
E4,2,4,66,UB0126,0,0.2946161823761456,0.36654227014435053,0.1
E4,2,4,70,UB0131,0,0.3189516351533021,0.5981562185746291,0.1
E4,2,4,72,UB0133,0,0.423279923924843,0.5347228260838802,0.1
E4,2,4,76,UB0140,1,0.3736470073066243,0.25689596697270645,0.1
E4,2,4,78,UB0143,1,0.623186996520645,0.5765131006780598,0.1
E4,2,4,89,UB0166,1,0.5093396563240806,0.5424819309327066,0.1
E4,2,4,95,UB0176,0,0.242178650647472,0.12089309372596872,0.1
E4,3,0,5,UB0024,1,0.5692577941414981,0.6632831259816314,0.1
E4,3,0,10,UB0034,0,0.3859837868558631,0.10302913089309365,0.1
E4,3,0,11,UB0035,0,0.3981335595143816,0.13115963194040647,0.1
E4,3,0,18,UB0049,0,0.3624518199250356,0.2947404784962945,0.1
E4,3,0,22,UB0054,0,0.1985682890082169,0.1002586079660536,0.1
E4,3,0,26,UB0060,0,0.2579069241578816,0.34768767435457926,0.1
E4,3,0,30,UB0066,0,0.2718271589094641,0.4567497233251469,0.1
E4,3,0,37,UB0077,1,0.2551614047861435,0.1729099042643858,0.1
E4,3,0,44,UB0085,1,0.4610540288425035,0.36697146115344603,0.1
E4,3,0,45,UB0086,1,0.4607973013763083,0.3787593076921107,0.1
E4,3,0,51,UB0099,1,0.5240732260010496,0.7140099052725354,0.1
E4,3,0,59,UB0109,0,0.2480968907245781,0.22851485839350616,0.1
E4,3,0,60,UB0115,1,0.2916364606539343,0.34189034567668164,0.1
E4,3,0,66,UB0126,0,0.2371483290750532,0.2869028081335407,0.1
E4,3,0,70,UB0131,0,0.2825510257933897,0.4405017763348047,0.1
E4,3,0,84,UB0156,0,0.2757473880182455,0.18614129307216812,0.1
E4,3,0,86,UB0161,1,0.5761461084372514,0.6029107817104389,0.1
E4,3,0,87,UB0162,1,0.5007823199237427,0.5629091547530601,0.1
E4,3,0,91,UB0169,0,0.2661786315964404,0.22104818836814955,0.1
E4,3,0,92,UB0170,1,0.4654281007522734,0.4903914113897352,0.1
E4,3,1,1,UB0007,0,0.4061045379973495,0.5159211399908674,0.1
E4,3,1,2,UB0020,0,0.6557057205977193,0.6022260553480436,0.1
E4,3,1,7,UB0029,1,0.6045923355393462,0.5641878359042305,0.1
E4,3,1,8,UB0030,0,0.3552882027081632,0.17553994627039976,0.1
E4,3,1,14,UB0044,0,0.4870713628761437,0.4598967823266385,0.1
E4,3,1,20,UB0052,0,0.6083272967211228,0.6266382246692702,0.1
E4,3,1,27,UB0061,0,0.2732553178883092,0.2042449271657838,0.1
E4,3,1,42,UB0083,1,0.6524183477470009,0.7132013882292936,0.1
E4,3,1,47,UB0089,0,0.2159867618082889,0.173098502934098,0.1
E4,3,1,55,UB0104,0,0.4896697853670364,0.3344838834738905,0.1
E4,3,1,58,UB0107,1,0.2997817934710101,0.3901077214543022,0.1
E4,3,1,65,UB0124,1,0.6695555240741976,0.780626923402641,0.1
E4,3,1,68,UB0128,1,0.9118471630804832,0.919288094810994,0.1
E4,3,1,71,UB0132,1,0.6237160385041555,0.7132597519063218,0.1
E4,3,1,72,UB0133,0,0.4702821670025962,0.5345271455184202,0.1
E4,3,1,77,UB0142,1,0.2836895857372029,0.4995995413751277,0.1
E4,3,1,83,UB0154,0,0.4864497333951567,0.39059770759128876,0.1
E4,3,1,88,UB0164,1,0.4941228653951595,0.4463827442430795,0.1
E4,3,1,94,UB0173,0,0.6035202622966797,0.622620647494402,0.1
E4,3,2,0,UB0004,0,0.2756335053573217,0.30491472095212935,0.1
E4,3,2,17,UB0047,0,0.3688349024866118,0.28063115518601994,0.1
E4,3,2,19,UB0051,0,0.2278868120854442,0.24471920065380057,0.1
E4,3,2,24,UB0057,0,0.2233665992712377,0.10671099627614354,0.1
E4,3,2,32,UB0071,0,0.3431782065901398,0.34515757242738304,0.1
E4,3,2,33,UB0072,0,0.5959600891022897,0.6433322032488241,0.1
E4,3,2,38,UB0078,1,0.2341671800792161,0.3097322475011793,0.1
E4,3,2,41,UB0081,0,0.5922943312949426,0.6423998467835562,0.1
E4,3,2,46,UB0087,1,0.5450685882523881,0.7878302919983682,0.1
E4,3,2,48,UB0090,0,0.431916034791139,0.7210612440473431,0.1
E4,3,2,50,UB0098,0,0.692715473697999,0.09415910386965581,0.1
E4,3,2,53,UB0102,1,0.5024983388064385,0.6764955264056643,0.1
E4,3,2,61,UB0118,1,0.5514044986488728,0.5413766801251759,0.1
E4,3,2,62,UB0119,1,0.5711619449610166,0.8058635084958294,0.1
E4,3,2,67,UB0127,1,0.3997764023825417,0.208834056553898,0.1
E4,3,2,79,UB0144,1,0.5185733700634526,0.7538485542546064,0.1
E4,3,2,82,UB0153,0,0.2824146884027431,0.16114641869525892,0.1
E4,3,2,90,UB0168,1,0.4896687266722359,0.3624477745673205,0.1
E4,3,2,93,UB0172,0,0.645734071982119,0.6907948312296073,0.1
E4,3,3,4,UB0023,1,0.7768610067421374,0.6375568008801629,0.1
E4,3,3,6,UB0028,1,0.4572913783356246,0.5323873382057179,0.1
E4,3,3,13,UB0042,0,0.1663140880547364,0.07490116436771027,0.1
E4,3,3,15,UB0045,0,0.2439491226685002,0.17883292359093092,0.1
E4,3,3,21,UB0053,0,0.3258029704883697,0.3858418190500438,0.1
E4,3,3,25,UB0059,0,0.3322732712609205,0.3234467719867403,0.1
E4,3,3,29,UB0065,0,0.2612739951324014,0.21044097417867452,0.1
E4,3,3,35,UB0074,1,0.4492013262624768,0.33118302889654955,0.1
E4,3,3,39,UB0079,0,0.3030834048825005,0.21299662436947334,0.1
E4,3,3,40,UB0080,0,0.259100430033278,0.12638010530259716,0.1
E4,3,3,43,UB0084,0,0.3880231387665218,0.3843080849026694,0.1
E4,3,3,49,UB0091,1,0.4563453177822518,0.4054036566044006,0.1
E4,3,3,56,UB0105,0,0.3078537483112382,0.2057189139709047,0.1
E4,3,3,73,UB0134,1,0.3992269039589165,0.6775668780105932,0.1
E4,3,3,75,UB0139,0,0.5652443187352425,0.79863889084056,0.1
E4,3,3,76,UB0140,1,0.3432045575682452,0.3120285438971413,0.1
E4,3,3,78,UB0143,1,0.5864202534374617,0.4908771354267376,0.1
E4,3,3,81,UB0150,1,0.201822699827061,0.21050223386052844,0.1
E4,3,3,85,UB0158,0,0.481165181413549,0.4495114627835436,0.1
E4,3,4,3,UB0021,1,0.4893527293347056,0.3723890526300036,0.1
E4,3,4,9,UB0032,0,0.3243595957147972,0.3187542848327723,0.1
E4,3,4,12,UB0039,0,0.7788192998493794,0.508370557649057,0.1
E4,3,4,16,UB0046,0,0.131472163834746,0.18948995340119965,0.1
E4,3,4,23,UB0056,0,0.0884057586821625,0.18491013087279715,0.1
E4,3,4,28,UB0063,0,0.3117726907574123,0.19235861300225032,0.1
E4,3,4,31,UB0070,1,0.4165520178694728,0.3417278734418651,0.1
E4,3,4,34,UB0073,1,0.4292512182492752,0.4900219707563148,0.1
E4,3,4,36,UB0075,0,0.4104041351269975,0.5901759185635079,0.1
E4,3,4,52,UB0100,0,0.8619635026289206,0.7592644669548784,0.1
E4,3,4,54,UB0103,0,0.2736000570868256,0.48624382861489535,0.1
E4,3,4,57,UB0106,1,0.3008567821375717,0.22016429783092722,0.1
E4,3,4,63,UB0120,1,0.4974318082915645,0.461051822844424,0.1
E4,3,4,64,UB0122,0,0.5263845482323158,0.42326622947084086,0.1
E4,3,4,69,UB0129,1,0.6119086432746091,0.5430361907687031,0.1
E4,3,4,74,UB0138,1,0.6337106383393121,0.6476045443153948,0.1
E4,3,4,80,UB0147,0,0.5665389535368484,0.5824819521357621,0.1
E4,3,4,89,UB0166,1,0.5693388434896641,0.5090393126105578,0.1
E4,3,4,95,UB0176,0,0.1517767878865623,0.16821310139339468,0.1
E4,4,0,1,UB0007,0,0.432759575357516,0.4359960626332447,0.1
E4,4,0,29,UB0065,0,0.3071372055704152,0.21175704869233578,0.1
E4,4,0,30,UB0066,0,0.3421221891681918,0.527481017807625,0.1
E4,4,0,33,UB0072,0,0.6449269371941421,0.7146987631465958,0.1
E4,4,0,34,UB0073,1,0.490034185265487,0.5192434142882375,0.1
E4,4,0,35,UB0074,1,0.4664969888062463,0.37461848773309375,0.1
E4,4,0,44,UB0085,1,0.6245676555564441,0.5562700368569448,0.1
E4,4,0,46,UB0087,1,0.5331814530495369,0.7146245053263447,0.1
E4,4,0,50,UB0098,0,0.7121518791442705,0.18834360051675506,0.1
E4,4,0,53,UB0102,1,0.5043249735779008,0.6341549400869737,0.1
E4,4,0,54,UB0103,0,0.4146456354224306,0.5326029836020256,0.1
E4,4,0,59,UB0109,0,0.2181945607334622,0.25381318382651047,0.1
E4,4,0,64,UB0122,0,0.6019480879678034,0.6631616792470776,0.1
E4,4,0,71,UB0132,1,0.5995143301125878,0.6644416021340234,0.1
E4,4,0,73,UB0134,1,0.418861950211316,0.6232794997555613,0.1
E4,4,0,80,UB0147,0,0.628174439857214,0.7155257861169427,0.1
E4,4,0,85,UB0158,0,0.5829934258337388,0.6474600204874585,0.1
E4,4,0,89,UB0166,1,0.5752344224996813,0.5883732690478995,0.1
E4,4,0,90,UB0168,1,0.6015946316106028,0.48560489364420706,0.1
E4,4,0,95,UB0176,0,0.2077784185776038,0.14684542323097288,0.1
E4,4,1,6,UB0028,1,0.3414939201728673,0.5077700856593899,0.1
E4,4,1,8,UB0030,0,0.2246783354243493,0.14701636351890787,0.1
E4,4,1,14,UB0044,0,0.4178447793092945,0.3682647408933755,0.1
E4,4,1,19,UB0051,0,0.1423221548017621,0.22951287720943933,0.1
E4,4,1,20,UB0052,0,0.5351816889990794,0.5134440782848922,0.1
E4,4,1,27,UB0061,0,0.3289856044872148,0.2327075836428404,0.1
E4,4,1,28,UB0063,0,0.2606602322305931,0.16622639311082582,0.1
E4,4,1,32,UB0071,0,0.2806008034512462,0.34621898640178744,0.1
E4,4,1,42,UB0083,1,0.7680565691821623,0.6826246287418262,0.1
E4,4,1,55,UB0104,0,0.3142836176403013,0.23698273066289602,0.1
E4,4,1,56,UB0105,0,0.2111923665663178,0.21776700028486246,0.1
E4,4,1,74,UB0138,1,0.6382880234713624,0.6182566738952043,0.1
E4,4,1,75,UB0139,0,0.6641004818036403,0.7680800912110634,0.1
E4,4,1,77,UB0142,1,0.2368932889286856,0.5458435953192927,0.1
E4,4,1,81,UB0150,1,0.1086352625438539,0.27582829121771407,0.1
E4,4,1,82,UB0153,0,0.183369761519818,0.19066781053344056,0.1
E4,4,1,87,UB0162,1,0.529291941162685,0.5652111441784188,0.1
E4,4,1,88,UB0164,1,0.5856974092902388,0.3616795391214342,0.1
E4,4,1,92,UB0170,1,0.462799757250601,0.48063493019636283,0.1
E4,4,2,0,UB0004,0,0.3403474919483162,0.39294216770974333,0.01
E4,4,2,4,UB0023,1,0.836838687736919,0.5339436929149974,0.01
E4,4,2,7,UB0029,1,0.4929269830323707,0.39177510762696005,0.01
E4,4,2,11,UB0035,0,0.3853803027315113,0.23760214394711232,0.01
E4,4,2,17,UB0047,0,0.370993465111758,0.2854320056631647,0.01
E4,4,2,21,UB0053,0,0.3113941573562349,0.4369424991059997,0.01
E4,4,2,22,UB0054,0,0.1889059206401834,0.31329621563426374,0.01
E4,4,2,25,UB0059,0,0.326365785011249,0.3624891065170144,0.01
E4,4,2,31,UB0070,1,0.4006579376801763,0.42223933358389243,0.01
E4,4,2,36,UB0075,0,0.4238281413855957,0.5444410918331406,0.01
E4,4,2,43,UB0084,0,0.398888257635674,0.4209213178215077,0.01
E4,4,2,47,UB0089,0,0.2649372160288267,0.27684830040702585,0.01
E4,4,2,57,UB0106,1,0.3732836982716147,0.29300274854815994,0.01
E4,4,2,60,UB0115,1,0.3424306970054189,0.42664314098657274,0.01
E4,4,2,63,UB0120,1,0.4650224091536909,0.4144805524759637,0.01
E4,4,2,69,UB0129,1,0.518655589510702,0.4600471880465461,0.01
E4,4,2,70,UB0131,0,0.3077635395302764,0.5526913784276479,0.01
E4,4,2,78,UB0143,1,0.553207876287001,0.472204468324498,0.01
E4,4,2,91,UB0169,0,0.3105640678831619,0.3925518611234333,0.01
E4,4,3,2,UB0020,0,0.8069278339026486,0.5659114875244188,0.1
E4,4,3,9,UB0032,0,0.4131752882273397,0.4029554222722498,0.1
E4,4,3,12,UB0039,0,0.8585246874297143,0.5459198178918211,0.1
E4,4,3,15,UB0045,0,0.2194604593770579,0.24737540096867858,0.1
E4,4,3,16,UB0046,0,0.1345986137882301,0.17359503142773375,0.1
E4,4,3,37,UB0077,1,0.1785951049309138,0.18794194609487605,0.1
E4,4,3,40,UB0080,0,0.1971619341578044,0.14538259865425746,0.1
E4,4,3,45,UB0086,1,0.6671699783418941,0.49498741577108374,0.1
E4,4,3,51,UB0099,1,0.7357966780415884,0.7396990308994359,0.1
E4,4,3,52,UB0100,0,0.887405411146384,0.7455814247159918,0.1
E4,4,3,58,UB0107,1,0.2257281544157176,0.42540732781384305,0.1
E4,4,3,61,UB0118,1,0.7877716966835209,0.5669797096048046,0.1
E4,4,3,62,UB0119,1,0.6342040223975294,0.6951545123125681,0.1
E4,4,3,65,UB0124,1,0.8419072463840394,0.7637747749024013,0.1
E4,4,3,66,UB0126,0,0.2294096526317428,0.3823050982732188,0.1
E4,4,3,72,UB0133,0,0.357835830489091,0.45120827627018995,0.1
E4,4,3,79,UB0144,1,0.6200430692176244,0.7173219691887494,0.1
E4,4,3,83,UB0154,0,0.4122996147919114,0.370908846979179,0.1
E4,4,3,84,UB0156,0,0.1409256601627084,0.1911103219646,0.1
E4,4,4,3,UB0021,1,0.5004208807584519,0.37267022934771854,0.1
E4,4,4,5,UB0024,1,0.6957677935613629,0.8154319396214468,0.1
E4,4,4,10,UB0034,0,0.3945650143205535,0.1350992811467883,0.1
E4,4,4,13,UB0042,0,0.1761373094363006,0.07884695036396934,0.1
E4,4,4,18,UB0049,0,0.3781751322378612,0.2941151845540791,0.1
E4,4,4,23,UB0056,0,0.1959725828037538,0.18366490544094122,0.1
E4,4,4,24,UB0057,0,0.2176837815571315,0.08810304299285768,0.1
E4,4,4,26,UB0060,0,0.2411574179264126,0.2757660601914643,0.1
E4,4,4,38,UB0078,1,0.2628736029021049,0.33285729707072165,0.1
E4,4,4,39,UB0079,0,0.2482988362395572,0.19347025200011053,0.1
E4,4,4,41,UB0081,0,0.5487159116098402,0.6344083907084694,0.1
E4,4,4,48,UB0090,0,0.4489125429054629,0.7312904493186523,0.1
E4,4,4,49,UB0091,1,0.5420923156158324,0.4489821653823334,0.1
E4,4,4,67,UB0127,1,0.4528229959987119,0.23019079283396868,0.1
E4,4,4,68,UB0128,1,0.9413353420875948,0.9541243953151423,0.1
E4,4,4,76,UB0140,1,0.4071324588636272,0.331735804323455,0.1
E4,4,4,86,UB0161,1,0.7867033316164879,0.811859659610602,0.1
E4,4,4,93,UB0172,0,0.6646630682215122,0.7387661748630251,0.1
E4,4,4,94,UB0173,0,0.565011461850151,0.5611121013770402,0.1
E4,5,0,4,UB0023,1,0.7319782480882453,0.6018436534770062,0.1
E4,5,0,12,UB0039,0,0.4523842397427808,0.38428318546151,0.1
E4,5,0,19,UB0051,0,0.2736428128121811,0.31744644685623064,0.1
E4,5,0,21,UB0053,0,0.3217993305569193,0.3489910409838345,0.1
E4,5,0,24,UB0057,0,0.2547466639191772,0.09750130615200157,0.1
E4,5,0,29,UB0065,0,0.2737661584556966,0.2475225899320655,0.1
E4,5,0,30,UB0066,0,0.3208302978617133,0.6128807542907801,0.1
E4,5,0,31,UB0070,1,0.4171535887820927,0.3879687381361748,0.1
E4,5,0,32,UB0071,0,0.3539361585803461,0.4020559446037498,0.1
E4,5,0,42,UB0083,1,0.5875070886754129,0.691929738665302,0.1
E4,5,0,43,UB0084,0,0.4131149131156728,0.45334919151784586,0.1
E4,5,0,45,UB0086,1,0.4667692123549142,0.4900266893256103,0.1
E4,5,0,70,UB0131,0,0.3315402340030705,0.6048366596226316,0.1
E4,5,0,79,UB0144,1,0.4883474931270965,0.6476660362697104,0.1
E4,5,0,84,UB0156,0,0.3425354668785196,0.1745574866435242,0.1
E4,5,0,86,UB0161,1,0.6949833016456101,0.6171463978196718,0.1
E4,5,0,87,UB0162,1,0.5117297246977967,0.5320010550991836,0.1
E4,5,0,90,UB0168,1,0.5280685148366063,0.2795096175554217,0.1
E4,5,0,92,UB0170,1,0.4752093372929236,0.395489767897909,0.1
E4,5,0,95,UB0176,0,0.2439397685698584,0.15907526014160284,0.1
E4,5,1,11,UB0035,0,0.3236890546454346,0.09212652167015654,0.1
E4,5,1,16,UB0046,0,0.0553495797533439,0.05719542100846595,0.1
E4,5,1,20,UB0052,0,0.579501778781215,0.6828034036607583,0.1
E4,5,1,22,UB0054,0,0.0280303166827513,0.12335234547057303,0.1
E4,5,1,23,UB0056,0,0.0294585081535479,0.1474371977441539,0.1
E4,5,1,28,UB0063,0,0.1068583437159958,0.14903562849522253,0.1
E4,5,1,36,UB0075,0,0.1708746974935693,0.43868811753406606,0.1
E4,5,1,37,UB0077,1,0.0748580459692998,0.1456167070001833,0.1
E4,5,1,50,UB0098,0,0.752927774117844,0.06697332443795617,0.1
E4,5,1,52,UB0100,0,0.864978625918472,0.7824278812317041,0.1
E4,5,1,58,UB0107,1,0.1365629111925139,0.3885147798368459,0.1
E4,5,1,60,UB0115,1,0.1883047646407611,0.3144599876959451,0.1
E4,5,1,67,UB0127,1,0.3890441548574394,0.14616898221464703,0.1
E4,5,1,69,UB0129,1,0.6711280337352566,0.484896769573669,0.1
E4,5,1,71,UB0132,1,0.6945908858541447,0.6843602842352658,0.1
E4,5,1,72,UB0133,0,0.4076949073000845,0.5316302385064793,0.1
E4,5,1,77,UB0142,1,0.0987804631063846,0.5095433461809525,0.1
E4,5,1,81,UB0150,1,0.0947255656929173,0.25229833996782836,0.1
E4,5,1,82,UB0153,0,0.0738085947532484,0.10698231240757693,0.1
E4,5,2,9,UB0032,0,0.3833292990597121,0.3095243720872892,0.1
E4,5,2,25,UB0059,0,0.3063913553898711,0.35156237319891515,0.1
E4,5,2,33,UB0072,0,0.5931560132607571,0.6862813935532784,0.1
E4,5,2,34,UB0073,1,0.4861172723889065,0.5453333525647857,0.1
E4,5,2,35,UB0074,1,0.4729384195324124,0.3379624621718321,0.1
E4,5,2,38,UB0078,1,0.2688234779098435,0.33839709846897525,0.1
E4,5,2,39,UB0079,0,0.2661732670480617,0.17133254302880377,0.1
E4,5,2,44,UB0085,1,0.482446500488035,0.4234237168694076,0.1
E4,5,2,47,UB0089,0,0.2172737838539621,0.19669045073213734,0.1
E4,5,2,53,UB0102,1,0.5372871818858592,0.766860243602785,0.1
E4,5,2,54,UB0103,0,0.3398949008793634,0.4756928260791208,0.1
E4,5,2,55,UB0104,0,0.4493667090530027,0.22912850207750904,0.1
E4,5,2,62,UB0119,1,0.5215476709035508,0.7544820673642363,0.1
E4,5,2,65,UB0124,1,0.6513130362429038,0.7758122871764649,0.1
E4,5,2,66,UB0126,0,0.3691530749231126,0.37575796063032674,0.1
E4,5,2,73,UB0134,1,0.4219742449183087,0.733124843196098,0.1
E4,5,2,75,UB0139,0,0.5992376826159141,0.8472894119010907,0.1
E4,5,2,85,UB0158,0,0.4931511828469621,0.4945058653917217,0.1
E4,5,2,93,UB0172,0,0.6228453319631345,0.7243129978192665,0.1
E4,5,3,2,UB0020,0,0.5802667176986391,0.4805573927621438,0.1
E4,5,3,6,UB0028,1,0.4095572886706414,0.4526380478981311,0.1
E4,5,3,8,UB0030,0,0.3535121719140421,0.1577964209654174,0.1
E4,5,3,13,UB0042,0,0.2255093613472985,0.1308414711570384,0.1
E4,5,3,15,UB0045,0,0.3764683396622406,0.3705651049972406,0.1
E4,5,3,18,UB0049,0,0.3731091124206537,0.33177327100738774,0.1
E4,5,3,26,UB0060,0,0.2706742833667445,0.2951774178940923,0.1
E4,5,3,48,UB0090,0,0.4633776703758635,0.6829426839058549,0.1
E4,5,3,49,UB0091,1,0.5371030519865995,0.5156269364040893,0.1
E4,5,3,51,UB0099,1,0.5296907215000958,0.6772372223792386,0.1
E4,5,3,56,UB0105,0,0.2926504022494876,0.24416094970710928,0.1
E4,5,3,59,UB0109,0,0.2958459647397619,0.3178920307041689,0.1
E4,5,3,61,UB0118,1,0.529310690922255,0.46356886060437874,0.1
E4,5,3,68,UB0128,1,0.9227418266610556,0.9426172921934275,0.1
E4,5,3,74,UB0138,1,0.5424357361643241,0.6415893261226653,0.1
E4,5,3,78,UB0143,1,0.5495289765415629,0.44012604324416654,0.1
E4,5,3,83,UB0154,0,0.4460732735861296,0.32563524245733133,0.1
E4,5,3,89,UB0166,1,0.5172768598996123,0.5194776084602533,0.1
E4,5,3,91,UB0169,0,0.2967152643211986,0.26450555156656125,0.1
E4,5,4,0,UB0004,0,0.3167073721976298,0.30259787350605133,0.1
E4,5,4,1,UB0007,0,0.3370752583741636,0.44390981190876255,0.1
E4,5,4,3,UB0021,1,0.5193631101874383,0.41271166035712725,0.1
E4,5,4,5,UB0024,1,0.693069827154382,0.818727931345271,0.1
E4,5,4,7,UB0029,1,0.5513098099700704,0.5319975818592761,0.1
E4,5,4,10,UB0034,0,0.3270813532710678,0.10036645039543872,0.1
E4,5,4,14,UB0044,0,0.4089137824223725,0.3725521697285821,0.1
E4,5,4,17,UB0047,0,0.3743101048819633,0.2216402254247584,0.1
E4,5,4,27,UB0061,0,0.306489349379267,0.2096643692988788,0.1
E4,5,4,40,UB0080,0,0.2458185289906787,0.11418983693914642,0.1
E4,5,4,41,UB0081,0,0.5544318377981303,0.6230068679417092,0.1
E4,5,4,46,UB0087,1,0.535743882992817,0.7641783212122829,0.1
E4,5,4,57,UB0106,1,0.3513815771470968,0.26115171927954484,0.1
E4,5,4,63,UB0120,1,0.4984664200161047,0.5422006872194474,0.1
E4,5,4,64,UB0122,0,0.5455670644966824,0.5011565805370993,0.1
E4,5,4,76,UB0140,1,0.3857581812362044,0.3300051988574963,0.1
E4,5,4,80,UB0147,0,0.588704804131988,0.6019486408865494,0.1
E4,5,4,88,UB0164,1,0.4545380674988667,0.416206529329267,0.1
E4,5,4,94,UB0173,0,0.6176189794864627,0.6157939150483569,0.1
E4,6,0,2,UB0020,0,0.574441164977746,0.45517098557300534,0.1
E4,6,0,3,UB0021,1,0.4612200870870212,0.3478864844587186,0.1
E4,6,0,7,UB0029,1,0.4976183838563497,0.42156018128872075,0.1
E4,6,0,13,UB0042,0,0.1928563548577504,0.09893690231374334,0.1
E4,6,0,23,UB0056,0,0.2117688204645694,0.20884835911418054,0.1
E4,6,0,27,UB0061,0,0.3216323464751297,0.215987621654629,0.1
E4,6,0,32,UB0071,0,0.3573777495344117,0.4324366407626422,0.1
E4,6,0,41,UB0081,0,0.5155822731979794,0.5800493111520959,0.1
E4,6,0,47,UB0089,0,0.2581311886190076,0.19004481003349064,0.1
E4,6,0,54,UB0103,0,0.3639573521623734,0.47386481771769157,0.1
E4,6,0,60,UB0115,1,0.3517022287641855,0.385172905147048,0.1
E4,6,0,63,UB0120,1,0.4713203105365009,0.5158568929414328,0.1
E4,6,0,69,UB0129,1,0.5233403221409543,0.50478714791067,0.1
E4,6,0,70,UB0131,0,0.3068768074138446,0.5013953490242884,0.1
E4,6,0,79,UB0144,1,0.5129925631368674,0.7314564655384888,0.1
E4,6,0,82,UB0153,0,0.3045704372594019,0.2111601183742936,0.1
E4,6,0,86,UB0161,1,0.8292008967453972,0.8239751536989118,0.1
E4,6,0,89,UB0166,1,0.4986579853058794,0.5112162630271501,0.1
E4,6,0,91,UB0169,0,0.3181661260377144,0.2867779810328696,0.1
E4,6,0,92,UB0170,1,0.4444310809976177,0.3942751906307456,0.1
E4,6,1,1,UB0007,0,0.3411850656458846,0.41717687393889974,0.1
E4,6,1,10,UB0034,0,0.3664015380331971,0.12745994567446634,0.1
E4,6,1,17,UB0047,0,0.4307490274788237,0.30879346639857036,0.1
E4,6,1,24,UB0057,0,0.2364416291616527,0.1302671823655548,0.1
E4,6,1,30,UB0066,0,0.2637064493048218,0.413443174665983,0.1
E4,6,1,44,UB0085,1,0.4516647777025576,0.3747794041934586,0.1
E4,6,1,56,UB0105,0,0.2616769454068086,0.20494162477439146,0.1
E4,6,1,57,UB0106,1,0.3840117199960753,0.34915135156761856,0.1
E4,6,1,59,UB0109,0,0.2459307765143934,0.25113007974497703,0.1
E4,6,1,61,UB0118,1,0.5469138703085565,0.5156678420716225,0.1
E4,6,1,62,UB0119,1,0.5465030231484195,0.7177061229257181,0.1
E4,6,1,64,UB0122,0,0.4864276980855554,0.48572988453666444,0.1
E4,6,1,66,UB0126,0,0.2838182419574509,0.2942178628198871,0.1
E4,6,1,68,UB0128,1,0.9005507263144517,0.9120635609016737,0.1
E4,6,1,72,UB0133,0,0.4382685256306323,0.45826414382105346,0.1
E4,6,1,77,UB0142,1,0.2946662564973965,0.5611339807277533,0.1
E4,6,1,83,UB0154,0,0.4598574067522189,0.33165116733652616,0.1
E4,6,1,88,UB0164,1,0.4550923519419468,0.393144998238083,0.1
E4,6,1,90,UB0168,1,0.5421441736824063,0.5071122802198094,0.1
E4,6,2,0,UB0004,0,0.3079837649009327,0.29247620176736716,0.1
E4,6,2,5,UB0024,1,0.7206275696058889,0.7845507603189719,0.1
E4,6,2,11,UB0035,0,0.3257944007832962,0.111899047490358,0.1
E4,6,2,14,UB0044,0,0.3990564159838843,0.36043257029545916,0.1
E4,6,2,25,UB0059,0,0.3239523339307812,0.32643294211792445,0.1
E4,6,2,28,UB0063,0,0.3223536151547004,0.13358110307815166,0.1
E4,6,2,34,UB0073,1,0.4864156685830259,0.5165892267537007,0.1
E4,6,2,35,UB0074,1,0.4718321303315922,0.3231891920517888,0.1
E4,6,2,40,UB0080,0,0.2532587395218221,0.12502073220501292,0.1
E4,6,2,42,UB0083,1,0.6299282943931924,0.6748350908219656,0.1
E4,6,2,45,UB0086,1,0.4705629590527784,0.4197006185468859,0.1
E4,6,2,49,UB0091,1,0.465989762002658,0.4277246816260869,0.1
E4,6,2,50,UB0098,0,0.6147679075960486,0.11883221812689573,0.1
E4,6,2,71,UB0132,1,0.5611857897983829,0.6626312342151587,0.1
E4,6,2,75,UB0139,0,0.572960128352709,0.8164640737600002,0.1
E4,6,2,76,UB0140,1,0.3775264670346598,0.3424380357341635,0.1
E4,6,2,80,UB0147,0,0.591055094665474,0.6184952113164627,0.1
E4,6,2,94,UB0173,0,0.6257678634721808,0.5990075661276818,0.1
E4,6,2,95,UB0176,0,0.238411492817461,0.15086334077031774,0.1
E4,6,3,15,UB0045,0,0.1992877364770333,0.28913680110733975,0.1
E4,6,3,18,UB0049,0,0.2406038449666699,0.2936774237980563,0.1
E4,6,3,20,UB0052,0,0.5903158454187614,0.6654602240979047,0.1
E4,6,3,21,UB0053,0,0.1719354605879386,0.31105083361675306,0.1
E4,6,3,29,UB0065,0,0.0842205914922577,0.20237458774574416,0.1
E4,6,3,31,UB0070,1,0.4558100293859695,0.5027378346370173,0.1
E4,6,3,37,UB0077,1,0.1329032962830651,0.165312598812656,0.1
E4,6,3,38,UB0078,1,0.1604665402405367,0.2826695810152874,0.1
E4,6,3,39,UB0079,0,0.1499416556056482,0.16979283825397254,0.1
E4,6,3,43,UB0084,0,0.4449277670003021,0.45206703814256766,0.1
E4,6,3,46,UB0087,1,0.632685366543375,0.7628483077107191,0.1
E4,6,3,48,UB0090,0,0.3236616606229282,0.6205469425106322,0.1
E4,6,3,52,UB0100,0,0.8485495686629717,0.7704906772466719,0.1
E4,6,3,55,UB0104,0,0.3855045563327503,0.27916504145831683,0.1
E4,6,3,65,UB0124,1,0.843693331985126,0.8465954154259666,0.1
E4,6,3,67,UB0127,1,0.4671915659511261,0.15697104084363017,0.1
E4,6,3,81,UB0150,1,0.1234318014386766,0.31160545262587463,0.1
E4,6,3,84,UB0156,0,0.1319689940045943,0.13834413048471125,0.1
E4,6,3,87,UB0162,1,0.6582605752032717,0.6860911897904941,0.1
E4,6,4,4,UB0023,1,0.9778829801714956,0.7586907019734718,0.1
E4,6,4,6,UB0028,1,0.3549398219011077,0.5603993389329122,0.1
E4,6,4,8,UB0030,0,0.2680888315535365,0.13037172118730686,0.1
E4,6,4,9,UB0032,0,0.2567799842378807,0.310279672412341,0.1
E4,6,4,12,UB0039,0,0.7875852224254776,0.49574077508636216,0.1
E4,6,4,16,UB0046,0,0.1604430236988083,0.22861684908177782,0.1
E4,6,4,19,UB0051,0,0.1378747087608073,0.275607180575228,0.1
E4,6,4,22,UB0054,0,0.0474619075532608,0.11161228024967512,0.1
E4,6,4,26,UB0060,0,0.1779706750331895,0.31589664480312174,0.1
E4,6,4,33,UB0072,0,0.6298583988884828,0.6185122315658409,0.1
E4,6,4,36,UB0075,0,0.3004075208712447,0.5029046612704121,0.1
E4,6,4,51,UB0099,1,0.6571559561492653,0.7005053637463149,0.1
E4,6,4,53,UB0102,1,0.5357966042515809,0.6624568045255901,0.1
E4,6,4,58,UB0107,1,0.2818765969706542,0.5004014999925176,0.1
E4,6,4,73,UB0134,1,0.5143101369106896,0.6510865038340641,0.1
E4,6,4,74,UB0138,1,0.6747092382314671,0.6418535412700695,0.1
E4,6,4,78,UB0143,1,0.6140827292977874,0.5769062654696128,0.1
E4,6,4,85,UB0158,0,0.4328558798781503,0.4989302407796299,0.1
E4,6,4,93,UB0172,0,0.785687642329836,0.6980718058430464,0.1
E4,7,0,5,UB0024,1,0.7091708476210719,0.7246486821376167,0.1
E4,7,0,6,UB0028,1,0.1663946627500209,0.4706882995690576,0.1
E4,7,0,12,UB0039,0,0.8289232194549215,0.45511669950950806,0.1
E4,7,0,15,UB0045,0,0.2573506788397332,0.25638920252791547,0.1
E4,7,0,22,UB0054,0,0.0329533598784611,0.08204592164823882,0.1
E4,7,0,24,UB0057,0,0.1065223555645715,0.14306200039206826,0.1
E4,7,0,31,UB0070,1,0.4998656004814441,0.46465743748298755,0.1
E4,7,0,35,UB0074,1,0.6078127411404934,0.3412808628268509,0.1
E4,7,0,37,UB0077,1,0.2391698050688754,0.17280164434037665,0.1
E4,7,0,41,UB0081,0,0.5285554544796544,0.583633005063412,0.1
E4,7,0,43,UB0084,0,0.4198091637840697,0.3602459418036404,0.1
E4,7,0,44,UB0085,1,0.1974054734435498,0.3069378156332984,0.1
E4,7,0,54,UB0103,0,0.2196078750778597,0.38232790204314016,0.1
E4,7,0,56,UB0105,0,0.1626060241752891,0.20298138534772459,0.1
E4,7,0,62,UB0119,1,0.6839437019475891,0.7317308022197619,0.1
E4,7,0,68,UB0128,1,0.9905166786566976,0.9516711227418033,0.1
E4,7,0,92,UB0170,1,0.6149457387918393,0.5284802569111444,0.1
E4,7,0,93,UB0172,0,0.7695969277744242,0.7161464389419984,0.1
E4,7,0,94,UB0173,0,0.7507511209608874,0.5703718225568655,0.1
E4,7,0,95,UB0176,0,0.1230399657035705,0.14902433930286796,0.1
E4,7,1,1,UB0007,0,0.3703621167767227,0.5630387448598678,0.1
E4,7,1,2,UB0020,0,0.6296566050785373,0.5076989261262519,0.1
E4,7,1,3,UB0021,1,0.4857535867811861,0.39918156794085985,0.1
E4,7,1,13,UB0042,0,0.1428944197561081,0.07774675665976162,0.1
E4,7,1,14,UB0044,0,0.4089783960364575,0.41391887261933696,0.1
E4,7,1,20,UB0052,0,0.551557762893877,0.6265852219336427,0.1
E4,7,1,21,UB0053,0,0.2523498391731995,0.34378080787760895,0.1
E4,7,1,23,UB0056,0,0.150736137075267,0.17575536120877627,0.1
E4,7,1,25,UB0059,0,0.2619598561485413,0.2322145756024972,0.1
E4,7,1,32,UB0071,0,0.2808641586427549,0.3366873806385662,0.1
E4,7,1,38,UB0078,1,0.2396258778671213,0.31922150006641364,0.1
E4,7,1,58,UB0107,1,0.2949997703867141,0.41503832975096283,0.1
E4,7,1,60,UB0115,1,0.3022255952799069,0.335556629903096,0.1
E4,7,1,69,UB0129,1,0.5564190692449766,0.5046036629618438,0.1
E4,7,1,70,UB0131,0,0.2769728866913608,0.4525836091149184,0.1
E4,7,1,72,UB0133,0,0.4357430005411066,0.5462479435345473,0.1
E4,7,1,79,UB0144,1,0.5404600669671783,0.7583759702381724,0.1
E4,7,1,81,UB0150,1,0.2568444375814108,0.2926112654598715,0.1
E4,7,1,87,UB0162,1,0.5822134735426147,0.6268040233189899,0.1
E4,7,2,9,UB0032,0,0.4018300964972124,0.3728678398279531,0.1
E4,7,2,10,UB0034,0,0.3402237870616045,0.16196826118740962,0.1
E4,7,2,18,UB0049,0,0.3729808589569814,0.32785342904105974,0.1
E4,7,2,28,UB0063,0,0.2964384027511518,0.1869195487530719,0.1
E4,7,2,29,UB0065,0,0.3288091686607883,0.26259029108494025,0.1
E4,7,2,33,UB0072,0,0.5591434725220262,0.6268845190006314,0.1
E4,7,2,39,UB0079,0,0.2741429907569537,0.20712121043289058,0.1
E4,7,2,46,UB0087,1,0.5261676867261603,0.6925748883098731,0.1
E4,7,2,50,UB0098,0,0.6346573276587842,0.07924099669854953,0.1
E4,7,2,51,UB0099,1,0.5770627942845515,0.6781270580761285,0.1
E4,7,2,52,UB0100,0,0.6903210632436244,0.7582801954298674,0.1
E4,7,2,53,UB0102,1,0.5048797828025413,0.5637512762805218,0.1
E4,7,2,59,UB0109,0,0.2393242934198154,0.28391043966873203,0.1
E4,7,2,63,UB0120,1,0.4936750569478152,0.3917504126394586,0.1
E4,7,2,65,UB0124,1,0.6296297336796861,0.8037910152670745,0.1
E4,7,2,67,UB0127,1,0.4372873024289802,0.17169412528219624,0.1
E4,7,2,85,UB0158,0,0.4997871415905146,0.48553938325791746,0.1
E4,7,2,88,UB0164,1,0.453369778090873,0.5543511492424437,0.1
E4,7,2,89,UB0166,1,0.5061026563366862,0.5230588797976733,0.1
E4,7,3,0,UB0004,0,0.2583913630049162,0.3258204344669671,0.1
E4,7,3,4,UB0023,1,0.8962532944372172,0.5889230301269371,0.1
E4,7,3,7,UB0029,1,0.4288419352357598,0.41283368245733515,0.1
E4,7,3,19,UB0051,0,0.1504296252034371,0.2749274467200269,0.1
E4,7,3,34,UB0073,1,0.6375989946633263,0.644601253354906,0.1
E4,7,3,40,UB0080,0,0.1870047763521634,0.12488067662397044,0.1
E4,7,3,48,UB0090,0,0.4373301152854155,0.7063266840461214,0.1
E4,7,3,55,UB0104,0,0.3748994060894058,0.24114579865480945,0.1
E4,7,3,61,UB0118,1,0.6834285218449759,0.5044866800528399,0.1
E4,7,3,64,UB0122,0,0.6334096769622545,0.47082334079923976,0.1
E4,7,3,66,UB0126,0,0.0464697001673076,0.16518502281896572,0.1
E4,7,3,71,UB0132,1,0.4724466502567379,0.6124913974439439,0.1
E4,7,3,75,UB0139,0,0.6360425488127252,0.7995676812295104,0.1
E4,7,3,77,UB0142,1,0.2446241686303632,0.6101928207826008,0.1
E4,7,3,78,UB0143,1,0.447051249804766,0.39522465800467244,0.1
E4,7,3,83,UB0154,0,0.3974434338417842,0.3436008076815497,0.1
E4,7,3,84,UB0156,0,0.1281666242328192,0.12340016201677757,0.1
E4,7,3,90,UB0168,1,0.417401012771272,0.27185411772134027,0.1
E4,7,3,91,UB0169,0,0.1842724265114757,0.2517102669046362,0.1
E4,7,4,8,UB0030,0,0.2640545715375345,0.06782851279891226,0.1
E4,7,4,11,UB0035,0,0.3003273215908086,0.0960177137923056,0.1
E4,7,4,16,UB0046,0,0.1925475686960332,0.17975676288618417,0.1
E4,7,4,17,UB0047,0,0.3318573955844341,0.17614495764283858,0.1
E4,7,4,26,UB0060,0,0.3283311175458142,0.38259040493035223,0.1
E4,7,4,27,UB0061,0,0.3277054623790531,0.24392002480340355,0.1
E4,7,4,30,UB0066,0,0.3383531255776157,0.5767472870178814,0.1
E4,7,4,36,UB0075,0,0.4105576243844312,0.5987214807975396,0.1
E4,7,4,42,UB0083,1,0.5868404727126721,0.6769118829167947,0.1
E4,7,4,45,UB0086,1,0.4222668740936817,0.4122088186575441,0.1
E4,7,4,47,UB0089,0,0.2215831910871231,0.16567663372163619,0.1
E4,7,4,49,UB0091,1,0.4303862890115181,0.34728401128847863,0.1
E4,7,4,57,UB0106,1,0.3159284677387045,0.20640396344857015,0.1
E4,7,4,73,UB0134,1,0.3944848588419753,0.6620549261911999,0.1
E4,7,4,74,UB0138,1,0.4492623921623531,0.6128884619692924,0.1
E4,7,4,76,UB0140,1,0.3592331910708888,0.29230323779461986,0.1
E4,7,4,80,UB0147,0,0.5738034822260027,0.6285477915358624,0.1
E4,7,4,82,UB0153,0,0.30210264839322,0.1821573586858892,0.1
E4,7,4,86,UB0161,1,0.6260239950831681,0.6696349188633529,0.1
E4,8,0,16,UB0046,0,0.1174406722635383,0.18377281373292204,0.1
E4,8,0,18,UB0049,0,0.2467287023477102,0.2740033506995209,0.1
E4,8,0,36,UB0075,0,0.3632117237398048,0.5700635795003094,0.1
E4,8,0,40,UB0080,0,0.1718196852016291,0.11191733766528475,0.1
E4,8,0,49,UB0091,1,0.6035626688415384,0.4145691745518381,0.1
E4,8,0,53,UB0102,1,0.5075646150693136,0.6820211362065011,0.1
E4,8,0,55,UB0104,0,0.3853357453821895,0.2528900849941839,0.1
E4,8,0,56,UB0105,0,0.1996716275360841,0.1545563728345018,0.1
E4,8,0,57,UB0106,1,0.3846549569741472,0.2497334045137018,0.1
E4,8,0,62,UB0119,1,0.6469776811938887,0.7670826714676533,0.1
E4,8,0,65,UB0124,1,0.806926393416857,0.7547344697531553,0.1
E4,8,0,72,UB0133,0,0.4357200130771539,0.4701275879902662,0.1
E4,8,0,75,UB0139,0,0.6480757980733297,0.8051872546173187,0.1
E4,8,0,76,UB0140,1,0.323943203657396,0.3103715735517954,0.1
E4,8,0,77,UB0142,1,0.2251077950711439,0.6065223808737259,0.1
E4,8,0,80,UB0147,0,0.605887376668083,0.6060793530154905,0.1
E4,8,0,83,UB0154,0,0.4063808389803277,0.33330646635879874,0.1
E4,8,0,87,UB0162,1,0.4859591615603651,0.5650940760239131,0.1
E4,8,0,89,UB0166,1,0.5775619423789639,0.5396105684879146,0.1
E4,8,0,95,UB0176,0,0.1122648656598921,0.14537709836596857,0.1
E4,8,1,2,UB0020,0,0.603509526490084,0.5043533984338189,0.1
E4,8,1,4,UB0023,1,0.8039935519883291,0.6913842643133669,0.1
E4,8,1,6,UB0028,1,0.4309503918046193,0.4756505260440168,0.1
E4,8,1,17,UB0047,0,0.4071059115404215,0.2940554321644895,0.1
E4,8,1,19,UB0051,0,0.2734371525471288,0.2715188848122864,0.1
E4,8,1,20,UB0052,0,0.5478909726548569,0.5441859087081693,0.1
E4,8,1,21,UB0053,0,0.3084463258046937,0.368449324809932,0.1
E4,8,1,22,UB0054,0,0.223832377240669,0.12579618849185661,0.1
E4,8,1,26,UB0060,0,0.2924561416834521,0.31945800490013665,0.1
E4,8,1,29,UB0065,0,0.2719606029361194,0.22011470614997564,0.1
E4,8,1,42,UB0083,1,0.6136125534680466,0.6687063147985765,0.1
E4,8,1,51,UB0099,1,0.5674790590834127,0.71955963140981,0.1
E4,8,1,61,UB0118,1,0.5525823668612287,0.520173724751973,0.1
E4,8,1,71,UB0132,1,0.5422798492554192,0.629130136139623,0.1
E4,8,1,82,UB0153,0,0.3026298084502518,0.20065685233707448,0.1
E4,8,1,84,UB0156,0,0.3191133255770716,0.1944841741387604,0.1
E4,8,1,88,UB0164,1,0.4520362948193913,0.4077631700258493,0.1
E4,8,1,90,UB0168,1,0.5780347456234877,0.5043896051562555,0.1
E4,8,1,91,UB0169,0,0.3050603770705271,0.2737642813568845,0.1
E4,8,2,9,UB0032,0,0.3132380898844204,0.27628836980360155,0.1
E4,8,2,10,UB0034,0,0.4054253209562084,0.14679868009648506,0.1
E4,8,2,15,UB0045,0,0.3444147993784732,0.3025720499447832,0.1
E4,8,2,30,UB0066,0,0.2805574477000658,0.5092859981884855,0.1
E4,8,2,35,UB0074,1,0.508904569595844,0.4075584725491948,0.1
E4,8,2,37,UB0077,1,0.2101042876769102,0.1595679205965919,0.1
E4,8,2,41,UB0081,0,0.5970385488931594,0.646254041808789,0.1
E4,8,2,43,UB0084,0,0.463346104331247,0.47436793503343494,0.1
E4,8,2,46,UB0087,1,0.5591175643202642,0.8214614790439737,0.1
E4,8,2,48,UB0090,0,0.4461918253051026,0.7464703076405015,0.1
E4,8,2,50,UB0098,0,0.7201010707079762,0.07546832342617699,0.1
E4,8,2,63,UB0120,1,0.5428940008537944,0.5419192188127392,0.1
E4,8,2,67,UB0127,1,0.4346173616996381,0.21035304944108194,0.1
E4,8,2,74,UB0138,1,0.521090155707074,0.7193741072005897,0.1
E4,8,2,78,UB0143,1,0.5823475301231613,0.4694021390866552,0.1
E4,8,2,85,UB0158,0,0.5584637947262818,0.47118348645200064,0.1
E4,8,2,92,UB0170,1,0.4979842241384491,0.5056909789738222,0.1
E4,8,2,93,UB0172,0,0.6628324542168135,0.7069315389415508,0.1
E4,8,2,94,UB0173,0,0.5858204547649977,0.572704570871017,0.1
E4,8,3,0,UB0004,0,0.2753216444158629,0.3035939532496375,0.1
E4,8,3,1,UB0007,0,0.375305680905234,0.5006246761320152,0.1
E4,8,3,3,UB0021,1,0.5021987473631816,0.41684146203240663,0.1
E4,8,3,8,UB0030,0,0.286982744082268,0.09176904612198906,0.1
E4,8,3,13,UB0042,0,0.1537750102627395,0.07022357396596585,0.1
E4,8,3,14,UB0044,0,0.405431818082632,0.39975864157163876,0.1
E4,8,3,24,UB0057,0,0.198694306230588,0.09670863037198028,0.1
E4,8,3,28,UB0063,0,0.3018668112860341,0.16569928805990064,0.1
E4,8,3,31,UB0070,1,0.4207212549708874,0.48406691597458695,0.1
E4,8,3,32,UB0071,0,0.2974311996550811,0.2807818280092578,0.1
E4,8,3,33,UB0072,0,0.6048106044814084,0.6753753624745634,0.1
E4,8,3,58,UB0107,1,0.3267419792989546,0.5171446728647077,0.1
E4,8,3,64,UB0122,0,0.5571587295250425,0.5533123108964845,0.1
E4,8,3,68,UB0128,1,0.8693764107242472,0.8974503172659851,0.1
E4,8,3,69,UB0129,1,0.5768631078795889,0.5415249306320185,0.1
E4,8,3,70,UB0131,0,0.3429621024264267,0.5048454760750473,0.1
E4,8,3,79,UB0144,1,0.5262035336531323,0.7258083463790095,0.1
E4,8,3,81,UB0150,1,0.2208104183173959,0.2241413893585407,0.1
E4,8,3,86,UB0161,1,0.6118614318542033,0.6479067761210017,0.1
E4,8,4,5,UB0024,1,0.6635833139052674,0.7654700475447654,0.1
E4,8,4,7,UB0029,1,0.5539410135883225,0.5574331764008679,0.1
E4,8,4,11,UB0035,0,0.3478654692846484,0.14062645129265874,0.1
E4,8,4,12,UB0039,0,0.6089301794723565,0.5303178700114108,0.1
E4,8,4,23,UB0056,0,0.1880992679468125,0.19721908508925146,0.1
E4,8,4,25,UB0059,0,0.3150884842406459,0.3218938099100468,0.1
E4,8,4,27,UB0061,0,0.3034996659808948,0.22968994767754547,0.1
E4,8,4,34,UB0073,1,0.468485300897916,0.5238431622249681,0.1
E4,8,4,38,UB0078,1,0.2913872482588535,0.354483775885568,0.1
E4,8,4,39,UB0079,0,0.2575174260582274,0.1908008454732983,0.1
E4,8,4,44,UB0085,1,0.3745790510401906,0.33576555391287033,0.1
E4,8,4,45,UB0086,1,0.494490891617886,0.46031209391711014,0.1
E4,8,4,47,UB0089,0,0.2459061389541949,0.20100128431313477,0.1
E4,8,4,52,UB0100,0,0.7015001000422675,0.7142574265126574,0.1
E4,8,4,54,UB0103,0,0.3040546612447293,0.40702913556541925,0.1
E4,8,4,59,UB0109,0,0.2664668700058101,0.2768113439508525,0.1
E4,8,4,60,UB0115,1,0.359810284462916,0.41369634153731005,0.1
E4,8,4,66,UB0126,0,0.3545575567278692,0.36495236630932343,0.1
E4,8,4,73,UB0134,1,0.4296225054449414,0.6593641051487198,0.1
E4,9,0,0,UB0004,0,0.3343074219629907,0.3861834478655457,0.1
E4,9,0,7,UB0029,1,0.4271870258232563,0.45207868423154784,0.1
E4,9,0,9,UB0032,0,0.331336819658163,0.2810341095015389,0.1
E4,9,0,15,UB0045,0,0.3571468756141456,0.3170705336073326,0.1
E4,9,0,16,UB0046,0,0.2513061508372037,0.21703909952872738,0.1
E4,9,0,23,UB0056,0,0.2429029543880947,0.2781738086474348,0.1
E4,9,0,30,UB0066,0,0.284414126147829,0.5373743832777048,0.1
E4,9,0,31,UB0070,1,0.4212882393298355,0.41050019535419174,0.1
E4,9,0,39,UB0079,0,0.2708191504592385,0.20608817022792278,0.1
E4,9,0,44,UB0085,1,0.3788188516204963,0.37903999484208484,0.1
E4,9,0,54,UB0103,0,0.3519792892318927,0.5074670147794754,0.1
E4,9,0,59,UB0109,0,0.3142443510750804,0.3367166128018772,0.1
E4,9,0,68,UB0128,1,0.8486856850499835,0.9080734536259684,0.1
E4,9,0,71,UB0132,1,0.4521961674905606,0.5613239885679631,0.1
E4,9,0,73,UB0134,1,0.4304116521944176,0.7165202681973987,0.1
E4,9,0,75,UB0139,0,0.5420875305173211,0.7942327355592448,0.1
E4,9,0,79,UB0144,1,0.4682963262153662,0.6553941754537165,0.1
E4,9,0,83,UB0154,0,0.4234795384439922,0.3306262916070611,0.1
E4,9,0,87,UB0162,1,0.4398186899727985,0.5320476398907835,0.1
E4,9,0,89,UB0166,1,0.4928618023990039,0.5065536531292122,0.1
E4,9,1,2,UB0020,0,0.809706846132241,0.5003674261600796,0.1
E4,9,1,4,UB0023,1,0.9934276176852512,0.7793800172953687,0.1
E4,9,1,11,UB0035,0,0.486515933184611,0.22031195718285124,0.1
E4,9,1,29,UB0065,0,0.0472676305002185,0.19286975817261118,0.1
E4,9,1,37,UB0077,1,0.0996708257092866,0.16077986879943834,0.1
E4,9,1,38,UB0078,1,0.1554636570542936,0.303134927597383,0.1
E4,9,1,48,UB0090,0,0.5396302949717122,0.7295082704740434,0.1
E4,9,1,52,UB0100,0,0.8137717512950875,0.6928400735015247,0.1
E4,9,1,53,UB0102,1,0.4778520456785558,0.7303322844267032,0.1
E4,9,1,58,UB0107,1,0.1970506643708315,0.36853083064314845,0.1
E4,9,1,70,UB0131,0,0.0922625954084853,0.43216661253675587,0.1
E4,9,1,72,UB0133,0,0.5701655612044348,0.5767608997898948,0.1
E4,9,1,78,UB0143,1,0.5005327948460655,0.494026682765046,0.1
E4,9,1,80,UB0147,0,0.7137991566423519,0.6403586218248163,0.1
E4,9,1,82,UB0153,0,0.1187168792109032,0.16070968242809114,0.1
E4,9,1,90,UB0168,1,0.5041359709762566,0.26527232223392705,0.1
E4,9,1,92,UB0170,1,0.5073246307325265,0.40382643192714485,0.1
E4,9,1,93,UB0172,0,0.8675243071680225,0.8088131488185807,0.1
E4,9,1,95,UB0176,0,0.0394196355216777,0.09993009428289101,0.1
E4,9,2,3,UB0021,1,0.4635086372227246,0.3699622190470096,0.1
E4,9,2,14,UB0044,0,0.4320421555087947,0.39000640016907645,0.1
E4,9,2,18,UB0049,0,0.3575752925937107,0.31834268859655357,0.1
E4,9,2,19,UB0051,0,0.2363215536694371,0.22234424395068633,0.1
E4,9,2,21,UB0053,0,0.2693545820961821,0.2966913154881475,0.1
E4,9,2,22,UB0054,0,0.2268927569413789,0.10685951645452398,0.1
E4,9,2,24,UB0057,0,0.2203910070440386,0.13372034824851112,0.1
E4,9,2,25,UB0059,0,0.2879345835771893,0.29252924632075467,0.1
E4,9,2,27,UB0061,0,0.282850309924347,0.2233821179060173,0.1
E4,9,2,34,UB0073,1,0.4813368110556054,0.5191403446452223,0.1
E4,9,2,35,UB0074,1,0.4646032998568612,0.3381955827893285,0.1
E4,9,2,40,UB0080,0,0.2414154531818808,0.13296769847827472,0.1
E4,9,2,43,UB0084,0,0.3941205152342394,0.3648688225663683,0.1
E4,9,2,46,UB0087,1,0.5046635809495928,0.7239541552037821,0.1
E4,9,2,49,UB0091,1,0.4799137653003126,0.44720489936151386,0.1
E4,9,2,60,UB0115,1,0.3154444839421981,0.33281802043942543,0.1
E4,9,2,64,UB0122,0,0.47000202494311,0.5025945531561229,0.1
E4,9,2,77,UB0142,1,0.2874642108604159,0.5249470257943829,0.1
E4,9,2,88,UB0164,1,0.4340478596741729,0.3527342210987396,0.1
E4,9,3,5,UB0024,1,0.7347019145281011,0.855931621714846,0.1
E4,9,3,8,UB0030,0,0.2968954065959901,0.05370644480842178,0.1
E4,9,3,12,UB0039,0,0.6128560945142009,0.4760428732995031,0.1
E4,9,3,13,UB0042,0,0.1552801462557949,0.07908049349316494,0.1
E4,9,3,17,UB0047,0,0.4341778306292547,0.31465954774439236,0.1
E4,9,3,20,UB0052,0,0.5893788879888086,0.7033579515986852,0.1
E4,9,3,33,UB0072,0,0.6235775076279216,0.7186983436827793,0.1
E4,9,3,47,UB0089,0,0.2156240622479882,0.1187330075990694,0.1
E4,9,3,50,UB0098,0,0.5950327757478237,0.03647021704112732,0.1
E4,9,3,61,UB0118,1,0.6407073106362638,0.5074836940012903,0.1
E4,9,3,63,UB0120,1,0.5190497298923769,0.3949258835396554,0.1
E4,9,3,66,UB0126,0,0.3760681554968173,0.3561967395400184,0.1
E4,9,3,67,UB0127,1,0.462469459225385,0.15472862514866792,0.1
E4,9,3,69,UB0129,1,0.5867967008435999,0.4727202740520898,0.1
E4,9,3,76,UB0140,1,0.3844697234496079,0.3488343699012224,0.1
E4,9,3,81,UB0150,1,0.2282677766860341,0.202106092685827,0.1
E4,9,3,84,UB0156,0,0.3412919710246811,0.16537155066351011,0.1
E4,9,3,86,UB0161,1,0.7172066761930755,0.7781891476739738,0.1
E4,9,3,94,UB0173,0,0.6315780929535215,0.6344780316020603,0.1
E4,9,4,1,UB0007,0,0.3976961222508238,0.5253804384820248,0.01
E4,9,4,6,UB0028,1,0.4973321661870867,0.4907082317669981,0.01
E4,9,4,10,UB0034,0,0.3219763112858066,0.2673327057809614,0.01
E4,9,4,26,UB0060,0,0.3259698846855119,0.42248035400972256,0.01
E4,9,4,28,UB0063,0,0.3372075734267268,0.35338271794458637,0.01
E4,9,4,32,UB0071,0,0.3629405256606332,0.46289580633586686,0.01
E4,9,4,36,UB0075,0,0.4319231803669482,0.5344270547616374,0.01
E4,9,4,41,UB0081,0,0.5418933261449775,0.5080086831561634,0.01
E4,9,4,42,UB0083,1,0.6179358120312277,0.5615883817895381,0.01
E4,9,4,45,UB0086,1,0.4415919523357232,0.4083295063859216,0.01
E4,9,4,51,UB0099,1,0.5781450758809534,0.5809137982960287,0.01
E4,9,4,55,UB0104,0,0.4576760867461624,0.37526303031841796,0.01
E4,9,4,56,UB0105,0,0.3025179410393916,0.3161525174098652,0.01
E4,9,4,57,UB0106,1,0.3467367186151277,0.3130625815307738,0.01
E4,9,4,62,UB0119,1,0.531777536403055,0.5757758000454418,0.01
E4,9,4,65,UB0124,1,0.6405562813782272,0.5957227667278415,0.01
E4,9,4,74,UB0138,1,0.4680717003708562,0.5042729181600721,0.01
E4,9,4,85,UB0158,0,0.5162212607805203,0.445501168748337,0.01
E4,9,4,91,UB0169,0,0.3416992597121427,0.4123016681832348,0.01
