participant_id,repeat,y,p_m2,p_m3,loss_m2,loss_m3,delta_ll,brier_m2,brier_m3,delta_brier
UB0004,0,0,0.22566111947734635,0.29363412436268932,0.25574567107942753,0.34762193828092847,-0.091876267201500939,0.050922940843769186,0.086220998990243297,-0.035298058146474111
UB0007,0,0,0.34876085183877936,0.54314499188887877,0.42887834914556683,0.7833892073318135,-0.35451085818624667,0.12163413177531102,0.29500648221397019,-0.17337235043865917
UB0020,0,0,0.77842824505565278,0.51249684182193156,1.5070087918701005,0.71845851025123286,0.78855028161886764,0.60595053270042343,0.26265301287745396,0.34329751982296947
UB0021,0,1,0.54296634146984368,0.47565026635172486,0.61070794721280997,0.74307242935563489,-0.13236448214282492,0.20887976502945951,0.27494264317701717,-0.066062878147557652
UB0023,0,1,0.75086527548743931,0.61560968357261225,0.28652903680303093,0.48514214684124279,-0.19861311003821186,0.062068110957949507,0.14775591536314728,-0.085687804405197771
UB0024,0,1,0.66768243708494424,0.86971223673703435,0.40394261206626025,0.13959288441867085,0.26434972764758941,0.11043496262180205,0.016974901256066582,0.093460061365735467
UB0028,0,1,0.33531209663236933,0.50584478813554778,1.0926935491181582,0.68152539956499458,0.41116814955316361,0.44181000888325678,0.24418937341280167,0.19762063547045511
UB0029,0,1,0.55687011892915428,0.49596838647663699,0.58542324590586226,0.7012430912307589,-0.11581984532489664,0.19636409149786188,0.25404786743096475,-0.057683775933102865
UB0030,0,0,0.36501557108478649,0.016253912265349665,0.45415480178346418,0.016387456148240984,0.43776734563522318,0.13323636713435283,0.00026418966392968425,0.13297217747042314
UB0032,0,0,0.37718270450749858,0.36162194215893068,0.47350206886758395,0.44882460398692225,0.024677464880661693,0.14226679257959099,0.130770429050797,0.01149636352879399
UB0034,0,0,0.36216446578039496,0.24367526154159341,0.44967481222403843,0.27928444680662706,0.17039036541741137,0.13116310027399888,0.059377633087363955,0.071785467186634921
UB0035,0,0,0.38323834758723441,0.17250925505656092,0.48327263049980351,0.18935735615184623,0.29391527434795728,0.14687163106139389,0.02975944308016959,0.1171121879812243
UB0039,0,0,0.79053977685686949,0.40814508757748691,1.5632214233119601,0.52449375450260893,1.0387276688093512,0.62495313879290904,0.16658241251363445,0.45837072627927455
UB0042,0,0,0.18626341566560131,0.21679779243318009,0.20611857182026669,0.24436436911963016,-0.038245797299363476,0.03469406001541657,0.047001282803900236,-0.012307222788483667
UB0044,0,0,0.45677504330021634,0.81131268141819757,0.61023175994218348,1.6676640329899244,-1.0574322730477408,0.20864344018191452,0.65822826702998571,-0.44958482684807122
UB0045,0,0,0.37177708851909019,0.21766838509666178,0.46486022090797868,0.24547656834615428,0.2193836525618244,0.13821820354773143,0.047379525870588655,0.090838677677142765
UB0046,0,0,0.20563863864190762,0.21052623108639737,0.23021680620787879,0.23638867077367279,-0.0061718645657939941,0.042287249702497066,0.044321293975443189,-0.0020340442729461228
UB0047,0,0,0.48520834955664133,0.34844902179164844,0.66399302242169,0.42839963803657977,0.23559338438511024,0.23542714247947985,0.12141672078755669,0.11401042169192316
UB0049,0,0,0.38817921970262598,0.44190740714309801,0.49131588200794268,0.58323039334731275,-0.091914511339370064,0.15068310660893958,0.19528215648793579,-0.044599049878996211
UB0051,0,0,0.16594003732168372,0.31813688821324154,0.18144998151208286,0.38292635713999096,-0.2014763756279081,0.027536095986321785,0.10121107964200454,-0.073674983655682758
UB0052,0,0,0.64243495953282914,0.50133950100819769,1.028438002018879,0.6958297775242599,0.33260822449461913,0.41272267722994782,0.25134129527114862,0.1613813819587992
UB0053,0,0,0.28309119800114363,0.45375410047644699,0.33280664033725682,0.60468603919354957,-0.27187939885629275,0.08014062638572271,0.20589278369918954,-0.12575215731346684
UB0054,0,0,0.058801102093035573,0.097197099527266531,0.060600793074191875,0.10225102129166488,-0.041650228217473009,0.0034575696073555926,0.0094472761565133553,-0.0059897065491577627
UB0056,0,0,0.089458538360990006,0.32544457079257216,0.093715843631042545,0.39370142849368023,-0.29998558486263771,0.0080028300856847204,0.10591416865836152,-0.097911338572676795
UB0057,0,0,0.23941162736036772,0.087906657978893951,0.27366297069445011,0.092012945437724147,0.18165002525672597,0.057317927315339579,0.0077275805170182394,0.04959034679832134
UB0059,0,0,0.30421048353308883,0.2874599235648353,0.36270808325490567,0.33891912079286868,0.023788962462036989,0.092544018291435715,0.082633207655900945,0.0099108106355347697
UB0060,0,0,0.27178984789225152,0.27559250478121422,0.31716560196508037,0.3224012062307331,-0.0052356042656527269,0.073869721417293213,0.075951228691583578,-0.0020815072742903645
UB0061,0,0,0.22606153430557158,0.13140390760010343,0.25626291023962161,0.14087705762524827,0.11538585261437334,0.051103817292589115,0.017266986932576518,0.033836830360012601
UB0063,0,0,0.22146703455923999,0.22895154494731235,0.25034394378666858,0.26000406037325158,-0.0096601165865830008,0.049047647396463605,0.052418809933761183,-0.0033711625372975784
UB0065,0,0,0.14546451324883022,0.35552033547274564,0.15719724803056295,0.43931200942456772,-0.28211476139400476,0.021159924614719102,0.1263947089346536,-0.10523478431993449
UB0066,0,0,0.15495906189086259,0.34626594284630863,0.16837020533206903,0.42505465066336234,-0.25668444533129331,0.024012310862096181,0.11990010317524308,-0.095887792313146897
UB0070,0,1,0.455617131099744,0.21501175198721623,0.78610244693132847,1.5370625919426428,-0.75096014501131436,0.2963527079520733,0.61620654951817977,-0.31985384156610647
UB0071,0,0,0.33428101113004177,0.51824399698446333,0.40688763611659712,0.73031751091311925,-0.32342987479652213,0.11174379440212311,0.26857684041043245,-0.15683304600830933
UB0072,0,0,0.55887263976076329,0.46856731585737249,0.81842164650118865,0.63217874182214118,0.18624290467904747,0.31233862747316388,0.21955532948978268,0.092783297983381197
UB0073,0,1,0.42218287536470311,0.45319534195641081,0.86231670487203338,0.79143202800023482,0.070884676871798558,0.33387262952180219,0.29899533405816658,0.034877295463635605
UB0074,0,1,0.5846082667710254,0.41697478700383855,0.53681328550345853,0.87472952183181663,-0.3379162363283581,0.1725502920349716,0.33991839898921949,-0.16736810695424789
UB0075,0,0,0.30527294927724957,0.71944206373552,0.36423624333007892,1.2709750289497233,-0.90673878561964427,0.093191573560430188,0.51759688307202401,-0.42440530951159383
UB0077,0,1,0.15973347499257048,0.19917317180542518,1.8342486340010877,1.613580622593404,0.22066801140768377,0.70604783304806118,0.64132360875618311,0.064724224291878074
UB0078,0,1,0.26999844259690076,0.23094638338019619,1.3093390881600251,1.4655697019804816,-0.15623061382045655,0.53290227381095046,0.59144346523600022,-0.058541191425049766
UB0079,0,0,0.23779489454056146,0.2962243256350226,0.27153959224489677,0.35129561796992803,-0.079756025725031265,0.056546411869556751,0.087748851097923908,-0.031202439228367157
UB0080,0,0,0.15077205670767888,0.1838446081907695,0.16342764426303585,0.20315051100897491,-0.039722866745939056,0.022732213083863535,0.033798839960817555,-0.011066626876954019
UB0081,0,0,0.49070681215886885,0.38231571294918143,0.67473142071385861,0.48177781443640549,0.19295360627745312,0.24079317549911941,0.14616530436784089,0.094627871131278518
UB0083,0,1,0.77302609628832186,0.66630233824765006,0.25744247121252922,0.40601175011821222,-0.148569278905683,0.05151715296611814,0.11135412945898575,-0.059836976492867608
UB0084,0,0,0.40830492773984456,0.43458571674480112,0.5247638574393636,0.57019657182878669,-0.04543271438942309,0.16671291401663968,0.1888647451985925,-0.022151831181952825
UB0085,0,1,0.451200207007389,0.3756929687437342,0.79584412000542104,0.97898304165923244,-0.1831389216538114,0.30118121278873261,0.38975926927601195,-0.088578056487279344
UB0086,0,1,0.60695552849780843,0.38012292535024517,0.49929975502537444,0.96726059080878823,-0.4679608357834138,0.15448395657843708,0.38424758767633771,-0.22976363109790063
UB0087,0,1,0.53209850264514302,0.58076071208119606,0.6309266514316153,0.54341646224784113,0.087510189183774179,0.21893181122691724,0.17576158053466578,0.043170230692251454
UB0089,0,0,0.17637202695655382,0.1179707855219537,0.1940363400494671,0.12553010053291774,0.068506239516549355,0.031107091892763349,0.013917106236666799,0.01718998565609655
UB0090,0,0,0.44968679841866094,0.6381385343766468,0.59726770541435237,1.0164938320496979,-0.41922612663534553,0.20221821667202539,0.40722078905637482,-0.20500257238434944
UB0091,0,1,0.64266455456733607,0.47397276955431095,0.44213237894677027,0.74660540713492773,-0.30447302818815747,0.12768862056256033,0.27670464717036197,-0.14901602660780164
UB0098,0,0,0.70055002966195234,0.29585331619508953,1.2058079193264455,0.35076858685011131,0.85503933247633412,0.49077034405936232,0.087529184703631621,0.40324115935573068
UB0099,0,1,0.7035695160494404,0.56176030562334411,0.35158859274031962,0.57668002251605055,-0.22509142977573093,0.087871031815162967,0.19205402972734475,-0.10418299791218179
UB0100,0,0,0.66669319470149346,0.57251271435048434,1.098691875939573,0.84983073221832317,0.24886114372124979,0.44447981586128349,0.32777080809295928,0.11670900776832421
UB0102,0,1,0.50539355939016573,0.39720429280999203,0.68241782769815174,0.92330453919079092,-0.24088671149263918,0.24463553109272951,0.3633626646067018,-0.11872713351397229
UB0103,0,0,0.26305282310451594,0.4755633368799283,0.30523906250189853,0.64543061511987865,-0.34019155261798012,0.069196787743255758,0.22616048738437217,-0.15696369964111639
UB0104,0,0,0.28779297155842309,0.37734911863316944,0.33938663955253356,0.47376930030673781,-0.13438266075420424,0.082824794478427319,0.14239235733322977,-0.059567562854802455
UB0105,0,0,0.16949135342900007,0.17365553952345109,0.18571693869942055,0.19074357002211687,-0.0050266313226963177,0.028727318887194212,0.03015624640718088,-0.0014289275199866683
UB0106,0,1,0.39463222983369067,0.36821933425707576,0.92980101150223682,0.99907650135787263,-0.069275489855635808,0.36647013715612958,0.39914680960657256,-0.032676672450442978
UB0107,0,1,0.3311359670679011,0.51380694993588494,1.1052262113105162,0.66590766785855104,0.43931854345196519,0.44737909455019192,0.2363836819306471,0.21099541261954483
UB0109,0,0,0.25602901665551242,0.25620779618575013,0.29575324579066431,0.29599357910801122,-0.00024033331734690799,0.065550857369588655,0.06564243482635887,-9.1577456770214338e-05
UB0115,0,1,0.26254987816763531,0.30519372576346432,1.337314202933283,1.1868085375699635,0.15050566536331944,0.54383268219056957,0.48275575871845611,0.061076923472113465
UB0118,0,1,0.74734568437649518,0.51620418010258728,0.29122743733513362,0.66125289389510034,-0.37002545655996671,0.063834203203181589,0.23405839535020981,-0.17022419214702822
UB0119,0,1,0.6766637342626709,0.57282127674003902,0.39058082922576798,0.55718151887884892,-0.16660068965308095,0.1045463407409607,0.18248166160601031,-0.077935320865049618
UB0120,0,1,0.51153012391293673,0.76423154825691031,0.67034880204417335,0.26888446209845385,0.40146433994571951,0.23860281984451095,0.05558676283733361,0.18301605700717735
UB0122,0,0,0.5160259835158223,0.39101349776819966,0.72572405865663991,0.49595917534084905,0.22976488331579087,0.26628281566347173,0.15289155543692187,0.11339126022654986
UB0124,0,1,0.65314565337474517,0.55190557335857537,0.4259551219369842,0.59437831009414788,-0.16842318815716367,0.12030793777283243,0.20078861518710708,-0.080480677414274657
UB0126,0,0,0.26484949220872739,0.28075373498406786,0.30768002822719537,0.32955146945109232,-0.021871441223896948,0.070145253523220749,0.078822659707504211,-0.0086774061842834621
UB0127,0,1,0.48446763262461462,0.20264937636472863,0.72470465561126773,1.596278003313351,-0.87157334770208328,0.26577362181166925,0.63576801701155627,-0.36999439519988703
UB0128,0,1,0.91853602620134633,0.74593499405270758,0.08497415223132318,0.29311682191476307,-0.20814266968343989,0.0066363790270677313,0.064549027246997737,-0.057912648219930002
UB0129,0,1,0.54576793805227619,0.51231401640461915,0.60556141546691089,0.66881752865208888,-0.063256113185177987,0.20632676610128081,0.23783761859539407,-0.031510852494113256
UB0131,0,0,0.29938411169342904,0.47373196084915564,0.3557954903334879,0.64194461590160801,-0.28614912556812011,0.089630846334463596,0.22442197072998593,-0.13479112439552232
UB0132,0,1,0.55923116444299992,0.58927353577005404,0.58119235920948098,0.52886479605425507,0.052327563155225909,0.19427716639827378,0.16869622841883308,0.025580937979440693
UB0133,0,0,0.45673420017498623,0.5722875243316603,0.61015657637526577,0.84930409497118065,-0.23914751859591488,0.20860612960948438,0.32751301050566067,-0.11890688089617629
UB0134,0,1,0.42475067699746932,0.42602840888471716,0.85625292455857172,0.85324924741347041,0.0030036771451013022,0.33091178361486978,0.32944338740740942,0.0014683962074603651
UB0138,0,1,0.63217632556110037,0.5432090377068588,0.45858692760648395,0.61026106497683441,-0.15167413737035046,0.13529425547773363,0.20865798323269394,-0.073363727754960306
UB0139,0,0,0.64803044510464247,0.78738571999475104,1.0442105988992216,1.548275646913952,-0.5040650480147304,0.41994345778252107,0.61997627205165251,-0.20003281426913144
UB0140,0,1,0.24070248474010808,0.3968576567168266,1.4241936112712861,0.92417760990118236,0.50001600137010371,0.57653271667984585,0.36378068626111737,0.21275203041872848
UB0142,0,1,0.19240525952860002,0.68882126680640654,1.6481514046969292,0.37277345119076272,1.2753779535061665,0.65220926483706798,0.096832203991969623,0.5553770608450983
UB0143,0,1,0.61885345582263052,0.47851377116406024,0.47988677774631749,0.7370702886410655,-0.257183510894748,0.14527268813835148,0.27194788686553012,-0.12667519872717864
UB0144,0,1,0.51259013547171062,0.46675548703103797,0.66827870934246603,0.76194974080500577,-0.093671031462539744,0.23756837603948541,0.28434971061150549,-0.046781334572020078
UB0147,0,0,0.59969909907247043,0.4910164796122467,0.91553876235529097,0.67533963940416464,0.24019912295112633,0.35963900942833271,0.24109718325080387,0.11854182617752884
UB0150,0,1,0.057602100696477518,0.41363191896720802,2.8541962415203646,0.88277878524724585,1.9714174562731186,0.88811380061169209,0.34382752645407894,0.5442862741576131
UB0153,0,0,0.185217264709096,0.24104577997067311,0.20483378374584438,0.27581381957249501,-0.070980035826650634,0.034305435146319341,0.058103068041670154,-0.023797632895350813
UB0154,0,0,0.43327713573397564,0.44433194551790195,0.56788487028901957,0.58758418733430895,-0.019699317045289377,0.18772907634983796,0.19743087780772378,-0.0097018014578858225
UB0156,0,0,0.15454812322007694,0.29083731070377544,0.16788402914100722,0.34367031573140711,-0.17578628659039988,0.023885122390848085,0.084586341297404416,-0.060701218906556331
UB0158,0,0,0.47724382547972199,0.76926455142250161,0.64864012913094982,1.4664834690069224,-0.81784333987597257,0.22776166895851935,0.59176795007526262,-0.36400628111674327
UB0161,0,1,0.58799761749363721,0.56524052364418642,0.53103238297328836,0.57050393285767043,-0.039471549884382062,0.16974596319091928,0.18901580228118123,-0.019269839090261948
UB0162,0,1,0.50510752491452993,0.55861494815650936,0.68298395174832438,0.58229486579238843,0.10068908595593595,0.24491856189622263,0.19482076399088091,0.050097797905341718
UB0164,0,1,0.59602252710993808,0.45006818045003422,0.5174768154667565,0.79835619558338511,-0.28087938011662861,0.16319779860264072,0.30242500615353618,-0.13922720755089546
UB0166,0,1,0.6068827734657789,0.48878855808813393,0.49941963101214953,0.71582527956539233,-0.21640564855324279,0.1545411537979581,0.26133713834160921,-0.10679598454365111
UB0168,0,1,0.49012037369306816,0.24297022553561237,0.71310425744899031,1.4148163718088695,-0.70171211435987924,0.25997723332289646,0.57309407942560164,-0.31311684610270518
UB0169,0,0,0.15998163012023597,0.44809683450209892,0.17433151847941772,0.59438267291641866,-0.42005115443700092,0.025594121975927996,0.20079077309080143,-0.17519665111487343
UB0170,0,1,0.51365311846056094,0.60991088394858139,0.66620710816033046,0.49444242437481084,0.17176468378551962,0.23653328918313718,0.15216951846177712,0.08436377072136006
UB0172,0,0,0.81157644599848033,0.6568952917043267,1.6690629034148896,1.0697196064031655,0.59934329701172406,0.65865632769952431,0.43151142426331246,0.22714490343621185
UB0173,0,0,0.74560341814050501,0.46819614377324581,1.3688608836933258,0.63148054892693517,0.73738033476639064,0.55592445714280481,0.21920762904413785,0.33671682809866699
UB0176,0,0,0.23816085640734078,0.17945244068488031,0.2720198432271641,0.19778340631084199,0.074236436916322118,0.056720593524677995,0.032203178467760489,0.024517415056917506
UB0004,1,0,0.3098648390837293,0.2658418396136929,0.37086781518796957,0.3090307962139936,0.061837018973975977,0.096016218500385456,0.070671883689192416,0.025344334811193039
UB0007,1,0,0.33131807885966552,0.52247150714851709,0.40244678611789486,0.73913144994843116,-0.3366846638305363,0.10977166937925954,0.27297647578204293,-0.1632048064027834
UB0020,1,0,0.64990285991803032,0.68533510972160838,1.0495446199152947,1.1562470468224024,-0.10670242690710774,0.42237372732963496,0.469684212617129,-0.047310485287494042
UB0021,1,1,0.47782858721874427,0.42131663920381196,0.73850321494940985,0.86437061587127317,-0.12586740092186333,0.27266298432597263,0.33487443206237122,-0.062211447736398584
UB0023,1,1,0.8324634918719892,0.75119234604313534,0.18336591169635588,0.28609354011345384,-0.10272762841709795,0.028068481555727026,0.061905248667518911,-0.033836767111791885
UB0024,1,1,0.66397181026605212,0.81439629561767857,0.40951558482551376,0.20530818179927063,0.20420740302624313,0.11291494429587408,0.034448735080440163,0.078466209215433916
UB0028,1,1,0.46691696422509543,0.79255458398008849,0.76160384392125346,0.2324938999178682,0.52910994400338529,0.2841775230309882,0.043033600627674161,0.24114392240331403
UB0029,1,1,0.50470740564220751,0.48276548116389373,0.6837764123886938,0.72822428948983919,-0.044447877101145394,0.24531475402567279,0.26753154747561836,-0.022216793449945565
UB0030,1,0,0.31541050149830602,0.13841682573435551,0.37893589261560401,0.14898368180598442,0.22995221080961958,0.099483784455412907,0.019159217646374942,0.080324566809037962
UB0032,1,0,0.34075955826934951,0.28155349123543316,0.41666695255593306,0.3306640247180368,0.086002927837896259,0.1161170765519222,0.079272368426861139,0.036844708125061063
UB0034,1,0,0.43763474701908245,0.27688976377559626,0.57560372385645397,0.32419359787265634,0.25141012598379764,0.19152417179845629,0.076667941283705507,0.11485623051475079
UB0035,1,0,0.36511233156358214,0.15675547449426086,0.45430719583824297,0.17049829719813789,0.28380889864010506,0.13330701465979514,0.024572278783920869,0.10873473587587426
UB0039,1,0,0.56583974729815978,0.5629274560651355,0.8343415671794322,0.82765609323614964,0.0066854739432825605,0.32017461962244531,0.31688732079196508,0.0032872988304802342
UB0042,1,0,0.14977558231756122,0.079894526591100204,0.16225494354226452,0.08326697050061424,0.078987973041650283,0.022432725058564557,0.0063831353792160178,0.016049589679348539
UB0044,1,0,0.4035918561477127,0.44605117927467131,0.51683004116753373,0.59068297786449664,-0.073852936696962912,0.16288638634875602,0.19896165453232495,-0.036075268183568932
UB0045,1,0,0.25973615189749033,0.16491742227650175,0.30074860484342086,0.18022466354387348,0.12052394129954738,0.067462868602516171,0.027197756170325993,0.040265112432190178
UB0046,1,0,0.18066559258902959,0.023729910555657263,0.1992629666085631,0.024015999863945744,0.17524696674461737,0.032640056345545225,0.00056310865497949403,0.032076947690565731
UB0047,1,0,0.43388494379000914,0.40714917162568159,0.56895794191448479,0.52281246580431273,0.046145476110172057,0.1882561444476594,0.16577044795547874,0.022485696492180657
UB0049,1,0,0.3068822681604117,0.26882512820811849,0.36655540700701938,0.31310262514403309,0.053452781862986298,0.094176726511278841,0.072266949556111348,0.021909776955167493
UB0051,1,0,0.21523382160134569,0.13235838516240761,0.24236946748194121,0.14197653571454133,0.10039293176739988,0.046325597961119902,0.017518742122800243,0.028806855838319659
UB0052,1,0,0.55435181711057657,0.53884582717367502,0.80822546585246813,0.77402286060162206,0.034202605250846063,0.30730593713379811,0.29035482546248204,0.016951111671316077
UB0053,1,0,0.31277877539269655,0.34798977148575189,0.37509902315559762,0.42769502927324937,-0.05259600611765175,0.097830562336154919,0.12109688105870582,-0.023266318722550902
UB0054,1,0,0.19567262909839439,0.14435786304431078,0.21774891493921483,0.15590305455774123,0.061845860381473605,0.038287777778277819,0.02083919262271999,0.01744858515555783
UB0056,1,0,0.14845739892462384,0.28770847663577637,0.1607057495080112,0.33926800844176314,-0.17856225893375194,0.022039599295464903,0.082776167528079078,-0.060736568232614176
UB0057,1,0,0.23886832221690146,0.11690702905883882,0.27294890352236956,0.12432479406667495,0.1486241094556946,0.057058075358717458,0.013667253443364185,0.043390821915353275
UB0059,1,0,0.31150590911525899,0.40553424157074253,0.37324854344322694,0.52009216176953565,-0.14684361832630871,0.097035931413723991,0.16445802108635735,-0.067422089672633356
UB0060,1,0,0.2959111254570666,0.19717263589038181,0.35085068854349172,0.21961557680426824,0.13123511173922348,0.087563394169267811,0.038877048343961079,0.048686345825306732
UB0061,1,0,0.29815937377024043,0.24660907374975005,0.35404892889385597,0.28317102753145862,0.070877901362397355,0.088899012167061933,0.060816035255709659,0.028082976911352274
UB0063,1,0,0.32507374388877525,0.29200004346992842,0.39315184428343852,0.34531124668662305,0.047840597596815471,0.10567293896586505,0.085264025386440082,0.020408913579424967
UB0065,1,0,0.29206736958200219,0.10357177834816618,0.34540634459275954,0.10933705422673126,0.23606929036602828,0.085303348374549864,0.010727113270201665,0.074576235104348201
UB0066,1,0,0.27486815020227384,0.52461731194598016,0.32140177887234583,0.74363514025545396,-0.42223336138310813,0.075552499995619776,0.27522332399342586,-0.19967082399780609
UB0070,1,1,0.45396487881260844,0.46921139474447748,0.78973544337677892,0.75670187702354053,0.033033566353238397,0.29815435357012932,0.28173654346910293,0.016417810101026387
UB0071,1,0,0.28578296059521746,0.41093498053668881,0.33656838607672812,0.52921871184185842,-0.1926503257651303,0.081671900566567618,0.16886755822868882,-0.087195657662121201
UB0072,1,0,0.57929221003788811,0.58770209851192734,0.86581677188936823,0.88600912905164464,-0.020192357162276409,0.33557946461058069,0.34539375659532312,-0.0098142919847424293
UB0073,1,1,0.48308273150090392,0.45542576906532045,0.72756735324611121,0.78652254139055355,-0.058955188144442339,0.26720346247256666,0.29656109299809763,-0.029357630525530976
UB0074,1,1,0.47422128752738085,0.43772603376078223,0.74608121490464652,0.82616205800532905,-0.080080843100682531,0.27644325448936519,0.31615201311038099,-0.039708758621015805
UB0075,1,0,0.38244879718053176,0.51092112853141047,0.48199329437194266,0.71523151116650696,-0.2332382167945643,0.14626708246483552,0.26104039957981007,-0.11477331711497454
UB0077,1,1,0.2250986526294444,0.18791325135705408,1.4912165167406548,1.6717748515951265,-0.1805583348544717,0.60047209815670244,0.65948488732147126,-0.05901278916476882
UB0078,1,1,0.24752173331716076,0.26488485318736527,1.396256889446118,1.3284600636995596,0.067796825746558431,0.56622354183001011,0.54039427907336146,0.025829262756648652
UB0079,1,0,0.2858960464912923,0.25956218374487372,0.3367267340907561,0.30051362414797794,0.036213109942778154,0.081736549399351169,0.067372527230407583,0.014364022168943585
UB0080,1,0,0.24378746422090891,0.38744214487516898,0.27943281032987038,0.49011188367740649,-0.21067907334753611,0.059432327711260946,0.15011141562547142,-0.090679087914210477
UB0081,1,0,0.51020757212859136,0.49345132537744124,0.71377359421728148,0.68013485996488121,0.033638734252400271,0.26031176665735173,0.24349421051675338,0.01681755614059835
UB0083,1,1,0.66114055186224041,0.25150640612728176,0.41378882654161231,1.3802868180876882,-0.96649799154607585,0.11482572559222698,0.56024266006849754,-0.44541693447627057
UB0084,1,0,0.39047739838440809,0.44449193252947783,0.49507924852423468,0.58787214710867886,-0.092792898584444172,0.15247259864905574,0.19757307808378988,-0.045100479434734136
UB0085,1,1,0.44071085299587431,0.44004293222581575,0.81936628071658812,0.8208829835892989,-0.0015167028727107734,0.3128043499566025,0.31355191775026242,-0.0007475677936599201
UB0086,1,1,0.45752172160380827,0.1991163687672157,0.78193091647822111,1.6138658574931852,-0.83193494101496412,0.29428268253169604,0.64141459077661045,-0.34713190824491441
UB0087,1,1,0.51400929399021078,0.70800390443412531,0.6655139319974267,0.3453056705661583,0.3202082614312684,0.23618696632789338,0.085261719825715426,0.15092524650217795
UB0089,1,0,0.27378171035292698,0.18022670435361954,0.31990463490583892,0.19872744567228759,0.12117718923355134,0.074956424923774009,0.032481664962166985,0.042474759961607024
UB0090,1,0,0.48335297166851376,0.65302975985077771,0.66039536814033506,1.0585162659718819,-0.39812089783154681,0.23363009522078307,0.42644786725076439,-0.19281777202998132
UB0091,1,1,0.5436249692800994,0.477431456726158,0.60949566457369575,0.73933467548831222,-0.12983901091461647,0.2082781686645902,0.27307788241934533,-0.064799713754755128
UB0098,1,0,0.63136963332333251,0.10141607060402165,0.99796085331810502,0.10693516655231732,0.89102568676578775,0.39862761388283935,0.010285219376759904,0.38834239450607944
UB0099,1,1,0.58837695801693557,0.67252441006831987,0.53038745142793908,0.39671687066552075,0.13367058076241833,0.16943352869139161,0.10724026200110193,0.062193266690289684
UB0100,1,0,0.69186640142562428,0.66102204749861782,1.1772218284508165,1.0818202105857548,0.095401617865061628,0.4786791174216431,0.43695014727926496,0.041728970142378141
UB0102,1,1,0.47304394608843836,0.40150396629584129,0.7485669855281214,0.91253786694961581,-0.16397088142149441,0.27768268275404467,0.35819750235960951,-0.080514819605564836
UB0103,1,0,0.34344529419306791,0.44460299426481692,0.4207492592259498,0.5880720953101729,-0.1673228360842231,0.11795467010336297,0.19767182250924081,-0.079717152405877845
UB0104,1,0,0.43289695208133488,0.43584394138547322,0.56721424940656562,0.57242436608722524,-0.0052101166806596266,0.18739977112130954,0.18995994124242382,-0.0025601701211142858
UB0105,1,0,0.24017305426667837,0.2552716665091237,0.27466457461249194,0.29473578013704266,-0.020071205524550717,0.057683095995784833,0.065163623722345271,-0.0074805277265604375
UB0106,1,1,0.32482950857051335,0.57279595168749031,1.1244548233111615,0.55722573094536543,0.56722909236579611,0.45585519249713458,0.1825032988945971,0.27335189360253748
UB0107,1,1,0.28186967288718756,0.66900473362874424,1.2663104677518948,0.40196414320069856,0.8643463245511962,0.51571116671915496,0.10955786636017856,0.4061533003589764
UB0109,1,0,0.26365187576314286,0.34608190157462543,0.30605227719304728,0.42477316713257302,-0.11872088993952573,0.06951231159342372,0.11977268259750873,-0.050260371004085008
UB0115,1,1,0.32348864368984392,0.2785011636711745,1.1285912701709797,1.2783330412710159,-0.14974177110003617,0.45766761521660704,0.52056057082384932,-0.062892955607242285
UB0118,1,1,0.53537506037658478,0.43939420898711123,0.62478773027222634,0.82235829848326591,-0.19757056821103958,0.21587633452006225,0.31427885291718671,-0.098402518397124467
UB0119,1,1,0.52568087516177853,0.58748609014808961,0.64306095157543053,0.53190270958778929,0.11115824198764124,0.22497863218729633,0.17016772582131004,0.054810906365986289
UB0120,1,1,0.51638913718381629,0.61508745212809735,0.66089465589353535,0.48599082270260713,0.17490383319092823,0.23387946663381365,0.14815766950923975,0.085721797124573895
UB0122,1,0,0.47417483817199862,0.4305978214832698,0.64278651346085425,0.56316827815898884,0.079618235301865403,0.2248417771554411,0.1854144838661379,0.039427293289303195
UB0124,1,1,0.6488038703948541,0.67658205696714668,0.43262481073193604,0.39070154239724464,0.041923268334691399,0.12333872144963444,0.10459916587560196,0.018739555574032479
UB0126,1,0,0.29090436911200535,0.27866366971638956,0.34376488018038731,0.32664977295552244,0.017115107224864867,0.084625351968453846,0.077653440819805047,0.0069719111486487989
UB0127,1,1,0.40458661222068931,0.26277483526892476,0.90488944372157454,1.3364577531631265,-0.431568309441552,0.35451710234683576,0.54350094351276101,-0.18898384116592526
UB0128,1,1,0.93359648179813548,0.98801066162328233,0.068710966442196111,0.0120617901758104,0.056649176266385715,0.004409427229585353,0.00014374423471143517,0.0042656829948739174
UB0129,1,1,0.51971904960215787,0.54099461913974645,0.65446690264210139,0.61434594632237105,0.040120956319730339,0.2306697913150545,0.21068593965866642,0.01998385165638808
UB0131,1,0,0.30986955138496169,0.49110476410652654,0.37087464329583492,0.67551310700815259,-0.30463846371231768,0.096019138875517412,0.24118388932812707,-0.14516475045260965
UB0132,1,1,0.55616389137864497,0.4677727404085914,0.58669225950067494,0.75977269842263861,-0.17308043892196368,0.19699049131614726,0.28326585585218061,-0.08627536453603335
UB0133,1,0,0.49597298807288176,0.61403675857226825,0.68512541725344567,0.9520131435137541,-0.26688772626030843,0.2459892048979429,0.37704114087793805,-0.13105193597999515
UB0134,1,1,0.41283726705132878,0.43480024461141442,0.88470179018004724,0.8328685611514911,0.051833229028556138,0.34476007496375266,0.31945076349131696,0.025309311472435703
UB0138,1,1,0.49219598908081563,0.69200123252018075,0.70887829002056324,0.36816754226752652,0.34071074775303672,0.25786491350561114,0.094863240769087767,0.16300167273652338
UB0139,1,0,0.57480769620855365,0.86326004074215923,0.85521373288641844,1.9896742644500163,-1.1344605315635978,0.33040388762058492,0.74521789794215443,-0.4148140103215695
UB0140,1,1,0.36063807720607149,0.36458949853681388,1.0198803797607565,1.0089832198489959,0.010897159911760657,0.40878366831874935,0.40374650536969764,0.00503716294905171
UB0142,1,1,0.31402931812147783,0.5996325780261198,1.1582689276189497,0.51143818129752028,0.64683074632142945,0.47055577639688467,0.16029407257801104,0.31026170381887364
UB0143,1,1,0.65669843238405501,0.63904802296788743,0.42053037289928963,0.44777567411409325,-0.027245301214803619,0.11785596632756525,0.13028632972339071,-0.012430363395825469
UB0144,1,1,0.57296208435589713,0.77220519309550029,0.556935734865312,0.2585049701092163,0.2984307647560957,0.18236138139765992,0.051890474052658307,0.13047090734500161
UB0147,1,0,0.56097952671149276,0.58730739138879695,0.82320923080189967,0.8850522522187233,-0.061843021416823629,0.31469802938945041,0.34492997197991354,-0.030231942590463134
UB0150,1,1,0.22669947432380322,0.45192591181677955,1.484130040290031,0.79423702449471079,0.68989301579532025,0.59799370301108223,0.30038520613786851,0.29760849687321372
UB0153,1,0,0.23062934569121185,0.27955270763096202,0.26218243039888278,0.32788302045990864,-0.065700590061025854,0.053189895093956496,0.078149716343802134,-0.024959821249845637
UB0154,1,0,0.43343952391177842,0.45051658909199971,0.56817145030503469,0.59877669502456188,-0.030605244719527191,0.18786982088886914,0.20296519704708971,-0.015095376158220569
UB0156,1,0,0.35854498460699813,0.10331983256816671,0.44401622148034198,0.10905603855228416,0.33496018292805785,0.12855450598683252,0.010674987801914003,0.11787951818491851
UB0158,1,0,0.52019373412840864,0.61176455467068613,0.73437286932127477,0.94614330553931569,-0.21177043621804092,0.27060152102645751,0.37425587035142294,-0.10365434932496542
UB0161,1,1,0.57897013994514324,0.77818232885757588,0.54650437450905753,0.25079442640272315,0.29570994810633439,0.17726614305781227,0.049203079231048615,0.12806306382676366
UB0162,1,1,0.58213274320658237,0.69287056856165363,0.54105677614627523,0.36691206698817957,0.17414470915809566,0.17461304430005603,0.094328487655641904,0.080284556644414126
UB0164,1,1,0.42295308250784047,0.32055155140525715,0.86049402214461457,1.1377121687375997,-0.27721814659298516,0.33298314498720316,0.46165019429780291,-0.12866704931059975
UB0166,1,1,0.54711746297313169,0.65962715707682451,0.60309175926049086,0.41608051710538979,0.18701124215510107,0.20510259234389275,0.1158536721996047,0.089248920144288049
UB0168,1,1,0.60569752514855935,0.56143776350889807,0.50137455093959205,0.5772543506460146,-0.075879799706422557,0.15547444167397098,0.19233683527607723,-0.036862393602106247
UB0169,1,0,0.24308586456155143,0.33464685052442567,0.278505459404157,0.40743732744144212,-0.12893186803728512,0.059090737549636924,0.1119885145659173,-0.052897777016280373
UB0170,1,1,0.47815752776575798,0.47149406284817941,0.73781504478702076,0.75184876903842623,-0.014033724251405477,0.27231956582754568,0.27931852560472414,-0.0069989597771784595
UB0172,1,0,0.64930125817734419,0.71555014043505727,1.0478277094596178,1.2571982814929581,-0.20937057203334031,0.42159212387068218,0.51201200347663023,-0.09041987960594805
UB0173,1,0,0.61390892317351131,0.5261645673688462,0.95168198702151596,0.74689520611282567,0.20478678090869029,0.3768841659520602,0.27684915195444509,0.10003501399761511
UB0176,1,0,0.24905738200789027,0.28347415611352184,0.2864260376044323,0.33334096273917269,-0.046914925134740382,0.062029579532624182,0.080357597184273349,-0.018328017651649167
UB0004,2,0,0.30505114008635864,0.31126857912386507,0.36391701898276629,0.37290389401331664,-0.0089868750305503453,0.093056198067987206,0.096888128349789854,-0.0038319302818026479
UB0007,2,0,0.33723803413596531,0.59050791709583506,0.41133937910758539,0.89283770944327157,-0.48149833033568618,0.11372949166789051,0.34869960015286161,-0.2349701084849711
UB0020,2,0,0.59882617003438599,0.40463286573697693,0.91336045441965796,0.51857703134788313,0.39478342307177483,0.35859278191805133,0.16372775603451839,0.19486502588353294
UB0021,2,1,0.4719115659684528,0.42110815555030406,0.75096367118703222,0.86486557674864162,-0.1139019055616094,0.27887739415789187,0.33511576757037104,-0.05623837341247917
UB0023,2,1,0.8264927920425873,0.54915852193788905,0.19056408282068724,0.59936813245266019,-0.40880404963197292,0.030104751213176857,0.20325803834122885,-0.173153287128052
UB0024,2,1,0.66871993331073032,0.79648049127494458,0.4023899413179875,0.22755264299546579,0.17483729832252171,0.10974648258564697,0.04142019043168791,0.068326292153959051
UB0028,2,1,0.47408138296815533,0.53564627277540933,0.74637627799914874,0.62428127461868022,0.12209500338046853,0.27659039174068806,0.21562438398736955,0.060966007753318507
UB0029,2,1,0.53568849610056124,0.49197971119005807,0.624202450844076,0.70931780075869577,-0.085115349914619776,0.21558517265335853,0.25808461384253678,-0.042499441189178255
UB0030,2,0,0.29283241681823408,0.079188244787351064,0.34648760697038622,0.082499655352033407,0.26398795161835281,0.085750824339607984,0.0062707781125014329,0.079480046227106554
UB0032,2,0,0.35345486189789488,0.32744565553718707,0.43611226402401337,0.3966723611609328,0.039439902863080578,0.12493033939925995,0.10722065733017817,0.017709682069081772
UB0034,2,0,0.3435517406245206,0.24897976917298306,0.42091140117765674,0.28632268906283903,0.13458871211481771,0.11802779848613787,0.061990925457431928,0.056036873028705941
UB0035,2,0,0.35224789847428029,0.17015462084765245,0.43424721519825704,0.18651588572355843,0.24773132947469861,0.12407858197954687,0.028952594995808364,0.095125986983738503
UB0039,2,0,0.52533388038776085,0.35906463890663765,0.74514362818129498,0.44482666787421893,0.30031696030707605,0.27597568588326221,0.12892741491315407,0.14704827097010814
UB0042,2,0,0.19747612288175265,0.21439468375122486,0.21999367100221354,0.24130075484566477,-0.02130708384345123,0.038996819108409068,0.045965080420787723,-0.0069682613123786541
UB0044,2,0,0.42823652152681757,0.53061817491992391,0.55902987228945433,0.75633871578633582,-0.19730884349688149,0.18338651836938849,0.28155564755535095,-0.098169129185962462
UB0045,2,0,0.4093796647552122,0.44386040412946698,0.52658187876356199,0.58673594453518985,-0.060154065771627852,0.16759170991508993,0.19701205835397376,-0.029420348438883831
UB0046,2,0,0.18975073708557175,0.13038720452150135,0.2104133466623094,0.13970722907168531,0.07070611759062409,0.036005342224517775,0.017000823102931821,0.019004519121585954
UB0047,2,0,0.44148228578369703,0.46629987470710571,0.58246894348920453,0.62792116087948802,-0.045452217390283489,0.19490660866079793,0.21743557315186249,-0.022528964491064563
UB0049,2,0,0.36787070407885097,0.33974766042333149,0.45866132360563777,0.41513318434026325,0.043528139265374521,0.13532885491946955,0.11542847276312737,0.019900382156342183
UB0051,2,0,0.25504260879835877,0.34133571389665457,0.29442825525609184,0.41754130356453367,-0.12311304830844183,0.065046732302672675,0.11651006958133882,-0.051463337278666144
UB0052,2,0,0.54852450777803186,0.53171994183234972,0.79523418839133553,0.75868874715513901,0.036545441236196519,0.30087913563313212,0.28272609654219738,0.018153039090934742
UB0053,2,0,0.29056078643556904,0.4528738302889091,0.34328046108486943,0.6030758455504186,-0.25979538446554917,0.084425570614056367,0.20509470616054765,-0.12066913554649128
UB0054,2,0,0.17830007412611013,0.11462868578937084,0.19638000425567215,0.12174815788679762,0.07463184636887453,0.031790916433376365,0.013139735605798309,0.018651180827578058
UB0056,2,0,0.16239763699702511,0.12664613684602519,0.17721179827055486,0.13541446374318405,0.041797334527370805,0.02637299250221754,0.016039243978022137,0.010333748524195403
UB0057,2,0,0.24075314926989944,0.20009273016602044,0.27542832293435704,0.22325947074013239,0.052168852194224652,0.057962078883374478,0.040037100665291869,0.017924978218082609
UB0059,2,0,0.30970761674887887,0.30064111153279549,0.37064002730269502,0.35759123722551578,0.01304879007717924,0.095918807872270431,0.090385077943674771,0.0055337299285956598
UB0060,2,0,0.23165792900193238,0.065489774316931176,0.26352024005240288,0.067732709735398661,0.19578753031700422,0.053665396069464348,0.0042889105400825784,0.049376485529381772
UB0061,2,0,0.38542024286155968,0.07574899475417908,0.48681656647243177,0.0787715935318829,0.40804497294054887,0.14854876360746364,0.0057379102062686494,0.14281085340119498
UB0063,2,0,0.31400489511110713,0.33519169011769373,0.37688478701218819,0.40825653569605697,-0.031371748683868772,0.098599074153737393,0.11235346912395602,-0.013754394970218631
UB0065,2,0,0.30142354538309879,0.36104588052351066,0.35871065084629439,0.44792262768865837,-0.089211976842363983,0.090856153711317014,0.13035412784299713,-0.039497974131680116
UB0066,2,0,0.13182954670894992,0.43724181653388805,0.14136720884151166,0.57490525737990517,-0.43353804853839351,0.017379029385487209,0.19118040612585421,-0.173801376740367
UB0070,2,1,0.41632033199315543,0.42929669478439725,0.87630028621126554,0.84560700286256174,0.030693283348703804,0.3406819548445803,0.32570226258401341,0.01497969226056689
UB0071,2,0,0.28785045055968916,0.34575498585895004,0.33946734827700586,0.42427335832533702,-0.08480601004833116,0.082857881887416052,0.11954651024632273,-0.036688628358906683
UB0072,2,0,0.65640053234905194,0.54954301840947373,1.0682786382010947,0.79749269685833113,0.27078594134276357,0.43086165886811878,0.3019975290825952,0.12886412978552358
UB0073,2,1,0.4963408574583778,0.48915549728011332,0.70049237566197775,0.71507484970760005,-0.014582474045622296,0.25367253186576205,0.26096210595912833,-0.00728957409336628
UB0074,2,1,0.47655797579010983,0.43892094953981042,0.74116589321540061,0.82343595150680171,-0.082270058291401105,0.27399155270894726,0.31480970086530796,-0.040818148156360701
UB0075,2,0,0.37349218664112316,0.70789158131590724,0.46759403328104149,1.2306302487641465,-0.76303621548310496,0.13949641348196756,0.50111049089793569,-0.36161407741596813
UB0077,2,1,0.24557804637206018,0.2708497001764138,1.4041404744403827,1.3061912238516542,0.097949250588728498,0.56915248411579744,0.53166015973282554,0.037492324382971898
UB0078,2,1,0.23187816529434518,0.22291520831521422,1.4615431948485091,1.5009638115987871,-0.03942061675027797,0.59001115295158135,0.60386077346778699,-0.013849620516205641
UB0079,2,0,0.28386393118896108,0.080411307726141551,0.33388508983796894,0.083828782521627357,0.2500563073163416,0.080578731430051231,0.0064659784102282323,0.074112753019822994
UB0080,2,0,0.13572068604286744,0.548154921739757,0.1458592823788378,0.79441590511300819,-0.64855662273417036,0.018420104619946594,0.30047381822751912,-0.28205371360757253
UB0081,2,0,0.56061187081449182,0.53463168860746757,0.82237213536036058,0.76492611940388744,0.05744601595647314,0.31428566969812449,0.28583104246327218,0.028454627234852314
UB0083,2,1,0.73426973668314932,0.32446260429452173,0.30887882920590337,1.1255849904817616,-0.81670616127585827,0.070612572842442795,0.45635077299653987,-0.3857382001540971
UB0084,2,0,0.44929642714437079,0.55621818373166876,0.59655859489085905,0.81242224212987646,-0.21586364723901741,0.2018672794446969,0.3093786679137564,-0.1075113884690595
UB0085,2,1,0.45541745209319784,0.35043993928441014,0.78654080352816325,1.0485659444392963,-0.26202514091113305,0.29657015148466448,0.42192827247684073,-0.12535812099217625
UB0086,2,1,0.6407044763062979,0.25825313700968627,0.44518696377455635,1.3538150238744182,-0.90862806009986186,0.12909327334633164,0.55018840875597119,-0.42109513540963955
UB0087,2,1,0.54531795192895682,0.78728809488054052,0.6063862563945851,0.23916103035842676,0.36722522603615837,0.20673576483807843,0.045246354579549931,0.1614894102585285
UB0089,2,0,0.24121682532901809,0.22586585517100891,0.27603921476887933,0.25601010667695312,0.020029108091926207,0.058185556821810022,0.051015384532131169,0.0071701722896788528
UB0090,2,0,0.38787715901865899,0.49884832621922176,0.49082229605374011,0.69084648163700646,-0.20002418558326635,0.15044869048838608,0.24884965257171909,-0.098400962083333016
UB0091,2,1,0.53365034068222061,0.51196920586150951,0.6280144472222533,0.66949080055313959,-0.041476353330886284,0.21748200474580889,0.23817405602744568,-0.020692051281636786
UB0098,2,0,0.5994448090543042,0.23177326647586083,0.91490371686012006,0.26367036346217876,0.65123335339794131,0.3593340791021512,0.053718847052890394,0.30561523204926083
UB0099,2,1,0.55947084415927695,0.57884392546444563,0.58076386311650674,0.54672239652998178,0.03404146658652496,0.19406593714574005,0.17737243911819742,0.016693498027542636
UB0100,2,0,0.69502834035496142,0.74186290406072508,1.1875364258885763,1.3542644555830774,-0.16672802969450107,0.48306439389657208,0.55036056842141257,-0.067296174524840491
UB0102,2,1,0.39362340749489227,0.30331776351610895,0.93236064531091123,1.1929742985245053,-0.26061365321359409,0.36769257193810539,0.4853661386321963,-0.1176735666940909
UB0103,2,0,0.34953997742242604,0.47621990764677591,0.43007543937071724,0.64668335382928244,-0.2166079144585652,0.1221781958164701,0.22678540043910378,-0.10460720462263368
UB0104,2,0,0.44783405770764867,0.38422975055348341,0.59390665778736929,0.48488135669758553,0.10902530108978375,0.20055534324289759,0.14763250121039209,0.052922842032505496
UB0105,2,0,0.28308211886181717,0.29494114234472391,0.33279397612974349,0.3494739936187809,-0.016680017489037413,0.080135486019295987,0.086990277447610689,-0.0068547914283147021
UB0106,2,1,0.35992447158432339,0.33787118148575734,1.0218610706979796,1.0850905760083753,-0.063229505310395728,0.40969668207660764,0.43841457230706687,-0.028717890230459231
UB0107,2,1,0.34069111040524752,0.5292891021658318,1.0767790468034135,0.63622048947462495,0.44055855732878857,0.43468821189866558,0.22156874933984874,0.21311946255881684
UB0109,2,0,0.2343071998735059,0.22179097967157982,0.26697423390257385,0.25076012722615565,0.016214106676418205,0.054899863912563046,0.049191238663679131,0.0057086252488839154
UB0115,2,1,0.31400243894356911,0.3424319804900442,1.158354525767842,1.0716822381122344,0.086672287655607638,0.47059265377537157,0.43239570028224561,0.038196953493125962
UB0118,2,1,0.58760339213178781,0.48771418769227182,0.53170306184035099,0.71802572566553846,-0.18632266382518747,0.17007096218120799,0.26243675349178891,-0.092365791310580925
UB0119,2,1,0.53228159607576941,0.55491398834319849,0.63058261374685898,0.58894215320391807,0.041640460542940905,0.21876050536942973,0.19810155777255845,0.020658947596871285
UB0120,2,1,0.47153232801161593,0.42834200809789424,0.75176761507745893,0.84783331815737828,-0.096065703079919351,0.27927808033682228,0.326792859705548,-0.047514779368725724
UB0122,2,0,0.66322175593153554,0.50989663498017346,1.0883305946966222,0.71313896110402653,0.37519163359259566,0.4398630975409093,0.25999457836410422,0.17986851917680508
UB0124,2,1,0.6626200255589545,0.58281001735302829,0.41155356687615535,0.53989401648857782,-0.12834044961242247,0.11382524715384051,0.17404748162098055,-0.060222234467140034
UB0126,2,0,0.29461618237614567,0.47986820593839463,0.34901320215235182,0.65367304940124749,-0.30465984724889567,0.086798694917894326,0.23027349507053352,-0.14347480015263919
UB0127,2,1,0.41118867273098547,0.18671263056958926,0.88870311208104735,1.6781845790377334,-0.78948146695668608,0.34669877912029851,0.66143634527503747,-0.31473756615473897
UB0128,2,1,0.99656844951702139,0.98312989149425689,0.0034374517565503469,0.017014029726911271,-0.013576577970360923,1.1775538717230711e-05,0.000284600560995546,-0.00027282502227831529
UB0129,2,1,0.54843575780242004,0.61712738492695085,0.60068512954945341,0.48267981783378866,0.11800531171566475,0.20391026483147465,0.14659143937287528,0.057318825458599371
UB0131,2,0,0.31895163515330216,0.51086542806533708,0.38412195502155949,0.71511762913695764,-0.33099567411539815,0.10173014556696518,0.2609834855923801,-0.15925334002541491
UB0132,2,1,0.57466528734465883,0.48624013999273608,0.55396751664179944,0.72105266190497541,-0.16708514526317597,0.18090961778960166,0.26394919375468345,-0.083039575965081797
UB0133,2,0,0.42327992392484304,0.53099382258490724,0.55039826697578487,0.7571393391618485,-0.20674107218606363,0.1791658939978209,0.28195443962333194,-0.10278854562551104
UB0134,2,1,0.42563703373125217,0.43871985950907444,0.85416832939433085,0.82389420283737247,0.030274126556958381,0.32989281702103473,0.31503539610951314,0.014857420911521591
UB0138,2,1,0.50570899969972471,0.51325584789821244,0.6817938745354245,0.66698082928884639,0.014813045246578116,0.24432359297784675,0.2369198696052881,0.0074037233725586515
UB0139,2,0,0.56874184524652716,0.61175077551675983,0.84104840124208091,0.9461078144228432,-0.10505941318076228,0.32346728653442464,0.37423901134535709,-0.05077172481093245
UB0140,2,1,0.37364700730662437,0.39519793022976174,0.98444375798723882,0.92836855039500898,0.056075207592229837,0.39231807145594788,0.36578554359836424,0.026532527857583643
UB0142,2,1,0.21127280744716387,0.27937514114533002,1.5546050543256442,1.2751998083962479,0.27940524592939631,0.62209058427227859,0.51930018719931303,0.10279039707296556
UB0143,2,1,0.62318699652064502,0.52128905082276622,0.47290865030335844,0.65145059102971781,-0.17854194072635937,0.14198803959113238,0.22916417286216811,-0.087176133271035738
UB0144,2,1,0.51156826054490823,0.73183463361469525,0.67027425079364156,0.31220070090485341,0.35807354988878815,0.23856556410712665,0.071912663728564738,0.1666529003785619
UB0147,2,0,0.5563396787336633,0.46722302225536644,0.81269605153696889,0.62965237062828472,0.18304368090868417,0.30951383813347572,0.21829735252543864,0.091216485608037079
UB0150,2,1,0.046180440116810779,0.52847742732624092,3.0751989446375649,0.63775518541417509,2.43744375922339,0.90977175281576084,0.22233353654088042,0.68743821627488044
UB0153,2,0,0.28044680075656286,0.2038580533142669,0.32912481620331802,0.22797778405368688,0.10114703214963114,0.078650408054591267,0.041558105901082484,0.037092302153508783
UB0154,2,0,0.48282286351081216,0.46516669278446715,0.65936983938563909,0.62580015593386784,0.033569683451771248,0.23311791752878036,0.21638005207603883,0.016737865452741529
UB0156,2,0,0.31304717274157712,0.33612741515663985,0.37548965395222661,0.40966503821514594,-0.034175384262919328,0.097998532361494819,0.11298163921988412,-0.0149831068583893
UB0158,2,0,0.57658734390443578,0.84223666877627024,0.85940802914671799,1.8466592725816684,-0.98725124343495041,0.33245296515077211,0.70936260623134872,-0.37690964108057662
UB0161,2,1,0.80150211920878611,0.59528114940381849,0.22126766288264235,0.51872146503251304,-0.29745380214987072,0.039401408678602957,0.16379734802789428,-0.12439593934929133
UB0162,2,1,0.49692838747974039,0.5966683737009435,0.69930935284539597,0.51639380786823663,0.18291554497715934,0.25308104732373427,0.16267640077304177,0.090404646550692497
UB0164,2,1,0.44879277246553212,0.43728775948551851,0.80119402903538195,0.82716381206977374,-0.025969783034391791,0.30382940768623473,0.31664506562482775,-0.012815657938593017
UB0166,2,1,0.50933965632408063,0.49279080634549577,0.67464018375198764,0.70767052289160848,-0.033030339139620835,0.24074757285617132,0.25726116612765237,-0.016513593271481053
UB0168,2,1,0.71755607041161285,0.30322144273008517,0.33190418748653211,1.1932919063092671,-0.86138771882273502,0.079774573361329801,0.48550035787114393,-0.40572578450981411
UB0169,2,0,0.17586491678955846,0.38186836748016439,0.19342082657369053,0.48105384660030359,-0.28763302002661306,0.030928468957398321,0.14582345008196587,-0.11489498112456756
UB0170,2,1,0.44197474122404301,0.50945234859569533,0.8165025450893042,0.67441895651123562,0.14208358857806858,0.31139218943197378,0.24063699829827923,0.07075519113369455
UB0172,2,0,0.81645444525175193,0.18734907341987156,1.6952923875387806,0.20745362623778785,1.4878387613009929,0.66659786117134601,0.035099675311284426,0.63149818586006157
UB0173,2,0,0.59658447187359198,0.55276276403712143,0.90778816107840488,0.80466609593206961,0.10312206514633526,0.35591303208069264,0.30554667330595842,0.050366358774734221
UB0176,2,0,0.24217865064747207,0.25603622861789155,0.27730760798829651,0.29576293971354145,-0.018455331725244939,0.058650498829430325,0.065554550364873232,-0.0069040515354429066
UB0004,3,0,0.27563350535732173,0.28956976196687673,0.32245780660650658,0.34188452341115355,-0.019426716804646971,0.075973829275564703,0.083850647045553645,-0.0078768177699889419
UB0007,3,0,0.40610453799734958,0.52002661795849825,0.52105196500205875,0.73402463069803947,-0.21297266569598072,0.16492089578204075,0.27042768338535389,-0.10550678760331314
UB0020,3,0,0.65570572059771937,0.53043328297702752,1.0662585239302649,0.75594488814404137,0.31031363578622351,0.4299499920245744,0.28135946768978737,0.14859052433478703
UB0021,3,1,0.48935272933470569,0.37034386930052027,0.71467172165635062,0.99332332845890869,-0.27865160680255807,0.2607606350379143,0.39646684292744022,-0.13570620788952592
UB0023,3,1,0.77686100674213743,0.54844550866108566,0.25249382911798407,0.60066735030759011,-0.34817352118960604,0.049791010312132442,0.20390145864834566,-0.15411044833621323
UB0024,3,1,0.56925779414149813,0.60330556438728178,0.56342188218384781,0.50533147032703207,0.058090411856815738,0.185538847907848,0.15736647524609304,0.028172372661754957
UB0028,3,1,0.45729137833562461,0.61434678612082738,0.78243450190581676,0.48719571203110112,0.29523878987471563,0.29453264802884616,0.14872840137533486,0.1458042466535113
UB0029,3,1,0.60459233553934622,0.58206488852856131,0.50320087362856736,0.54117334514838999,-0.037972471519822637,0.15634722111422897,0.17466975740064389,-0.01832253628641492
UB0030,3,0,0.35528820270816325,0.17729599803538573,0.43895188794693457,0.19515880039145003,0.24379308755548454,0.1262297069835969,0.031433870919363505,0.094795836064233391
UB0032,3,0,0.32435959571479722,0.33923109291287501,0.39209429079647756,0.41435111132199737,-0.022256820525519805,0.1052091473322667,0.11507773439886364,-0.0098685870665969344
UB0034,3,0,0.3859837868558631,0.23190493622772371,0.48773394541141091,0.26384177254121022,0.22389217287020069,0.14898348371559236,0.053779899446784601,0.095203584268807762
UB0035,3,0,0.39813355951438162,0.20983374560277618,0.50771971794625192,0.23551190705819017,0.27220781088806179,0.15851033121159164,0.044030200793690591,0.11448013041790105
UB0039,3,0,0.77881929984937948,0.46329848419505432,1.5087752638158329,0.62231317549749965,0.88646208831833329,0.60655950181787766,0.214645485457435,0.39191401636044265
UB0042,3,0,0.16631408805473644,0.18276759671825343,0.18189855193880838,0.20183176523183852,-0.019933213293030133,0.027660375885478625,0.033403994410166123,-0.0057436185246874973
UB0044,3,0,0.48707136287614372,0.51133404905712687,0.66761855240826895,0.71607614985095758,-0.048457597442688627,0.23723851253402409,0.26146250972515622,-0.024223997191132135
UB0045,3,0,0.24394912266850027,0.27863213077373644,0.27964660700947735,0.3266060509747189,-0.046959443965241543,0.059511174450730994,0.077635864299512566,-0.018124689848781572
UB0046,3,0,0.131472163834746,0.15421873997007998,0.14095564296225885,0.16749451069202162,-0.026538867729762772,0.017284929863390294,0.023783419757959143,-0.0064984898945688492
UB0047,3,0,0.36883490248661188,0.44476590967998225,0.46018780642705964,0.58836546980132942,-0.12817766337426978,0.13603918529230849,0.19781671441346213,-0.06177752912115364
UB0049,3,0,0.36245181992503567,0.345020567439494,0.45012542821714302,0.42315144451087966,0.02697398370626336,0.13137132176697047,0.11903919195627043,0.012332129810700046
UB0051,3,0,0.22788681208544423,0.21213438997194783,0.25862412323487322,0.238427749318501,0.020196373916372218,0.051932399122466569,0.045000999408770441,0.0069313997136961278
UB0052,3,0,0.60832729672112285,0.51155484331952394,0.93732872856384031,0.71652808262386836,0.22080064593997195,0.37006209993602907,0.26168835772366267,0.1083737422123664
UB0053,3,0,0.3258029704883697,0.43126815017283537,0.39423288213725477,0.56434622161798653,-0.17011333948073176,0.1061475755790455,0.18599221735349927,-0.079844641774453773
UB0054,3,0,0.19856828900821696,0.33378561397199974,0.22135551206982881,0.40614375929779722,-0.18478824722796841,0.039429365399650779,0.11141283609466483,-0.071983470695014054
UB0056,3,0,0.088405758682162563,0.13619933120007743,0.092560298745701985,0.1464132442026263,-0.053852945456924317,0.007815578168168762,0.018550257819348385,-0.010734679651179623
UB0057,3,0,0.22336659927123778,0.11439386061449756,0.25278685368750842,0.12148296515295151,0.13130388853455691,0.049892637669997721,0.013085955346289096,0.036806682323708623
UB0059,3,0,0.33227327126092054,0.39711599048959401,0.40387627785906,0.50603045646181888,-0.10215417860275888,0.11040552679443329,0.15770110990253131,-0.047295583108098019
UB0060,3,0,0.25790692415788163,0.30324924820745153,0.29828060454126643,0.36132753362166853,-0.063046929080402103,0.066515981528579307,0.091960106538384545,-0.025444125009805238
UB0061,3,0,0.27325531788830926,0.24233462069009726,0.3191800569256984,0.27751344290618257,0.041666614019515824,0.074668468754240949,0.058726068385013312,0.015942400369227637
UB0063,3,0,0.31177269075741237,0.29149354706547081,0.37363610427502331,0.34459611201069185,0.02903999226433146,0.097202210702117084,0.084968487980809845,0.012233722721307239
UB0065,3,0,0.26127399513240146,0.33472731696162233,0.30282819151001794,0.4075582726919077,-0.10473008118188976,0.068264100532446137,0.11204237672032638,-0.043778276187880244
UB0066,3,0,0.27182715890946418,0.47730557218672875,0.31721683988449445,0.64875825371175877,-0.33154141382726432,0.073890004320791097,0.22782060924050054,-0.15393060491970945
UB0070,3,1,0.41655201786947288,0.45687883318967654,0.87574393232982917,0.78333705849484625,0.092406873834982917,0.34041154785218397,0.29498060183740726,0.045430946014776707
UB0071,3,0,0.34317820659013981,0.54995364554914772,0.42034254019790396,0.79840469163214323,-0.37806215143423927,0.11777128147842468,0.30244901225279758,-0.18467773077437288
UB0072,3,0,0.5959600891022897,0.68072737587666199,0.90624161654956548,1.1417099201016578,-0.23546830355209236,0.35516842780280911,0.46338976026792628,-0.10822133246511717
UB0073,3,1,0.4292512182492752,0.47368759190389759,0.84571294112057671,0.74720726339191601,0.098505677728660701,0.32575417186993655,0.2770047509159182,0.048749420954018352
UB0074,3,1,0.44920132626247683,0.42031630933401248,0.80028410362337221,0.86674773369343883,-0.066463630070066615,0.30337917899101458,0.33603318122414022,-0.032654002233125645
UB0075,3,0,0.41040413512699753,0.76712642388426977,0.52831795157630868,1.4572595644506061,-0.92894161287429744,0.16843155412933886,0.58848295022146835,-0.42005139609212949
UB0077,3,1,0.25516140478614358,0.37134485042937093,1.365858974112707,0.99062413212503642,0.37523484198767054,0.55478453292015106,0.39520729708167002,0.15957723583848105
UB0078,3,1,0.23416718007921616,0.2724893803702032,1.4517199739356412,1.3001556367567524,0.15156433717888884,0.5864999080678196,0.52927170167413085,0.057228206393688752
UB0079,3,0,0.30308340488250052,0.28944761902525817,0.36108953805392913,0.34171261006008863,0.019376927993840498,0.091859550315169736,0.083779924159390992,0.0080796261557787435
UB0080,3,0,0.25910043003327804,0.39783205241953762,0.29989019597982924,0.50721888988995278,-0.20732869391012354,0.067133032843429613,0.15827034193234174,-0.091137309088912127
UB0081,3,0,0.59229433129494269,0.56787518022164118,0.89720976514503692,0.8390407977994836,0.058168967345553324,0.35081257488412332,0.32248222031176144,0.028330354572361882
UB0083,3,1,0.65241834774700092,0.46243029261386442,0.42706928516813436,0.77125945206158331,-0.34419016689344895,0.12081300498292478,0.28898119029921548,-0.16816818531629069
UB0084,3,0,0.38802313876652189,0.3838527215697593,0.49106080562659726,0.48426925566490425,0.0067915499616930108,0.15056195621822349,0.14734291185651116,0.003219044361712331
UB0085,3,1,0.46105402884250357,0.42760747540148969,0.77424004362826138,0.84954961775419569,-0.075309574125934309,0.29046275982689695,0.32763320221625625,-0.037170442389359293
UB0086,3,1,0.46079730137630837,0.316756215435475,0.77479702600582401,1.1496228374462572,-0.37482581144043314,0.29073955020307163,0.46682206914605495,-0.17608251894298332
UB0087,3,1,0.54506858825238813,0.82797447275858627,0.6068436422329585,0.18877295507383904,0.41807068715911944,0.20696258939467516,0.029592782022686379,0.17736980737198876
UB0089,3,0,0.21598676180828891,0.25112079911557833,0.2433293733256757,0.28917758900016255,-0.045848215674486853,0.046650281276430526,0.063061655748446646,-0.01641137447201612
UB0090,3,0,0.43191603479113905,0.56785636263949024,0.5654860451142445,0.83899725211180176,-0.27351120699755727,0.18655146110970044,0.32246084859015223,-0.13590938748045178
UB0091,3,1,0.45634531778225185,0.38889152453438108,0.7845054802181517,0.94445483148969489,-0.15994935127154319,0.29556041349728074,0.3734535687859129,-0.077893155288632165
UB0098,3,0,0.69271547369799902,0.50641068749986218,1.1799811648329783,0.70605145877257869,0.47392970606039964,0.47985472750064317,0.25645178441408306,0.22340294308656011
UB0099,3,1,0.52407322600104966,0.52616368245625844,0.64612386014760448,0.64214293127501487,0.0039809288725896064,0.22650629420904794,0.2245208558234135,0.0019854383856344471
UB0100,3,0,0.86196350262892063,0.80062368247370153,1.9802371550884634,1.6125611971824878,0.36767595790597563,0.74298107986431727,0.64099828093775046,0.10198279892656681
UB0102,3,1,0.50249833880643857,0.37413549498333309,0.68816294491220431,0.98313726112565814,-0.29497431621345382,0.24750790289035318,0.39170637863975749,-0.14419847574940431
UB0103,3,0,0.27360005708682561,0.43875064332843383,0.31965453028374818,0.5775899861685283,-0.25793545588478012,0.074856991237914228,0.19250212702111455,-0.11764513578320032
UB0104,3,0,0.48966978536703648,0.36669557936112945,0.67269728311581412,0.45680405516061801,0.21589322795519611,0.23977649870139958,0.1344656479229944,0.10531085077840519
UB0105,3,0,0.30785374831123824,0.34405460241314706,0.36795799932392248,0.42167772888819982,-0.053719729564277341,0.094773930349279223,0.1183735694416687,-0.023599639092389477
UB0106,3,1,0.30085678213757178,0.26063825246853217,1.2011209343171816,1.3446218389217042,-0.14350090460452258,0.48880123908303069,0.54665579371278594,-0.05785455462975525
UB0107,3,1,0.29978179347101014,0.54181081285512711,1.2047004240736252,0.61283839224876702,0.59186203182485819,0.4903055367546752,0.20993733121647934,0.28036820553819586
UB0109,3,0,0.24809689072457819,0.32173328768960552,0.28514780738204593,0.38821468740697451,-0.10306688002492859,0.06155206718720329,0.10351230840756247,-0.041960241220359178
UB0115,3,1,0.29163646065393434,0.45925679417004689,1.232247250127924,0.77814576094070553,0.45410148918721849,0.50177890387488511,0.29240321465125496,0.20937568922363015
UB0118,3,1,0.55140449864887287,0.53785389303186737,0.59528662183146563,0.62016832999353733,-0.024881708162071692,0.20123792383246911,0.21357902418580069,-0.01234110035333158
UB0119,3,1,0.57116194496101669,0.60353370135622586,0.56008249314357861,0.50495339682853513,0.05512909631504348,0.18390207744961809,0.15718552596029431,0.026716551489323781
UB0120,3,1,0.49743180829156458,0.3856256384041486,0.69829680053894483,0.95288822881876967,-0.25459142827982484,0.25257478731708677,0.37745585618631006,-0.12488106886922329
UB0122,3,0,0.52638454823231584,0.41630561964708479,0.74735956974590656,0.53837775444780189,0.20898181529810467,0.27708069261773927,0.17331036894974322,0.10377032366799605
UB0124,3,1,0.66955552407419761,0.53063478815725451,0.401141183646402,0.63368127561833509,-0.23254009197193309,0.10919355166987819,0.22030370208818534,-0.11111015041830714
UB0126,3,0,0.23714832907505329,0.45428391297789883,0.27069166905376202,0.6056564256164374,-0.33496475656267538,0.056239329983089767,0.20637387359051115,-0.1501345436074214
UB0127,3,1,0.39977640238254175,0.12793172910112646,0.91684988221321928,2.0562585237504241,-1.1394086415372047,0.36026836713684446,0.76050306910855103,-0.40023470197170657
UB0128,3,1,0.9118471630804833,0.73421472157271173,0.092282887293205801,0.30895375694538885,-0.21667086965218305,0.0077709226569589061,0.070641814228671149,-0.062870891571712245
UB0129,3,1,0.61190864327460914,0.65228714703186441,0.49117228330761953,0.42727040444923464,0.063901878858384886,0.15061490116495457,0.12090422811924027,0.0297106730457143
UB0131,3,0,0.28255102579338975,0.41884241701466901,0.3320534499655779,0.54273333173642047,-0.21067988177084257,0.079835082176896804,0.17542897029068991,-0.095593888113793102
UB0132,3,1,0.62371603850415558,0.50832217799243029,0.47206008068664296,0.67663982378245235,-0.2045797430958094,0.14158961967900613,0.24174708065410741,-0.10015746097510128
UB0133,3,0,0.47028216700259629,0.49821210545538808,0.63541080477708622,0.6895777694049503,-0.054166964627864078,0.22116531660065786,0.24821530202229072,-0.027049985421632866
UB0134,3,1,0.39922690395891658,0.42423167671787587,0.91822534212908324,0.85747556562284011,0.060749776506243136,0.36092831292678884,0.33150916209510861,0.02941915083168023
UB0138,3,1,0.63371063833931218,0.51836067897957927,0.45616283513488642,0.65708398755472075,-0.20092115241983433,0.13416789646579416,0.23197643555301189,-0.097808539087217733
UB0139,3,0,0.5652443187352425,0.62348230401415983,0.83297105794409487,0.97679023155630262,-0.14381917361220775,0.31950113986246842,0.38873018341880522,-0.0692290435563368
UB0140,3,1,0.34320455756824525,0.45059637289798221,1.0694286318287491,0.79718330051043784,0.2722453313183113,0.43138025319912454,0.30184434547285294,0.1295359077262716
UB0142,3,1,0.28368958573720293,0.42697056325240229,1.259874646557352,0.85104020664884561,0.40883443990850643,0.51310060958133996,0.32836273537926902,0.18473787420207094
UB0143,3,1,0.58642025343746174,0.49474620016695092,0.53371859040200931,0.70371037483830201,-0.1699917844362927,0.17104820676673338,0.25528140224573481,-0.084233195479001433
UB0144,3,1,0.51857337006345261,0.75474378678161158,0.65667375686154905,0.28137694258328116,0.37529681427826789,0.23177160001206135,0.060150610122223599,0.17162098988983776
UB0147,3,0,0.56653895353684836,0.57467174430070367,0.83595334501552176,0.85489404182782891,-0.018940696812307145,0.32096638587462722,0.33024761369761335,-0.0092812278229861267
UB0150,3,1,0.20182269982706105,0.43742211879133608,1.6003656906342745,0.82685660322210652,0.77350908741216795,0.63708700251136197,0.31649387242522958,0.32059313008613238
UB0153,3,0,0.28241468840274314,0.23472452143928113,0.33186343723570028,0.26751940728326495,0.064344029952435322,0.079758056225618504,0.055095600964899551,0.024662455260718953
UB0154,3,0,0.48644973339515679,0.45440492755434503,0.66640736422949209,0.60587820393491665,0.060529160294575446,0.23663334312021911,0.20648383818566957,0.030149504934549543
UB0156,3,0,0.27574738801824555,0.3350331403874367,0.32261503587490092,0.40801807473717394,-0.085403038862273017,0.076036621998884876,0.11224720515786787,-0.036210583158982998
UB0158,3,0,0.48116518141354908,0.57705698945277806,0.65616971509400956,0.86051783585105368,-0.20434812075704412,0.2315199318047336,0.3329947690763036,-0.10147483727157
UB0161,3,1,0.57614610843725145,0.5173748030377936,0.55139398997128697,0.65898770960856579,-0.10759371963727882,0.17965212139288622,0.23292708074280852,-0.053274959349922296
UB0162,3,1,0.50078231992374278,0.57590299879745166,0.69158376348608519,0.55181603733347273,0.13976772615261246,0.2492182921007203,0.1798582664289943,0.069360025671726
UB0164,3,1,0.49412286539515954,0.47771603963352871,0.70497107734393905,0.738738782357929,-0.033767705013989957,0.25591167531600395,0.27278053525608575,-0.016868859940081804
UB0166,3,1,0.56933884348966413,0.55517857231220458,0.56327951508803142,0.58846546507286712,-0.025185949984835698,0.18546903172682,0.19786610253020862,-0.012397070803388616
UB0168,3,1,0.48966872667223599,0.51571999938979718,0.71402618453034594,0.6621912976227059,0.051834886907640043,0.26043800853633703,0.23452711899101805,0.025910889545318977
UB0169,3,0,0.26617863159644045,0.41457801228376195,0.3094896472838507,0.53542234527215238,-0.22593269798830168,0.070851063918553572,0.17187492826915507,-0.1010238643506015
UB0170,3,1,0.46542810075227348,0.43959229040427705,0.76479765015101286,0.82190759435833094,-0.057109944207318075,0.28576711546532146,0.31405680097432415,-0.028289685509002682
UB0172,3,0,0.64573407198211907,0.64268994875014174,1.0377074387746252,1.029151383226536,0.0085560555480892475,0.41697249171860856,0.41305037022445984,0.0039221214941487226
UB0173,3,0,0.60352026229667965,0.46559642987263539,0.92513034210503586,0.62660397615446284,0.29852636595057302,0.36423670700265304,0.21678003551014388,0.14745667149250916
UB0176,3,0,0.15177678788656235,0.22663332177153764,0.16461145599513838,0.25700198552058878,-0.092390529525450404,0.023036193341162539,0.051362662537201315,-0.028326469196038775
UB0004,4,0,0.34034749194831626,0.41361902546609358,0.41604208556500843,0.53378557345528943,-0.117743487890281,0.1158364152755092,0.17108069822752098,-0.055244282952011781
UB0007,4,0,0.43275957535751608,0.65738820035314427,0.56697203577760158,1.071157252217448,-0.50418521643984637,0.18728085006361764,0.43215924596354577,-0.24487839589992813
UB0020,4,0,0.80692783390264866,0.99813277996179817,1.6446912423641602,6.2833045648047801,-4.6386133224406194,0.65113252912682051,0.99626904643426739,-0.34513651730744688
UB0021,4,1,0.50042088075845192,0.46397317179818137,0.69230577312557906,0.76792854782795894,-0.07562277470237988,0.24957929638216092,0.28732476055210193,-0.037745464169941012
UB0023,4,1,0.83683868773691905,0.53308452243133142,0.17812395378497953,0.62907528871814533,-0.4509513349331658,0.026621613819410611,0.21801006319317784,-0.19138844937376723
UB0024,4,1,0.69576779356136298,0.8491471150844645,0.36273930425513823,0.16352282725282244,0.19921647700231579,0.092557235434521448,0.022756592887339798,0.069800642547181657
UB0028,4,1,0.34149392017286739,0.49209727695143807,1.0744254034303076,0.70907886465236258,0.36534653877794498,0.43363025716929793,0.25796517608014424,0.17566508108915369
UB0029,4,1,0.4929269830323707,0.46708884715561411,0.70739422334784718,0.76123578854008844,-0.053841565192241259,0.25712304453665369,0.28399429682593247,-0.02687125228927878
UB0030,4,0,0.22467833542434937,0.22797642327283074,0.25447728467330194,0.2587401896216584,-0.0042629049483564607,0.050480354409056447,0.051973249568272879,-0.0014928951592164327
UB0032,4,0,0.41317528822733973,0.10624911128825285,0.53302912083135012,0.11232819061162003,0.4207009302197301,0.17071381880174527,0.011288873649543538,0.15942494515220174
UB0034,4,0,0.39456501432055352,0.23069241876937757,0.50180809470276877,0.26226441385292038,0.23954368084984839,0.15568155052577862,0.053218992077665866,0.10246255844811275
UB0035,4,0,0.38538030273151136,0.18171311259358958,0.48675158087563686,0.20054228576586083,0.286209295109776,0.14851797773343134,0.033019655288450564,0.11549832244498077
UB0039,4,0,0.85852468742971433,0.27417872729812737,1.9556300465883587,0.32045147531623597,1.6351785712721227,0.73706463892628871,0.075173974502820887,0.66189066442346778
UB0042,4,0,0.17613730943630063,0.085732192258992521,0.19375140062367704,0.089631744164754376,0.10411965645892267,0.031024351775459119,0.0073500087895328574,0.023674342985926262
UB0044,4,0,0.41784477930929453,0.37750871626752858,0.54101816459170649,0.47402565277749426,0.06699251181421223,0.17459425959603306,0.14251283085795741,0.032081428738075651
UB0045,4,0,0.21946045937705791,0.042275974876557786,0.24776987967828459,0.043195616496437841,0.20457426318184674,0.048162893229989283,0.001787258051763345,0.046375635178225939
UB0046,4,0,0.13459861378823018,0.00036904177059737879,0.14456184937640054,0.00036910988326973047,0.1441927394931308,0.018116786833713146,1.3619182844564835e-07,0.0181166506418847
UB0047,4,0,0.37099346511175801,0.30436925022127087,0.46361363300618674,0.3629362913566887,0.10067734164949804,0.13763615115562922,0.092640640480258593,0.044995510675370623
UB0049,4,0,0.37817513223786126,0.27672139068041524,0.47509678897266294,0.32396077929629591,0.15113600967636703,0.14301643064312386,0.076574728060103001,0.066441702583020859
UB0051,4,0,0.14232215480176214,0.19786001521803179,0.153526721798285,0.2204721417308412,-0.066945419932556205,0.020255595747416744,0.039148585622079769,-0.018892989874663025
UB0052,4,0,0.53518168899907947,0.5082156347738529,0.7661086787795367,0.70971494062416052,0.056393738155376183,0.2864194402399074,0.25828313142859022,0.028136308811317179
UB0053,4,0,0.31139415735623499,0.45389081596425374,0.37308624329848294,0.60493635246727961,-0.23185010916879667,0.096966321235599645,0.20601687281669606,-0.10905055158109642
UB0054,4,0,0.18890592064018344,0.26000393823981238,0.20937122745187725,0.30111041474377565,-0.091739187291898394,0.035685446852915283,0.067602047900212167,-0.031916601047296884
UB0056,4,0,0.19597258280375388,0.14845351349037755,0.21812190939424034,0.16070118670002342,0.057420722694216914,0.038405253210774169,0.022038445667637709,0.01636680754313646
UB0057,4,0,0.21768378155713156,0.10328905060233501,0.24549624876259324,0.10902171032845626,0.13647453843413698,0.047386228753012967,0.010668627974331721,0.036717600778681247
UB0059,4,0,0.32636578501124908,0.38755647211858202,0.39506802312079797,0.4902985401911556,-0.095230517070357623,0.10651462562600886,0.15020001908100125,-0.043685393454992394
UB0060,4,0,0.24115741792641263,0.209501119175552,0.27596092484480311,0.23509103811546206,0.040869886729341054,0.058156900220934442,0.043890718935808842,0.0142661812851256
UB0061,4,0,0.32898560448721481,0.24027010778625976,0.39896468842123317,0.27479231385499969,0.12417237456623348,0.10823152795981814,0.057729724695620883,0.050501803264197252
UB0063,4,0,0.26066023223059315,0.23374751597262389,0.30199769675335975,0.26624354993941601,0.035754146813943732,0.067943756666506747,0.05463790122337206,0.013305855443134687
UB0065,4,0,0.30713720557041529,0.093061520102463824,0.36692328723050999,0.0976806592848114,0.26924262794569859,0.094333263045603549,0.0086604465237812792,0.085672816521822265
UB0066,4,0,0.34212218916819187,0.4503017965990937,0.4187360627247953,0.5983858724473935,-0.1796498097225982,0.11704759232123606,0.20277170802037156,-0.085724115699135503
UB0070,4,1,0.40065793768017638,0.43948181081350729,0.9146472389483814,0.82215894880319151,0.092488290145189889,0.35921090766577929,0.31418064040890492,0.045030267256874368
UB0071,4,0,0.28060080345124622,0.65478421462167002,0.32933886455644173,1.0635855926076776,-0.73424672805123592,0.07873681089748491,0.42874236771771723,-0.35000555682023232
UB0072,4,0,0.64492693719414218,0.64247564463271867,1.0354316999621158,1.0285517922671203,0.0068799076949954685,0.41593075431861704,0.41277495394622743,0.0031558003723896055
UB0073,4,1,0.49003418526548703,0.4135246563678317,0.71328012446305566,0.88303813783701179,-0.16975801337395613,0.26006513219783561,0.34395332868846995,-0.083888196490634337
UB0074,4,1,0.46649698880624635,0.38312415062068989,0.7625037135789231,0.95939618927111081,-0.19689247569218771,0.28462546295280244,0.38053581354744526,-0.095910350594642813
UB0075,4,0,0.42382814138559571,0.54023722475036784,0.55134929713841729,0.77704462850012079,-0.2256953313617035,0.17963029343036852,0.29185625900597945,-0.11222596557561093
UB0077,4,1,0.17859510493091385,0.23587310000217523,1.7226340189169467,1.4444613304305809,0.27817268848636578,0.67470600164345651,0.58388991930028578,0.090816082343170734
UB0078,4,1,0.26287360290210499,0.28126806913364227,1.3360819596586839,1.2684470817186748,0.067634877940009108,0.54335532529852348,0.51657558844688289,0.02677973685164059
UB0079,4,0,0.24829883623955723,0.22542717692496986,0.28541642262851047,0.25544359762538615,0.029972825003124315,0.061652312077918457,0.050817412096361661,0.010834899981556796
UB0080,4,0,0.19716193415780442,0.80317645974504925,0.21960224683853818,1.6254476864006819,-1.4058454395621438,0.038872828280846407,0.64509242548859069,-0.60621959720774432
UB0081,4,0,0.54871591160984023,0.51580767575051834,0.79565823004935188,0.72527308704191018,0.070385143007441697,0.301089151653818,0.26605755836315187,0.03503159329066613
UB0083,4,1,0.76805656918216225,0.60770773679640633,0.2638918907577929,0.49806120864590059,-0.23416931788810769,0.053797755099549087,0.15389321976939763,-0.10009546466984853
UB0084,4,0,0.39888825763567404,0.40824628953128284,0.50897443433440026,0.52466476027611419,-0.015690325941713934,0.15911184207962387,0.16666503291606002,-0.0075531908364361577
UB0085,4,1,0.62456765555644411,0.39983751762997061,0.47069561972561996,0.91669702032320388,-0.44600140059758392,0.1409494452543848,0.36019500524455578,-0.21924555999017098
UB0086,4,1,0.66716997834189418,0.054910472938415299,0.40471042543993924,2.9020511847542112,-2.4973407593142718,0.1107758233169352,0.89319421416148981,-0.78241839084455456
UB0087,4,1,0.5331814530495369,0.69827664813459511,0.62889347551074415,0.35913991071094181,0.26975356479980234,0.21791955577694172,0.091036981060894931,0.1268825747160468
UB0089,4,0,0.26493721602882675,0.25624235137400037,0.30779936304846922,0.29604003830828596,0.011759324740183263,0.070191728437105208,0.065660142637676666,0.0045315857994285419
UB0090,4,0,0.4489125429054629,0.57580166415220457,0.59586175811508824,0.85755415989603601,-0.26169240178094777,0.20152247117784908,0.3315475564404482,-0.13002508526259912
UB0091,4,1,0.54209231561583249,0.49363166075883558,0.61231896803152785,0.70596566590579246,-0.093646697874264606,0.20967944741807037,0.25640889498585495,-0.046729447567784577
UB0098,4,0,0.71215187914427058,0.014418504533143601,1.24532229608823,0.014523461270714629,1.2307988348175154,0.50716029896871573,0.00020789327297228256,0.5069524056957434
UB0099,4,1,0.73579667804158844,0.25483555501724459,0.3068014510789413,1.3671368241350468,-1.0603353730561054,0.069803395333860083,0.55527005006645802,-0.48546665473259792
UB0100,4,0,0.88740541114638416,0.92069058462567843,2.1839616207934949,2.534398426313377,-0.3504368055198821,0.78748836373188313,0.84767115261837356,-0.060182788886490424
UB0102,4,1,0.50432497357790085,0.20505460450987789,0.68453442985274005,1.5844789718493588,-0.89994454199661877,0.2456937318185487,0.63193818181094663,-0.38624444999239793
UB0103,4,0,0.4146456354224306,0.41317422868075709,0.53553786372896339,0.53302731527407754,0.0025105484548858525,0.17193100297487124,0.17071294324593855,0.0012180597289326855
UB0104,4,0,0.31428361764030133,0.39659931538032056,0.37729117353824865,0.50517381765444014,-0.12788264411619149,0.098774192317075127,0.15729101696013897,-0.058516824643063847
UB0105,4,0,0.21119236656631787,0.29522224741175418,0.23723279846659814,0.34987277042555842,-0.11263997195896028,0.044602215695881978,0.087156175366847,-0.042553959670965022
UB0106,4,1,0.37328369827161478,0.36709659895242741,0.9854165632580566,1.0021302531574401,-0.016713689899383488,0.39277332285210437,0.40056671505758451,-0.007793392205480143
UB0107,4,1,0.22572815441571764,0.72231487874738887,1.4884238602900806,0.32529411501332378,1.1631297452767568,0.59949689086449065,0.077109026565077343,0.52238786429941331
UB0109,4,0,0.21819456073346227,0.15572122003755215,0.24614936828430042,0.16927253091348293,0.076876837370817491,0.047608866333668558,0.024249098369983731,0.023359767963684826
UB0115,4,1,0.34243069700541895,0.45842081960243941,1.0716859862639951,0.77996769663208376,0.29171828963191138,0.43239738824077911,0.29330800864009349,0.13908937960068563
UB0118,4,1,0.78777169668352098,0.66466466775260569,0.23854695612357257,0.4084726245262566,-0.16992566840268403,0.045040852728591416,0.11244978505347034,-0.06740893232487892
UB0119,4,1,0.63420402239752949,0.41130456587312653,0.45538457442318564,0.88842130272999487,-0.43303672830680923,0.1338066972301471,0.34656231416182809,-0.21275561693168099
UB0120,4,1,0.46502240915369092,0.41785640371828831,0.76566968282759718,0.87261743725236796,-0.10694775442477078,0.28620102270772085,0.33889116669180447,-0.052690143984083615
UB0122,4,0,0.60194808796780341,0.54602766582416629,0.92117284996154458,0.78971902073627298,0.1314538292252716,0.36234150060809439,0.29814621184538742,0.06419528876270697
UB0124,4,1,0.84190724638403946,0.59538034534014828,0.17208542949651354,0.51855484179493094,-0.34646941229841743,0.024993318745876802,0.16371706493705768,-0.13872374619118089
UB0126,4,0,0.22940965263174284,0.41196199692413016,0.26059837299329602,0.53096370209059718,-0.27036532909730115,0.052628788720616916,0.16971268690971703,-0.11708389818910012
UB0127,4,1,0.4528229959987119,0.23493991294094629,0.79225396716650354,1.4484254871451347,-0.65617151997863121,0.29940267370782564,0.58531693681080688,-0.28591426310298124
UB0128,4,1,0.94133534208759484,0.96316088066868732,0.060455835093645681,0.037534819176053211,0.02292101591759247,0.0034415420879795214,0.0013571207131066953,0.0020844213748728259
UB0129,4,1,0.51865558951070201,0.51177157966720777,0.65651522012448116,0.66987688695225589,-0.013361666827774732,0.2316924415092898,0.23836699042065365,-0.0066745489113638479
UB0131,4,0,0.30776353953027646,0.51026738670114935,0.3678276758515226,0.71389572396408385,-0.34606804811256126,0.094718396264204044,0.26037280593082029,-0.16565440966661626
UB0132,4,1,0.59951433011258781,0.52349345944072079,0.5116354013597374,0.64723074265461733,-0.13559534129487993,0.16038877178516928,0.22705848319577202,-0.066669711410602739
UB0133,4,0,0.35783583048909101,0.05599347890436919,0.44291129223279579,0.057622204920209245,0.38528908731258654,0.12804648158181747,0.0031352696798140375,0.12491121190200344
UB0134,4,1,0.418861950211316,0.46564948664351147,0.87021388778462616,0.76432210246646526,0.1058917853181609,0.33772143291219497,0.28553047112434282,0.052190961787852153
UB0138,4,1,0.63828802347136249,0.55654869431578391,0.44896565006181072,0.58600061107784551,-0.1370349610160348,0.13083555396425361,0.19664906051303607,-0.065813506548782458
UB0139,4,0,0.66410048180364034,0.75797770094506178,1.0909432167312192,1.4187254122154105,-0.3277821954841913,0.44102944993182724,0.57453019512996151,-0.13350074519813426
UB0140,4,1,0.4071324588636272,0.42952419058847846,0.89861669473409245,0.84507721646989986,0.053539478264192586,0.35149192133308876,0.32544264912373067,0.026049272209358099
UB0142,4,1,0.23689328892868566,0.35686846081756946,1.4401454969283054,1.0303880221931345,0.40975747473517088,0.58233185248207842,0.41361817669116224,0.16871367579091617
UB0143,4,1,0.55320787628700108,0.46893141007476546,0.59202144160850501,0.75729876840635879,-0.16527732679785379,0.19962320181197174,0.28203384720517694,-0.082410645393205195
UB0144,4,1,0.62004306921762442,0.84476010654303624,0.4779663368756446,0.16870258951371622,0.30926374736192841,0.14436726924956295,0.024099424520529461,0.12026784472903349
UB0147,4,0,0.628174439857214,0.35348451538710335,0.98933045903574446,0.43615812960632677,0.55317232942941774,0.39460312688992455,0.1249513026184553,0.26965182427146928
UB0150,4,1,0.10863526254385392,0.5532643373854369,2.2197592230458492,0.59191938554638768,1.6278398374994616,0.79453109518026421,0.19957275225167276,0.5949583429285914
UB0153,4,0,0.18336976151981801,0.24808709377265886,0.202568871048983,0.28513477792655612,-0.08256590687757312,0.033624469439834929,0.061547206096564035,-0.027922736656729105
UB0154,4,0,0.41229961479191141,0.96597542508958567,0.53153800991353672,3.3806722239711644,-2.8491342140576279,0.16999097235755853,0.93310852187700577,-0.76311754951944721
UB0156,4,0,0.14092566016270841,0.0014118484556961621,0.15189981844059786,0.0014128460528083071,0.15048697238778955,0.019860041692295181,1.9933160618516376e-06,0.019858048376233329
UB0158,4,0,0.58299342583373881,0.91202093767671133,0.87465329192089047,2.430656420957769,-1.5560031290368785,0.33988133456535913,0.83178219076070781,-0.49190085619534868
UB0161,4,1,0.78670333161648798,0.86170776101740132,0.23990406272964848,0.1488390901419501,0.091064972587698384,0.0454954687435059,0.019124743362820187,0.026370725380685713
UB0162,4,1,0.52929194116268508,0.54367644519780722,0.63621512569662952,0.60940097892892264,0.026814146767706881,0.22156607665439312,0.20823118666730983,0.013334889987083293
UB0164,4,1,0.58569740929023884,0.32174787176179437,0.53495198916707465,1.133987047098735,-0.59903505793166034,0.17164663666881988,0.46002594945965541,-0.28837931279083551
UB0166,4,1,0.57523442249968137,0.52773573686610686,0.55297762996451161,0.63915961892663276,-0.086181988962121148,0.1804257958291792,0.22303353423339906,-0.042607738404219858
UB0168,4,1,0.60159463161060289,0.49324075029610887,0.50817142990593134,0.7067578868226867,-0.19858645691675536,0.15872683756149122,0.25680493716045061,-0.098078099598959384
UB0169,4,0,0.31056406788316199,0.45059405619310655,0.37188150540348552,0.59891768665561684,-0.22703618125213132,0.096450040260137246,0.20303500347655645,-0.10658496321641921
UB0170,4,1,0.46279975725060102,0.5387066589599997,0.77046080818608709,0.61858408820627864,0.15187671997980845,0.28858410081001312,0.21279154648784604,0.075792554322167083
UB0172,4,0,0.66466306822151222,0.65067928373759043,1.0926194860983738,1.0517648209909527,0.040854665107421084,0.44177699425763461,0.42338353028526371,0.018393463972370905
UB0173,4,0,0.56501146185015105,0.51186829740320772,0.83243559732140315,0.71717002717020972,0.11526557015119343,0.31923795202204469,0.26200915388645868,0.057228798135586012
UB0176,4,0,0.20777841857760385,0.085405427265112827,0.23291415177407748,0.089274401807182505,0.14363974996689499,0.043171871226609954,0.0072940870063364777,0.035877784220273476
UB0004,5,0,0.31670737219762984,0.2762356321979354,0.38083206636180267,0.32328939840656928,0.057542667955233384,0.10030355960432805,0.076306124495793048,0.023997435108534998
UB0007,5,0,0.33707525837416363,0.39396967278579842,0.41109380711580173,0.50082524925710381,-0.089731442141302076,0.11361972980800918,0.15521210307494906,-0.041592373266939889
UB0020,5,0,0.58026671769863913,0.43436945531069576,0.86813581156900654,0.56981416181037259,0.29832164975863396,0.33670946366875215,0.18867682370691052,0.14803263996184163
UB0021,5,1,0.5193631101874383,0.43579495025787973,0.65515200617369085,0.83058344383136262,-0.17543143765767177,0.23101181984869257,0.31832733815450842,-0.087315518305815853
UB0023,5,1,0.7319782480882453,0.5060917462481036,0.31200448118878726,0.68103730943469998,-0.36903282824591271,0.071835659497846191,0.24394536312424769,-0.17210970362640149
UB0024,5,1,0.69306982715438203,0.79869518175176957,0.36662452418371666,0.2247759056902747,0.14184861849344196,0.094206131003040913,0.040523629849953086,0.053682501153087828
UB0028,5,1,0.4095572886706414,0.4703515584286555,0.8926784864003704,0.75427486723139525,0.13840361916897514,0.34862259536196438,0.28052747165895392,0.068095123703010463
UB0029,5,1,0.5513098099700704,0.54042721005545669,0.59545835929473256,0.61539532246966189,-0.019936963174929323,0.20132288662909434,0.21120714925741133,-0.0098842626283169865
UB0030,5,0,0.35351217191404211,0.16420366369435802,0.43620090834737313,0.17937031243612278,0.25683059591125035,0.12497085569138326,0.026962843170649828,0.098008012520733434
UB0032,5,0,0.38332929905971219,0.21661544665086255,0.48342010753394377,0.24413157539547736,0.2392885321384664,0.14694135151761026,0.046922251727752676,0.10001909978985758
UB0034,5,0,0.32708135327106785,0.16937986735169511,0.39613083817621791,0.18558270939839691,0.210548128777821,0.10698221165763309,0.028689539464077832,0.078292672193555263
UB0035,5,0,0.32368905464543463,0.13269006129870231,0.39110233036162195,0.14235888199926469,0.24874344836235726,0.10477460409725517,0.017606652367453377,0.087167951729801796
UB0039,5,0,0.4523842397427808,0.38486802785231283,0.60218140538079312,0.48591844533848705,0.11626296004230607,0.20465150036765378,0.14812339886292863,0.056528101504725148
UB0042,5,0,0.22550936134729857,0.13033269845357126,0.25554970615410222,0.13964455248722824,0.11590515366687398,0.050854472055266477,0.016986612286189536,0.033867859769076941
UB0044,5,0,0.40891378242237253,0.42969443407927788,0.52579338799000375,0.56158298123072292,-0.035789593240719175,0.16721048145497142,0.18463730667871087,-0.017426825223739451
UB0045,5,0,0.37646833966224069,0.42088958450652125,0.47235573674263015,0.54626211925597901,-0.073906382513348856,0.14172841076804424,0.17714804234607209,-0.035419631578027855
UB0046,5,0,0.05534957975334396,0.070321464442256829,0.056940345592686188,0.072916413279860939,-0.015976067687174751,0.0030635759788717838,0.0049451083613035914,-0.0018815323824318076
UB0047,5,0,0.37431010488196337,0.28341240643429444,0.46890040583167858,0.33325478717532414,0.13564561865635444,0.14010805461674641,0.080322592120877695,0.059785462495868719
UB0049,5,0,0.37310911242065375,0.29670649537132093,0.46698277649242331,0.35198097127361788,0.11500180521880543,0.13921040977132804,0.088034744395531689,0.051175665375796348
UB0051,5,0,0.27364281281218111,0.36291941356786073,0.31971339177474617,0.45085912209898144,-0.13114573032423527,0.074880389003762399,0.13171050074443993,-0.056830111740677536
UB0052,5,0,0.579501778781215,0.59993183036459241,0.86631502973554875,0.91612032230617135,-0.049805292570622606,0.33582231161059223,0.35991820108461009,-0.024095889474017862
UB0053,5,0,0.32179933055691934,0.43787824453909996,0.38831206220308739,0.57603680582537919,-0.1877247436222918,0.10355480914688144,0.19173735704064382,-0.088182547893762384
UB0054,5,0,0.0280303166827513,0.1080909137160987,0.028430665010946841,0.11439107280283545,-0.085960407791888599,0.00078569865333532577,0.011683645627981095,-0.010897946974645769
UB0056,5,0,0.029458508153547995,0.11636584106157703,0.029901124225183862,0.12371214935766905,-0.093811025132485196,0.00086780370263265366,0.013541008965968207,-0.012673205263335553
UB0057,5,0,0.25474666391917722,0.20952424252192928,0.29403106997530692,0.23512029012978114,0.058910779845525785,0.064895862777950231,0.043900408204388237,0.020995454573561993
UB0059,5,0,0.30639135538987117,0.33304715349280117,0.36584739019939971,0.40503593045727093,-0.039188540257871218,0.093875662657642342,0.11092040644965746,-0.017044743792015121
UB0060,5,0,0.27067428336674459,0.30153236774209147,0.3156348475359575,0.35886644028806669,-0.043231592752109194,0.073264567676100747,0.090921768796151881,-0.017657201120051133
UB0061,5,0,0.30648934937926703,0.23602812790322264,0.36598868156474346,0.2692243071206199,0.096764374444123558,0.093935721282926404,0.055709277161500023,0.038226444121426381
UB0063,5,0,0.10685834371599584,0.20292052680743874,0.11301008102865216,0.22680088973963458,-0.11379080871098242,0.011418705621725908,0.041176740199808465,-0.029758034578082557
UB0065,5,0,0.27376615845569663,0.33883664458832541,0.31988322022800281,0.41375433590854227,-0.093871115680539463,0.074947909515589592,0.11481027171587516,-0.039862362200285564
UB0066,5,0,0.3208302978617133,0.53943682042134378,0.38688425313915037,0.77530523491543224,-0.38842098177628187,0.10293208002603568,0.29099208322628911,-0.18806000320025343
UB0070,5,1,0.41715358878209274,0.39482586415392551,0.87430080657363041,0.92931046152727925,-0.055009654953648845,0.33970993906959385,0.36623573469704301,-0.026525795627449167
UB0071,5,0,0.35393615858034616,0.53067610659468778,0.43685695435545741,0.75646214461753736,-0.31960519026207995,0.12527080435061194,0.28161713011049644,-0.1563463257598845
UB0072,5,0,0.59315601326075718,0.6378761141078475,0.89932549199234224,1.0157688994809866,-0.11644340748864435,0.35183405606739554,0.40688593694932768,-0.055051880881932136
UB0073,5,1,0.48611727238890651,0.43689371133232946,0.72130538297835634,0.82806533696599205,-0.10675995398763571,0.26407545773701735,0.31708869233707793,-0.053013234600060577
UB0074,5,1,0.47293841953241245,0.39338973955427231,0.74879009022922094,0.93295445482568806,-0.18416436459646712,0.27779390960499128,0.36797600807803366,-0.090182098473042371
UB0075,5,0,0.17087469749356932,0.52091294695202184,0.18738398628627317,0.73587295894394955,-0.54848897265767638,0.029198162243518823,0.27135029830223995,-0.24215213605872113
UB0077,5,1,0.074858045969299888,0.19130975401266476,2.5921616793138034,1.6538614157925728,0.93830026352123053,0.85588763510774202,0.65397991395505684,0.20190772115268518
UB0078,5,1,0.26882347790984351,0.34844996146802654,1.3137003307327602,1.0542606416786842,0.25943968905407599,0.53461910645585708,0.4245174527110161,0.11010165374484099
UB0079,5,0,0.26617326704806177,0.054419926461969137,0.30948233688243526,0.055956705375909785,0.25352563150652546,0.070848208091038811,0.0029615283961261286,0.067886679694912688
UB0080,5,0,0.24581852899067874,0.17736592103094723,0.28212226220122444,0.19524379568380226,0.086878466517422176,0.060426749195141162,0.031458669943156208,0.028968079251984954
UB0081,5,0,0.55443183779813032,0.52932260926170227,0.80840504219935527,0.75358236500189002,0.054822677197465253,0.30739466276421229,0.28018242467561671,0.027212238088595575
UB0083,5,1,0.5875070886754129,0.4287653689832851,0.53186696720612447,0.84684543511928601,-0.31497846791316153,0.17015040189303368,0.32630900367280241,-0.15615860177976873
UB0084,5,0,0.41311491311567289,0.37109129022458021,0.53292624171797942,0.46376916830704962,0.069157073410929804,0.17066393143856995,0.13770874568054361,0.032955185758026334
UB0085,5,1,0.48244650048803506,0.22070562737632268,0.72888524416826173,1.5109254681907609,-0.78204022402249918,0.26786162485708148,0.6072997192029308,-0.33943809434584932
UB0086,5,1,0.46676921235491425,0.33668044862854646,0.76192033542583093,1.0886210221323831,-0.32670068670655217,0.28433507289259846,0.43999282723162647,-0.15565775433902801
UB0087,5,1,0.53574388299281717,0.75424476272081142,0.62409906234586365,0.28203834465840799,0.34206071768745566,0.21553374217858703,0.060395636650150276,0.15513810552843676
UB0089,5,0,0.21727378385396215,0.052430379620743643,0.2449723042311385,0.053854866752099675,0.19111743747903881,0.04720789715021826,0.0027489447071752902,0.044458952443042973
UB0090,5,0,0.46337767037586358,0.59035459045157135,0.62246072869179458,0.89246334824636109,-0.2700026195545665,0.21471886540296248,0.34851854246724251,-0.13379967706428003
UB0091,5,1,0.53710305198659958,0.50505351068584503,0.62156529974354335,0.6830908935661788,-0.061525593822635449,0.21427358448012074,0.24497202728440692,-0.030698442804286186
UB0098,5,0,0.75292777411784395,0.23424225871848708,1.3980745726199917,0.26688942390930043,1.1311851487106912,0.56690023303805104,0.054869435769538635,0.51203079726851242
UB0099,5,1,0.52969072150009588,0.52095255650568661,0.6354619871036753,0.65209630374432292,-0.016634316640647628,0.22119081744310037,0.22948645311843738,-0.0082956356753370042
UB0100,5,0,0.86497862591847208,0.76329661703283547,2.0023221865461935,1.4409474703498637,0.56137471619632984,0.74818802329580802,0.58262172557377112,0.1655662977220369
UB0102,5,1,0.53728718188585922,0.2390832733037403,0.62122253806299699,1.4309433638711033,-0.80972082580810634,0.21410315204712993,0.57899426496615047,-0.36489111291902054
UB0103,5,0,0.33989490087936347,0.47653678186706377,0.41535621554730912,0.64728851258615472,-0.2319322970388456,0.11552854364379232,0.22708730447221753,-0.11155876082842521
UB0104,5,0,0.44936670905300274,0.15447746734501658,0.59668622506657953,0.16780046090401052,0.42888576416256902,0.20193043920512602,0.023863287917330663,0.17806715128779535
UB0105,5,0,0.29265040224948768,0.30744971819610484,0.34623025474843439,0.36737443445345919,-0.021144179705024801,0.085644257936786941,0.094525329218864279,-0.008881071282077338
UB0106,5,1,0.35138157714709689,0.30511283086585583,1.0458825316180065,1.1870736335195433,-0.14119110190153683,0.42070585846418734,0.48286817782726466,-0.062162319363077312
UB0107,5,1,0.13656291119251396,0.32459955972525706,1.9909698826760638,1.12516298026345,0.86580690241261382,0.74552360632834658,0.45616575472331655,0.28935785160503003
UB0109,5,0,0.29584596473976194,0.2782810986286367,0.35075814667177702,0.32611954917985031,0.024638597491926706,0.087524834852800465,0.077440369853961022,0.010084464998839443
UB0115,5,1,0.18830476464076115,0.27498124860541256,1.6696935401831767,1.2910523705298063,0.37864116965337047,0.65884915510489006,0.5256521898737665,0.13319696523112357
UB0118,5,1,0.52931069092225502,0.39571965158874944,0.63617970209384678,0.92704926897643281,-0.29086956688258603,0.22154842568008495,0.36515473947602234,-0.14360631379593738
UB0119,5,1,0.52154767090355081,0.77362917323369773,0.65095459759047958,0.25666262454879762,0.39429197304168195,0.22891663121781691,0.05124375121085923,0.17767288000695769
UB0120,5,1,0.49846642001610475,0.41365485301748089,0.69621905390312144,0.88272334123180796,-0.18650428732868651,0.25153593185146228,0.34380063138995198,-0.092264699538489703
UB0122,5,0,0.54556706449668246,0.51770498079815364,0.78870493290052301,0.72919927913895999,0.059505653761563027,0.29764342186352727,0.2680184471432166,0.029624974720310671
UB0124,5,1,0.65131303624290382,0.45117074491737486,0.42876489790323336,0.79590941929273029,-0.36714452138949694,0.12158259869414251,0.30121355123454924,-0.17963095254040673
UB0126,5,0,0.36915307492311267,0.46561165428417739,0.46069203687422922,0.62663246516400217,-0.16594042828977296,0.13627399272518922,0.21679421260524834,-0.080520219880059113
UB0127,5,1,0.38904415485743943,0.16406782143406923,0.94406243317435823,1.8074753913145505,-0.86341295814019225,0.37326704471386041,0.69878260716198326,-0.32551556244812285
UB0128,5,1,0.92274182666105564,0.95076582171677104,0.080405794698843083,0.050487491011395644,0.02991830368744744,0.005968825347670373,0.0024240043112247738,0.0035448210364455992
UB0129,5,1,0.67112803373525665,0.63990222920106588,0.3987953498767291,0.44643988117180144,-0.047644531295072345,0.10815677019483849,0.12967040453436168,-0.021513634339523191
UB0131,5,0,0.33154023400307059,0.47174879434910277,0.40277906974585481,0.63818334013950362,-0.23540427039364881,0.1099189267628108,0.22254692496983206,-0.11262799820702125
UB0132,5,1,0.69459088585414486,0.59788814808684587,0.36443226018908104,0.51435158585932472,-0.14991932567024369,0.09327472700335597,0.16169394144902641,-0.068419214445670437
UB0133,5,0,0.40769490730008451,0.50508118003897373,0.52373341755972469,0.70336152994166501,-0.17962811238194032,0.1662151374384245,0.25510699842956219,-0.088891860991137689
UB0134,5,1,0.42197424491830871,0.47894471939021127,0.86281099780786097,0.73617009660244681,0.12664090120541416,0.3341137735377594,0.27149860545134574,0.062615168086413653
UB0138,5,1,0.54243573616432417,0.49434524319347983,0.61168565926757978,0.70452113303083519,-0.092835473763255405,0.20936505553948395,0.25568673308106105,-0.046321677541577094
UB0139,5,0,0.59923768261591415,0.8883008965698187,0.91438675213427834,2.1919465995266498,-1.2775598473923715,0.35908580026689108,0.78907848284674376,-0.42999268257985268
UB0140,5,1,0.38575818123620442,0.37114099444667437,0.95254457931514891,0.99117324963138564,-0.038628670316236735,0.37729301191825548,0.39546364886551766,-0.018170636947262175
UB0142,5,1,0.098780463106384678,0.49296615807561672,2.3148554356200215,0.70731475217265949,1.607540683447362,0.8121966536787425,0.25708331685660046,0.55511333682214203
UB0143,5,1,0.54952897654156296,0.43955893383593453,0.59869377396905932,0.82198347793202975,-0.22328970396297043,0.20292414297569172,0.31409418864311445,-0.11117004566742272
UB0144,5,1,0.48834749312709652,0.57034164705867152,0.71672805045475696,0.56151971690578384,0.15520833354897312,0.2617882877893265,0.18460630025225519,0.077181987537071312
UB0147,5,0,0.588704804131988,0.60580671244389461,0.88844408417378007,0.93091391242446364,-0.042469828250683572,0.34657334640808235,0.36700177284207963,-0.020428426433997282
UB0150,5,1,0.094725565692917305,0.44453653399789628,2.3567713501457948,0.81072303618432717,1.5460483139614676,0.81952180141000852,0.30853966206307026,0.51098213934693826
UB0153,5,0,0.073808594753248455,0.14314720620650678,0.076674364565291711,0.15448914434083458,-0.077814779775542867,0.0054477086594492555,0.020491122644728174,-0.015043413985278919
UB0154,5,0,0.44607327358612969,0.38423525972758044,0.59072286377319527,0.48489030353895513,0.10583256023424015,0.19898136540784611,0.14763673481792119,0.051344630589924917
UB0156,5,0,0.3425354668785196,0.32459375236350252,0.41936445840570274,0.39244092079732434,0.026923537608378401,0.1173305460696854,0.1053611040734188,0.011969441996266608
UB0158,5,0,0.49315118284696219,0.84546404503350148,0.67954251087838535,1.8673284914892598,-1.1877859806108746,0.24319808914335794,0.71480945144441066,-0.47161136230105272
UB0161,5,1,0.69498330164561017,0.52197426533024671,0.36386746011517773,0.65013699244841683,-0.2862695323332391,0.093035186275012838,0.22850860300655737,-0.13547341673154453
UB0162,5,1,0.51172972469779676,0.59708112853323625,0.66995867477070981,0.51570228113173311,0.1542563936389767,0.23840786174368933,0.16234361698405048,0.076064244759638855
UB0164,5,1,0.45453806749886672,0.4191717078003917,0.78847361199882049,0.86947463918710033,-0.081001027188279839,0.29752871980787088,0.33736150501951356,-0.039832785211642685
UB0166,5,1,0.51727685989961236,0.54022260952668766,0.65917703543093142,0.61577398450708842,0.043403050923843001,0.23302162998837847,0.21139524879044871,0.021626381197929756
UB0168,5,1,0.52806851483660633,0.39895680351322094,0.63852924074624062,0.9189021298246397,-0.28037288907839908,0.22271932668852645,0.36125292404304493,-0.13853359735451848
UB0169,5,0,0.29671526432119866,0.34416001318317713,0.3519934397586641,0.42183844232731915,-0.069845002568655057,0.088039948081198791,0.11844611467424465,-0.030406166593045861
UB0170,5,1,0.47520933729292369,0.40670772373687919,0.74399986194129908,0.89966047501034385,-0.15566061306904477,0.27540523966453234,0.35199572507347521,-0.076590485408942865
UB0172,5,0,0.62284533196313452,0.4996209361918329,0.97509991562303211,0.69238934017718845,0.28271057544584366,0.38793630754826725,0.24962107988120355,0.13831522766706369
UB0173,5,0,0.61761897948646272,0.55302427539286925,0.96133773158490765,0.80525099320986449,0.15608673837504317,0.38145320382189968,0.30583584917380807,0.075617354648091606
UB0176,5,0,0.24393976856985849,0.29681077160151609,0.27963423477229504,0.35212925070561868,-0.072495015933323637,0.059506610689916126,0.088096634138687346,-0.028590023448771221
UB0004,6,0,0.30798376490093277,0.40257886520862712,0.36814586251385562,0.51513299586914518,-0.14698713335528957,0.09485399944255303,0.16206974271266597,-0.06721574327011294
UB0007,6,0,0.34118506564588469,0.45043900408686322,0.41731261190991431,0.59863550872711313,-0.18132289681719882,0.11640724901978665,0.20289529640276519,-0.086488047382978536
UB0020,6,0,0.574441164977746,0.47448937284552001,0.85435206785474571,0.64338486593054445,0.21096720192420126,0.32998265202098997,0.22514016494333489,0.10484248707765509
UB0021,6,1,0.46122008708702122,0.39530634587124086,0.77387993757422824,0.928094255503921,-0.15421431792969276,0.29028379455851699,0.36565441534359133,-0.075370620785074338
UB0023,6,1,0.97788298017149555,0.77164083099434155,0.022365268282597345,0.25923608204329696,-0.2368708137606996,0.00048916256609445887,0.052147910068954875,-0.051658747502860418
UB0024,6,1,0.72062756960588892,0.65319429765168868,0.3276328221634171,0.42588064778968776,-0.098247825626270657,0.078048954864312445,0.12027419518130551,-0.042225240316993068
UB0028,6,1,0.35493982190110779,0.56288529350813232,1.035807019647671,0.57467941314918602,0.46112760649848494,0.41610263336897463,0.19106926663147164,0.22503336673750299
UB0029,6,1,0.49761838385634977,0.45451070057351101,0.69792179319068448,0.78853382202566424,-0.090612028834979763,0.252387288239106,0.29755857578880185,-0.045171287549695849
UB0030,6,0,0.26808883155353652,0.082055182088986836,0.31209612696622258,0.085618001376444361,0.2264781255897782,0.071871621603740485,0.0067330529076567863,0.065138568696083698
UB0032,6,0,0.25677998423788079,0.26840098636936716,0.29676315998009561,0.31252271070221166,-0.015759550722116045,0.065935960305206306,0.072039089484049218,-0.0061031291788429115
UB0034,6,0,0.36640153803319714,0.08307343603053037,0.45633986593625148,0.086727892844726734,0.36961197309152471,0.13425008707309241,0.0069011957739186216,0.12734889129917379
UB0035,6,0,0.32579440078329625,0.17658743030626961,0.39422017123786762,0.19429790416444123,0.19992226707342639,0.10614199158174706,0.031183120542171625,0.074958871039575437
UB0039,6,0,0.78758522242547768,0.42968356769068761,1.5492144177665346,0.56156392778688713,0.98765048997964744,0.62029048258298913,0.18462796834339773,0.4356625142395914
UB0042,6,0,0.19285635485775049,0.22361237549374555,0.21425362761500721,0.25310336739925604,-0.038849739784248827,0.037193573609018579,0.050002494473955855,-0.012808920864937276
UB0044,6,0,0.39905641598388436,0.48362141427931732,0.50925421904250279,0.66091508926475717,-0.15166087022225438,0.15924602313790295,0.23388967234952707,-0.074643649211624113
UB0045,6,0,0.19928773647703338,0.32761271270817915,0.22225361801863128,0.39692078409306147,-0.1746671660744302,0.039715601910139502,0.10733008952801193,-0.067614487617872421
UB0046,6,0,0.16044302369880831,0.17696684374496827,0.17488093543916039,0.19475879205091715,-0.019877856611756756,0.025741963853616365,0.031317263785056011,-0.0055752999314396465
UB0047,6,0,0.43074902747882376,0.32988979332839613,0.56343386561431696,0.40031309255416436,0.1631207730601526,0.18554472467395247,0.10882727574225191,0.076717448931700558
UB0049,6,0,0.24060384496666998,0.29910775865955164,0.27523169436115863,0.35540112510418509,-0.08016943074302646,0.05789021021274536,0.089465451290340586,-0.031575241077595226
UB0051,6,0,0.13787470876080737,0.22345206404076765,0.14835466941523343,0.25289690493213435,-0.10454223551690092,0.019009435315877454,0.049930824924079326,-0.030921389608201871
UB0052,6,0,0.59031584541876148,0.62941981610836717,0.89236877083933219,0.99268543690144728,-0.10031666606211509,0.34847279735246711,0.39616930490989072,-0.047696507557423606
UB0053,6,0,0.17193546058793868,0.24970171203873515,0.18866418148468808,0.28728443423864863,-0.098620252753960552,0.029561802607586615,0.062350944995075409,-0.032789142387488798
UB0054,6,0,0.047461907553260879,0.095426992485884113,0.048625180710875189,0.10029226152341356,-0.051667080812538367,0.002252632668594282,0.0091063108949009826,-0.006853678226306701
UB0056,6,0,0.21176882046456949,0.42078039338401413,0.23796385710533885,0.54607358728193645,-0.3081097301765976,0.044846033320955069,0.17705613945640569,-0.13221010613545062
UB0057,6,0,0.23644162916165273,0.10046980333654737,0.26976570559104984,0.10588265565646822,0.16388304993458164,0.05590464400061651,0.010094181382484505,0.045810462618132007
UB0059,6,0,0.32395233393078127,0.43296620679233377,0.39149169348830859,0.56733637701687456,-0.17584468352856597,0.10494511465920041,0.18745973622414194,-0.082514621564941534
UB0060,6,0,0.17797067503318958,0.29450413343809845,0.1959792094201947,0.34885436658396313,-0.15287515716376843,0.031673561171769171,0.086732684612125299,-0.055059123440356128
UB0061,6,0,0.32163234647512973,0.25168905644908651,0.38806587617647037,0.28993668745256351,0.098129188723906857,0.1034473662990979,0.063347381136231451,0.040099985162866447
UB0063,6,0,0.3223536151547004,0.30829618325901864,0.3891296833748949,0.36859742547701313,0.020532257897881767,0.10391185320330469,0.095046536612078403,0.0088653165912262882
UB0065,6,0,0.084220591492257718,0.17992552636934536,0.087979763716291973,0.19836012134706268,-0.11038035763077071,0.007093108031305753,0.032373195039285992,-0.025280087007980238
UB0066,6,0,0.26370644930482184,0.43255469335835267,0.30612639371797373,0.56661091023289556,-0.26048451651492183,0.069541091404956568,0.18710356274633852,-0.11756247134138195
UB0070,6,1,0.45581002938596954,0.5800076362207941,0.78567915849431735,0.54471400963042083,0.24096514886389653,0.2961427241168994,0.17639358563284482,0.11974913848405458
UB0071,6,0,0.35737774953441176,0.5583894074107173,0.44219820721420033,0.81732679746525838,-0.37512859025105805,0.12771885586228074,0.31179873030849203,-0.18407987444621129
UB0072,6,0,0.62985839888848283,0.59991273435472503,0.99386964085021401,0.91607259155529708,0.077797049294916931,0.39672160265036316,0.35989528884096289,0.036826313809400268
UB0073,6,1,0.48641566858302593,0.42088705115897734,0.72069173547931131,0.86539076832846795,-0.14469903284915664,0.26376886547702033,0.33537180751534501,-0.07160294203832468
UB0074,6,1,0.47183213033159221,0.42222158985189551,0.75113201273433916,0.86222500832419569,-0.11109299558985652,0.27896129855006419,0.33382789123327128,-0.054866592683207094
UB0075,6,0,0.30040752087124478,0.68458013371770698,0.3572572861402496,1.1538506188582252,-0.7965933327179755,0.090244678596007363,0.46864995948095356,-0.37840528088494618
UB0077,6,1,0.13290329628306513,0.20581245004051377,2.0181335108386529,1.5807899615883043,0.43734354925034857,0.75185669359677387,0.6307338645106515,0.12112282908612237
UB0078,6,1,0.16046654024053678,0.25760542123524799,1.8296698301669567,1.3563262398054967,0.47334359036146001,0.70481643005569428,0.55114971057929363,0.15366671947640065
UB0079,6,0,0.14994165560564821,0.19756585904667068,0.16245029138948047,0.2201054946935514,-0.057655203304070923,0.022482500085762813,0.039032268660848947,-0.016549768575086134
UB0080,6,0,0.2532587395218221,0.44035418418334554,0.29203652536494512,0.58045116710355138,-0.28841464173860626,0.064139989144182133,0.19391180752777981,-0.12977181838359769
UB0081,6,0,0.51558227319797956,0.39969089934114838,0.72480767259290091,0.51031058865459356,0.21449708393830735,0.26582508043599601,0.159752815016136,0.10607226541986001
UB0083,6,1,0.62992829439319242,0.43239108220152089,0.46214928449787107,0.8384248173855402,-0.37627553288766913,0.13695306729073164,0.32217988356436061,-0.18522681627362897
UB0084,6,0,0.44492776700030212,0.53041623745857058,0.5886570241554151,0.75590858827766283,-0.16725156412224773,0.19796071784787514,0.28134138495970673,-0.083380667111831591
UB0085,6,1,0.45166477770255764,0.38918029315206926,0.79481501655355036,0.94371256419667005,-0.14889754764311969,0.30067151601198555,0.37310071427379204,-0.072429198261806493
UB0086,6,1,0.47056295905277845,0.33171838125629743,0.75382551583176771,1.1034689192606202,-0.34964340342885247,0.28030358032694996,0.44660032195070348,-0.16629674162375352
UB0087,6,1,0.63268536654337504,0.73259035638563075,0.45778203168318365,0.31116859227084087,0.14661343941234278,0.13492003995137475,0.07150791749796398,0.063412122453410769
UB0089,6,0,0.25813118861900769,0.2426824026045801,0.29858285551518193,0.27797256611210575,0.020610289403076187,0.066631710537861724,0.058894748533931507,0.0077369620039302173
UB0090,6,0,0.32366166062292828,0.56767894833923838,0.39106182611145263,0.83858679161527505,-0.44752496550382243,0.1047568705571916,0.3222593883875437,-0.2175025178303521
UB0091,6,1,0.46598976200265801,0.41502912170616879,0.76359161504921169,0.87940658842748465,-0.11581497337827296,0.28516693428597778,0.34219092845185628,-0.0570239941658785
UB0098,6,0,0.6147679075960486,0.17485169804641293,0.95390928891497195,0.19219214885859695,0.76171714005637503,0.37793958021002377,0.030573116309713964,0.34736646390030979
UB0099,6,1,0.65715595614926536,0.67095328180196578,0.41983391248830776,0.39905576917063534,0.020778143317672415,0.11754203840392445,0.10827174275689654,0.0092702956470279152
UB0100,6,0,0.84854956866297171,0.79083428317798843,1.8874968934638987,1.5646284377446031,0.32286845571929557,0.72003637047811531,0.62541886344964281,0.094617507028472492
UB0102,6,1,0.53579660425158093,0.46014110868424757,0.62400065960805973,0.77622207853038083,-0.15222141892232111,0.21548479262436337,0.29144762253267348,-0.075962829908310103
UB0103,6,0,0.3639573521623734,0.49726688863887425,0.45248966154172177,0.68769584341251155,-0.23520618187078979,0.13246495419304588,0.24727435853658655,-0.11480940434354067
UB0104,6,0,0.38550455633275038,0.50184102701938416,0.48695376470288626,0.69683603004561601,-0.20988226534272975,0.14861376295331072,0.25184441639987026,-0.10323065344655954
UB0105,6,0,0.26167694540680869,0.21207410474859925,0.30337380681212667,0.23835123510557868,0.065022571706547988,0.068474823757437936,0.044975425904919847,0.023499397852518089
UB0106,6,1,0.38401171999607531,0.61442449169078406,0.9570822060370483,0.48706923516520523,0.47001297087184307,0.37944156110219351,0.14866847260791025,0.23077308849428327
UB0107,6,1,0.2818765969706542,0.48593209816346683,1.2662859032134235,0.7216863805558239,0.54459952265759959,0.51570122197844814,0.26426580769861552,0.25143541427983263
UB0109,6,0,0.24593077651439343,0.20510649559893127,0.28227110685196011,0.22954713002902441,0.052723976822935698,0.060481946836972528,0.042068674536874413,0.018413272300098114
UB0115,6,1,0.35170222876418555,0.42358759870364665,1.0449704024048911,0.8589949416427205,0.18597546076217064,0.42029000018932439,0.33225125636822833,0.088038743821096055
UB0118,6,1,0.54691387030855654,0.46846825808633147,0.60346394726047181,0.75828693181595386,-0.15482298455548205,0.20528704091877154,0.28252599266177869,-0.077238951743007156
UB0119,6,1,0.54650302314841959,0.54259456735405187,0.60421543954476098,0.61139289105576644,-0.0071774515110054615,0.20565950801352287,0.20921972981402698,-0.0035602218005041097
UB0120,6,1,0.47132031053650092,0.43234258330318864,0.75221735127168554,0.83853698810426613,-0.086319636832580593,0.27950221405122183,0.32223494273089731,-0.04273272867967548
UB0122,6,0,0.48642769808555547,0.57809146425221947,0.66636445735492822,0.86296672837178856,-0.19660227101686034,0.23661190546481231,0.33418974104127513,-0.097577835576462824
UB0124,6,1,0.84369333198512608,0.72696956397026757,0.16996620114257416,0.31887066756533855,-0.14890446642276439,0.02443177446591201,0.074545618998585805,-0.050113844532673799
UB0126,6,0,0.28381824195745098,0.35280514072358449,0.33382129222172907,0.43510785629100873,-0.10128656406927966,0.080552794467818184,0.12447146732098825,-0.043918672853170068
UB0127,6,1,0.46719156595112615,0.15993610089313809,0.7610158999617026,1.832980912935402,-1.0719650129736995,0.2838848273936132,0.70570735458262379,-0.42182252718901059
UB0128,6,1,0.90055072631445165,0.98191347882550295,0.10474878467621369,0.018252081611669062,0.086496703064544628,0.009890158036583099,0.00032712224819553016,0.009563035788387568
UB0129,6,1,0.52334032214095438,0.54282968971913748,0.64752331498759541,0.61095965517176809,0.036563659815827321,0.22720444849668914,0.20900469260230012,0.018199755894389019
UB0131,6,0,0.30687680741384465,0.48367749137019861,0.36654752851133948,0.66102369201775746,-0.29447616350641798,0.094173374928513895,0.23394391565816855,-0.13977054072965467
UB0132,6,1,0.56118578979838285,0.46113767823305585,0.57770325217494511,0.77405862930813707,-0.19635537713319196,0.19255791107486905,0.29037260182006164,-0.097814690745192584
UB0133,6,0,0.43826852563063234,0.58130089942588825,0.57673134688619054,0.87060275409855914,-0.2938714072123686,0.19207930055844824,0.33791073567334667,-0.14583143511489843
UB0134,6,1,0.51431013691068961,0.44075952456959683,0.66492881628333711,0.81925584802364526,-0.15432703174030815,0.23589464310771308,0.31274990935962343,-0.076855266251910359
UB0138,6,1,0.67470923823146711,0.52990796868925172,0.39347343908816579,0.63505193149637529,-0.2415784924082095,0.10581407969195242,0.22098651790186555,-0.11517243820991313
UB0139,6,0,0.57296012835270904,0.61630025580159331,0.85087789388963686,0.95789494840027178,-0.10701705451063492,0.32828330868195282,0.37982600530110933,-0.051542696619156503
UB0140,6,1,0.37752646703465981,0.44826720067205367,0.97411460140065131,0.80236579428932786,0.17174880711132345,0.38747329924235241,0.30440908185425197,0.083064217388100436
UB0142,6,1,0.29466625649739658,0.24666370487427022,1.221911896990733,1.3997293887905913,-0.17781749179985828,0.49749568972339642,0.56751557355376059,-0.070019883830364171
UB0143,6,1,0.6140827292977874,0.51978590538338743,0.48762562164136797,0.65433827260334865,-0.16671265096198068,0.14893213982624484,0.23060557666845294,-0.081673436842208097
UB0144,6,1,0.51299256313686747,0.54781217752027467,0.66749393072567242,0.60182279253482351,0.06567113819084891,0.237176243559998,0.20447382679895559,0.032702416761042408
UB0147,6,0,0.59105509466547401,0.39002430763203411,0.89417483779652929,0.49433617118586087,0.39983866661066841,0.34934612493001244,0.15211896054384758,0.19722716438616486
UB0150,6,1,0.12343180143867666,0.4420267227199588,2.0920664905124462,0.81638494008954832,1.275681550422898,0.7683718067290437,0.31133417815862974,0.45703762857041397
UB0153,6,0,0.30457043725940197,0.36421567274141919,0.36322554846182387,0.45289588123615548,-0.089670332774331618,0.092763151252383311,0.13265305627048457,-0.03988990501810126
UB0154,6,0,0.45985740675221892,0.57574683800921855,0.61592211271197217,0.85742492176468255,-0.24150280905271038,0.21146883454487572,0.33148442147761337,-0.12001558693273764
UB0156,6,0,0.13196899400459436,0.19619415224930151,0.14152784376690988,0.21839752186200143,-0.076869678095091543,0.017415815378584661,0.0384921453768221,-0.021076329998237438
UB0158,6,0,0.43285587987815038,0.59060061342016612,0.56714182744359365,0.89306410409550896,-0.32592227665191531,0.18736421274508774,0.3488090845722765,-0.16144487182718875
UB0161,6,1,0.82920089674539721,0.61688019661590143,0.18729281696258643,0.48308044473114781,-0.29578762776856138,0.029172333672576465,0.14678078374507034,-0.11760845007249388
UB0162,6,1,0.65826057520327186,0.64390836057478629,0.41815441510123808,0.44019886024711746,-0.022044445145879388,0.11678583446039861,0.12680125566853642,-0.010015421208137809
UB0164,6,1,0.45509235194194686,0.36896550284622398,0.78725490932609221,0.99705212753352124,-0.20979721820742903,0.29692434491215908,0.39820453659811894,-0.10128019168595986
UB0166,6,1,0.49865798530587946,0.47711560787185919,0.69583481841332884,0.73999645294809413,-0.044161634534765293,0.25134381569755976,0.27340808753121526,-0.022064271833655502
UB0168,6,1,0.54214417368240631,0.29720038265163917,0.61222330981097317,1.2133486786170227,-0.6011253688060495,0.20963195769296653,0.49392730214500241,-0.28429534445203586
UB0169,6,0,0.31816612603771449,0.43148755498787522,0.38296923737626465,0.56473207506874923,-0.18176283769248458,0.10122968375784683,0.18618151010941464,-0.084951826351567811
UB0170,6,1,0.44443108099761774,0.37334986608071929,0.8109602844237328,0.98523932019683647,-0.17427903577310366,0.30865682376147557,0.39269039034105246,-0.08403356657957689
UB0172,6,0,0.78568764232983601,0.68175976874345356,1.5403207128821046,1.1449487372033276,0.39537197567877702,0.61730507130981627,0.46479638227712727,0.15250868903268899
UB0173,6,0,0.62576786347218083,0.42850316995487708,0.98287898821017106,0.55949634249034885,0.4233826457198222,0.39158541895453797,0.18361496666137828,0.20797045229315969
UB0176,6,0,0.23841149281746107,0.33169902398022411,0.27234888597790341,0.40301664401462151,-0.1306677580367181,0.05684003990745029,0.11002424250943328,-0.053184202601982991
UB0004,7,0,0.25839136300491627,0.40892300118041419,0.29893361836481064,0.52580898441173962,-0.22687536604692898,0.066766096475538411,0.16721802089439702,-0.10045192441885861
UB0007,7,0,0.37036211677672276,0.61197872657810171,0.46261041338529624,0.94669511245493143,-0.48408469906963519,0.13716809754333484,0.37451796178415497,-0.23734986424082014
UB0020,7,0,0.62965660507853738,0.53942563315828551,0.99332460937483791,0.77528094481217402,0.21804366456266389,0.3964674403190292,0.29098001370821719,0.10548742661081201
UB0021,7,1,0.48575358678118619,0.47162125279435546,0.72205380674528996,0.75157904603671577,-0.029525239291425809,0.26444937350841502,0.27918410049860637,-0.014734726990191349
UB0023,7,1,0.89625329443721724,0.6346990626419946,0.10953221127342559,0.45460430952286779,-0.34507209824944218,0.010763378915130739,0.13344477483463738,-0.12268139591950664
UB0024,7,1,0.70917084762107196,0.73242125769110811,0.3436588116322159,0.3113994419018592,0.032259369730356702,0.084581595873445742,0.071598383335608376,0.012983212537837366
UB0028,7,1,0.16639466275002091,0.42524133179300994,1.7933928259290228,0.8550984317046062,0.93829439422441663,0.6948978582916514,0.33034752667907291,0.36455033161257849
UB0029,7,1,0.42884193523575981,0.63108683003355459,0.84666687728214662,0.46031181888166678,0.38635505840047984,0.32622153494523204,0.13609692697469145,0.19012460797054059
UB0030,7,0,0.26405457153753459,0.064736652957007895,0.30659930911300032,0.066927134759222864,0.23967217435377747,0.069724816749870966,0.0041908342360760789,0.065533982513794886
UB0032,7,0,0.40183009649721246,0.40448341540963639,0.51388044581594805,0.51832604071670896,-0.0044455949007609075,0.16146742645095907,0.16360683334144449,-0.002139406890485418
UB0034,7,0,0.3402237870616045,0.22616458973049947,0.41585457276479987,0.25639607623587019,0.15945849652892968,0.11575222528254001,0.051150421647965141,0.064601803634574864
UB0035,7,0,0.30032732159080866,0.12732712690386563,0.3571426555713515,0.13619450917803594,0.22094814639331556,0.090196500093909004,0.016212197245593103,0.073984302848315905
UB0039,7,0,0.82892321945492153,0.49979275554827468,1.7656428142183229,0.69273277753329099,1.0729100366850319,0.68711370375151204,0.24979279849853744,0.43732090525297462
UB0042,7,0,0.14289441975610812,0.20774103289264828,0.15419417048842293,0.23286696194268813,-0.078672791454265201,0.020418815197434822,0.043156336747304375,-0.022737521549869553
UB0044,7,0,0.40897839603645753,0.49053674428990524,0.525902707314302,0.67439754725152123,-0.14849483993721924,0.16726332842455349,0.24062629749853987,-0.073362969073986373
UB0045,7,0,0.25735067883973328,0.30537468566233922,0.29753132258461795,0.36438269485357994,-0.066851372268961984,0.066229371899271541,0.09325369864337249,-0.027024326744100949
UB0046,7,0,0.19254756869603326,0.15882191507404927,0.21387113422240409,0.17295188764945746,0.040919246572946627,0.037074566210753647,0.02522440070778852,0.011850165502965127
UB0047,7,0,0.33185739558443417,0.18182174938447654,0.40325364856501161,0.20067505583046213,0.20257859273454948,0.11012933100408362,0.033059148549231393,0.077070182454852226
UB0049,7,0,0.37298085895698141,0.26011350356374791,0.46677821083588966,0.30125848774258057,0.16551972309330909,0.13911472114828766,0.067659034736207893,0.071455686412079764
UB0051,7,0,0.15042962520343714,0.12583738835912256,0.16302449869215396,0.13448886612358218,0.028535632568571778,0.02262907213884657,0.015835048309044635,0.0067940238298019352
UB0052,7,0,0.55155776289387703,0.5653756714526067,0.80197539706829246,0.83327323355632699,-0.031297836488034525,0.3042159658084983,0.31964964987048589,-0.015433684061987585
UB0053,7,0,0.25234983917319959,0.46289486375496708,0.29082010984256301,0.62156141919514274,-0.33074130935257973,0.06368044133073969,0.21427165489072952,-0.15059121355998983
UB0054,7,0,0.032953359878461187,0.11799289762944579,0.033508552922010042,0.12555517043344303,-0.092046617511432977,0.0010859239272793756,0.013922323890992874,-0.012836399963713498
UB0056,7,0,0.15073613707526703,0.41261527411774557,0.16338534834817095,0.53207526348001921,-0.36868991513184823,0.022721383020373694,0.17025136443526231,-0.14752998141488863
UB0057,7,0,0.10652235556457158,0.16663187854365044,0.11263396491342856,0.18227981191766465,-0.069645847004236094,0.011347012235025015,0.027766182946985872,-0.016419170711960855
UB0059,7,0,0.26195985614854134,0.39302149293477295,0.30375706039836298,0.49926189700879658,-0.19550483661043361,0.068622966233364474,0.15446589390867779,-0.085842927675313319
UB0060,7,0,0.32833111754581429,0.3432288028047305,0.39798979433567067,0.42041957504047328,-0.022429780704802615,0.10780132274888332,0.11780601107476858,-0.010004688325885261
UB0061,7,0,0.32770546237905318,0.25337166579720605,0.39705873445321771,0.29218776224026577,0.10487097221295194,0.10739087007306904,0.06419720102885107,0.043193669044217967
UB0063,7,0,0.29643840275115185,0.2269080975451068,0.35159984798230454,0.25735734683435812,0.094242501147946411,0.087875726625654113,0.051487284731539698,0.036388441894114415
UB0065,7,0,0.32880916866078835,0.30848159215220061,0.39870178402492629,0.36886550806128116,0.029836275963645131,0.10811546939539876,0.095160892696756635,0.012954576698642126
UB0066,7,0,0.33835312557761577,0.50566922269661707,0.41302328768811192,0.70455039618640491,-0.291527108498293,0.11448283758814182,0.25570136278260092,-0.1412185251944591
UB0070,7,1,0.49986560048144418,0.55483994977265416,0.69341601572999323,0.58907558561287154,0.10434043011712169,0.25013441758178645,0.19816747031841306,0.051966947263373392
UB0071,7,0,0.28086415864275499,0.52984669383080762,0.32970500815046117,0.75469645412554553,-0.42499144597508437,0.078884675610102636,0.28073751896343757,-0.20185284335333492
UB0072,7,0,0.55914347252202623,0.59851488042441292,0.81903579098511226,0.91258480836037537,-0.09354901737526311,0.31264142286398988,0.35822006208944929,-0.045578639225459405
UB0073,7,1,0.63759899466332637,0.68733859419644261,0.450045728258745,0.37492824908259076,0.075117479176154245,0.13133448866903175,0.097757154679056796,0.03357733398997495
UB0074,7,1,0.60781274114049344,0.44522889590239678,0.49788843600034788,0.80916675624587153,-0.31127832024552365,0.15381084601173362,0.30777097794167368,-0.15396013192994007
UB0075,7,0,0.41055762438443122,0.7829726718511052,0.52857831507094333,1.5277319972009491,-0.99915368213000577,0.1685575629401877,0.61304620486565842,-0.44448864192547072
UB0077,7,1,0.23916980506887542,0.2295600642640494,1.430581497863366,1.4715905657975581,-0.041009067934192123,0.57886258551893299,0.59357769457681564,-0.014715109057882647
UB0078,7,1,0.23962587786712136,0.32213362114546273,1.4286764141191419,1.1327888470135679,0.29588756710557407,0.5781688056093458,0.45950282758136307,0.11866597802798273
UB0079,7,0,0.2741429907569537,0.3388207238017647,0.3204022405214122,0.41373025623935372,-0.093328015717941526,0.075154379381167202,0.11479948287755172,-0.039645103496384518
UB0080,7,0,0.18700477635216342,0.57223787285065408,0.20703004442349487,0.84918801559045221,-0.64215797116695739,0.034970786378522661,0.32745618312464136,-0.29248539674611873
UB0081,7,0,0.52855545447965435,0.48808732318615045,0.75195379671984652,0.66960122158641289,0.082352575133433636,0.27937086846019399,0.23822923505502167,0.041141633405172323
UB0083,7,1,0.58684047271267215,0.56353817130853989,0.53300226318877686,0.57352020811855775,-0.040517944929780891,0.17070079498828822,0.19049892790469347,-0.019798132916405253
UB0084,7,0,0.41980916378406979,0.47246837464624608,0.54439820160099983,0.6395464621517829,-0.09514826055078307,0.17623973399707993,0.22322636504086554,-0.046986631043785615
UB0085,7,1,0.19740547344354986,0.32902872460167459,1.6224954246896033,1.1116102232082787,0.51088520148132455,0.64415797405837238,0.45020245240965551,0.19395552164871688
UB0086,7,1,0.42226687409368174,0.32838118457609045,0.86211776176308097,1.1135801972715182,-0.25146243550843728,0.33377556476948583,0.45107183323141548,-0.11729626846192964
UB0087,7,1,0.52616768672616032,0.71662769182154762,0.64213532099175397,0.33319883151219193,0.30893648947956204,0.22451706110243816,0.080299865042383789,0.14421719606005437
UB0089,7,0,0.22158319108712313,0.134604376418266,0.25049315415942686,0.14456850830867654,0.10592464585075032,0.049099110572352521,0.018118338150950247,0.030980772421402274
UB0090,7,0,0.43733011528541554,0.83488150383145565,0.57506217323122455,1.8010919042368059,-1.2260297310055814,0.19125762973555485,0.69702712543987289,-0.50576949570431806
UB0091,7,1,0.4303862890115181,0.35133492471849914,0.84307212702786583,1.046015308999902,-0.2029431819720362,0.32445977974606977,0.42076637988995519,-0.096306600143885424
UB0098,7,0,0.63465732765878424,0.46321469430845547,1.006919537491233,0.62215706759735379,0.38476246989387919,0.40278992355098941,0.21456785302327586,0.18822207052771356
UB0099,7,1,0.57706279428455154,0.61069523317040864,0.54980418947944054,0.49315724430109981,0.056646945178340735,0.17887587997839158,0.15155820147624249,0.027317678502149084
UB0100,7,0,0.69032106324362441,0.75689703843553846,1.1722192060808976,1.4142702152395654,-0.24205100915866784,0.47654317035780808,0.57289312679248894,-0.096349956434680861
UB0102,7,1,0.50487978280254131,0.30917121567596484,0.68343493190244797,1.1738600595001973,-0.49042512759774937,0.24514402947765868,0.47724440925062428,-0.2321003797729656
UB0103,7,0,0.21960787507785978,0.32837304253130684,0.24795876136285047,0.39805221541114799,-0.15009345404829752,0.048227618796212866,0.10782885506126745,-0.059601236265054584
UB0104,7,0,0.37489940608940586,0.26377166663800039,0.46984269193988792,0.30621497282016202,0.1636277191197259,0.14054956468618923,0.069575492120988403,0.07097407256520083
UB0105,7,0,0.1626060241752891,0.26654067318747743,0.17746061932706533,0.30998313377156173,-0.13252251444449639,0.026440719098094704,0.071043930463233651,-0.044603211365138951
UB0106,7,1,0.31592846773870459,0.23513746561818388,1.1522394589358005,1.447584975783055,-0.29534551684725452,0.46795386125031646,0.58501469650097471,-0.11706083525065825
UB0107,7,1,0.2949997703867141,0.55452495060788731,1.2207807009927418,0.58964347661631755,0.63113722437642428,0.49702532375478586,0.19844801963090525,0.29857730412388062
UB0109,7,0,0.2393242934198154,0.28010375851690211,0.27354815310052782,0.32864818640799609,-0.055100033307468266,0.057276117420893898,0.078458115535295012,-0.021181998114401114
UB0115,7,1,0.30222559527990694,0.47159175978238294,1.1965815362379619,0.75164158336728448,0.44493995287067745,0.48688911988248029,0.27921526832987897,0.20767385155260132
UB0118,7,1,0.68342852184497593,0.33192169575482355,0.38063320495823294,1.1028561940442569,-0.722222989086024,0.10021750078125688,0.44632862060311057,-0.34611111982185372
UB0119,7,1,0.68394370194758913,0.58798302894933852,0.37987967184116928,0.53105719383109218,-0.1511775219899229,0.09989158353859437,0.16975798443376161,-0.069866400895167241
UB0120,7,1,0.49367505694781522,0.22642640014249282,0.70587775768390093,1.4853353310481037,-0.77945757336420274,0.25636494795679815,0.59841611439650266,-0.34205116643970451
UB0122,7,0,0.63340967696225459,0.40045502271927702,1.0035103404395327,0.5115842826736926,0.49192605776584009,0.40120781886942769,0.16036422522109667,0.24084359364833102
UB0124,7,1,0.62962973367968611,0.58499047134779825,0.4626233566921546,0.53615972017729818,-0.073536363485143585,0.13717413417418023,0.17223290887212267,-0.035058774697942441
UB0126,7,0,0.046469700167307663,0.21931415107196273,0.047584076960775747,0.247582452153082,-0.19999837519230626,0.0021594330336394737,0.048098696860415686,-0.045939263826776211
UB0127,7,1,0.43728730242898023,0.061989551348765395,0.82716485727803124,2.7807894347720703,-1.9536245774940391,0.31664558000765392,0.87986360177889045,-0.56321802177123659
UB0128,7,1,0.99051667865669779,0.95373838078116813,0.0095285743616772608,0.047365879124868962,-0.037837304763191699,8.9933383700331214e-05,0.0021401374127481944,-0.002050204029047863
UB0129,7,1,0.55641906924497664,0.53466365233024737,0.58623354697345254,0.62611741702599966,-0.039883870052547121,0.19676404212949283,0.21653791646262488,-0.019773874333132047
UB0131,7,0,0.27697288669136083,0.49701153471326909,0.32430855640807188,0.68718804098086139,-0.36287948457278951,0.076713979962145407,0.24702046563803909,-0.17030648567589368
UB0132,7,1,0.47244665025673793,0.45489173636089936,0.74983044793264753,0.7876958304078483,-0.037865382475200771,0.27831253682533658,0.2971430190876353,-0.01883048226229872
UB0133,7,0,0.4357430005411066,0.55352587320750679,0.5722454584719443,0.80637382705790006,-0.23412836858595576,0.18987196252056682,0.30639089231013289,-0.11651892978956607
UB0134,7,1,0.39448485884197537,0.36420969356105726,0.93017452006146961,1.0100254960047814,-0.079850975943311808,0.36664858617162249,0.40422931376172472,-0.037580727590102225
UB0138,7,1,0.44926239216235314,0.40552582304867019,0.80014816958682056,0.90257072546002703,-0.10242255587320648,0.30331191268673374,0.35339954706196092,-0.050087634375227175
UB0139,7,0,0.63604254881272515,0.78602215026147126,1.0107183105204902,1.5418827752121158,-0.53116446469162559,0.40455012390018785,0.61783082070166695,-0.2132806968014791
UB0140,7,1,0.35923319107088886,0.30614912035312897,1.0237835440643652,1.1836829743168205,-0.15989943025245523,0.41058210342519608,0.48142904318673663,-0.070846939761540551
UB0142,7,1,0.24462416863036326,0.60147149638992203,1.4080322518189861,0.50837613223815559,0.89965611958083047,0.57059264661736986,0.15882496818968792,0.41176767842768192
UB0143,7,1,0.44705124980476602,0.26795943473664996,0.80508203813361612,1.3169196728507515,-0.51183763471713539,0.30575232034247124,0.53588338919108502,-0.23013106884861378
UB0144,7,1,0.5404600669671783,0.54571686801393815,0.61533452628410179,0.60565499448531135,0.0096795317987904417,0.21117695005181025,0.20637316400706568,0.0048037860447445735
UB0147,7,0,0.57380348222600286,0.62055954167315797,0.85285472975457133,0.96905758951020371,-0.11620285975563238,0.3292504362146868,0.38509414476159987,-0.055843708546913062
UB0150,7,1,0.25684443758141084,0.49929345361526167,1.3592846785953181,0.69456127268657675,0.66472340590874135,0.55228018995368955,0.2507070455925321,0.30157314436115745
UB0153,7,0,0.30210264839322004,0.18685872585653093,0.35968324776952715,0.20685041559624265,0.1528328321732845,0.091266010166197536,0.034916183428726183,0.056349826737471354
UB0154,7,0,0.39744343384178421,0.57948675160592356,0.50657373228454006,0.86627929377751245,-0.35970556149297239,0.15796128310394869,0.33580489528678537,-0.17784361218283667
UB0156,7,0,0.12816662423281927,0.022289862240300582,0.13715695616761031,0.022542035536134288,0.11461492063147602,0.016426683567236696,0.0004968379586915777,0.015929845608545119
UB0158,7,0,0.49978714159051468,0.46042404364830553,0.69272155433266946,0.61697171392205974,0.075749840410609726,0.24978718689921717,0.21199029996945676,0.037796886929760409
UB0161,7,1,0.62602399508316819,0.73220703711804602,0.46836657781286195,0.311691967418878,0.15667461039398395,0.13985805225355422,0.071713070969095585,0.068144981284458631
UB0162,7,1,0.58221347354261477,0.63390130917246135,0.54091810547426988,0.45586200042760644,0.085056105046663444,0.17454558168932746,0.13402825142563773,0.040517330263689727
UB0164,7,1,0.45336977809087303,0.48948698856752992,0.79104719930396683,0.7143973984322094,0.076649800871757434,0.29880459950442145,0.2606235348418493,0.038181064662572151
UB0166,7,1,0.50610265633668627,0.55774576961426914,0.68101575213591381,0.58385203043287326,0.097163721703040551,0.24393458607767743,0.1955888042940751,0.048345781783602326
UB0168,7,1,0.41740101277127206,0.12450729888866552,0.8737078579613573,2.0833909391840177,-1.2096830812226604,0.33942157991993949,0.76648746969922044,-0.42706588977928095
UB0169,7,0,0.18427242651147574,0.40223903826580915,0.20367483577932299,0.51456433448614192,-0.31088949870681892,0.033956327172427227,0.16179624390500308,-0.12783991673257586
UB0170,7,1,0.61494573879183934,0.62104939492321876,0.48622124467484518,0.47634465927271041,0.0098765854021347632,0.14826678407456242,0.14360356108805863,0.00466322298650379
UB0172,7,0,0.76959692777442423,0.70428932249130805,1.4679250159369073,1.2183737435139046,0.24955127242300268,0.5922794312398324,0.49602344977526569,0.096255981464566709
UB0173,7,0,0.75075112096088747,0.52161400867231811,1.389303367485859,0.73733735911625331,0.65196600836960572,0.56362724562402911,0.27208117404320514,0.29154607158082396
UB0176,7,0,0.12303996570357054,0.19939151935561683,0.1312938585760148,0.22238323961893441,-0.091089381042919609,0.015138833160335813,0.039756977990941321,-0.02461814483060551
UB0004,8,0,0.27532164441586293,0.4467819696623519,0.32202737003827331,0.59200308692142378,-0.26997571688315047,0.075802007883854869,0.19961412841537074,-0.12381212053151587
UB0007,8,0,0.37530568090523408,0.56707664709285921,0.47049283833736677,0.83719458071975539,-0.36670174238238862,0.1408543541197414,0.32157592367807919,-0.18072156955833779
UB0020,8,0,0.60350952649008416,0.52170168369640157,0.92510326465258086,0.73752064847018028,0.18758261618240057,0.36422374856428558,0.27217264677166025,0.092051101792625323
UB0021,8,1,0.5021987473631816,0.44792639650941485,0.68875932656048566,0.80312635357057871,-0.11436702701009305,0.24780608712678551,0.30478526367107978,-0.056979176544294269
UB0023,8,1,0.80399355198832911,0.54282695215199717,0.21816402975034391,0.6109646983263618,-0.39280066857601792,0.038418527662151841,0.2090071956786323,-0.17058866801648045
UB0024,8,1,0.66358331390526748,0.81702084391443464,0.41010086579020022,0.20209067170041276,0.20801019408978746,0.1131761866829618,0.03348137156178569,0.079694815121176099
UB0028,8,1,0.4309503918046193,0.62426539575688134,0.841762295724229,0.47117968731999865,0.37058260840423035,0.3238174565873162,0.141176492825733,0.1826409637615832
UB0029,8,1,0.55394101358832259,0.666823342384125,0.59069707157086426,0.40523012214334142,0.18546694942752284,0.19896861935861301,0.111006685180086,0.087961934178527018
UB0030,8,0,0.28698274408226804,0.14421629820688373,0.33824965701254978,0.1557376195917092,0.18251203742084057,0.082359095400988555,0.020798340668496815,0.061560754732491743
UB0032,8,0,0.31323808988442048,0.28940157350434315,0.37576761143332271,0.34164780972969566,0.034119801703627051,0.098118100954440277,0.083753270746789732,0.014364830207650545
UB0034,8,0,0.40542532095620842,0.24568615282950265,0.51990895418229777,0.28194675464754437,0.23796219953475339,0.1643696908724446,0.060361685692161736,0.10400800518028286
UB0035,8,0,0.3478654692846484,0.04209488066778231,0.42750440288672259,0.043006546279126687,0.38449785660759589,0.12101038472062865,0.0017719789784348329,0.11923840574219383
UB0039,8,0,0.6089301794723565,0.57950597589099928,0.93886916581393165,0.86632501106369453,0.072544154750237122,0.37079596347223631,0.33582717609337942,0.034968787378856891
UB0042,8,0,0.15377501026273957,0.19802387530269794,0.16697000941719001,0.22067644126286112,-0.053706431845671115,0.023646753781305659,0.039213455189898459,-0.015566701408592801
UB0044,8,0,0.40543181808263201,0.48385655386760212,0.51991988159335478,0.66137055575379211,-0.14145067416043733,0.16437495911378841,0.23411716472063177,-0.069742205606843355
UB0045,8,0,0.34441479937847325,0.35410783461185086,0.42222700615992242,0.43712271577707007,-0.014895709617147646,0.11862155403091397,0.12539235853349393,-0.0067708045025799551
UB0046,8,0,0.11744067226353833,0.17374321877038096,0.12492926553747141,0.19084968061286228,-0.06592041507539087,0.013792311501711819,0.030186706068692459,-0.016394394566980639
UB0047,8,0,0.40710591154042158,0.33376779023250752,0.52273949887075888,0.40611700589612332,0.11662249297463556,0.16573522321115755,0.11140093779669115,0.054334285414466402
UB0049,8,0,0.24672870234771027,0.24383105117312467,0.28332982702389131,0.27949045048570598,0.0038393765381853351,0.060875052562185013,0.059453581516190943,0.0014214710459940702
UB0051,8,0,0.2734371525471288,0.37472219909845178,0.31943029255177119,0.46955924655587328,-0.15012895400410209,0.074767876393081786,0.14041672649717973,-0.065648850104097947
UB0052,8,0,0.54789097265485698,0.47915146707358452,0.79383191729600566,0.65229600324679438,0.14153591404921129,0.30018451791668521,0.22958612839876835,0.07059838951791686
UB0053,8,0,0.30844632580469378,0.45113714030562863,0.36881451093976836,0.59990666887027311,-0.23109215793050475,0.095139135902415309,0.20352471936314045,-0.10838558346072515
UB0054,8,0,0.22383237724066901,0.3393017506100135,0.25338677341496257,0.414458049579009,-0.16107127616404643,0.050100933101209166,0.11512567796701979,-0.065024744865810627
UB0056,8,0,0.18809926794681253,0.21196489451672479,0.20837719745976727,0.23821264001090514,-0.029835442551137875,0.035381334602126779,0.044929116507486266,-0.009547781905359487
UB0057,8,0,0.19869430623058801,0.25298864408976945,0.22151276455829805,0.29167489194314172,-0.070162127384843676,0.039479427328454685,0.064003254038380045,-0.02452382670992536
UB0059,8,0,0.31508848424064595,0.29061638297130982,0.37846562313753668,0.34335883103292836,0.03510679210460832,0.09928075290106779,0.08445788205132701,0.01482287084974078
UB0060,8,0,0.29245614168345213,0.35069964120094943,0.34595566083265478,0.43185986687420846,-0.085904206041553688,0.085530594808371427,0.12299023833847467,-0.03745964353010324
UB0061,8,0,0.30349966598089489,0.076133865691365446,0.36168700619440147,0.079188094125392808,0.28249891206900868,0.092112047250514764,0.0057963655051108728,0.086315681745403897
UB0063,8,0,0.30186681128603415,0.33207538006054255,0.35934537964613306,0.40357995621490961,-0.044234576568776551,0.091123571755998153,0.11027405804235378,-0.019150486286355628
UB0065,8,0,0.2719606029361194,0.3185876665276437,0.31740011540372498,0.38358767372483571,-0.066187558321110729,0.073962569549377591,0.10149810126352911,-0.027535531714151518
UB0066,8,0,0.2805574477000658,0.32494669186243963,0.32927859976188995,0.39296361620936188,-0.063685016447471932,0.078712481459975156,0.10559035255234329,-0.026877871092368139
UB0070,8,1,0.42072125497088741,0.40495122165122538,0.86578476679313876,0.90398865949646612,-0.038203892703327358,0.33556386444250363,0.35408304861436907,-0.018519184171865433
UB0071,8,0,0.29743119965508119,0.4314757433217502,0.35301194613564746,0.56471129884207538,-0.21169935270642792,0.08846531852826077,0.18617131707505688,-0.097705998546796111
UB0072,8,0,0.60481060448140844,0.51448533662927431,0.92839014667038555,0.72254578908949263,0.20584435758089292,0.36579586729316665,0.26469516160653772,0.10110070568662893
UB0073,8,1,0.46848530089791601,0.47920730595166239,0.75825055261354202,0.73562198615425067,0.022628566459291344,0.28250787536157895,0.27122503017412536,0.011282845187453594
UB0074,8,1,0.50890456959584407,0.51110850668486996,0.67549476606856806,0.6711733694707116,0.0043213965978564639,0.24117472176384316,0.23901489223589784,0.0021598295279453283
UB0075,8,0,0.36321172373980487,0.67553564057067317,0.45131805501685951,1.125579581137095,-0.67426152612023549,0.13192275626204034,0.45634840168122975,-0.32442564541918939
UB0077,8,1,0.21010428767691022,0.23102943508622001,1.5601512635483179,1.4652101519624992,0.094941111585818749,0.62393523634640136,0.59131572970381796,0.032619506642583396
UB0078,8,1,0.29138724825885359,0.33110743487746774,1.233102146443285,1.1053123795995992,0.12778976684368581,0.50213203193015965,0.44741726367620105,0.054714768253958601
UB0079,8,0,0.25751742605822747,0.082578475289566217,0.29775587801938413,0.086188234362205282,0.21156764365717884,0.066315224723654656,0.006819204581149498,0.059496020142505157
UB0080,8,0,0.1718196852016291,0.17855799206452042,0.18852437681003056,0.19669393689316564,-0.0081695600831350745,0.029522004222786922,0.031882956530113339,-0.0023609523073264173
UB0081,8,0,0.59703854889315944,0.54077644385324219,0.90891437643240391,0.7782181370634873,0.13069623936891661,0.35645502886444952,0.2924391622265588,0.064015866637890717
UB0083,8,1,0.61361255346804655,0.38944126973674542,0.48839157042251569,0.94304220877142098,-0.45465063834890529,0.14929525883748318,0.37278196310067768,-0.2234867042631945
UB0084,8,0,0.46334610433124707,0.59764835464524635,0.62240190684541097,0.91042883303647359,-0.28802692619106263,0.21468961239894288,0.35718355581017014,-0.14249394341122726
UB0085,8,1,0.37457905104019062,0.16268470558945408,0.98195241408053457,1.8159412729283617,-0.83398885884782714,0.3911513633977885,0.70109690225381927,-0.30994553885603077
UB0086,8,1,0.49449089161788606,0.20169319406637237,0.70422654746638813,1.601007577445154,-0.89678102997876585,0.25553945865727984,0.63729375639995056,-0.38175429774267072
UB0087,8,1,0.55911756432026427,0.81769017495578722,0.58139551609642448,0.20127177334953564,0.38012374274688887,0.19437732209089631,0.033236872307651474,0.16114044978324482
UB0089,8,0,0.24590613895419494,0.15420836397586885,0.28223843457605929,0.16748224282672847,0.11475619174933083,0.060469829175359834,0.023780219520114044,0.036689609655245786
UB0090,8,0,0.44619182530510265,0.61518623654761961,0.59093690725834136,0.95499579302259707,-0.36405888576425571,0.19908714496909924,0.37845410563762377,-0.17936696066852453
UB0091,8,1,0.60356266884153842,0.44248165455322824,0.50490540151344132,0.81535627403035826,-0.31045087251691694,0.15716255753604375,0.31082670550970598,-0.15366414797366224
UB0098,8,0,0.72010107070797624,0.25143368641259772,1.2733267077912906,0.28959548373963573,0.98373122405165492,0.51854555203477382,0.06321889866302853,0.45532665337174527
UB0099,8,1,0.56747905908341278,0.54115031351918508,0.5665514306009577,0.61405819488388236,-0.047506764282924663,0.18707436433136992,0.21054303478354214,-0.023468670452172213
UB0100,8,0,0.70150010004226759,0.69745573351124523,1.2089856812995117,1.19552767671722,0.013458004582291627,0.49210239035931141,0.48644450020770913,0.005657890151602285
UB0102,8,1,0.50756461506931361,0.49317017351410108,0.67813125583711753,0.70690098495841203,-0.028769729121294496,0.24249260833183328,0.25687647301572641,-0.014383864683893133
UB0103,8,0,0.3040546612447293,0.3007068922955064,0.36248415800301453,0.35768530031331669,0.0047988576896978441,0.092449237024647093,0.090424635074021292,0.0020246019506258012
UB0104,8,0,0.38533574538218951,0.42250475567097989,0.48667908769898227,0.54905507154819932,-0.062375983849217054,0.14848363666924758,0.17851026856459443,-0.03002663189534685
UB0105,8,0,0.19967162753608414,0.17936438529732679,0.22273316995226614,0.19767609910829195,0.025057070843974183,0.039868758842908712,0.032171582713087898,0.0076971761298208138
UB0106,8,1,0.38465495697414726,0.28740996703015942,0.95540856218727443,1.2468456259449539,-0.29143706375767942,0.37864952197648849,0.5077845550879585,-0.12913503311147001
UB0107,8,1,0.3267419792989546,0.57186846064094055,1.1185844736835859,0.55884627796253417,0.55973819572105177,0.45327636243828934,0.18329661499395788,0.26997974744433145
UB0109,8,0,0.2664668700058101,0.20838370136554574,0.30988251541952172,0.23367847598305139,0.076204039436470333,0.071004592810693296,0.043423766994804949,0.027580825815888346
UB0115,8,1,0.35981028446291602,0.5690168109614232,1.0221783740417629,0.56384530054457538,0.45833307349718755,0.40984287187945245,0.18574650923386163,0.22409636264559082
UB0118,8,1,0.55258236686122886,0.42737120828215319,0.5931527764097746,0.85010230317164437,-0.25694952676186977,0.20018253844350001,0.32790373310424109,-0.12772119466074108
UB0119,8,1,0.64697768119388865,0.64777370578429561,0.43544348091257057,0.4342138630898606,0.0012296178227099719,0.12462475757524372,0.12406336233692795,0.00056139523831576221
UB0120,8,1,0.54289400085379447,0.33878007818677092,0.61084118831820189,1.0824041190347109,-0.47156293071650901,0.20894589445545086,0.43721178500269281,-0.22826589054724195
UB0122,8,0,0.55715872952504253,0.42325296960094144,0.81454387906951109,0.55035153079448385,0.26419234827502724,0.3104258498859595,0.17914307627601547,0.13128277360994403
UB0124,8,1,0.80692639341685701,0.60639052821939909,0.214522825012288,0.50023106446692833,-0.2857082394546403,0.037277417559022273,0.15492841627540366,-0.11765099871638138
UB0126,8,0,0.35455755672786921,0.43234039165446997,0.43781923878696061,0.56623332098348023,-0.12841408219651962,0.12571106103283619,0.18691821425594049,-0.061207153223104299
UB0127,8,1,0.43461736169963816,0.15398806353017469,0.83328926327011876,1.8708801891168481,-1.0375909258467293,0.31965752769147776,0.71573619664942378,-0.39607866895794602
UB0128,8,1,0.86937641072424721,0.72409075141090196,0.13997909361789901,0.3228385471991041,-0.18285945358120509,0.01706252207528056,0.076125913457000705,-0.059063391381720148
UB0129,8,1,0.57686310787958894,0.52377668514518594,0.5501502886641132,0.64668985888583186,-0.096539570221718662,0.17904482947332037,0.22678864561130738,-0.047743816137987005
UB0131,8,0,0.34296210242642677,0.49236683173144891,0.42001357940072759,0.67799620195802757,-0.25798262255729998,0.11762300370075485,0.24242509698926493,-0.12480209328851008
UB0132,8,1,0.54227984925541928,0.49164221816548176,0.61197308375391235,0.71000402587781519,-0.098030942123902842,0.2095077363976417,0.25842763435171157,-0.048919897954069869
UB0133,8,0,0.43572001307715397,0.52800346117306496,0.5722047199507736,0.75078362641724994,-0.17857890646647634,0.18985192979595522,0.27878765501073632,-0.088935725214781103
UB0134,8,1,0.42962250544494146,0.42602581193403305,0.84484835018351112,0.85325534315390728,-0.0084069929703961543,0.32533048629490591,0.32944636856598608,-0.0041158822710801735
UB0138,8,1,0.52109015570707407,0.56129864582607525,0.65183220861544866,0.57750216960401424,0.074330039011434423,0.22935463896067457,0.19245887815403537,0.0368957608066392
UB0139,8,0,0.64807579807332971,0.76268734467279942,1.0443394620076396,1.4383767864643335,-0.39403732445669393,0.42000224004838321,0.58169198572404557,-0.16168974567566236
UB0140,8,1,0.32394320365739609,0.35952429343070197,1.1271870759099003,1.0229735284972046,0.10421354741269573,0.45705279188102493,0.41020913070544163,0.046843661175583307
UB0142,8,1,0.22510779507114392,0.63290361246240701,1.4911759022992246,0.45743713942382341,1.0337387628754011,0.60045792925950414,0.13475975774315066,0.46569817151635351
UB0143,8,1,0.58234753012316132,0.48989107728133652,0.54068787866654278,0.71357220385040798,-0.17288432518386521,0.17443358559422364,0.26021111303719541,-0.085777527442971763
UB0144,8,1,0.52620353365313233,0.50114348058276337,0.64206719498014952,0.69086283050984965,-0.048795635529700121,0.22448309152277851,0.2488578269650798,-0.024374735442301287
UB0147,8,0,0.60588737666808301,0.59534559167404044,0.93111856451029928,0.90472188892959648,0.0263966755807028,0.36709951320573148,0.35443637352571328,0.012663139680018198
UB0150,8,1,0.22081041831739598,0.43831156741762567,1.5104507812838497,0.82482528035274816,0.68562550093110153,0.60713640420271142,0.31549389529684446,0.29164250890586696
UB0153,8,0,0.30262980845025189,0.3892940373473987,0.36043888791137818,0.4931396751645547,-0.13270078725317652,0.091584800962636145,0.15154984751423786,-0.059965046551601717
UB0154,8,0,0.40638083898032773,0.40761696195747765,0.52151730830412413,0.52360182960725576,-0.0020845213031316367,0.16514538629035505,0.16615158767544377,-0.001006201385088723
UB0156,8,0,0.31911332557707167,0.3355407209335084,0.38435939721941342,0.40878168326865677,-0.024422286049243347,0.10183331456085815,0.11258757540457856,-0.010754260843720415
UB0158,8,0,0.55846379472628183,0.58658994336313952,0.8174952571503763,0.88331530538096092,-0.065820048230584627,0.31188181002007864,0.34408776165477123,-0.032205951634692587
UB0161,8,1,0.61186143185420339,0.57070636366740712,0.49124944064524151,0.56088045086662042,-0.069631010221378908,0.15065154808226922,0.18429302619566051,-0.033641478113391299
UB0162,8,1,0.48595916156036512,0.63865235644234253,0.72163068832352018,0.44839501577598612,0.27323567254753406,0.2642379835837228,0.13057211950467187,0.13366586407905093
UB0164,8,1,0.45203629481939139,0.44184219606352532,0.79399280410064976,0.81680248313285009,-0.022809679032200325,0.30026422219526089,0.31154013409518816,-0.011275911899927271
UB0166,8,1,0.57756194237896397,0.54753815578186094,0.54893958280740707,0.60232312879400751,-0.053383545986600445,0.17845391252663376,0.20472172047327955,-0.026267807946645794
UB0168,8,1,0.57803474562348778,0.43036128885945291,0.54812129858105973,0.84313021642065633,-0.2950089178395966,0.17805467590103466,0.32448826122986363,-0.14643358532882897
UB0169,8,0,0.30506037707052713,0.47106031568310852,0.36393031067383735,0.6368808719289718,-0.27295056125513445,0.093061833658412196,0.22189782101146985,-0.12883598735305765
UB0170,8,1,0.49798422413844912,0.65088302020097955,0.69718688089610559,0.42942534539180788,0.26776153550429771,0.25201983921387489,0.12188266558398965,0.13013717362988525
UB0172,8,0,0.66283245421681358,0.60373001585139208,1.0871753036809824,0.92565952187975009,0.16151578180123227,0.43934686236308429,0.36448993203992214,0.074856930323162152
UB0173,8,0,0.58582045476499778,0.5560357450005915,0.88145571502809239,0.81201122654884428,0.069444488479248112,0.34318560522106883,0.30917574971836281,0.034009855502706021
UB0176,8,0,0.11226486565989212,0.19546649920145648,0.11908185262146713,0.21749267165343231,-0.098410819031965177,0.012603400061633624,0.038207152310072989,-0.025603752248439367
UB0004,9,0,0.33430742196299074,0.5961832192425921,0.40692730954832745,0.90679401686581262,-0.49986670731748517,0.11176145237954115,0.35543443090646065,-0.24367297852691949
UB0007,9,0,0.39769612225082385,0.68432810937948141,0.50699318071779576,1.1530519256448646,-0.64605874492706883,0.15816220565334221,0.46830496128689547,-0.31014275563355326
UB0020,9,0,0.80970684613224109,0.44132214340180365,1.6591894807987431,0.58218225709843507,1.0770072237003081,0.6556251766734208,0.19476523425676215,0.46085994241665862
UB0021,9,1,0.46350863722272462,0.45780328419690847,0.76893025936511772,0.7813156976211012,-0.012385438255983483,0.28782298233461812,0.29397727862765849,-0.0061542962930403733
UB0023,9,1,0.99342761768525112,0.78128870877214907,0.006594075522339495,0.24681053193059838,-0.24021645640825889,4.3196209291223862e-05,0.047834628910553824,-0.047791432701262598
UB0024,9,1,0.73470191452810119,0.86471205520497896,0.30829042049554506,0.14535871162458103,0.16293170887096403,0.070383074155054931,0.018302828006860661,0.052080246148194273
UB0028,9,1,0.4973321661870867,0.8932778513008095,0.69849713369810129,0.11285760282687379,0.58563953087122744,0.25267495115016669,0.011389617022972129,0.24128533412719455
UB0029,9,1,0.42718702582325635,0.54082717818633386,0.85053336206125085,0.61465549999408209,0.23587786206716876,0.32811470338520671,0.2108396802923248,0.1172750230928819
UB0030,9,0,0.29689540659599012,0.045313010511888858,0.35224961672481631,0.046371751924669226,0.30587786480014706,0.088146882457798295,0.0020532689216505502,0.086093613536147751
UB0032,9,0,0.33133681965816303,0.34919479181798607,0.40247481298766541,0.42954490093108627,-0.027070087943420862,0.10978408806118604,0.12193700263280663,-0.012152914571620585
UB0034,9,0,0.32197631128580667,0.056355702088014908,0.38857305254561808,0.058005986904084865,0.33056706564153321,0.10366874502921468,0.003175965157833088,0.1004927798713816
UB0035,9,0,0.486515933184611,0.24654326500207568,0.66653627869202126,0.28308368127953337,0.38345259741248788,0.23669775324249287,0.060783581517883718,0.17591417172460916
UB0039,9,0,0.61285609451420098,0.60618017607292973,0.94895880627047224,0.93186177395507563,0.01709703231539661,0.37559259258319921,0.36745440586380812,0.0081381867193910939
UB0042,9,0,0.15528014625579498,0.069561055619502071,0.1687502406250464,0.072098820979036596,0.096651419646009804,0.024111923821221078,0.0048387404588994603,0.019273183362321616
UB0044,9,0,0.43204215550879477,0.47691115299264802,0.56570808046029775,0.64800394978994535,-0.082295869329647608,0.1866604241366856,0.22744424784877693,-0.040783823712091327
UB0045,9,0,0.3571468756141456,0.16933564912991969,0.44183900325391412,0.18552947562389954,0.25630952763001458,0.12755389076094598,0.028674562066251272,0.098879328694694707
UB0046,9,0,0.25130615083720376,0.10361342748540002,0.2894251251354662,0.10938351651316132,0.18004160862230489,0.063154781448611405,0.010735742355272249,0.052419039093339156
UB0047,9,0,0.43417783062925475,0.52203534893123604,0.56947543853737681,0.73821850096423325,-0.16874306242685644,0.18851038860992583,0.27252090553375735,-0.084010516923831519
UB0049,9,0,0.35757529259371074,0.36454995445386518,0.44250565599596675,0.45342179797865723,-0.010916141982690475,0.12786008987347786,0.13289666929231517,-0.0050365794188373114
UB0051,9,0,0.23632155366943713,0.3396480194277901,0.26960846017748591,0.41498228222036221,-0.1453738220428763,0.055847876728736659,0.11536077710122049,-0.059512900372483829
UB0052,9,0,0.58937888798880855,0.63747273915722935,0.89008435825398435,1.0146556051900761,-0.12457124693609178,0.34736747360692455,0.40637149316862098,-0.05900401956169643
UB0053,9,0,0.26935458209618218,0.41963857454230336,0.31382700134122665,0.54410422217649901,-0.23027722083527236,0.072551890896208948,0.17609653324389629,-0.10354464234768734
UB0054,9,0,0.22689275694137895,0.27487239209316389,0.25733750384870807,0.32140762870958367,-0.064070124860875599,0.051480323152459664,0.075554831935018024,-0.02407450878255836
UB0056,9,0,0.24290295438809473,0.51867482275659893,0.27826383612338346,0.73121219312621755,-0.45294835700283409,0.059001845250464827,0.26902357176158931,-0.2100217265111245
UB0057,9,0,0.22039100704403863,0.29513560898311936,0.24896277606898107,0.3497498478396569,-0.10078707177067583,0.04857219598588549,0.087105027689836717,-0.038532831703951227
UB0059,9,0,0.28793458357718937,0.39648679193943509,0.33958549479226469,0.50498735291674179,-0.16540185812447711,0.082906324419769459,0.1572017761824249,-0.074295451762655437
UB0060,9,0,0.32596988468551191,0.16668035817635163,0.3944804875925158,0.18233798674054741,0.2121425008519684,0.10625636572188593,0.027782341801796871,0.078474023920089064
UB0061,9,0,0.28285030992434701,0.28292441435933496,0.33247068740312807,0.33257402463516361,-0.00010333723203553857,0.080004297824299159,0.080046224240572658,-4.1926416273499467e-05
UB0063,9,0,0.3372075734267268,0.089102318376868717,0.41129341990829843,0.093324702384319405,0.31796871752397904,0.11370894757634135,0.0079392231401328762,0.10576972443620848
UB0065,9,0,0.04726763050021858,0.15250890055517574,0.048421244253982698,0.16547494191268036,-0.11705369765869766,0.002234228893105194,0.023258964748548484,-0.021024735855443288
UB0066,9,0,0.28441412614782902,0.43081566313741887,0.33465366782725148,0.56355093095500353,-0.22889726312775205,0.080891395152433196,0.18560213560453398,-0.10471074045210078
UB0070,9,1,0.4212882393298355,0.465197437438645,0.8644380255782681,0.76529336686818006,0.099144658710088041,0.33490730193796175,0.2860137809221921,0.048893521015769659
UB0071,9,0,0.36294052566063328,0.50470116332341119,0.45089226145849848,0.70259398811553919,-0.25170172665704071,0.1317258251668168,0.25472326426000458,-0.12299743909318778
UB0072,9,0,0.62357750762792163,0.72251647666037977,0.97704311648857545,1.2819937229111538,-0.30495060642257832,0.38884890801945066,0.52203005904572908,-0.13318115102627842
UB0073,9,1,0.48133681105560544,0.43702082815757565,0.73118802303880093,0.8277744233345129,-0.096586400295711972,0.26901150356596876,0.31694554792838203,-0.047934044362413275
UB0074,9,1,0.46460329985686122,0.41095167186162546,0.76657135609494031,0.88927965811113541,-0.12270830201619509,0.28664962652416204,0.34697793288261408,-0.060328306358452044
UB0075,9,0,0.43192318036694827,0.72033756272431781,0.56549862357304137,1.2741719842687329,-0.70867336069569153,0.18655763373829934,0.51888620427161047,-0.33232857053331111
UB0077,9,1,0.099670825709286676,0.18709588802640373,2.3058822656055971,1.6761340233545903,0.62974824225100678,0.81059262207899774,0.66081309526358112,0.14977952681541662
UB0078,9,1,0.15546365705429363,0.25381256443627848,1.861343291371496,1.3711592196621103,0.49018407170938572,0.71324163455610767,0.55679568899316301,0.15644594556294467
UB0079,9,0,0.27081915045923854,0.067546939179193036,0.31583349880888301,0.069936465652498461,0.24589703315638456,0.073343012255463691,0.0045625889924776029,0.068780423262986085
UB0080,9,0,0.24141545318188087,0.42894402616858968,0.27630102059377498,0.56026804640476813,-0.28396702581099315,0.058281421035012916,0.18399297758571975,-0.12571155655070684
UB0081,9,0,0.54189332614497754,0.30024581232463093,0.78065320964061125,0.35702616607376469,0.42362704356684655,0.29364837692046702,0.090147547818477503,0.20350082910198952
UB0083,9,1,0.61793581203122772,0.28122455738969215,0.48137069094582746,1.2686017921699242,-0.78723110122409667,0.14597304372823736,0.516638136899644,-0.37066509317140661
UB0084,9,0,0.39412051523423941,0.37901562942751571,0.50107418271358517,0.47644936552563255,0.024624817187952619,0.15533098052850233,0.1436528473503359,0.011678133178166433
UB0085,9,1,0.37881885162049639,0.20166882296239022,0.97069715222295772,1.6011284173010796,-0.63043126507812186,0.38586601910207879,0.63733266823025547,-0.25146664912817668
UB0086,9,1,0.44159195233572324,0.13770186691431213,0.8173690080627467,1.9826643155012926,-1.1652953074385459,0.31181954769622922,0.74355807032306254,-0.43173852262683332
UB0087,9,1,0.50466358094959296,0.62082166002742167,0.68386324803827014,0.47671142021369867,0.20715182782457148,0.24535816803768046,0.14377621350436018,0.10158195453332028
UB0089,9,0,0.21562406224798827,0.11835478973618699,0.24286686112228961,0.12596555983868785,0.11690130128360177,0.046493736220324322,0.014007856253497033,0.032485879966827287
UB0090,9,0,0.53963029497171222,0.62452630820391664,0.77572540571495241,0.9795668720271079,-0.20384146631215549,0.29120085525125716,0.39003310963881349,-0.098832254387556329
UB0091,9,1,0.4799137653003126,0.39700926001514009,0.73414884684455395,0.9237956735918057,-0.18964682674725175,0.27048969152409835,0.363597832507489,-0.093108140983390653
UB0098,9,0,0.59503277574782365,0.30608669868606214,0.9039491429228308,0.36540825233985114,0.5385408905829796,0.35406400421415979,0.093689067112532193,0.26037493710162762
UB0099,9,1,0.57814507588095343,0.49923009054391637,0.54793044547024006,0.69468818621165285,-0.14675774074141279,0.17796157700348653,0.25077050221665415,-0.072808925213167619
UB0100,9,0,0.8137717512950875,0.70260941407046029,1.6807822140194029,1.2127089000316125,0.4680733139877904,0.66222446320587369,0.49365998874043554,0.16856447446543815
UB0102,9,1,0.47785204567855588,0.48616228593308708,0.7384541222734492,0.72121278914805842,0.017241333125390779,0.27263848620206887,0.26402919639751055,0.0086092898045583288
UB0103,9,0,0.35197928923189276,0.47347551335663685,0.43383262207871226,0.64145744014511696,-0.2076248180664047,0.12388942004818841,0.2241790617483308,-0.10028964170014239
UB0104,9,0,0.45767608674616245,0.17886343916548095,0.61189183012016024,0.19706584860599172,0.4148259815141685,0.20946740037928083,0.031992129870103705,0.17747527050917711
UB0105,9,0,0.30251794103939167,0.31283391674317895,0.36027848753770542,0.37517926451143169,-0.014900776973726271,0.09151710465071286,0.097865059464878223,-0.006347954814165363
UB0106,9,1,0.34673671861512773,0.65698129554348295,1.0591895230005595,0.42009973039520582,0.63908979260535359,0.42675291480573074,0.1176618316070274,0.30909108319870338
UB0107,9,1,0.19705066437083157,0.32619731603178348,1.624294403761771,1.1202528168125701,0.50404158694920098,0.64472763558732282,0.45401005692277224,0.19071757866455058
UB0109,9,0,0.31424435107508047,0.26205540438257452,0.37723391161188657,0.30388653088896028,0.073347380722926292,0.098749512182598434,0.068673034966114654,0.03007647721648378
UB0115,9,1,0.3154444839421981,0.47176651173651651,1.1537725746323664,0.75127109431469774,0.40250148031766864,0.46861625456516343,0.27903061812300772,0.1895856364421557
UB0118,9,1,0.64070731063626396,0.56933078057636644,0.44518254001320973,0.563293677076948,-0.11811113706373827,0.12909123663022612,0.18547597655896184,-0.056384739928735716
UB0119,9,1,0.53177753640305503,0.71743380377584154,0.6315300417516253,0.3320745951504,0.29945544660122531,0.21923227541679247,0.079843655248589621,0.13938862016820286
UB0120,9,1,0.51904972989237685,0.23519467246545686,0.65575558173146453,1.447341714296446,-0.79158613256498145,0.23131316231659566,0.58492718902521978,-0.35361402670862413
UB0122,9,0,0.47000202494311005,0.42532159382335422,0.63488209309064569,0.55394468825363063,0.080937404837015059,0.22090190345062385,0.1808984581724383,0.040003445278185557
UB0124,9,1,0.64055628137822729,0.50728041843235505,0.4454182905015206,0.67869133473587717,-0.23327304423435657,0.12919978685664812,0.24277258606019511,-0.11357279920354699
UB0126,9,0,0.37606815549681738,0.35330504325899215,0.47171414013062796,0.43588056901212752,0.03583357111850044,0.14142725757877841,0.12482445359223832,0.016602803986540099
UB0127,9,1,0.46246945922538507,0.10542793888689174,0.77117475831728033,2.2497276031728051,-1.4785528448555247,0.28893908226544995,0.80025917252415468,-0.51132009025870473
UB0128,9,1,0.84868568504998354,0.97766373038129029,0.16406637906287716,0.022589502037731697,0.14147687702514547,0.022896021908792776,0.00049890894047969461,0.022397112968313083
UB0129,9,1,0.58679670084359992,0.60174897631785385,0.53307685501336921,0.50791490349555213,0.025161951517817083,0.17073696643373346,0.15860387786387733,0.012133088569856121
UB0131,9,0,0.092262595408485318,0.31517623810977841,0.096800144199528218,0.37859375573466619,-0.28179361153513799,0.0085123865115098556,0.099336061069031728,-0.090823674557521869
UB0132,9,1,0.45219616749056069,0.4136736427339926,0.79363919442725506,0.88267791860558042,-0.089038724178325368,0.30008903891202982,0.34377859722482568,-0.043689558312795862
UB0133,9,0,0.57016556120443496,0.62426275759905847,0.84435517049291819,0.97886520328488458,-0.13451003279196638,0.32508876718356827,0.38970399052518084,-0.064615223341612571
UB0134,9,1,0.43041165219441763,0.47853316073100405,0.84301319755860771,0.73702976906715478,0.10598342849145292,0.32443088595589303,0.27192766445719685,0.052503221498696184
UB0138,9,1,0.46807170037085627,0.58724826084165382,0.75913378887868577,0.53230761697725104,0.22682617190143473,0.28294771594635204,0.17036399817823944,0.1125837177681126
UB0139,9,0,0.54208753051732117,0.82586041210752292,0.7810772277993272,1.7478980721144031,-0.96682084431507587,0.2938588907423676,0.68204542028640758,-0.38818652954403998
UB0140,9,1,0.38446972344960795,0.46064262255061017,0.95589023579061938,0.7751327588585788,0.18075747693204058,0.37887752135020214,0.29090638060908358,0.087971140741118559
UB0142,9,1,0.28746421086041596,0.4222904130347393,1.2466569104572742,0.86206201908837454,0.38459489136889968,0.50770725080476975,0.33374836687157206,0.17395888393319769
UB0143,9,1,0.5005327948460655,0.45213344916734771,0.69208215820551322,0.79377790120442626,-0.10169574299891304,0.24946748902428251,0.30015775752126722,-0.050690268496984714
UB0144,9,1,0.46829632621536621,0.53497263573409315,0.75865400776177228,0.62553968155481587,0.1331143262069564,0.28270879671607624,0.21625044951609643,0.066458347199979811
UB0147,9,0,0.71379915664235194,0.66106185415560925,1.2510614651218219,1.0819376488856691,0.1691238162361528,0.50950923602333287,0.43700277501965201,0.072506461003680855
UB0150,9,1,0.22826777668603415,0.41558979528697981,1.4772358800160472,0.87805657422844674,0.59917930578760048,0.59557062450111686,0.34153528737271416,0.25403533712840271
UB0153,9,0,0.11871687921090324,0.1797337694599179,0.12637634168776238,0.19812632002784486,-0.071749978340082482,0.014093697409576189,0.032304227884270918,-0.018210530474694731
UB0154,9,0,0.42347953844399228,0.54946374012035859,0.55074444717779669,0.79731671709362084,-0.24657226991582415,0.17933491948073674,0.30191040170705297,-0.12257548222631623
UB0156,9,0,0.34129197102468112,0.2123706647113888,0.41747489428677842,0.23872768648036186,0.17874720780641656,0.11648020948591177,0.04510129922995712,0.07137891025595465
UB0158,9,0,0.51622126078052033,0.80572616337916414,0.72612762716357004,1.6384865862159907,-0.9123589590524207,0.26648439008183,0.64919465035370749,-0.38271026027187749
UB0161,9,1,0.71720667619307554,0.76673852371171369,0.33239122860363773,0.26560944354457106,0.066781785059066678,0.079972063989768027,0.054410916320190753,0.025561147669577275
UB0162,9,1,0.43981868997279855,0.74258112496347617,0.82139270523691887,0.29762315506356624,0.52376955017335258,0.31380310010379164,0.066264477225069465,0.24753862287872219
UB0164,9,1,0.43404785967417292,0.39110372634724677,0.83460047521471314,0.93878246940298815,-0.10418199418827501,0.32030182513938465,0.37075467206820856,-0.050452846928823902
UB0166,9,1,0.49286180239900396,0.54766511786825722,0.70752646391382845,0.60209127761163861,0.10543518630218984,0.25718915146598698,0.20460684559313763,0.052582305872849344
UB0168,9,1,0.50413597097625662,0.32077928234585046,0.68490926361279347,1.1370019862914111,-0.45209272267861766,0.24588113527965982,0.46134078329061801,-0.21545964801095818
UB0169,9,0,0.34169925971214271,0.56006194124580844,0.41809339996411476,0.82112133753829475,-0.40302793757417998,0.11675838408782635,0.31366937803202338,-0.19691099394419703
UB0170,9,1,0.50732463073252654,0.52367987323386744,0.67860418299099701,0.64687471029722399,0.03172947269377302,0.24272901948284134,0.22688086316250458,0.015848156320336759
UB0172,9,0,0.86752430716802253,0.74700617638883693,2.0213561007096277,1.3743902031567079,0.64696589755291978,0.75259842352735751,0.55801822756307018,0.19458019596428733
UB0173,9,0,0.63157809295352152,0.63692333207346363,0.99852651098766043,1.0131412606090289,-0.014614749621368439,0.39889088749880708,0.40567133093956365,-0.0067804434407565672
UB0176,9,0,0.039419635521677751,0.1383353168917324,0.040217630853187192,0.14888908271237736,-0.10867145185919017,0.0015539076646619184,0.019136659899536022,-0.017582752234874103
