outcome,repeat,outer_fold,participant_index,participant_id,y,p_m2,m2_representation,m2_C,p_adaptive_m3,m3_representation,m3_C,initial_representation,initial_C,initial_inner_logloss,actual_inner_rank,p_m0,m0_representation,m0_C,p_m1,m1_representation,m1_C,p_e0,e0_representation,e0_C,p_e1,e1_representation,e1_C,p_e2,e2_representation,e2_C
group,0,0,0,UB0004,0,0.22566111947734635,M2,1,0.29363412436268932,E0,0.10000000000000001,E0,0.10000000000000001,0.6118582045029658,1,0.28493533141608907,M0,1,0.11520021505596473,M1,1,0.29363412436268932,E0,0.10000000000000001,0.39157825106281269,E1,0.01,0.42010934147932927,E2,0.01
group,0,3,1,UB0007,0,0.34876085183877936,M2,0.10000000000000001,0.54314499188887877,E2,0.01,E2,0.01,0.64962265255321638,1,0.53471075882719865,M0,0.10000000000000001,0.45952883163053315,M1,0.10000000000000001,0.46804381877691442,E0,0.01,0.50812338432806559,E1,0.01,0.54314499188887877,E2,0.01
group,0,0,2,UB0020,0,0.77842824505565278,M2,1,0.51249684182193156,E0,0.10000000000000001,E0,0.10000000000000001,0.6118582045029658,1,0.68406031550790014,M0,1,0.77375937058415112,M1,1,0.51249684182193156,E0,0.10000000000000001,0.43277244470865406,E1,0.01,0.49797815035710019,E2,0.01
group,0,1,3,UB0021,1,0.54296634146984368,M2,1,0.47565026635172486,E2,0.01,E2,0.01,0.64219676253559599,1,0.54001552659994667,M0,0.10000000000000001,0.46988119320019517,M1,0.10000000000000001,0.44939322373550189,E0,0.10000000000000001,0.4329050751682984,E1,0.01,0.47565026635172486,E2,0.01
group,0,2,4,UB0023,1,0.75086527548743931,M2,0.10000000000000001,0.61560968357261225,E2,0.10000000000000001,E2,0.10000000000000001,0.60399626044456034,1,0.5436062446902441,M0,0.10000000000000001,0.72779057443697359,M1,0.10000000000000001,0.67152559892069819,E0,0.10000000000000001,0.57705351441039643,E1,0.10000000000000001,0.61560968357261225,E2,0.10000000000000001
group,0,2,5,UB0024,1,0.66768243708494424,M2,0.10000000000000001,0.86971223673703435,E2,0.10000000000000001,E2,0.10000000000000001,0.60399626044456034,1,0.56272910009626331,M0,0.10000000000000001,0.6688375165067586,M1,0.10000000000000001,0.81004790927374826,E0,0.10000000000000001,0.79066620215041683,E1,0.10000000000000001,0.86971223673703435,E2,0.10000000000000001
group,0,0,6,UB0028,1,0.33531209663236933,M2,1,0.50584478813554778,E0,0.10000000000000001,E0,0.10000000000000001,0.6118582045029658,1,0.61446163988531888,M0,1,0.72437714506282125,M1,1,0.50584478813554778,E0,0.10000000000000001,0.52963841991079752,E1,0.01,0.6178078797402069,E2,0.01
group,0,3,7,UB0029,1,0.55687011892915428,M2,0.10000000000000001,0.49596838647663699,E2,0.01,E2,0.01,0.64962265255321638,1,0.53471075882719865,M0,0.10000000000000001,0.58628593856867861,M1,0.10000000000000001,0.45291505567868107,E0,0.01,0.46327025517108206,E1,0.01,0.49596838647663699,E2,0.01
group,0,2,8,UB0030,0,0.36501557108478649,M2,0.10000000000000001,0.016253912265349665,E2,0.10000000000000001,E2,0.10000000000000001,0.60399626044456034,1,0.45677724057720709,M0,0.10000000000000001,0.38569976634702552,M1,0.10000000000000001,0.13072277902519974,E0,0.10000000000000001,0.012630769220461649,E1,0.10000000000000001,0.016253912265349665,E2,0.10000000000000001
group,0,3,9,UB0032,0,0.37718270450749858,M2,0.10000000000000001,0.36162194215893068,E2,0.01,E2,0.01,0.64962265255321638,1,0.4396275704439872,M0,0.10000000000000001,0.37845887178622362,M1,0.10000000000000001,0.37640801735393492,E0,0.01,0.35637850812695698,E1,0.01,0.36162194215893068,E2,0.01
group,0,3,10,UB0034,0,0.36216446578039496,M2,0.10000000000000001,0.24367526154159341,E2,0.01,E2,0.01,0.64962265255321638,1,0.4396275704439872,M0,0.10000000000000001,0.38281875216777966,M1,0.10000000000000001,0.32098830202973277,E0,0.01,0.26412729717783612,E1,0.01,0.24367526154159341,E2,0.01
group,0,3,11,UB0035,0,0.38323834758723441,M2,0.10000000000000001,0.17250925505656092,E2,0.01,E2,0.01,0.64962265255321638,1,0.4396275704439872,M0,0.10000000000000001,0.38401313992688368,M1,0.10000000000000001,0.28459803244228515,E0,0.01,0.20504392462436105,E1,0.01,0.17250925505656092,E2,0.01
group,0,1,12,UB0039,0,0.79053977685686949,M2,1,0.40814508757748691,E2,0.01,E2,0.01,0.64219676253559599,1,0.39656669251401466,M0,0.10000000000000001,0.45179046075550827,M1,0.10000000000000001,0.44127248118998746,E0,0.10000000000000001,0.39971809866996583,E1,0.01,0.40814508757748691,E2,0.01
group,0,3,13,UB0042,0,0.18626341566560131,M2,0.10000000000000001,0.21679779243318009,E2,0.01,E2,0.01,0.64962265255321638,1,0.24609413927344595,M0,0.10000000000000001,0.18594329200776,M1,0.10000000000000001,0.27740686191461417,E0,0.01,0.21598938083596886,E1,0.01,0.21679779243318009,E2,0.01
group,0,2,14,UB0044,0,0.45677504330021634,M2,0.10000000000000001,0.81131268141819757,E2,0.10000000000000001,E2,0.10000000000000001,0.60399626044456034,1,0.46639186594277704,M0,0.10000000000000001,0.43240078972432522,M1,0.10000000000000001,0.52062447120740185,E0,0.10000000000000001,0.71217085718237394,E1,0.10000000000000001,0.81131268141819757,E2,0.10000000000000001
group,0,2,15,UB0045,0,0.37177708851909019,M2,0.10000000000000001,0.21766838509666178,E2,0.10000000000000001,E2,0.10000000000000001,0.60399626044456034,1,0.45677724057720709,M0,0.10000000000000001,0.35117400136723992,M1,0.10000000000000001,0.38039792014659046,E0,0.10000000000000001,0.37432048415671826,E1,0.10000000000000001,0.21766838509666178,E2,0.10000000000000001
group,0,3,16,UB0046,0,0.20563863864190762,M2,0.10000000000000001,0.21052623108639737,E2,0.01,E2,0.01,0.64962265255321638,1,0.24609413927344595,M0,0.10000000000000001,0.20258214911289729,M1,0.10000000000000001,0.2838573012068189,E0,0.01,0.24246973835515595,E1,0.01,0.21052623108639737,E2,0.01
group,0,1,17,UB0047,0,0.48520834955664133,M2,1,0.34844902179164844,E2,0.01,E2,0.01,0.64219676253559599,1,0.39656669251401466,M0,0.10000000000000001,0.36238680312653282,M1,0.10000000000000001,0.37485044104590204,E0,0.10000000000000001,0.32968388852169161,E1,0.01,0.34844902179164844,E2,0.01
group,0,2,18,UB0049,0,0.38817921970262598,M2,0.10000000000000001,0.44190740714309801,E2,0.10000000000000001,E2,0.10000000000000001,0.60399626044456034,1,0.45677724057720709,M0,0.10000000000000001,0.3879273543478069,M1,0.10000000000000001,0.33488352543591177,E0,0.10000000000000001,0.44425566164758934,E1,0.10000000000000001,0.44190740714309801,E2,0.10000000000000001
group,0,1,19,UB0051,0,0.16594003732168372,M2,1,0.31813688821324154,E2,0.01,E2,0.01,0.64219676253559599,1,0.29420442998358537,M0,0.10000000000000001,0.25708560098520389,M1,0.10000000000000001,0.21421554599322859,E0,0.10000000000000001,0.34710796323395754,E1,0.01,0.31813688821324154,E2,0.01
group,0,1,20,UB0052,0,0.64243495953282914,M2,1,0.50133950100819769,E2,0.01,E2,0.01,0.64219676253559599,1,0.52195602134614905,M0,0.10000000000000001,0.52745339052270934,M1,0.10000000000000001,0.54825325949049752,E0,0.10000000000000001,0.49043494605624433,E1,0.01,0.50133950100819769,E2,0.01
group,0,3,21,UB0053,0,0.28309119800114363,M2,0.10000000000000001,0.45375410047644699,E2,0.01,E2,0.01,0.64962265255321638,1,0.29297772044285031,M0,0.10000000000000001,0.28046249985842964,M1,0.10000000000000001,0.41467544958664521,E0,0.01,0.42260820080847566,E1,0.01,0.45375410047644699,E2,0.01
group,0,4,22,UB0054,0,0.058801102093035573,M2,1,0.097197099527266531,E0,0.10000000000000001,E0,0.10000000000000001,0.57557064766669608,1,0.24343989800557644,M0,0.10000000000000001,0.12101387527637381,M1,1,0.097197099527266531,E0,0.10000000000000001,0.3649466569105137,E1,0.01,0.29528621366389168,E2,0.01
group,0,1,23,UB0056,0,0.089458538360990006,M2,1,0.32544457079257216,E2,0.01,E2,0.01,0.64219676253559599,1,0.22484119742381703,M0,0.10000000000000001,0.19606592907381529,M1,0.10000000000000001,0.12941317821558979,E0,0.10000000000000001,0.32368546230159662,E1,0.01,0.32544457079257216,E2,0.01
group,0,2,24,UB0057,0,0.23941162736036772,M2,0.10000000000000001,0.087906657978893951,E2,0.10000000000000001,E2,0.10000000000000001,0.60399626044456034,1,0.27804038849748802,M0,0.10000000000000001,0.22237145169318806,M1,0.10000000000000001,0.15374787297791501,E0,0.10000000000000001,0.11166896382505059,E1,0.10000000000000001,0.087906657978893951,E2,0.10000000000000001
group,0,2,25,UB0059,0,0.30421048353308883,M2,0.10000000000000001,0.2874599235648353,E2,0.10000000000000001,E2,0.10000000000000001,0.60399626044456034,1,0.27804038849748802,M0,0.10000000000000001,0.27331308446909608,M1,0.10000000000000001,0.28252614417625749,E0,0.10000000000000001,0.29164474839695009,E1,0.10000000000000001,0.2874599235648353,E2,0.10000000000000001
group,0,3,26,UB0060,0,0.27178984789225152,M2,0.10000000000000001,0.27559250478121422,E2,0.01,E2,0.01,0.64962265255321638,1,0.32348257423922422,M0,0.10000000000000001,0.28788443595705593,M1,0.10000000000000001,0.37162285655992078,E0,0.01,0.33362617470412631,E1,0.01,0.27559250478121422,E2,0.01
group,0,4,27,UB0061,0,0.22606153430557158,M2,1,0.13140390760010343,E0,0.10000000000000001,E0,0.10000000000000001,0.57557064766669608,1,0.26375860305969989,M0,0.10000000000000001,0.22165304457640003,M1,1,0.13140390760010343,E0,0.10000000000000001,0.29107214431439343,E1,0.01,0.24899213834014405,E2,0.01
group,0,4,28,UB0063,0,0.22146703455923999,M2,1,0.22895154494731235,E0,0.10000000000000001,E0,0.10000000000000001,0.57557064766669608,1,0.27431684725430727,M0,0.10000000000000001,0.19900601344804664,M1,1,0.22895154494731235,E0,0.10000000000000001,0.35925927023435472,E1,0.01,0.32385950363794869,E2,0.01
group,0,1,29,UB0065,0,0.14546451324883022,M2,1,0.35552033547274564,E2,0.01,E2,0.01,0.64219676253559599,1,0.34130657363958777,M0,0.10000000000000001,0.3597821031215564,M1,0.10000000000000001,0.26340210638700273,E0,0.10000000000000001,0.39588868225837459,E1,0.01,0.35552033547274564,E2,0.01
group,0,0,30,UB0066,0,0.15495906189086259,M2,1,0.34626594284630863,E0,0.10000000000000001,E0,0.10000000000000001,0.6118582045029658,1,0.3868607432940907,M0,1,0.13764491880067742,M1,1,0.34626594284630863,E0,0.10000000000000001,0.48500756039987336,E1,0.01,0.53774434812986682,E2,0.01
group,0,2,31,UB0070,1,0.455617131099744,M2,0.10000000000000001,0.21501175198721623,E2,0.10000000000000001,E2,0.10000000000000001,0.60399626044456034,1,0.48568907257171184,M0,0.10000000000000001,0.44057636410107365,M1,0.10000000000000001,0.5395107012943946,E0,0.10000000000000001,0.32851532983540005,E1,0.10000000000000001,0.21501175198721623,E2,0.10000000000000001
group,0,0,32,UB0071,0,0.33428101113004177,M2,1,0.51824399698446333,E0,0.10000000000000001,E0,0.10000000000000001,0.6118582045029658,1,0.28493533141608907,M0,1,0.30076303584231351,M1,1,0.51824399698446333,E0,0.10000000000000001,0.4770696045989864,E1,0.01,0.50602472007414434,E2,0.01
group,0,3,33,UB0072,0,0.55887263976076329,M2,0.10000000000000001,0.46856731585737249,E2,0.01,E2,0.01,0.64962265255321638,1,0.57009024994222834,M0,0.10000000000000001,0.53120604964813911,M1,0.10000000000000001,0.49198428830447832,E0,0.01,0.49896701672877852,E1,0.01,0.46856731585737249,E2,0.01
group,0,1,34,UB0073,1,0.42218287536470311,M2,1,0.45319534195641081,E2,0.01,E2,0.01,0.64219676253559599,1,0.46762210381152253,M0,0.10000000000000001,0.46691539397293408,M1,0.10000000000000001,0.45084565639373786,E0,0.10000000000000001,0.44344682413249553,E1,0.01,0.45319534195641081,E2,0.01
group,0,1,35,UB0074,1,0.5846082667710254,M2,1,0.41697478700383855,E2,0.01,E2,0.01,0.64219676253559599,1,0.46762210381152253,M0,0.10000000000000001,0.46984458726290934,M1,0.10000000000000001,0.42664407149395661,E0,0.10000000000000001,0.42042888219024915,E1,0.01,0.41697478700383855,E2,0.01
group,0,4,36,UB0075,0,0.30527294927724957,M2,1,0.71944206373552,E0,0.10000000000000001,E0,0.10000000000000001,0.57557064766669608,1,0.30751824751992091,M0,0.10000000000000001,0.2805945140210675,M1,1,0.71944206373552,E0,0.10000000000000001,0.63259647116856965,E1,0.01,0.55395688441624646,E2,0.01
group,0,0,37,UB0077,1,0.15973347499257048,M2,1,0.19917317180542518,E0,0.10000000000000001,E0,0.10000000000000001,0.6118582045029658,1,0.15629163913265179,M0,1,0.1161673146806671,M1,1,0.19917317180542518,E0,0.10000000000000001,0.32370115722034382,E1,0.01,0.34491682426568077,E2,0.01
group,0,2,38,UB0078,1,0.26999844259690076,M2,0.10000000000000001,0.23094638338019619,E2,0.10000000000000001,E2,0.10000000000000001,0.60399626044456034,1,0.27034144724241738,M0,0.10000000000000001,0.26057118527765338,M1,0.10000000000000001,0.29562076620633504,E0,0.10000000000000001,0.29538069857110899,E1,0.10000000000000001,0.23094638338019619,E2,0.10000000000000001
group,0,1,39,UB0079,0,0.23779489454056146,M2,1,0.2962243256350226,E2,0.01,E2,0.01,0.64219676253559599,1,0.29420442998358537,M0,0.10000000000000001,0.31629189268806129,M1,0.10000000000000001,0.25024543507148661,E0,0.10000000000000001,0.36237826771523363,E1,0.01,0.2962243256350226,E2,0.01
group,0,0,40,UB0080,0,0.15077205670767888,M2,1,0.1838446081907695,E0,0.10000000000000001,E0,0.10000000000000001,0.6118582045029658,1,0.15629163913265179,M0,1,0.12051050760732397,M1,1,0.1838446081907695,E0,0.10000000000000001,0.3387129716429213,E1,0.01,0.39942684813691509,E2,0.01
group,0,1,41,UB0081,0,0.49070681215886885,M2,1,0.38231571294918143,E2,0.01,E2,0.01,0.64219676253559599,1,0.55797055955090269,M0,0.10000000000000001,0.51378664329961898,M1,0.10000000000000001,0.47008453148942742,E0,0.10000000000000001,0.43548520998618512,E1,0.01,0.38231571294918143,E2,0.01
group,0,4,42,UB0083,1,0.77302609628832186,M2,1,0.66630233824765006,E0,0.10000000000000001,E0,0.10000000000000001,0.57557064766669608,1,0.54259413395767508,M0,0.10000000000000001,0.69955370717961485,M1,1,0.66630233824765006,E0,0.10000000000000001,0.53851754394373463,E1,0.01,0.45875437861500379,E2,0.01
group,0,0,43,UB0084,0,0.40830492773984456,M2,1,0.43458571674480112,E0,0.10000000000000001,E0,0.10000000000000001,0.6118582045029658,1,0.38863321245373039,M0,1,0.39531044666818044,M1,1,0.43458571674480112,E0,0.10000000000000001,0.41202825748098004,E1,0.01,0.38181890656471829,E2,0.01
group,0,4,44,UB0085,1,0.451200207007389,M2,1,0.3756929687437342,E0,0.10000000000000001,E0,0.10000000000000001,0.57557064766669608,1,0.58221496325477518,M0,0.10000000000000001,0.58626813486747298,M1,1,0.3756929687437342,E0,0.10000000000000001,0.42665429679958494,E1,0.01,0.39934120809627283,E2,0.01
group,0,4,45,UB0086,1,0.60695552849780843,M2,1,0.38012292535024517,E0,0.10000000000000001,E0,0.10000000000000001,0.57557064766669608,1,0.4622286102920356,M0,0.10000000000000001,0.57100204515620678,M1,1,0.38012292535024517,E0,0.10000000000000001,0.37590499453832232,E1,0.01,0.31638287546192218,E2,0.01
group,0,2,46,UB0087,1,0.53209850264514302,M2,0.10000000000000001,0.58076071208119606,E2,0.10000000000000001,E2,0.10000000000000001,0.60399626044456034,1,0.51469700072174773,M0,0.10000000000000001,0.51692221726414056,M1,0.10000000000000001,0.71308823869301274,E0,0.10000000000000001,0.67312001479862837,E1,0.10000000000000001,0.58076071208119606,E2,0.10000000000000001
group,0,4,47,UB0089,0,0.17637202695655382,M2,1,0.1179707855219537,E0,0.10000000000000001,E0,0.10000000000000001,0.57557064766669608,1,0.21500870614078346,M0,0.10000000000000001,0.18180502636389739,M1,1,0.1179707855219537,E0,0.10000000000000001,0.23441636870980054,E1,0.01,0.21881894725964521,E2,0.01
group,0,4,48,UB0090,0,0.44968679841866094,M2,1,0.6381385343766468,E0,0.10000000000000001,E0,0.10000000000000001,0.57557064766669608,1,0.44891190335639913,M0,0.10000000000000001,0.47155978252237996,M1,1,0.6381385343766468,E0,0.10000000000000001,0.57755096953834495,E1,0.01,0.55618444375804821,E2,0.01
group,0,4,49,UB0091,1,0.64266455456733607,M2,1,0.47397276955431095,E0,0.10000000000000001,E0,0.10000000000000001,0.57557064766669608,1,0.4622286102920356,M0,0.10000000000000001,0.61841139456322614,M1,1,0.47397276955431095,E0,0.10000000000000001,0.37652150822804309,E1,0.01,0.41175104043130478,E2,0.01
group,0,0,50,UB0098,0,0.70055002966195234,M2,1,0.29585331619508953,E0,0.10000000000000001,E0,0.10000000000000001,0.6118582045029658,1,0.74628268241949447,M0,1,0.84714830087856607,M1,1,0.29585331619508953,E0,0.10000000000000001,0.19433875359707459,E1,0.01,0.17437287303823473,E2,0.01
group,0,1,51,UB0099,1,0.7035695160494404,M2,1,0.56176030562334411,E2,0.01,E2,0.01,0.64219676253559599,1,0.57577531388131065,M0,0.10000000000000001,0.55902341275230105,M1,0.10000000000000001,0.7337222452125044,E0,0.10000000000000001,0.60149077775473769,E1,0.01,0.56176030562334411,E2,0.01
group,0,3,52,UB0100,0,0.66669319470149346,M2,0.10000000000000001,0.57251271435048434,E2,0.01,E2,0.01,0.64962265255321638,1,0.5228214264770874,M0,0.10000000000000001,0.64482204984917302,M1,0.10000000000000001,0.55613323720234531,E0,0.01,0.5751220531382506,E1,0.01,0.57251271435048434,E2,0.01
group,0,3,53,UB0102,1,0.50539355939016573,M2,0.10000000000000001,0.39720429280999203,E2,0.01,E2,0.01,0.64962265255321638,1,0.5228214264770874,M0,0.10000000000000001,0.45831561940857368,M1,0.10000000000000001,0.41775157930639184,E0,0.01,0.41281972310870169,E1,0.01,0.39720429280999203,E2,0.01
group,0,1,54,UB0103,0,0.26305282310451594,M2,1,0.4755633368799283,E2,0.01,E2,0.01,0.64219676253559599,1,0.35779381148815803,M0,0.10000000000000001,0.36412028851053646,M1,0.10000000000000001,0.37546402093363757,E0,0.10000000000000001,0.47980962462936355,E1,0.01,0.4755633368799283,E2,0.01
group,0,0,55,UB0104,0,0.28779297155842309,M2,1,0.37734911863316944,E0,0.10000000000000001,E0,0.10000000000000001,0.6118582045029658,1,0.57759572290771,M0,1,0.40231512114240509,M1,1,0.37734911863316944,E0,0.10000000000000001,0.4083036301002993,E1,0.01,0.37193396721612582,E2,0.01
group,0,4,56,UB0105,0,0.16949135342900007,M2,1,0.17365553952345109,E0,0.10000000000000001,E0,0.10000000000000001,0.57557064766669608,1,0.26375860305969989,M0,0.10000000000000001,0.17626264045722739,M1,1,0.17365553952345109,E0,0.10000000000000001,0.30586307101467142,E1,0.01,0.31694204199212456,E2,0.01
group,0,3,57,UB0106,1,0.39463222983369067,M2,0.10000000000000001,0.36821933425707576,E2,0.01,E2,0.01,0.64962265255321638,1,0.4396275704439872,M0,0.10000000000000001,0.41333270139252504,M1,0.10000000000000001,0.33956753922786181,E0,0.01,0.33913461549538332,E1,0.01,0.36821933425707576,E2,0.01
group,0,3,58,UB0107,1,0.3311359670679011,M2,0.10000000000000001,0.51380694993588494,E2,0.01,E2,0.01,0.64962265255321638,1,0.31312916024716153,M0,0.10000000000000001,0.31866601531693162,M1,0.10000000000000001,0.42250863752591911,E0,0.01,0.46560781937496093,E1,0.01,0.51380694993588494,E2,0.01
group,0,2,59,UB0109,0,0.25602901665551242,M2,0.10000000000000001,0.25620779618575013,E2,0.10000000000000001,E2,0.10000000000000001,0.60399626044456034,1,0.24806572269184865,M0,0.10000000000000001,0.23833556899352798,M1,0.10000000000000001,0.24011467664372604,E0,0.10000000000000001,0.39496728151433597,E1,0.10000000000000001,0.25620779618575013,E2,0.10000000000000001
group,0,4,60,UB0115,1,0.26254987816763531,M2,1,0.30519372576346432,E0,0.10000000000000001,E0,0.10000000000000001,0.57557064766669608,1,0.27431684725430727,M0,0.10000000000000001,0.20878846176910912,M1,1,0.30519372576346432,E0,0.10000000000000001,0.39944180946548674,E1,0.01,0.47484721740116259,E2,0.01
group,0,0,61,UB0118,1,0.74734568437649518,M2,1,0.51620418010258728,E0,0.10000000000000001,E0,0.10000000000000001,0.6118582045029658,1,0.61446163988531888,M0,1,0.74353913388202664,M1,1,0.51620418010258728,E0,0.10000000000000001,0.42013531843700824,E1,0.01,0.43061152601249447,E2,0.01
group,0,0,62,UB0119,1,0.6766637342626709,M2,1,0.57282127674003902,E0,0.10000000000000001,E0,0.10000000000000001,0.6118582045029658,1,0.53984454551426653,M0,1,0.61839179091876018,M1,1,0.57282127674003902,E0,0.10000000000000001,0.52132627957009214,E1,0.01,0.53634921080861231,E2,0.01
group,0,2,63,UB0120,1,0.51153012391293673,M2,0.10000000000000001,0.76423154825691031,E2,0.10000000000000001,E2,0.10000000000000001,0.60399626044456034,1,0.51469700072174773,M0,0.10000000000000001,0.50032997709283578,M1,0.10000000000000001,0.45479870128290889,E0,0.10000000000000001,0.59711616273995549,E1,0.10000000000000001,0.76423154825691031,E2,0.10000000000000001
group,0,2,64,UB0122,0,0.5160259835158223,M2,0.10000000000000001,0.39101349776819966,E2,0.10000000000000001,E2,0.10000000000000001,0.60399626044456034,1,0.55318734465345432,M0,0.10000000000000001,0.51349396431272221,M1,0.10000000000000001,0.58803892752309594,E0,0.10000000000000001,0.52648157740687873,E1,0.10000000000000001,0.39101349776819966,E2,0.10000000000000001
group,0,3,65,UB0124,1,0.65314565337474517,M2,0.10000000000000001,0.55190557335857537,E2,0.01,E2,0.01,0.64962265255321638,1,0.54656077885296461,M0,0.10000000000000001,0.62887978534008515,M1,0.10000000000000001,0.51190964759529345,E0,0.01,0.5484541521300742,E1,0.01,0.55190557335857537,E2,0.01
group,0,2,66,UB0126,0,0.26484949220872739,M2,0.10000000000000001,0.28075373498406786,E2,0.10000000000000001,E2,0.10000000000000001,0.60399626044456034,1,0.28587268286916173,M0,0.10000000000000001,0.26472905023557647,M1,0.10000000000000001,0.2388507389988338,E0,0.10000000000000001,0.21309395040700446,E1,0.10000000000000001,0.28075373498406786,E2,0.10000000000000001
group,0,4,67,UB0127,1,0.48446763262461462,M2,1,0.20264937636472863,E0,0.10000000000000001,E0,0.10000000000000001,0.57557064766669608,1,0.31906904569911915,M0,0.10000000000000001,0.43728043307153625,M1,1,0.20264937636472863,E0,0.10000000000000001,0.35484672511852511,E1,0.01,0.37213087234160597,E2,0.01
group,0,3,68,UB0128,1,0.91853602620134633,M2,0.10000000000000001,0.74593499405270758,E2,0.01,E2,0.01,0.64962265255321638,1,0.54656077885296461,M0,0.10000000000000001,0.94171676235735913,M1,0.10000000000000001,0.67010351052266648,E0,0.01,0.72241394615362631,E1,0.01,0.74593499405270758,E2,0.01
group,0,3,69,UB0129,1,0.54576793805227619,M2,0.10000000000000001,0.51231401640461915,E2,0.01,E2,0.01,0.64962265255321638,1,0.54656077885296461,M0,0.10000000000000001,0.5345769184062058,M1,0.10000000000000001,0.52063899310863582,E0,0.01,0.5292778656368603,E1,0.01,0.51231401640461915,E2,0.01
group,0,3,70,UB0131,0,0.29938411169342904,M2,0.10000000000000001,0.47373196084915564,E2,0.01,E2,0.01,0.64962265255321638,1,0.34470921916375447,M0,0.10000000000000001,0.29118430540868151,M1,0.10000000000000001,0.47803306046973576,E0,0.01,0.52578880678649653,E1,0.01,0.47373196084915564,E2,0.01
group,0,0,71,UB0132,1,0.55923116444299992,M2,1,0.58927353577005404,E0,0.10000000000000001,E0,0.10000000000000001,0.6118582045029658,1,0.65005939344568342,M0,1,0.76553717037357694,M1,1,0.58927353577005404,E0,0.10000000000000001,0.49767633502724157,E1,0.01,0.49835996900510077,E2,0.01
group,0,4,72,UB0133,0,0.45673420017498623,M2,1,0.5722875243316603,E0,0.10000000000000001,E0,0.10000000000000001,0.57557064766669608,1,0.52924069910527727,M0,0.10000000000000001,0.45196267580487992,M1,1,0.5722875243316603,E0,0.10000000000000001,0.48653129875456463,E1,0.01,0.50086606400019673,E2,0.01
group,0,0,73,UB0134,1,0.42475067699746932,M2,1,0.42602840888471716,E0,0.10000000000000001,E0,0.10000000000000001,0.6118582045029658,1,0.42559009334529818,M0,1,0.42257938557146968,M1,1,0.42602840888471716,E0,0.10000000000000001,0.41312168328196086,E1,0.01,0.43065513769767871,E2,0.01
group,0,1,74,UB0138,1,0.63217632556110037,M2,1,0.5432090377068588,E2,0.01,E2,0.01,0.64219676253559599,1,0.44961716448992395,M0,0.10000000000000001,0.46824296324073228,M1,0.10000000000000001,0.50033995783893592,E0,0.10000000000000001,0.47250761436411653,E1,0.01,0.5432090377068588,E2,0.01
group,0,4,75,UB0139,0,0.64803044510464247,M2,1,0.78738571999475104,E0,0.10000000000000001,E0,0.10000000000000001,0.57557064766669608,1,0.51584527723874696,M0,0.10000000000000001,0.64572169664266943,M1,1,0.78738571999475104,E0,0.10000000000000001,0.64777530014506857,E1,0.01,0.66016208260962916,E2,0.01
group,0,0,76,UB0140,1,0.24070248474010808,M2,1,0.3968576567168266,E0,0.10000000000000001,E0,0.10000000000000001,0.6118582045029658,1,0.46339756421269906,M0,1,0.26604828111577794,M1,1,0.3968576567168266,E0,0.10000000000000001,0.43064910699645531,E1,0.01,0.45640128629109455,E2,0.01
group,0,4,77,UB0142,1,0.19240525952860002,M2,1,0.68882126680640654,E0,0.10000000000000001,E0,0.10000000000000001,0.57557064766669608,1,0.30751824751992091,M0,0.10000000000000001,0.1403883877760948,M1,1,0.68882126680640654,E0,0.10000000000000001,0.67295414016160915,E1,0.01,0.65068533242872151,E2,0.01
group,0,3,78,UB0143,1,0.61885345582263052,M2,0.10000000000000001,0.47851377116406024,E2,0.01,E2,0.01,0.64962265255321638,1,0.53471075882719865,M0,0.10000000000000001,0.58521330986991005,M1,0.10000000000000001,0.47443923954532757,E0,0.01,0.50670206129833006,E1,0.01,0.47851377116406024,E2,0.01
group,0,2,79,UB0144,1,0.51259013547171062,M2,0.10000000000000001,0.46675548703103797,E2,0.10000000000000001,E2,0.10000000000000001,0.60399626044456034,1,0.50502904178228802,M0,0.10000000000000001,0.53685509625535044,M1,0.10000000000000001,0.6806970138495646,E0,0.10000000000000001,0.69072690139054038,E1,0.10000000000000001,0.46675548703103797,E2,0.10000000000000001
group,0,4,80,UB0147,0,0.59969909907247043,M2,1,0.4910164796122467,E0,0.10000000000000001,E0,0.10000000000000001,0.57557064766669608,1,0.58221496325477518,M0,0.10000000000000001,0.5284641901077064,M1,1,0.4910164796122467,E0,0.10000000000000001,0.43621489739847313,E1,0.01,0.39119430526458177,E2,0.01
group,0,0,81,UB0150,1,0.057602100696477518,M2,1,0.41363191896720802,E0,0.10000000000000001,E0,0.10000000000000001,0.6118582045029658,1,0.35291382594105991,M0,1,0.050169867080156166,M1,1,0.41363191896720802,E0,0.10000000000000001,0.39659845296926949,E1,0.01,0.43627821537316547,E2,0.01
group,0,0,82,UB0153,0,0.185217264709096,M2,1,0.24104577997067311,E0,0.10000000000000001,E0,0.10000000000000001,0.6118582045029658,1,0.28493533141608907,M0,1,0.14102600878650232,M1,1,0.24104577997067311,E0,0.10000000000000001,0.3349744727734264,E1,0.01,0.3387351725473558,E2,0.01
group,0,4,83,UB0154,0,0.43327713573397564,M2,1,0.44433194551790195,E0,0.10000000000000001,E0,0.10000000000000001,0.57557064766669608,1,0.50242704786538495,M0,0.10000000000000001,0.45270954100643246,M1,1,0.44433194551790195,E0,0.10000000000000001,0.3991172630902538,E1,0.01,0.43022710175636697,E2,0.01
group,0,0,84,UB0156,0,0.15454812322007694,M2,1,0.29083731070377544,E0,0.10000000000000001,E0,0.10000000000000001,0.6118582045029658,1,0.46154153157008659,M0,1,0.29880439386099467,M1,1,0.29083731070377544,E0,0.10000000000000001,0.39260504974866406,E1,0.01,0.36068662667462131,E2,0.01
group,0,2,85,UB0158,0,0.47724382547972199,M2,0.10000000000000001,0.76926455142250161,E2,0.10000000000000001,E2,0.10000000000000001,0.60399626044456034,1,0.55318734465345432,M0,0.10000000000000001,0.52305188214316756,M1,0.10000000000000001,0.59842541411546846,E0,0.10000000000000001,0.80042637286097917,E1,0.10000000000000001,0.76926455142250161,E2,0.10000000000000001
group,0,1,86,UB0161,1,0.58799761749363721,M2,1,0.56524052364418642,E2,0.01,E2,0.01,0.64219676253559599,1,0.30948539703371558,M0,0.10000000000000001,0.67779791129489764,M1,0.10000000000000001,0.72965918423480658,E0,0.10000000000000001,0.60328965833199999,E1,0.01,0.56524052364418642,E2,0.01
group,0,0,87,UB0162,1,0.50510752491452993,M2,1,0.55861494815650936,E0,0.10000000000000001,E0,0.10000000000000001,0.6118582045029658,1,0.68406031550790014,M0,1,0.74674078485832707,M1,1,0.55861494815650936,E0,0.10000000000000001,0.53256545205728534,E1,0.01,0.58049968757871528,E2,0.01
group,0,1,88,UB0164,1,0.59602252710993808,M2,1,0.45006818045003422,E2,0.01,E2,0.01,0.64219676253559599,1,0.44961716448992395,M0,0.10000000000000001,0.45492087559551564,M1,0.10000000000000001,0.35830595828516731,E0,0.10000000000000001,0.43987632010048916,E1,0.01,0.45006818045003422,E2,0.01
group,0,1,89,UB0166,1,0.6068827734657789,M2,1,0.48878855808813393,E2,0.01,E2,0.01,0.64219676253559599,1,0.55797055955090269,M0,0.10000000000000001,0.51498494258229299,M1,0.10000000000000001,0.52738030635398936,E0,0.10000000000000001,0.47430721333471004,E1,0.01,0.48878855808813393,E2,0.01
group,0,2,90,UB0168,1,0.49012037369306816,M2,0.10000000000000001,0.24297022553561237,E2,0.10000000000000001,E2,0.10000000000000001,0.60399626044456034,1,0.32693638727727781,M0,0.10000000000000001,0.46881074110503523,M1,0.10000000000000001,0.48464928412061287,E0,0.10000000000000001,0.35064631564920895,E1,0.10000000000000001,0.24297022553561237,E2,0.10000000000000001
group,0,1,91,UB0169,0,0.15998163012023597,M2,1,0.44809683450209892,E2,0.01,E2,0.01,0.64219676253559599,1,0.34130657363958777,M0,0.10000000000000001,0.32474413326680235,M1,0.10000000000000001,0.35326234277125684,E0,0.10000000000000001,0.42898374898701336,E1,0.01,0.44809683450209892,E2,0.01
group,0,4,92,UB0170,1,0.51365311846056094,M2,1,0.60991088394858139,E0,0.10000000000000001,E0,0.10000000000000001,0.57557064766669608,1,0.54259413395767508,M0,0.10000000000000001,0.41044011196835378,M1,1,0.60991088394858139,E0,0.10000000000000001,0.45998096889345097,E1,0.01,0.46123739723055729,E2,0.01
group,0,0,93,UB0172,0,0.81157644599848033,M2,1,0.6568952917043267,E0,0.10000000000000001,E0,0.10000000000000001,0.6118582045029658,1,0.46339756421269906,M0,1,0.84486997438084233,M1,1,0.6568952917043267,E0,0.10000000000000001,0.41170754787641861,E1,0.01,0.42511435337613168,E2,0.01
group,0,1,94,UB0173,0,0.74560341814050501,M2,1,0.46819614377324581,E2,0.01,E2,0.01,0.64219676253559599,1,0.59338552800005229,M0,0.10000000000000001,0.54789030221564938,M1,0.10000000000000001,0.54467706167343677,E0,0.10000000000000001,0.46973822995012082,E1,0.01,0.46819614377324581,E2,0.01
group,0,2,95,UB0176,0,0.23816085640734078,M2,0.10000000000000001,0.17945244068488031,E2,0.10000000000000001,E2,0.10000000000000001,0.60399626044456034,1,0.27034144724241738,M0,0.10000000000000001,0.22051469257697601,M1,0.10000000000000001,0.1905836012140262,E0,0.10000000000000001,0.25752423625631637,E1,0.10000000000000001,0.17945244068488031,E2,0.10000000000000001
group,1,2,0,UB0004,0,0.3098648390837293,M2,0.10000000000000001,0.2658418396136929,E2,0.10000000000000001,E2,0.10000000000000001,0.60059015425280082,1,0.30877174453650363,M0,1,0.29185779521360028,M1,0.10000000000000001,0.25272031033536302,E0,0.10000000000000001,0.22755596275564641,E1,0.10000000000000001,0.2658418396136929,E2,0.10000000000000001
group,1,3,1,UB0007,0,0.33131807885966552,M2,0.10000000000000001,0.52247150714851709,E2,0.01,E2,0.01,0.62934698067361883,1,0.53307732863523483,M0,0.10000000000000001,0.44936530082923287,M1,0.10000000000000001,0.30725165710695196,E0,0.10000000000000001,0.46652121334728308,E1,0.01,0.52247150714851709,E2,0.01
group,1,4,2,UB0020,0,0.64990285991803032,M2,0.10000000000000001,0.68533510972160838,E2,0.10000000000000001,E2,0.10000000000000001,0.58488617975485269,1,0.58397472499315783,M0,0.10000000000000001,0.62348753015292679,M1,0.10000000000000001,0.43524370247383881,E0,0.10000000000000001,0.42134367101116776,E1,0.10000000000000001,0.68533510972160838,E2,0.10000000000000001
group,1,0,3,UB0021,1,0.47782858721874427,M2,0.10000000000000001,0.42131663920381196,E0,0.10000000000000001,E0,0.10000000000000001,0.63106260785055801,1,0.53762124870205585,M0,0.10000000000000001,0.4598068151575268,M1,0.10000000000000001,0.42131663920381196,E0,0.10000000000000001,0.40689918267368291,E1,0.01,0.43162876597699557,E2,0.01
group,1,1,4,UB0023,1,0.8324634918719892,M2,0.10000000000000001,0.75119234604313534,E0,0.10000000000000001,E0,0.10000000000000001,0.60989061276437373,1,0.54291768024129339,M0,0.10000000000000001,0.84242280967744965,M1,0.10000000000000001,0.75119234604313534,E0,0.10000000000000001,0.54699700816828223,E1,0.01,0.5662514235188052,E2,0.01
group,1,1,5,UB0024,1,0.66397181026605212,M2,0.10000000000000001,0.81439629561767857,E0,0.10000000000000001,E0,0.10000000000000001,0.60989061276437373,1,0.56456193334037896,M0,0.10000000000000001,0.66800315833191137,M1,0.10000000000000001,0.81439629561767857,E0,0.10000000000000001,0.63970367886164325,E1,0.01,0.65720039395703722,E2,0.01
group,1,2,6,UB0028,1,0.46691696422509543,M2,0.10000000000000001,0.79255458398008849,E2,0.10000000000000001,E2,0.10000000000000001,0.60059015425280082,1,0.59847965880204068,M0,1,0.57363997993221605,M1,0.10000000000000001,0.480351048541451,E0,0.10000000000000001,0.57768806829432073,E1,0.10000000000000001,0.79255458398008849,E2,0.10000000000000001
group,1,1,7,UB0029,1,0.50470740564220751,M2,0.10000000000000001,0.48276548116389373,E0,0.10000000000000001,E0,0.10000000000000001,0.60989061276437373,1,0.53202921720188112,M0,0.10000000000000001,0.57666345080078163,M1,0.10000000000000001,0.48276548116389373,E0,0.10000000000000001,0.45489019266505532,E1,0.01,0.50119794487382374,E2,0.01
group,1,3,8,UB0030,0,0.31541050149830602,M2,0.10000000000000001,0.13841682573435551,E2,0.01,E2,0.01,0.62934698067361883,1,0.42453212736026896,M0,0.10000000000000001,0.34187105377612281,M1,0.10000000000000001,0.093417190680560147,E0,0.10000000000000001,0.12108466865720637,E1,0.01,0.13841682573435551,E2,0.01
group,1,1,9,UB0032,0,0.34075955826934951,M2,0.10000000000000001,0.28155349123543316,E0,0.10000000000000001,E0,0.10000000000000001,0.60989061276437373,1,0.44469700974109144,M0,0.10000000000000001,0.40836415774039803,M1,0.10000000000000001,0.28155349123543316,E0,0.10000000000000001,0.37216053131565713,E1,0.01,0.36789898133839122,E2,0.01
group,1,1,10,UB0034,0,0.43763474701908245,M2,0.10000000000000001,0.27688976377559626,E0,0.10000000000000001,E0,0.10000000000000001,0.60989061276437373,1,0.44469700974109144,M0,0.10000000000000001,0.40788814778436217,M1,0.10000000000000001,0.27688976377559626,E0,0.10000000000000001,0.30882853560393975,E1,0.01,0.27886138032922253,E2,0.01
group,1,3,11,UB0035,0,0.36511233156358214,M2,0.10000000000000001,0.15675547449426086,E2,0.01,E2,0.01,0.62934698067361883,1,0.42453212736026896,M0,0.10000000000000001,0.37466682255510286,M1,0.10000000000000001,0.14537013793443157,E0,0.10000000000000001,0.1780679437857986,E1,0.01,0.15675547449426086,E2,0.01
group,1,4,12,UB0039,0,0.56583974729815978,M2,0.10000000000000001,0.5629274560651355,E2,0.10000000000000001,E2,0.10000000000000001,0.58488617975485269,1,0.42725742184212173,M0,0.10000000000000001,0.48645923812139402,M1,0.10000000000000001,0.50119640750611072,E0,0.10000000000000001,0.62670609888539142,E1,0.10000000000000001,0.5629274560651355,E2,0.10000000000000001
group,1,0,13,UB0042,0,0.14977558231756122,M2,0.10000000000000001,0.079894526591100204,E0,0.10000000000000001,E0,0.10000000000000001,0.63106260785055801,1,0.21326539515561105,M0,0.10000000000000001,0.14914760055603324,M1,0.10000000000000001,0.079894526591100204,E0,0.10000000000000001,0.2117583653472169,E1,0.01,0.18570578623888939,E2,0.01
group,1,0,14,UB0044,0,0.4035918561477127,M2,0.10000000000000001,0.44605117927467131,E0,0.10000000000000001,E0,0.10000000000000001,0.63106260785055801,1,0.42829761807202421,M0,0.10000000000000001,0.37126114203353183,M1,0.10000000000000001,0.44605117927467131,E0,0.10000000000000001,0.42740697623210466,E1,0.01,0.46173007748539646,E2,0.01
group,1,2,15,UB0045,0,0.25973615189749033,M2,0.10000000000000001,0.16491742227650175,E2,0.10000000000000001,E2,0.10000000000000001,0.60059015425280082,1,0.33170890884683446,M0,1,0.24219288859960106,M1,0.10000000000000001,0.20780800418476308,E0,0.10000000000000001,0.32394208783928541,E1,0.10000000000000001,0.16491742227650175,E2,0.10000000000000001
group,1,4,16,UB0046,0,0.18066559258902959,M2,0.10000000000000001,0.023729910555657263,E2,0.10000000000000001,E2,0.10000000000000001,0.58488617975485269,1,0.18809856559928073,M0,0.10000000000000001,0.17814188970957093,M1,0.10000000000000001,0.076125431874168231,E0,0.10000000000000001,0.02612178645370309,E1,0.10000000000000001,0.023729910555657263,E2,0.10000000000000001
group,1,4,17,UB0047,0,0.43388494379000914,M2,0.10000000000000001,0.40714917162568159,E2,0.10000000000000001,E2,0.10000000000000001,0.58488617975485269,1,0.42725742184212173,M0,0.10000000000000001,0.39395553120762827,M1,0.10000000000000001,0.44297252933568032,E0,0.10000000000000001,0.45533960109970906,E1,0.10000000000000001,0.40714917162568159,E2,0.10000000000000001
group,1,0,18,UB0049,0,0.3068822681604117,M2,0.10000000000000001,0.26882512820811849,E0,0.10000000000000001,E0,0.10000000000000001,0.63106260785055801,1,0.41299545846150476,M0,0.10000000000000001,0.29959894873612714,M1,0.10000000000000001,0.26882512820811849,E0,0.10000000000000001,0.33901045582047123,E1,0.01,0.33485264462157105,E2,0.01
group,1,4,19,UB0051,0,0.21523382160134569,M2,0.10000000000000001,0.13235838516240761,E2,0.10000000000000001,E2,0.10000000000000001,0.58488617975485269,1,0.2411596670024764,M0,0.10000000000000001,0.21289797035476074,M1,0.10000000000000001,0.20886113716114466,E0,0.10000000000000001,0.20944268434850782,E1,0.10000000000000001,0.13235838516240761,E2,0.10000000000000001
group,1,3,20,UB0052,0,0.55435181711057657,M2,0.10000000000000001,0.53884582717367502,E2,0.01,E2,0.01,0.62934698067361883,1,0.5194690311524699,M0,0.10000000000000001,0.53049851340531906,M1,0.10000000000000001,0.54742090661462439,E0,0.10000000000000001,0.52721088573962438,E1,0.01,0.53884582717367502,E2,0.01
group,1,1,21,UB0053,0,0.31277877539269655,M2,0.10000000000000001,0.34798977148575189,E0,0.10000000000000001,E0,0.10000000000000001,0.60989061276437373,1,0.29379245932683956,M0,0.10000000000000001,0.28761137402177661,M1,0.10000000000000001,0.34798977148575189,E0,0.10000000000000001,0.44003198697306162,E1,0.01,0.45142850901314485,E2,0.01
group,1,0,22,UB0054,0,0.19567262909839439,M2,0.10000000000000001,0.14435786304431078,E0,0.10000000000000001,E0,0.10000000000000001,0.63106260785055801,1,0.24657442340238647,M0,0.10000000000000001,0.19556649309731622,M1,0.10000000000000001,0.14435786304431078,E0,0.10000000000000001,0.37682365958992087,E1,0.01,0.29172468108066141,E2,0.01
group,1,4,23,UB0056,0,0.14845739892462384,M2,0.10000000000000001,0.28770847663577637,E2,0.10000000000000001,E2,0.10000000000000001,0.58488617975485269,1,0.18809856559928073,M0,0.10000000000000001,0.15565349198434866,M1,0.10000000000000001,0.13626752177665988,E0,0.10000000000000001,0.34394010992554452,E1,0.10000000000000001,0.28770847663577637,E2,0.10000000000000001
group,1,2,24,UB0057,0,0.23886832221690146,M2,0.10000000000000001,0.11690702905883882,E2,0.10000000000000001,E2,0.10000000000000001,0.60059015425280082,1,0.25336073038564244,M0,1,0.22420494556827786,M1,0.10000000000000001,0.17191821717240266,E0,0.10000000000000001,0.15225754950087342,E1,0.10000000000000001,0.11690702905883882,E2,0.10000000000000001
group,1,3,25,UB0059,0,0.31150590911525899,M2,0.10000000000000001,0.40553424157074253,E2,0.01,E2,0.01,0.62934698067361883,1,0.30047457559932378,M0,0.10000000000000001,0.28320872702943978,M1,0.10000000000000001,0.33316294960099041,E0,0.10000000000000001,0.40604506828857317,E1,0.01,0.40553424157074253,E2,0.01
group,1,2,26,UB0060,0,0.2959111254570666,M2,0.10000000000000001,0.19717263589038181,E2,0.10000000000000001,E2,0.10000000000000001,0.60059015425280082,1,0.3388512269783191,M0,1,0.32296951455147799,M1,0.10000000000000001,0.29596490797534919,E0,0.10000000000000001,0.28441142563412231,E1,0.10000000000000001,0.19717263589038181,E2,0.10000000000000001
group,1,0,27,UB0061,0,0.29815937377024043,M2,0.10000000000000001,0.24660907374975005,E0,0.10000000000000001,E0,0.10000000000000001,0.63106260785055801,1,0.27064059532803686,M0,0.10000000000000001,0.30089711989275614,M1,0.10000000000000001,0.24660907374975005,E0,0.10000000000000001,0.33266413355723556,E1,0.01,0.28514577687421205,E2,0.01
group,1,1,28,UB0063,0,0.32507374388877525,M2,0.10000000000000001,0.29200004346992842,E0,0.10000000000000001,E0,0.10000000000000001,0.60989061276437373,1,0.30296171229256191,M0,0.10000000000000001,0.31335009851705237,M1,0.10000000000000001,0.29200004346992842,E0,0.10000000000000001,0.39750612909827043,E1,0.01,0.36585083012576747,E2,0.01
group,1,2,29,UB0065,0,0.29206736958200219,M2,0.10000000000000001,0.10357177834816618,E2,0.10000000000000001,E2,0.10000000000000001,0.60059015425280082,1,0.3388512269783191,M0,1,0.3786040470883254,M1,0.10000000000000001,0.19204533427639386,E0,0.10000000000000001,0.18558803180209693,E1,0.10000000000000001,0.10357177834816618,E2,0.10000000000000001
group,1,3,30,UB0066,0,0.27486815020227384,M2,0.10000000000000001,0.52461731194598016,E2,0.01,E2,0.01,0.62934698067361883,1,0.36075184850474795,M0,0.10000000000000001,0.28657071193404265,M1,0.10000000000000001,0.36881718751202902,E0,0.10000000000000001,0.49709649568776104,E1,0.01,0.52461731194598016,E2,0.01
group,1,4,31,UB0070,1,0.45396487881260844,M2,0.10000000000000001,0.46921139474447748,E2,0.10000000000000001,E2,0.10000000000000001,0.58488617975485269,1,0.47417269193948292,M0,0.10000000000000001,0.44110661068334894,M1,0.10000000000000001,0.61185133241394296,E0,0.10000000000000001,0.50353104790162184,E1,0.10000000000000001,0.46921139474447748,E2,0.10000000000000001
group,1,0,32,UB0071,0,0.28578296059521746,M2,0.10000000000000001,0.41093498053668881,E0,0.10000000000000001,E0,0.10000000000000001,0.63106260785055801,1,0.29613244157122676,M0,0.10000000000000001,0.32251046603513928,M1,0.10000000000000001,0.41093498053668881,E0,0.10000000000000001,0.44649676161180768,E1,0.01,0.45685863505779462,E2,0.01
group,1,0,33,UB0072,0,0.57929221003788811,M2,0.10000000000000001,0.58770209851192734,E0,0.10000000000000001,E0,0.10000000000000001,0.63106260785055801,1,0.5839857741500406,M0,0.10000000000000001,0.55480962662069466,M1,0.10000000000000001,0.58770209851192734,E0,0.10000000000000001,0.48785644896664793,E1,0.01,0.4599919980856042,E2,0.01
group,1,3,34,UB0073,1,0.48308273150090392,M2,0.10000000000000001,0.45542576906532045,E2,0.01,E2,0.01,0.62934698067361883,1,0.47855156082022254,M0,0.10000000000000001,0.48859948598863207,M1,0.10000000000000001,0.46998771824188113,E0,0.10000000000000001,0.44874545851833569,E1,0.01,0.45542576906532045,E2,0.01
group,1,3,35,UB0074,1,0.47422128752738085,M2,0.10000000000000001,0.43772603376078223,E2,0.01,E2,0.01,0.62934698067361883,1,0.47855156082022254,M0,0.10000000000000001,0.47286780106616066,M1,0.10000000000000001,0.42999891991357614,E0,0.10000000000000001,0.45046257997616157,E1,0.01,0.43772603376078223,E2,0.01
group,1,3,36,UB0075,0,0.38244879718053176,M2,0.10000000000000001,0.51092112853141047,E2,0.01,E2,0.01,0.62934698067361883,1,0.34826151215248646,M0,0.10000000000000001,0.38467215360327683,M1,0.10000000000000001,0.69523767374586121,E0,0.10000000000000001,0.61651470298453237,E1,0.01,0.51092112853141047,E2,0.01
group,1,0,37,UB0077,1,0.2250986526294444,M2,0.10000000000000001,0.18791325135705408,E0,0.10000000000000001,E0,0.10000000000000001,0.63106260785055801,1,0.23509497159019752,M0,0.10000000000000001,0.20927706533217313,M1,0.10000000000000001,0.18791325135705408,E0,0.10000000000000001,0.33479478482693747,E1,0.01,0.35922095121122222,E2,0.01
group,1,4,38,UB0078,1,0.24752173331716076,M2,0.10000000000000001,0.26488485318736527,E2,0.10000000000000001,E2,0.10000000000000001,0.58488617975485269,1,0.22978098502324881,M0,0.10000000000000001,0.24296898341332213,M1,0.10000000000000001,0.26980672683433482,E0,0.10000000000000001,0.30041280812340476,E1,0.10000000000000001,0.26488485318736527,E2,0.10000000000000001
group,1,1,39,UB0079,0,0.2858960464912923,M2,0.10000000000000001,0.25956218374487372,E0,0.10000000000000001,E0,0.10000000000000001,0.60989061276437373,1,0.29379245932683956,M0,0.10000000000000001,0.29463679893136097,M1,0.10000000000000001,0.25956218374487372,E0,0.10000000000000001,0.37596287416144764,E1,0.01,0.31198278824552578,E2,0.01
group,1,2,40,UB0080,0,0.24378746422090891,M2,0.10000000000000001,0.38744214487516898,E2,0.10000000000000001,E2,0.10000000000000001,0.60059015425280082,1,0.18345419062926188,M0,1,0.21883406034338601,M1,0.10000000000000001,0.19624328005731856,E0,0.10000000000000001,0.31172622224812624,E1,0.10000000000000001,0.38744214487516898,E2,0.10000000000000001
group,1,0,41,UB0081,0,0.51020757212859136,M2,0.10000000000000001,0.49345132537744124,E0,0.10000000000000001,E0,0.10000000000000001,0.63106260785055801,1,0.55318941036766012,M0,0.10000000000000001,0.50921295853652238,M1,0.10000000000000001,0.49345132537744124,E0,0.10000000000000001,0.42000682560118519,E1,0.01,0.35874334349018194,E2,0.01
group,1,2,42,UB0083,1,0.66114055186224041,M2,0.10000000000000001,0.25150640612728176,E2,0.10000000000000001,E2,0.10000000000000001,0.60059015425280082,1,0.59847965880204068,M0,1,0.64179246190252215,M1,0.10000000000000001,0.58911731674138201,E0,0.10000000000000001,0.5334299493424185,E1,0.10000000000000001,0.25150640612728176,E2,0.10000000000000001
group,1,0,43,UB0084,0,0.39047739838440809,M2,0.10000000000000001,0.44449193252947783,E0,0.10000000000000001,E0,0.10000000000000001,0.63106260785055801,1,0.44373815440092063,M0,0.10000000000000001,0.40022837073446166,M1,0.10000000000000001,0.44449193252947783,E0,0.10000000000000001,0.41179673067349792,E1,0.01,0.36750482185549904,E2,0.01
group,1,3,44,UB0085,1,0.44071085299587431,M2,0.10000000000000001,0.44004293222581575,E2,0.01,E2,0.01,0.62934698067361883,1,0.57352916199135739,M0,0.10000000000000001,0.54680342915972391,M1,0.10000000000000001,0.35407536077462631,E0,0.10000000000000001,0.43728139868407967,E1,0.01,0.44004293222581575,E2,0.01
group,1,2,45,UB0086,1,0.45752172160380827,M2,0.10000000000000001,0.1991163687672157,E2,0.10000000000000001,E2,0.10000000000000001,0.60059015425280082,1,0.39518563864108719,M0,1,0.44115078967053295,M1,0.10000000000000001,0.35674707488932184,E0,0.10000000000000001,0.22179943265780477,E1,0.10000000000000001,0.1991163687672157,E2,0.10000000000000001
group,1,0,46,UB0087,1,0.51400929399021078,M2,0.10000000000000001,0.70800390443412531,E0,0.10000000000000001,E0,0.10000000000000001,0.63106260785055801,1,0.50629428564923162,M0,0.10000000000000001,0.50352953143328816,M1,0.10000000000000001,0.70800390443412531,E0,0.10000000000000001,0.56281493887985434,E1,0.01,0.55520524191811649,E2,0.01
group,1,1,47,UB0089,0,0.27378171035292698,M2,0.10000000000000001,0.18022670435361954,E0,0.10000000000000001,E0,0.10000000000000001,0.60989061276437373,1,0.25048189077952931,M0,0.10000000000000001,0.26224850755588008,M1,0.10000000000000001,0.18022670435361954,E0,0.10000000000000001,0.26832667224440437,E1,0.01,0.26106732609079858,E2,0.01
group,1,1,48,UB0090,0,0.48335297166851376,M2,0.10000000000000001,0.65302975985077771,E0,0.10000000000000001,E0,0.10000000000000001,0.60989061276437373,1,0.45553798787621869,M0,0.10000000000000001,0.46314137896247781,M1,0.10000000000000001,0.65302975985077771,E0,0.10000000000000001,0.55359768201545101,E1,0.01,0.55032978211688899,E2,0.01
group,1,1,49,UB0091,1,0.5436249692800994,M2,0.10000000000000001,0.477431456726158,E0,0.10000000000000001,E0,0.10000000000000001,0.60989061276437373,1,0.46642126745408519,M0,0.10000000000000001,0.52560923070270582,M1,0.10000000000000001,0.477431456726158,E0,0.10000000000000001,0.38097191898546146,E1,0.01,0.41158665126742799,E2,0.01
group,1,2,50,UB0098,0,0.63136963332333251,M2,0.10000000000000001,0.10141607060402165,E2,0.10000000000000001,E2,0.10000000000000001,0.60059015425280082,1,0.72090085364162859,M0,1,0.71490300897417713,M1,0.10000000000000001,0.13516262848072372,E0,0.10000000000000001,0.1639003337455508,E1,0.10000000000000001,0.10141607060402165,E2,0.10000000000000001
group,1,0,51,UB0099,1,0.58837695801693557,M2,0.10000000000000001,0.67252441006831987,E0,0.10000000000000001,E0,0.10000000000000001,0.63106260785055801,1,0.56865395472227809,M0,0.10000000000000001,0.56097900075310869,M1,0.10000000000000001,0.67252441006831987,E0,0.10000000000000001,0.57966185738695819,E1,0.01,0.54463494677215063,E2,0.01
group,1,2,52,UB0100,0,0.69186640142562428,M2,0.10000000000000001,0.66102204749861782,E2,0.10000000000000001,E2,0.10000000000000001,0.60059015425280082,1,0.56505028354030984,M0,1,0.66790330358912264,M1,0.10000000000000001,0.7231234125296,E0,0.10000000000000001,0.60729327942565958,E1,0.10000000000000001,0.66102204749861782,E2,0.10000000000000001
group,1,1,53,UB0102,1,0.47304394608843836,M2,0.10000000000000001,0.40150396629584129,E0,0.10000000000000001,E0,0.10000000000000001,0.60989061276437373,1,0.52111016457370063,M0,0.10000000000000001,0.46434043821333182,M1,0.10000000000000001,0.40150396629584129,E0,0.10000000000000001,0.38852649131487155,E1,0.01,0.34500531812378793,E2,0.01
group,1,1,54,UB0103,0,0.34344529419306791,M2,0.10000000000000001,0.44460299426481692,E0,0.10000000000000001,E0,0.10000000000000001,0.60989061276437373,1,0.33140685481872523,M0,0.10000000000000001,0.32079579919414203,M1,0.10000000000000001,0.44460299426481692,E0,0.10000000000000001,0.49439147363268621,E1,0.01,0.49720389642630003,E2,0.01
group,1,0,55,UB0104,0,0.43289695208133488,M2,0.10000000000000001,0.43584394138547322,E0,0.10000000000000001,E0,0.10000000000000001,0.63106260785055801,1,0.52197937898914348,M0,0.10000000000000001,0.45430876971817824,M1,0.10000000000000001,0.43584394138547322,E0,0.10000000000000001,0.38207648850448694,E1,0.01,0.35368777855840178,E2,0.01
group,1,4,56,UB0105,0,0.24017305426667837,M2,0.10000000000000001,0.2552716665091237,E2,0.10000000000000001,E2,0.10000000000000001,0.58488617975485269,1,0.2411596670024764,M0,0.10000000000000001,0.24428470201617236,M1,0.10000000000000001,0.21396580824651718,E0,0.10000000000000001,0.20238295357966254,E1,0.10000000000000001,0.2552716665091237,E2,0.10000000000000001
group,1,2,57,UB0106,1,0.32482950857051335,M2,0.10000000000000001,0.57279595168749031,E2,0.10000000000000001,E2,0.10000000000000001,0.60059015425280082,1,0.33170890884683446,M0,1,0.34357579038154396,M1,0.10000000000000001,0.33077624107623549,E0,0.10000000000000001,0.53868083821007784,E1,0.10000000000000001,0.57279595168749031,E2,0.10000000000000001
group,1,4,58,UB0107,1,0.28186967288718756,M2,0.10000000000000001,0.66900473362874424,E2,0.10000000000000001,E2,0.10000000000000001,0.58488617975485269,1,0.26504690196865366,M0,0.10000000000000001,0.27509885344964446,M1,0.10000000000000001,0.3542356160157602,E0,0.10000000000000001,0.549247867815993,E1,0.10000000000000001,0.66900473362874424,E2,0.10000000000000001
group,1,3,59,UB0109,0,0.26365187576314286,M2,0.10000000000000001,0.34608190157462543,E2,0.01,E2,0.01,0.62934698067361883,1,0.25666248391050722,M0,0.10000000000000001,0.24908313807417798,M1,0.10000000000000001,0.24276281922308174,E0,0.10000000000000001,0.35816282964005658,E1,0.01,0.34608190157462543,E2,0.01
group,1,1,60,UB0115,1,0.32348864368984392,M2,0.10000000000000001,0.2785011636711745,E0,0.10000000000000001,E0,0.10000000000000001,0.60989061276437373,1,0.30296171229256191,M0,0.10000000000000001,0.30089907114032016,M1,0.10000000000000001,0.2785011636711745,E0,0.10000000000000001,0.37030917371604832,E1,0.01,0.43226354439929787,E2,0.01
group,1,1,61,UB0118,1,0.53537506037658478,M2,0.10000000000000001,0.43939420898711123,E0,0.10000000000000001,E0,0.10000000000000001,0.60989061276437373,1,0.53202921720188112,M0,0.10000000000000001,0.53347912793762808,M1,0.10000000000000001,0.43939420898711123,E0,0.10000000000000001,0.41246512489906678,E1,0.01,0.41636158659415839,E2,0.01
group,1,3,62,UB0119,1,0.52568087516177853,M2,0.10000000000000001,0.58748609014808961,E2,0.01,E2,0.01,0.62934698067361883,1,0.50583178532362705,M0,0.10000000000000001,0.53354351229270069,M1,0.10000000000000001,0.59120584534248777,E0,0.10000000000000001,0.56419441338864673,E1,0.01,0.58748609014808961,E2,0.01
group,1,4,63,UB0120,1,0.51638913718381629,M2,0.10000000000000001,0.61508745212809735,E2,0.10000000000000001,E2,0.10000000000000001,0.58488617975485269,1,0.52154843027056552,M0,0.10000000000000001,0.50931308257113717,M1,0.10000000000000001,0.30965743287384084,E0,0.10000000000000001,0.38191335384347258,E1,0.10000000000000001,0.61508745212809735,E2,0.10000000000000001
group,1,3,64,UB0122,0,0.47417483817199862,M2,0.10000000000000001,0.4305978214832698,E2,0.01,E2,0.01,0.62934698067361883,1,0.56012699530937415,M0,0.10000000000000001,0.48575603700222719,M1,0.10000000000000001,0.50514442809400384,E0,0.10000000000000001,0.4304799480442173,E1,0.01,0.4305978214832698,E2,0.01
group,1,0,65,UB0124,1,0.6488038703948541,M2,0.10000000000000001,0.67658205696714668,E0,0.10000000000000001,E0,0.10000000000000001,0.63106260785055801,1,0.55318941036766012,M0,0.10000000000000001,0.63112755460271774,M1,0.10000000000000001,0.67658205696714668,E0,0.10000000000000001,0.5318489069033947,E1,0.01,0.53523793053043178,E2,0.01
group,1,0,66,UB0126,0,0.29090436911200535,M2,0.10000000000000001,0.27866366971638956,E0,0.10000000000000001,E0,0.10000000000000001,0.63106260785055801,1,0.2832130614214648,M0,0.10000000000000001,0.25177433271404548,M1,0.10000000000000001,0.27866366971638956,E0,0.10000000000000001,0.42636775541314748,E1,0.01,0.45979338822757826,E2,0.01
group,1,4,67,UB0127,1,0.40458661222068931,M2,0.10000000000000001,0.26277483526892476,E2,0.10000000000000001,E2,0.10000000000000001,0.58488617975485269,1,0.30359189889752997,M0,0.10000000000000001,0.41042592718572757,M1,0.10000000000000001,0.13810160870840663,E0,0.10000000000000001,0.21692928499272629,E1,0.10000000000000001,0.26277483526892476,E2,0.10000000000000001
group,1,2,68,UB0128,1,0.93359648179813548,M2,0.10000000000000001,0.98801066162328233,E2,0.10000000000000001,E2,0.10000000000000001,0.60059015425280082,1,0.63101750271868495,M0,1,0.95526458172223716,M1,0.10000000000000001,0.94974758906189916,E0,0.10000000000000001,0.97659419712710294,E1,0.10000000000000001,0.98801066162328233,E2,0.10000000000000001
group,1,3,69,UB0129,1,0.51971904960215787,M2,0.10000000000000001,0.54099461913974645,E2,0.01,E2,0.01,0.62934698067361883,1,0.54663658448762797,M0,0.10000000000000001,0.51785573967338738,M1,0.10000000000000001,0.64042678198124081,E0,0.10000000000000001,0.53143467340034567,E1,0.01,0.54099461913974645,E2,0.01
group,1,3,70,UB0131,0,0.30986955138496169,M2,0.10000000000000001,0.49110476410652654,E2,0.01,E2,0.01,0.62934698067361883,1,0.36075184850474795,M0,0.10000000000000001,0.29744354755227337,M1,0.10000000000000001,0.42231031645051509,E0,0.10000000000000001,0.54607522519520735,E1,0.01,0.49110476410652654,E2,0.01
group,1,3,71,UB0132,1,0.55616389137864497,M2,0.10000000000000001,0.4677727404085914,E2,0.01,E2,0.01,0.62934698067361883,1,0.54663658448762797,M0,0.10000000000000001,0.61360349850697793,M1,0.10000000000000001,0.57917314646851337,E0,0.10000000000000001,0.47210023231694759,E1,0.01,0.4677727404085914,E2,0.01
group,1,1,72,UB0133,0,0.49597298807288176,M2,0.10000000000000001,0.61403675857226825,E0,0.10000000000000001,E0,0.10000000000000001,0.60989061276437373,1,0.52111016457370063,M0,0.10000000000000001,0.46868929861356617,M1,0.10000000000000001,0.61403675857226825,E0,0.10000000000000001,0.51484336002084607,E1,0.01,0.53709944664201958,E2,0.01
group,1,0,73,UB0134,1,0.41283726705132878,M2,0.10000000000000001,0.43480024461141442,E0,0.10000000000000001,E0,0.10000000000000001,0.63106260785055801,1,0.45928814442331062,M0,0.10000000000000001,0.4193292338361444,M1,0.10000000000000001,0.43480024461141442,E0,0.10000000000000001,0.42776175958328039,E1,0.01,0.43748151235237021,E2,0.01
group,1,2,74,UB0138,1,0.49219598908081563,M2,0.10000000000000001,0.69200123252018075,E2,0.10000000000000001,E2,0.10000000000000001,0.60059015425280082,1,0.42846518919925647,M0,1,0.45984182930533751,M1,0.10000000000000001,0.50803892425264408,E0,0.10000000000000001,0.51681121404894925,E1,0.10000000000000001,0.69200123252018075,E2,0.10000000000000001
group,1,2,75,UB0139,0,0.57480769620855365,M2,0.10000000000000001,0.86326004074215923,E2,0.10000000000000001,E2,0.10000000000000001,0.60059015425280082,1,0.53101867637303268,M0,1,0.57244028362111732,M1,0.10000000000000001,0.73650399512956999,E0,0.10000000000000001,0.82158821018408357,E1,0.10000000000000001,0.86326004074215923,E2,0.10000000000000001
group,1,0,76,UB0140,1,0.36063807720607149,M2,0.10000000000000001,0.36458949853681388,E0,0.10000000000000001,E0,0.10000000000000001,0.63106260785055801,1,0.47491782004537242,M0,0.10000000000000001,0.36921227880474333,M1,0.10000000000000001,0.36458949853681388,E0,0.10000000000000001,0.37756636376573455,E1,0.01,0.39132176666872764,E2,0.01
group,1,3,77,UB0142,1,0.31402931812147783,M2,0.10000000000000001,0.5996325780261198,E2,0.01,E2,0.01,0.62934698067361883,1,0.34826151215248646,M0,0.10000000000000001,0.28059354310206464,M1,0.10000000000000001,0.69208037027406799,E0,0.10000000000000001,0.65906946033937397,E1,0.01,0.5996325780261198,E2,0.01
group,1,4,78,UB0143,1,0.65669843238405501,M2,0.10000000000000001,0.63904802296788743,E2,0.10000000000000001,E2,0.10000000000000001,0.58488617975485269,1,0.55297033906712589,M0,0.10000000000000001,0.57379814874288759,M1,0.10000000000000001,0.56003207065893024,E0,0.10000000000000001,0.70393613980742376,E1,0.10000000000000001,0.63904802296788743,E2,0.10000000000000001
group,1,1,79,UB0144,1,0.57296208435589713,M2,0.10000000000000001,0.77220519309550029,E0,0.10000000000000001,E0,0.10000000000000001,0.60989061276437373,1,0.49922189303389297,M0,0.10000000000000001,0.59642223112286141,M1,0.10000000000000001,0.77220519309550029,E0,0.10000000000000001,0.5798689453845377,E1,0.01,0.5250158112463077,E2,0.01
group,1,1,80,UB0147,0,0.56097952671149276,M2,0.10000000000000001,0.58730739138879695,E0,0.10000000000000001,E0,0.10000000000000001,0.60989061276437373,1,0.56456193334037896,M0,0.10000000000000001,0.52350562547160728,M1,0.10000000000000001,0.58730739138879695,E0,0.10000000000000001,0.45620669107951678,E1,0.01,0.41872353945660556,E2,0.01
group,1,0,81,UB0150,1,0.22669947432380322,M2,0.10000000000000001,0.45192591181677955,E0,0.10000000000000001,E0,0.10000000000000001,0.63106260785055801,1,0.42829761807202421,M0,0.10000000000000001,0.23207123065757113,M1,0.10000000000000001,0.45192591181677955,E0,0.10000000000000001,0.41772043681443211,E1,0.01,0.46282178975855753,E2,0.01
group,1,4,82,UB0153,0,0.23062934569121185,M2,0.10000000000000001,0.27955270763096202,E2,0.10000000000000001,E2,0.10000000000000001,0.58488617975485269,1,0.26504690196865366,M0,0.10000000000000001,0.23974893459630595,M1,0.10000000000000001,0.16413467610668386,E0,0.10000000000000001,0.14185711783942401,E1,0.10000000000000001,0.27955270763096202,E2,0.10000000000000001
group,1,2,83,UB0154,0,0.43343952391177842,M2,0.10000000000000001,0.45051658909199971,E2,0.10000000000000001,E2,0.10000000000000001,0.60059015425280082,1,0.49669609782122803,M0,1,0.4390507762141469,M1,0.10000000000000001,0.33725610935044303,E0,0.10000000000000001,0.34192272256039186,E1,0.10000000000000001,0.45051658909199971,E2,0.10000000000000001
group,1,2,84,UB0156,0,0.35854498460699813,M2,0.10000000000000001,0.10331983256816671,E2,0.10000000000000001,E2,0.10000000000000001,0.60059015425280082,1,0.47038033537014778,M0,1,0.4114956193362268,M1,0.10000000000000001,0.28742907065118645,E0,0.10000000000000001,0.18083463746160003,E1,0.10000000000000001,0.10331983256816671,E2,0.10000000000000001
group,1,4,85,UB0158,0,0.52019373412840864,M2,0.10000000000000001,0.61176455467068613,E2,0.10000000000000001,E2,0.10000000000000001,0.58488617975485269,1,0.58397472499315783,M0,0.10000000000000001,0.56313854866285828,M1,0.10000000000000001,0.52783083925357344,E0,0.10000000000000001,0.71608551657201214,E1,0.10000000000000001,0.61176455467068613,E2,0.10000000000000001
group,1,4,86,UB0161,1,0.57897013994514324,M2,0.10000000000000001,0.77818232885757588,E2,0.10000000000000001,E2,0.10000000000000001,0.58488617975485269,1,0.25291679151520574,M0,0.10000000000000001,0.52439626133829831,M1,0.10000000000000001,0.58632126176095689,E0,0.10000000000000001,0.73706899483088151,E1,0.10000000000000001,0.77818232885757588,E2,0.10000000000000001
group,1,2,87,UB0162,1,0.58213274320658237,M2,0.10000000000000001,0.69287056856165363,E2,0.10000000000000001,E2,0.10000000000000001,0.60059015425280082,1,0.6624059478958626,M0,1,0.5719404344141733,M1,0.10000000000000001,0.66904921050246813,E0,0.10000000000000001,0.57059449608671231,E1,0.10000000000000001,0.69287056856165363,E2,0.10000000000000001
group,1,2,88,UB0164,1,0.42295308250784047,M2,0.10000000000000001,0.32055155140525715,E2,0.10000000000000001,E2,0.10000000000000001,0.60059015425280082,1,0.42846518919925647,M0,1,0.42263276230233171,M1,0.10000000000000001,0.27178572936990086,E0,0.10000000000000001,0.35532756923901487,E1,0.10000000000000001,0.32055155140525715,E2,0.10000000000000001
group,1,4,89,UB0166,1,0.54711746297313169,M2,0.10000000000000001,0.65962715707682451,E2,0.10000000000000001,E2,0.10000000000000001,0.58488617975485269,1,0.56853967778259717,M0,0.10000000000000001,0.53870370475000262,M1,0.10000000000000001,0.57729824321531908,E0,0.10000000000000001,0.56499817820416354,E1,0.10000000000000001,0.65962715707682451,E2,0.10000000000000001
group,1,0,90,UB0168,1,0.60569752514855935,M2,0.10000000000000001,0.56143776350889807,E0,0.10000000000000001,E0,0.10000000000000001,0.63106260785055801,1,0.35101048549438302,M0,0.10000000000000001,0.56448850704502085,M1,0.10000000000000001,0.56143776350889807,E0,0.10000000000000001,0.45447189352966133,E1,0.01,0.43105480246720551,E2,0.01
group,1,4,91,UB0169,0,0.24308586456155143,M2,0.10000000000000001,0.33464685052442567,E2,0.10000000000000001,E2,0.10000000000000001,0.58488617975485269,1,0.27754265434149139,M0,0.10000000000000001,0.26635623969353589,M1,0.10000000000000001,0.30507867364685465,E0,0.10000000000000001,0.26034065318042648,E1,0.10000000000000001,0.33464685052442567,E2,0.10000000000000001
group,1,3,92,UB0170,1,0.47815752776575798,M2,0.10000000000000001,0.47149406284817941,E2,0.01,E2,0.01,0.62934698067361883,1,0.53307732863523483,M0,0.10000000000000001,0.43559786757084773,M1,0.10000000000000001,0.6496204446614674,E0,0.10000000000000001,0.47291405664313318,E1,0.01,0.47149406284817941,E2,0.01
group,1,1,93,UB0172,0,0.64930125817734419,M2,0.10000000000000001,0.71555014043505727,E0,0.10000000000000001,E0,0.10000000000000001,0.60989061276437373,1,0.4882736285959911,M0,0.10000000000000001,0.65968866884953892,M1,0.10000000000000001,0.71555014043505727,E0,0.10000000000000001,0.4678675465207533,E1,0.01,0.44166170439355912,E2,0.01
group,1,4,94,UB0173,0,0.61390892317351131,M2,0.10000000000000001,0.5261645673688462,E2,0.10000000000000001,E2,0.10000000000000001,0.58488617975485269,1,0.59924681585682482,M0,0.10000000000000001,0.57477035361432804,M1,0.10000000000000001,0.57753505161668894,E0,0.10000000000000001,0.56310759194539406,E1,0.10000000000000001,0.5261645673688462,E2,0.10000000000000001
group,1,3,95,UB0176,0,0.24905738200789027,M2,0.10000000000000001,0.28347415611352184,E2,0.01,E2,0.01,0.62934698067361883,1,0.28912729566012574,M0,0.10000000000000001,0.22418453317904602,M1,0.10000000000000001,0.21727907625878523,E0,0.10000000000000001,0.31970494535541,E1,0.01,0.28347415611352184,E2,0.01
group,2,2,0,UB0004,0,0.30505114008635864,M2,0.10000000000000001,0.31126857912386507,E0,0.10000000000000001,E0,0.10000000000000001,0.61052434523241006,1,0.22656283433492014,M0,1,0.26428254345036173,M1,0.10000000000000001,0.31126857912386507,E0,0.10000000000000001,0.41282512697320617,E1,0.01,0.45061171281030754,E2,0.01
group,2,4,1,UB0007,0,0.33723803413596531,M2,0.10000000000000001,0.59050791709583506,E2,0.01,E2,0.01,0.62732942323637231,1,0.52677371207839818,M0,0.10000000000000001,0.45121560930573251,M1,0.10000000000000001,0.44609221857578629,E0,0.10000000000000001,0.54660756806827682,E1,0.01,0.59050791709583506,E2,0.01
group,2,2,2,UB0020,0,0.59882617003438599,M2,0.10000000000000001,0.40463286573697693,E0,0.10000000000000001,E0,0.10000000000000001,0.61052434523241006,1,0.64230371977506184,M0,1,0.58059213722125025,M1,0.10000000000000001,0.40463286573697693,E0,0.10000000000000001,0.43052728296150206,E1,0.01,0.4957940540242311,E2,0.01
group,2,3,3,UB0021,1,0.4719115659684528,M2,0.10000000000000001,0.42110815555030406,E2,0.01,E2,0.01,0.65996597889133324,1,0.53198621383923528,M0,0.10000000000000001,0.45845217732735749,M1,0.10000000000000001,0.41059649770319079,E0,0.01,0.40737626334296995,E1,0.01,0.42110815555030406,E2,0.01
group,2,4,4,UB0023,1,0.8264927920425873,M2,0.10000000000000001,0.54915852193788905,E2,0.01,E2,0.01,0.62732942323637231,1,0.54156433473239152,M0,0.10000000000000001,0.80926168863086378,M1,0.10000000000000001,0.74948109594835155,E0,0.10000000000000001,0.53121850606800147,E1,0.01,0.54915852193788905,E2,0.01
group,2,2,5,UB0024,1,0.66871993331073032,M2,0.10000000000000001,0.79648049127494458,E0,0.10000000000000001,E0,0.10000000000000001,0.61052434523241006,1,0.65860164856058845,M0,1,0.67279280471840175,M1,0.10000000000000001,0.79648049127494458,E0,0.10000000000000001,0.58398136784383736,E1,0.01,0.60906304071085493,E2,0.01
group,2,1,6,UB0028,1,0.47408138296815533,M2,0.10000000000000001,0.53564627277540933,E0,0.10000000000000001,E0,0.10000000000000001,0.61095430642465687,1,0.60629732636384981,M0,1,0.57891575368342374,M1,0.10000000000000001,0.53564627277540933,E0,0.10000000000000001,0.5257792249792228,E1,0.01,0.60941958570406629,E2,0.01
group,2,4,7,UB0029,1,0.53568849610056124,M2,0.10000000000000001,0.49197971119005807,E2,0.01,E2,0.01,0.62732942323637231,1,0.52677371207839818,M0,0.10000000000000001,0.55983816533056741,M1,0.10000000000000001,0.46132995594922338,E0,0.10000000000000001,0.44354213145226384,E1,0.01,0.49197971119005807,E2,0.01
group,2,1,8,UB0030,0,0.29283241681823408,M2,0.10000000000000001,0.079188244787351064,E0,0.10000000000000001,E0,0.10000000000000001,0.61095430642465687,1,0.38407511223089391,M0,1,0.3202975123413816,M1,0.10000000000000001,0.079188244787351064,E0,0.10000000000000001,0.10114329094630686,E1,0.01,0.10210359755104298,E2,0.01
group,2,1,9,UB0032,0,0.35345486189789488,M2,0.10000000000000001,0.32744565553718707,E0,0.10000000000000001,E0,0.10000000000000001,0.61095430642465687,1,0.38407511223089391,M0,1,0.32348243004443894,M1,0.10000000000000001,0.32744565553718707,E0,0.10000000000000001,0.34481709233918451,E1,0.01,0.34026337558528985,E2,0.01
group,2,3,10,UB0034,0,0.3435517406245206,M2,0.10000000000000001,0.24897976917298306,E2,0.01,E2,0.01,0.65996597889133324,1,0.42885913392850372,M0,0.10000000000000001,0.37334955379156892,M1,0.10000000000000001,0.31030140222602631,E0,0.01,0.26520373460441876,E1,0.01,0.24897976917298306,E2,0.01
group,2,4,11,UB0035,0,0.35224789847428029,M2,0.10000000000000001,0.17015462084765245,E2,0.01,E2,0.01,0.62732942323637231,1,0.40893766201419895,M0,0.10000000000000001,0.35674024897331452,M1,0.10000000000000001,0.14836377997648978,E0,0.10000000000000001,0.19645339214592128,E1,0.01,0.17015462084765245,E2,0.01
group,2,3,12,UB0039,0,0.52533388038776085,M2,0.10000000000000001,0.35906463890663765,E2,0.01,E2,0.01,0.65996597889133324,1,0.42885913392850372,M0,0.10000000000000001,0.46621643124590378,M1,0.10000000000000001,0.37036755276431121,E0,0.01,0.35755617794789851,E1,0.01,0.35906463890663765,E2,0.01
group,2,3,13,UB0042,0,0.19747612288175265,M2,0.10000000000000001,0.21439468375122486,E2,0.01,E2,0.01,0.65996597889133324,1,0.24210785067288565,M0,0.10000000000000001,0.19768366801777193,M1,0.10000000000000001,0.28254925767224848,E0,0.01,0.22852768127978518,E1,0.01,0.21439468375122486,E2,0.01
group,2,1,14,UB0044,0,0.42823652152681757,M2,0.10000000000000001,0.53061817491992391,E0,0.10000000000000001,E0,0.10000000000000001,0.61095430642465687,1,0.41113406059020197,M0,1,0.38458459816441609,M1,0.10000000000000001,0.53061817491992391,E0,0.10000000000000001,0.46968742353476112,E1,0.01,0.48985200148884095,E2,0.01
group,2,2,15,UB0045,0,0.4093796647552122,M2,0.10000000000000001,0.44386040412946698,E0,0.10000000000000001,E0,0.10000000000000001,0.61052434523241006,1,0.4671619362001338,M0,1,0.371671525458593,M1,0.10000000000000001,0.44386040412946698,E0,0.10000000000000001,0.3875256312188512,E1,0.01,0.37474109675302558,E2,0.01
group,2,1,16,UB0046,0,0.18975073708557175,M2,0.10000000000000001,0.13038720452150135,E0,0.10000000000000001,E0,0.10000000000000001,0.61095430642465687,1,0.13422211041916829,M0,1,0.18609229107969399,M1,0.10000000000000001,0.13038720452150135,E0,0.10000000000000001,0.23475392779069057,E1,0.01,0.21883211183513263,E2,0.01
group,2,2,17,UB0047,0,0.44148228578369703,M2,0.10000000000000001,0.46629987470710571,E0,0.10000000000000001,E0,0.10000000000000001,0.61052434523241006,1,0.4671619362001338,M0,1,0.42314213323931865,M1,0.10000000000000001,0.46629987470710571,E0,0.10000000000000001,0.35597721544076988,E1,0.01,0.38014569278359323,E2,0.01
group,2,3,18,UB0049,0,0.36787070407885097,M2,0.10000000000000001,0.33974766042333149,E2,0.01,E2,0.01,0.65996597889133324,1,0.42885913392850372,M0,0.10000000000000001,0.35922790458072712,M1,0.10000000000000001,0.34718554629684339,E0,0.01,0.34314193300370049,E1,0.01,0.33974766042333149,E2,0.01
group,2,3,19,UB0051,0,0.25504260879835877,M2,0.10000000000000001,0.34133571389665457,E2,0.01,E2,0.01,0.65996597889133324,1,0.29276022902833265,M0,0.10000000000000001,0.25393966761761133,M1,0.10000000000000001,0.3629233776906502,E0,0.01,0.34480015757293214,E1,0.01,0.34133571389665457,E2,0.01
group,2,4,20,UB0052,0,0.54852450777803186,M2,0.10000000000000001,0.53171994183234972,E2,0.01,E2,0.01,0.62732942323637231,1,0.51193594823450472,M0,0.10000000000000001,0.52734912879350393,M1,0.10000000000000001,0.55433257860673379,E0,0.10000000000000001,0.5135197086103066,E1,0.01,0.53171994183234972,E2,0.01
group,2,4,21,UB0053,0,0.29056078643556904,M2,0.10000000000000001,0.4528738302889091,E2,0.01,E2,0.01,0.62732942323637231,1,0.30089729997676112,M0,0.10000000000000001,0.29084617725422968,M1,0.10000000000000001,0.32200408590433399,E0,0.10000000000000001,0.4216428742896719,E1,0.01,0.4528738302889091,E2,0.01
group,2,2,22,UB0054,0,0.17830007412611013,M2,0.10000000000000001,0.11462868578937084,E0,0.10000000000000001,E0,0.10000000000000001,0.61052434523241006,1,0.18025961571813229,M0,1,0.23152779422981754,M1,0.10000000000000001,0.11462868578937084,E0,0.10000000000000001,0.36271248506068832,E1,0.01,0.2971050583481295,E2,0.01
group,2,1,23,UB0056,0,0.16239763699702511,M2,0.10000000000000001,0.12664613684602519,E0,0.10000000000000001,E0,0.10000000000000001,0.61095430642465687,1,0.13422211041916829,M0,1,0.16871760297186644,M1,0.10000000000000001,0.12664613684602519,E0,0.10000000000000001,0.3111701348330434,E1,0.01,0.31431985273163326,E2,0.01
group,2,4,24,UB0057,0,0.24075314926989944,M2,0.10000000000000001,0.20009273016602044,E2,0.01,E2,0.01,0.62732942323637231,1,0.30089729997676112,M0,0.10000000000000001,0.22807693449918243,M1,0.10000000000000001,0.086910038066951315,E0,0.10000000000000001,0.20726813883414758,E1,0.01,0.20009273016602044,E2,0.01
group,2,2,25,UB0059,0,0.30970761674887887,M2,0.10000000000000001,0.30064111153279549,E0,0.10000000000000001,E0,0.10000000000000001,0.61052434523241006,1,0.20242509498243319,M0,1,0.26880768903185315,M1,0.10000000000000001,0.30064111153279549,E0,0.10000000000000001,0.37003829253611575,E1,0.01,0.37983671860339097,E2,0.01
group,2,0,26,UB0060,0,0.23165792900193238,M2,1,0.065489774316931176,E2,0.10000000000000001,E2,0.10000000000000001,0.56482958217479573,1,0.26041824621566162,M0,1,0.24548048725820698,M1,10,0.32271138035495994,E0,0.10000000000000001,0.1673001552795117,E1,0.10000000000000001,0.065489774316931176,E2,0.10000000000000001
group,2,0,27,UB0061,0,0.38542024286155968,M2,1,0.07574899475417908,E2,0.10000000000000001,E2,0.10000000000000001,0.56482958217479573,1,0.19226348231211435,M0,1,0.47262367214695766,M1,10,0.25476520877676173,E0,0.10000000000000001,0.19710247077404813,E1,0.10000000000000001,0.07574899475417908,E2,0.10000000000000001
group,2,3,28,UB0063,0,0.31400489511110713,M2,0.10000000000000001,0.33519169011769373,E2,0.01,E2,0.01,0.65996597889133324,1,0.30360544595436412,M0,0.10000000000000001,0.31053373973847076,M1,0.10000000000000001,0.3818871316746979,E0,0.01,0.35742644309355065,E1,0.01,0.33519169011769373,E2,0.01
group,2,3,29,UB0065,0,0.30142354538309879,M2,0.10000000000000001,0.36104588052351066,E2,0.01,E2,0.01,0.65996597889133324,1,0.32595652342266968,M0,0.10000000000000001,0.34066953559828822,M1,0.10000000000000001,0.39254452947749935,E0,0.01,0.38378812400992562,E1,0.01,0.36104588052351066,E2,0.01
group,2,0,30,UB0066,0,0.13182954670894992,M2,1,0.43724181653388805,E2,0.10000000000000001,E2,0.10000000000000001,0.56482958217479573,1,0.31372815417092603,M0,1,0.060531967969633727,M1,10,0.33161591970924276,E0,0.10000000000000001,0.34327999764660372,E1,0.10000000000000001,0.43724181653388805,E2,0.10000000000000001
group,2,3,31,UB0070,1,0.41632033199315543,M2,0.10000000000000001,0.42929669478439725,E2,0.01,E2,0.01,0.65996597889133324,1,0.4672912348451137,M0,0.10000000000000001,0.40831026387893016,M1,0.10000000000000001,0.45709878770027601,E0,0.01,0.46689871560638463,E1,0.01,0.42929669478439725,E2,0.01
group,2,1,32,UB0071,0,0.28785045055968916,M2,0.10000000000000001,0.34575498585895004,E0,0.10000000000000001,E0,0.10000000000000001,0.61095430642465687,1,0.25481804030090643,M0,1,0.33971500474871408,M1,0.10000000000000001,0.34575498585895004,E0,0.10000000000000001,0.40776577514800083,E1,0.01,0.3987318766611111,E2,0.01
group,2,0,33,UB0072,0,0.65640053234905194,M2,1,0.54954301840947373,E2,0.10000000000000001,E2,0.10000000000000001,0.56482958217479573,1,0.69938683150544267,M0,1,0.56355935779298216,M1,10,0.72187412543340512,E0,0.10000000000000001,0.78302831616028667,E1,0.10000000000000001,0.54954301840947373,E2,0.10000000000000001
group,2,1,34,UB0073,1,0.4963408574583778,M2,0.10000000000000001,0.48915549728011332,E0,0.10000000000000001,E0,0.10000000000000001,0.61095430642465687,1,0.4949361271343849,M0,1,0.50364659102137943,M1,0.10000000000000001,0.48915549728011332,E0,0.10000000000000001,0.44739404494407742,E1,0.01,0.45046196080221679,E2,0.01
group,2,3,35,UB0074,1,0.47655797579010983,M2,0.10000000000000001,0.43892094953981042,E2,0.01,E2,0.01,0.65996597889133324,1,0.48021189693843674,M0,0.10000000000000001,0.47422396611425344,M1,0.10000000000000001,0.41592858946015132,E0,0.01,0.43176796369799708,E1,0.01,0.43892094953981042,E2,0.01
group,2,1,36,UB0075,0,0.37349218664112316,M2,0.10000000000000001,0.70789158131590724,E0,0.10000000000000001,E0,0.10000000000000001,0.61095430642465687,1,0.30004924790063819,M0,1,0.377451183136363,M1,0.10000000000000001,0.70789158131590724,E0,0.10000000000000001,0.58362285148687976,E1,0.01,0.50049959414327827,E2,0.01
group,2,1,37,UB0077,1,0.24557804637206018,M2,0.10000000000000001,0.2708497001764138,E0,0.10000000000000001,E0,0.10000000000000001,0.61095430642465687,1,0.16272143471468359,M0,1,0.22137788554205984,M1,0.10000000000000001,0.2708497001764138,E0,0.10000000000000001,0.37344149339403848,E1,0.01,0.388209505704184,E2,0.01
group,2,0,38,UB0078,1,0.23187816529434518,M2,1,0.22291520831521422,E2,0.10000000000000001,E2,0.10000000000000001,0.56482958217479573,1,0.17280257673148219,M0,1,0.24923562929451337,M1,10,0.27612916235720314,E0,0.10000000000000001,0.30296604331002791,E1,0.10000000000000001,0.22291520831521422,E2,0.10000000000000001
group,2,0,39,UB0079,0,0.28386393118896108,M2,1,0.080411307726141551,E2,0.10000000000000001,E2,0.10000000000000001,0.56482958217479573,1,0.19226348231211435,M0,1,0.37599196138548863,M1,10,0.21942695743679805,E0,0.10000000000000001,0.13018784525775956,E1,0.10000000000000001,0.080411307726141551,E2,0.10000000000000001
group,2,0,40,UB0080,0,0.13572068604286744,M2,1,0.548154921739757,E2,0.10000000000000001,E2,0.10000000000000001,0.56482958217479573,1,0.13860291076579803,M0,1,0.12941544719069736,M1,10,0.160976609065793,E0,0.10000000000000001,0.39596050240169167,E1,0.10000000000000001,0.548154921739757,E2,0.10000000000000001
group,2,2,41,UB0081,0,0.56061187081449182,M2,0.10000000000000001,0.53463168860746757,E0,0.10000000000000001,E0,0.10000000000000001,0.61052434523241006,1,0.62566996516218343,M0,1,0.53904329372138038,M1,0.10000000000000001,0.53463168860746757,E0,0.10000000000000001,0.44956199463144131,E1,0.01,0.38802026975780135,E2,0.01
group,2,0,42,UB0083,1,0.73426973668314932,M2,1,0.32446260429452173,E2,0.10000000000000001,E2,0.10000000000000001,0.56482958217479573,1,0.61130626959284795,M0,1,0.62112894061512158,M1,10,0.58465863773084958,E0,0.10000000000000001,0.55441543787758996,E1,0.10000000000000001,0.32446260429452173,E2,0.10000000000000001
group,2,2,43,UB0084,0,0.44929642714437079,M2,0.10000000000000001,0.55621818373166876,E0,0.10000000000000001,E0,0.10000000000000001,0.61052434523241006,1,0.50296049648481078,M0,1,0.44405240961113113,M1,0.10000000000000001,0.55621818373166876,E0,0.10000000000000001,0.45744429310301871,E1,0.01,0.40843997674568555,E2,0.01
group,2,2,44,UB0085,1,0.45541745209319784,M2,0.10000000000000001,0.35043993928441014,E0,0.10000000000000001,E0,0.10000000000000001,0.61052434523241006,1,0.65860164856058845,M0,1,0.55879028607097503,M1,0.10000000000000001,0.35043993928441014,E0,0.10000000000000001,0.44213256053519462,E1,0.01,0.42926279216546592,E2,0.01
group,2,0,45,UB0086,1,0.6407044763062979,M2,1,0.25825313700968627,E2,0.10000000000000001,E2,0.10000000000000001,0.56482958217479573,1,0.41815783259841333,M0,1,0.7038526337534422,M1,10,0.4075843326658985,E0,0.10000000000000001,0.37147637088716751,E1,0.10000000000000001,0.25825313700968627,E2,0.10000000000000001
group,2,2,46,UB0087,1,0.54531795192895682,M2,0.10000000000000001,0.78728809488054052,E0,0.10000000000000001,E0,0.10000000000000001,0.61052434523241006,1,0.57410258108086509,M0,1,0.52440912963687891,M1,0.10000000000000001,0.78728809488054052,E0,0.10000000000000001,0.59974618876315189,E1,0.01,0.59445236515411204,E2,0.01
group,2,4,47,UB0089,0,0.24121682532901809,M2,0.10000000000000001,0.22586585517100891,E2,0.01,E2,0.01,0.62732942323637231,1,0.2422742367495993,M0,0.10000000000000001,0.24549350321836882,M1,0.10000000000000001,0.12296951662492299,E0,0.10000000000000001,0.25209994258505458,E1,0.01,0.22586585517100891,E2,0.01
group,2,3,48,UB0090,0,0.38787715901865899,M2,0.10000000000000001,0.49884832621922176,E2,0.01,E2,0.01,0.65996597889133324,1,0.44159804750109483,M0,0.10000000000000001,0.41968626906649198,M1,0.10000000000000001,0.45471383657660386,E0,0.01,0.51209033097387213,E1,0.01,0.49884832621922176,E2,0.01
group,2,2,49,UB0091,1,0.53365034068222061,M2,0.10000000000000001,0.51196920586150951,E0,0.10000000000000001,E0,0.10000000000000001,0.61052434523241006,1,0.50296049648481078,M0,1,0.51770045552387856,M1,0.10000000000000001,0.51196920586150951,E0,0.10000000000000001,0.43295321238786755,E1,0.01,0.4692109497903314,E2,0.01
group,2,1,50,UB0098,0,0.5994448090543042,M2,0.10000000000000001,0.23177326647586083,E0,0.10000000000000001,E0,0.10000000000000001,0.61095430642465687,1,0.70761013361837433,M0,1,0.6951353232971198,M1,0.10000000000000001,0.23177326647586083,E0,0.10000000000000001,0.20374079382888713,E1,0.01,0.16883137837333123,E2,0.01
group,2,3,51,UB0099,1,0.55947084415927695,M2,0.10000000000000001,0.57884392546444563,E2,0.01,E2,0.01,0.65996597889133324,1,0.55768614263093286,M0,0.10000000000000001,0.53654856785501204,M1,0.10000000000000001,0.59895783909080169,E0,0.01,0.59977164654203352,E1,0.01,0.57884392546444563,E2,0.01
group,2,1,52,UB0100,0,0.69502834035496142,M2,0.10000000000000001,0.74186290406072508,E0,0.10000000000000001,E0,0.10000000000000001,0.61095430642465687,1,0.57902369218073002,M0,1,0.65412018608946165,M1,0.10000000000000001,0.74186290406072508,E0,0.10000000000000001,0.58694459746860606,E1,0.01,0.58548038320045448,E2,0.01
group,2,0,53,UB0102,1,0.39362340749489227,M2,1,0.30331776351610895,E2,0.10000000000000001,E2,0.10000000000000001,0.56482958217479573,1,0.57988027815726662,M0,1,0.30222937204161715,M1,10,0.47261804034761823,E0,0.10000000000000001,0.37173005451450281,E1,0.10000000000000001,0.30331776351610895,E2,0.10000000000000001
group,2,0,54,UB0103,0,0.34953997742242604,M2,1,0.47621990764677591,E2,0.10000000000000001,E2,0.10000000000000001,0.56482958217479573,1,0.28633087261393031,M0,1,0.3001462443425143,M1,10,0.4512704565507944,E0,0.10000000000000001,0.49827631938291073,E1,0.10000000000000001,0.47621990764677591,E2,0.10000000000000001
group,2,3,55,UB0104,0,0.44783405770764867,M2,0.10000000000000001,0.38422975055348341,E2,0.01,E2,0.01,0.65996597889133324,1,0.51906361008191659,M0,0.10000000000000001,0.46923036067767493,M1,0.10000000000000001,0.43985552557159746,E0,0.01,0.41088356601681908,E1,0.01,0.38422975055348341,E2,0.01
group,2,4,56,UB0105,0,0.28308211886181717,M2,0.10000000000000001,0.29494114234472391,E2,0.01,E2,0.01,0.62732942323637231,1,0.30089729997676112,M0,0.10000000000000001,0.28668358909964475,M1,0.10000000000000001,0.17657061366660659,E0,0.10000000000000001,0.28579588060992533,E1,0.01,0.29494114234472391,E2,0.01
group,2,4,57,UB0106,1,0.35992447158432339,M2,0.10000000000000001,0.33787118148575734,E2,0.01,E2,0.01,0.62732942323637231,1,0.40893766201419895,M0,0.10000000000000001,0.38326001613943383,M1,0.10000000000000001,0.22454830849364632,E0,0.10000000000000001,0.29812269460910384,E1,0.01,0.33787118148575734,E2,0.01
group,2,4,58,UB0107,1,0.34069111040524752,M2,0.10000000000000001,0.5292891021658318,E2,0.01,E2,0.01,0.62732942323637231,1,0.32648206500538451,M0,0.10000000000000001,0.3279291458960521,M1,0.10000000000000001,0.37038560610687232,E0,0.10000000000000001,0.46227718943056695,E1,0.01,0.5292891021658318,E2,0.01
group,2,1,59,UB0109,0,0.2343071998735059,M2,0.10000000000000001,0.22179097967157982,E0,0.10000000000000001,E0,0.10000000000000001,0.61095430642465687,1,0.147905389789736,M0,1,0.22133167531840173,M1,0.10000000000000001,0.22179097967157982,E0,0.10000000000000001,0.3864626258483459,E1,0.01,0.38435038715709047,E2,0.01
group,2,2,60,UB0115,1,0.31400243894356911,M2,0.10000000000000001,0.3424319804900442,E0,0.10000000000000001,E0,0.10000000000000001,0.61052434523241006,1,0.21424682549610105,M0,1,0.27474466959181143,M1,0.10000000000000001,0.3424319804900442,E0,0.10000000000000001,0.40823332709253352,E1,0.01,0.48048433409257441,E2,0.01
group,2,1,61,UB0118,1,0.58760339213178781,M2,0.10000000000000001,0.48771418769227182,E0,0.10000000000000001,E0,0.10000000000000001,0.61095430642465687,1,0.60629732636384981,M0,1,0.56555681015821124,M1,0.10000000000000001,0.48771418769227182,E0,0.10000000000000001,0.41010491520093684,E1,0.01,0.41255559546090409,E2,0.01
group,2,1,62,UB0119,1,0.53228159607576941,M2,0.10000000000000001,0.55491398834319849,E0,0.10000000000000001,E0,0.10000000000000001,0.61095430642465687,1,0.55125907319144185,M0,1,0.5383230607598507,M1,0.10000000000000001,0.55491398834319849,E0,0.10000000000000001,0.53886612669725376,E1,0.01,0.56620097225919352,E2,0.01
group,2,4,63,UB0120,1,0.47153232801161593,M2,0.10000000000000001,0.42834200809789424,E2,0.01,E2,0.01,0.62732942323637231,1,0.49707712006839633,M0,0.10000000000000001,0.46597210934288252,M1,0.10000000000000001,0.33074824370550854,E0,0.10000000000000001,0.37308671677900307,E1,0.01,0.42834200809789424,E2,0.01
group,2,0,64,UB0122,0,0.66322175593153554,M2,1,0.50989663498017346,E2,0.10000000000000001,E2,0.10000000000000001,0.56482958217479573,1,0.67125247322758264,M0,1,0.59254123591878793,M1,10,0.64444857608581463,E0,0.10000000000000001,0.58463381389193114,E1,0.10000000000000001,0.50989663498017346,E2,0.10000000000000001
group,2,1,65,UB0124,1,0.6626200255589545,M2,0.10000000000000001,0.58281001735302829,E0,0.10000000000000001,E0,0.10000000000000001,0.61095430642465687,1,0.63292417384626609,M0,1,0.64204897013930817,M1,0.10000000000000001,0.58281001735302829,E0,0.10000000000000001,0.51940053015112209,E1,0.01,0.52228464255245,E2,0.01
group,2,4,66,UB0126,0,0.29461618237614567,M2,0.10000000000000001,0.47986820593839463,E2,0.01,E2,0.01,0.62732942323637231,1,0.31354793917938739,M0,0.10000000000000001,0.27530066307462203,M1,0.10000000000000001,0.34951489874970371,E0,0.10000000000000001,0.43925287258896495,E1,0.01,0.47986820593839463,E2,0.01
group,2,2,67,UB0127,1,0.41118867273098547,M2,0.10000000000000001,0.18671263056958926,E0,0.10000000000000001,E0,0.10000000000000001,0.61052434523241006,1,0.26644269587858987,M0,1,0.40236328980051139,M1,0.10000000000000001,0.18671263056958926,E0,0.10000000000000001,0.3503393222067554,E1,0.01,0.35028124608118233,E2,0.01
group,2,0,68,UB0128,1,0.99656844951702139,M2,1,0.98312989149425689,E2,0.10000000000000001,E2,0.10000000000000001,0.56482958217479573,1,0.64183346904563732,M0,1,0.99893279260296508,M1,10,0.9576678224389128,E0,0.10000000000000001,0.96767471158454055,E1,0.10000000000000001,0.98312989149425689,E2,0.10000000000000001
group,2,2,69,UB0129,1,0.54843575780242004,M2,0.10000000000000001,0.61712738492695085,E0,0.10000000000000001,E0,0.10000000000000001,0.61052434523241006,1,0.62566996516218343,M0,1,0.5294855986648439,M1,0.10000000000000001,0.61712738492695085,E0,0.10000000000000001,0.50308622442386386,E1,0.01,0.50281551152950621,E2,0.01
group,2,4,70,UB0131,0,0.31895163515330216,M2,0.10000000000000001,0.51086542806533708,E2,0.01,E2,0.01,0.62732942323637231,1,0.36683798268221146,M0,0.10000000000000001,0.30901349077664692,M1,0.10000000000000001,0.45863152453629064,E0,0.10000000000000001,0.55200344789947897,E1,0.01,0.51086542806533708,E2,0.01
group,2,3,71,UB0132,1,0.57466528734465883,M2,0.10000000000000001,0.48624013999273608,E2,0.01,E2,0.01,0.65996597889133324,1,0.54486605202873284,M0,0.10000000000000001,0.61164110486146028,M1,0.10000000000000001,0.48782839544582252,E0,0.01,0.48523032218869749,E1,0.01,0.48624013999273608,E2,0.01
group,2,4,72,UB0133,0,0.42327992392484304,M2,0.10000000000000001,0.53099382258490724,E2,0.01,E2,0.01,0.62732942323637231,1,0.51193594823450472,M0,0.10000000000000001,0.450498408398669,M1,0.10000000000000001,0.52645438283746793,E0,0.10000000000000001,0.50325118555973791,E1,0.01,0.53099382258490724,E2,0.01
group,2,1,73,UB0134,1,0.42563703373125217,M2,0.10000000000000001,0.43871985950907444,E0,0.10000000000000001,E0,0.10000000000000001,0.61095430642465687,1,0.46673325349513861,M0,1,0.43391033015721203,M1,0.10000000000000001,0.43871985950907444,E0,0.10000000000000001,0.40022975024283097,E1,0.01,0.39468765758621227,E2,0.01
group,2,3,74,UB0138,1,0.50570899969972471,M2,0.10000000000000001,0.51325584789821244,E2,0.01,E2,0.01,0.65996597889133324,1,0.4672912348451137,M0,0.10000000000000001,0.48621969147117494,M1,0.10000000000000001,0.45738303039236783,E0,0.01,0.44378609514478806,E1,0.01,0.51325584789821244,E2,0.01
group,2,3,75,UB0139,0,0.56874184524652716,M2,0.10000000000000001,0.61175077551675983,E2,0.01,E2,0.01,0.65996597889133324,1,0.50611545078933717,M0,0.10000000000000001,0.55769970958444104,M1,0.10000000000000001,0.56421340261443431,E0,0.01,0.59925804420978479,E1,0.01,0.61175077551675983,E2,0.01
group,2,4,76,UB0140,1,0.37364700730662437,M2,0.10000000000000001,0.39519793022976174,E2,0.01,E2,0.01,0.62732942323637231,1,0.46740113566477087,M0,0.10000000000000001,0.38464433423969352,M1,0.10000000000000001,0.33813860762585141,E0,0.10000000000000001,0.36521295446832475,E1,0.01,0.39519793022976174,E2,0.01
group,2,0,77,UB0142,1,0.21127280744716387,M2,1,0.27937514114533002,E2,0.10000000000000001,E2,0.10000000000000001,0.56482958217479573,1,0.28633087261393031,M0,1,0.14096604200463461,M1,10,0.49097814521076316,E0,0.10000000000000001,0.31136600687588917,E1,0.10000000000000001,0.27937514114533002,E2,0.10000000000000001
group,2,4,78,UB0143,1,0.62318699652064502,M2,0.10000000000000001,0.52128905082276622,E2,0.01,E2,0.01,0.62732942323637231,1,0.52677371207839818,M0,0.10000000000000001,0.57581722224263443,M1,0.10000000000000001,0.56840616169713742,E0,0.10000000000000001,0.52196959630818562,E1,0.01,0.52128905082276622,E2,0.01
group,2,1,79,UB0144,1,0.51156826054490823,M2,0.10000000000000001,0.73183463361469525,E0,0.10000000000000001,E0,0.10000000000000001,0.61095430642465687,1,0.52317126346396448,M0,1,0.54032364680997091,M1,0.10000000000000001,0.73183463361469525,E0,0.10000000000000001,0.53627783261982154,E1,0.01,0.47999119109378102,E2,0.01
group,2,2,80,UB0147,0,0.5563396787336633,M2,0.10000000000000001,0.46722302225536644,E0,0.10000000000000001,E0,0.10000000000000001,0.61052434523241006,1,0.65860164856058845,M0,1,0.53442799600891322,M1,0.10000000000000001,0.46722302225536644,E0,0.10000000000000001,0.44242740858530766,E1,0.01,0.36621194801304396,E2,0.01
group,2,0,81,UB0150,1,0.046180440116810779,M2,1,0.52847742732624092,E2,0.10000000000000001,E2,0.10000000000000001,0.56482958217479573,1,0.38678071015340493,M0,1,0.013688999363798181,M1,10,0.28065294896532522,E0,0.10000000000000001,0.34992586186914482,E1,0.10000000000000001,0.52847742732624092,E2,0.10000000000000001
group,2,2,82,UB0153,0,0.28044680075656286,M2,0.10000000000000001,0.2038580533142669,E0,0.10000000000000001,E0,0.10000000000000001,0.61052434523241006,1,0.22656283433492014,M0,1,0.26823721642402515,M1,0.10000000000000001,0.2038580533142669,E0,0.10000000000000001,0.33497131192339019,E1,0.01,0.35603370622915143,E2,0.01
group,2,2,83,UB0154,0,0.48282286351081216,M2,0.10000000000000001,0.46516669278446715,E0,0.10000000000000001,E0,0.10000000000000001,0.61052434523241006,1,0.55648725096877183,M0,1,0.48916230890769541,M1,0.10000000000000001,0.46516669278446715,E0,0.10000000000000001,0.43161518054766823,E1,0.01,0.4686575370066568,E2,0.01
group,2,3,84,UB0156,0,0.31304717274157712,M2,0.10000000000000001,0.33612741515663985,E2,0.01,E2,0.01,0.65996597889133324,1,0.3730353417751317,M0,0.10000000000000001,0.33891575466772039,M1,0.10000000000000001,0.39575703818380653,E0,0.01,0.3575693763060519,E1,0.01,0.33612741515663985,E2,0.01
group,2,0,85,UB0158,0,0.57658734390443578,M2,1,0.84223666877627024,E2,0.10000000000000001,E2,0.10000000000000001,0.56482958217479573,1,0.67125247322758264,M0,1,0.61284770326385152,M1,10,0.65871382879403106,E0,0.10000000000000001,0.91327556880889094,E1,0.10000000000000001,0.84223666877627024,E2,0.10000000000000001
group,2,3,86,UB0161,1,0.80150211920878611,M2,0.10000000000000001,0.59528114940381849,E2,0.01,E2,0.01,0.65996597889133324,1,0.30360544595436412,M0,0.10000000000000001,0.77970671263556091,M1,0.10000000000000001,0.59516517795280244,E0,0.01,0.61880305258652069,E1,0.01,0.59528114940381849,E2,0.01
group,2,2,87,UB0162,1,0.49692838747974039,M2,0.10000000000000001,0.5966683737009435,E0,0.10000000000000001,E0,0.10000000000000001,0.61052434523241006,1,0.64230371977506184,M0,1,0.51951064736168162,M1,0.10000000000000001,0.5966683737009435,E0,0.10000000000000001,0.51469266609481168,E1,0.01,0.54987065202957319,E2,0.01
group,2,3,88,UB0164,1,0.44879277246553212,M2,0.10000000000000001,0.43728775948551851,E2,0.01,E2,0.01,0.65996597889133324,1,0.4672912348451137,M0,0.10000000000000001,0.45420113954101576,M1,0.10000000000000001,0.39275717272117922,E0,0.01,0.42612876253918319,E1,0.01,0.43728775948551851,E2,0.01
group,2,4,89,UB0166,1,0.50933965632408063,M2,0.10000000000000001,0.49279080634549577,E2,0.01,E2,0.01,0.62732942323637231,1,0.54156433473239152,M0,0.10000000000000001,0.4974089832183769,M1,0.10000000000000001,0.5252432580500046,E0,0.10000000000000001,0.47403780078059177,E1,0.01,0.49279080634549577,E2,0.01
group,2,0,90,UB0168,1,0.71755607041161285,M2,1,0.30322144273008517,E2,0.10000000000000001,E2,0.10000000000000001,0.56482958217479573,1,0.34248887162997971,M0,1,0.85202089660626068,M1,10,0.64048273880634676,E0,0.10000000000000001,0.51841215428528831,E1,0.10000000000000001,0.30322144273008517,E2,0.10000000000000001
group,2,0,91,UB0169,0,0.17586491678955846,M2,1,0.38186836748016439,E2,0.10000000000000001,E2,0.10000000000000001,0.56482958217479573,1,0.26041824621566162,M0,1,0.12465872309530991,M1,10,0.34805359066908026,E0,0.10000000000000001,0.3165867750078209,E1,0.10000000000000001,0.38186836748016439,E2,0.10000000000000001
group,2,0,92,UB0170,1,0.44197474122404301,M2,1,0.50945234859569533,E2,0.10000000000000001,E2,0.10000000000000001,0.56482958217479573,1,0.61130626959284795,M0,1,0.32226441602739669,M1,10,0.63262946038257528,E0,0.10000000000000001,0.58807260378541981,E1,0.10000000000000001,0.50945234859569533,E2,0.10000000000000001
group,2,0,93,UB0172,0,0.81645444525175193,M2,1,0.18734907341987156,E2,0.10000000000000001,E2,0.10000000000000001,0.56482958217479573,1,0.48268408148551412,M0,1,0.89110055258943632,M1,10,0.72359005213191685,E0,0.10000000000000001,0.20611923996826784,E1,0.10000000000000001,0.18734907341987156,E2,0.10000000000000001
group,2,1,94,UB0173,0,0.59658447187359198,M2,0.10000000000000001,0.55276276403712143,E0,0.10000000000000001,E0,0.10000000000000001,0.61095430642465687,1,0.68369339199091461,M0,1,0.55107067234721085,M1,0.10000000000000001,0.55276276403712143,E0,0.10000000000000001,0.46432685508667637,E1,0.01,0.45764449957460845,E2,0.01
group,2,4,95,UB0176,0,0.24217865064747207,M2,0.10000000000000001,0.25603622861789155,E2,0.01,E2,0.01,0.62732942323637231,1,0.28854252681538028,M0,0.10000000000000001,0.2229659295651476,M1,0.10000000000000001,0.1768275744687168,E0,0.10000000000000001,0.28546343717327488,E1,0.01,0.25603622861789155,E2,0.01
group,3,2,0,UB0004,0,0.27563350535732173,M2,0.10000000000000001,0.28956976196687673,E0,0.10000000000000001,E0,0.10000000000000001,0.58097179391604137,1,0.21195803406129179,M0,1,0.23267155536891124,M1,0.10000000000000001,0.28956976196687673,E0,0.10000000000000001,0.30579321720947272,E1,0.10000000000000001,0.36354583811536167,E2,0.10000000000000001
group,3,1,1,UB0007,0,0.40610453799734958,M2,0.10000000000000001,0.52002661795849825,E2,0.01,E2,0.01,0.64516866785252891,1,0.57140452093306038,M0,0.10000000000000001,0.50369003311014215,M1,0.10000000000000001,0.47933791331783754,E0,0.01,0.45642867743247073,E1,0.01,0.52002661795849825,E2,0.01
group,3,1,2,UB0020,0,0.65570572059771937,M2,0.10000000000000001,0.53043328297702752,E2,0.01,E2,0.01,0.64516866785252891,1,0.5974615506986336,M0,0.10000000000000001,0.63744263451655936,M1,0.10000000000000001,0.44001670568697715,E0,0.01,0.44702837078316671,E1,0.01,0.53043328297702752,E2,0.01
group,3,4,3,UB0021,1,0.48935272933470569,M2,1,0.37034386930052027,E0,0.10000000000000001,E0,0.10000000000000001,0.5921420513115897,1,0.58849212989428157,M0,1,0.39261740327104472,M1,1,0.37034386930052027,E0,0.10000000000000001,0.3903924333617641,E1,0.01,0.41118997581356492,E2,0.01
group,3,3,4,UB0023,1,0.77686100674213743,M2,0.10000000000000001,0.54844550866108566,E2,0.01,E2,0.01,0.64052568864602966,1,0.53737232542361357,M0,0.10000000000000001,0.92149036696861508,M1,1,0.50661144274915282,E0,0.01,0.51493998065608204,E1,0.01,0.54844550866108566,E2,0.01
group,3,0,5,UB0024,1,0.56925779414149813,M2,0.10000000000000001,0.60330556438728178,E2,0.01,E2,0.01,0.6314101672098128,1,0.55525134066448056,M0,0.10000000000000001,0.56525509290087617,M1,0.10000000000000001,0.69970386841677379,E0,0.10000000000000001,0.57486635597756086,E1,0.01,0.60330556438728178,E2,0.01
group,3,3,6,UB0028,1,0.45729137833562461,M2,0.10000000000000001,0.61434678612082738,E2,0.01,E2,0.01,0.64052568864602966,1,0.52028615763153818,M0,0.10000000000000001,0.68378169244319731,M1,1,0.48017517701026802,E0,0.01,0.53805212845917649,E1,0.01,0.61434678612082738,E2,0.01
group,3,1,7,UB0029,1,0.60459233553934622,M2,0.10000000000000001,0.58206488852856131,E2,0.01,E2,0.01,0.64516866785252891,1,0.57140452093306038,M0,0.10000000000000001,0.6158238879634399,M1,0.10000000000000001,0.47589867147811321,E0,0.01,0.5092603684244833,E1,0.01,0.58206488852856131,E2,0.01
group,3,1,8,UB0030,0,0.35528820270816325,M2,0.10000000000000001,0.17729599803538573,E2,0.01,E2,0.01,0.64516866785252891,1,0.46463964892436632,M0,0.10000000000000001,0.38008680614381424,M1,0.10000000000000001,0.29992607649883141,E0,0.01,0.15832481259669623,E1,0.01,0.17729599803538573,E2,0.01
group,3,4,9,UB0032,0,0.32435959571479722,M2,1,0.33923109291287501,E0,0.10000000000000001,E0,0.10000000000000001,0.5921420513115897,1,0.35013700668217829,M0,1,0.28307777403222473,M1,1,0.33923109291287501,E0,0.10000000000000001,0.37712779238290095,E1,0.01,0.38280370889755316,E2,0.01
group,3,0,10,UB0034,0,0.3859837868558631,M2,0.10000000000000001,0.23190493622772371,E2,0.01,E2,0.01,0.6314101672098128,1,0.41779009537566186,M0,0.10000000000000001,0.39212866253815887,M1,0.10000000000000001,0.17613188049955275,E0,0.10000000000000001,0.25598778657839416,E1,0.01,0.23190493622772371,E2,0.01
group,3,0,11,UB0035,0,0.39813355951438162,M2,0.10000000000000001,0.20983374560277618,E2,0.01,E2,0.01,0.6314101672098128,1,0.41779009537566186,M0,0.10000000000000001,0.39011468127369653,M1,0.10000000000000001,0.2017987899476156,E0,0.10000000000000001,0.23308554158594202,E1,0.01,0.20983374560277618,E2,0.01
group,3,4,12,UB0039,0,0.77881929984937948,M2,1,0.46329848419505432,E0,0.10000000000000001,E0,0.10000000000000001,0.5921420513115897,1,0.35013700668217829,M0,1,0.62097860435307528,M1,1,0.46329848419505432,E0,0.10000000000000001,0.37053025607344336,E1,0.01,0.38926985955474425,E2,0.01
group,3,3,13,UB0042,0,0.16631408805473644,M2,0.10000000000000001,0.18276759671825343,E2,0.01,E2,0.01,0.64052568864602966,1,0.24309680390503824,M0,0.10000000000000001,0.08084991344587128,M1,1,0.26813696647599788,E0,0.01,0.19474980167389086,E1,0.01,0.18276759671825343,E2,0.01
group,3,1,14,UB0044,0,0.48707136287614372,M2,0.10000000000000001,0.51133404905712687,E2,0.01,E2,0.01,0.64516866785252891,1,0.47800914761751873,M0,0.10000000000000001,0.45352812686895377,M1,0.10000000000000001,0.42882023685271381,E0,0.01,0.4569771140461486,E1,0.01,0.51133404905712687,E2,0.01
group,3,3,15,UB0045,0,0.24394912266850027,M2,0.10000000000000001,0.27863213077373644,E2,0.01,E2,0.01,0.64052568864602966,1,0.38522086811427148,M0,0.10000000000000001,0.10410971637173197,M1,1,0.29708628404919052,E0,0.01,0.2901590802616732,E1,0.01,0.27863213077373644,E2,0.01
group,3,4,16,UB0046,0,0.131472163834746,M2,1,0.15421873997007998,E0,0.10000000000000001,E0,0.10000000000000001,0.5921420513115897,1,0.15105402152725109,M0,1,0.13560143811214492,M1,1,0.15421873997007998,E0,0.10000000000000001,0.23054115052891747,E1,0.01,0.22593030478612613,E2,0.01
group,3,2,17,UB0047,0,0.36883490248661188,M2,0.10000000000000001,0.44476590967998225,E0,0.10000000000000001,E0,0.10000000000000001,0.58097179391604137,1,0.43180421587710904,M0,1,0.38418016179125475,M1,0.10000000000000001,0.44476590967998225,E0,0.10000000000000001,0.39096172778563565,E1,0.10000000000000001,0.35371894068383208,E2,0.10000000000000001
group,3,0,18,UB0049,0,0.36245181992503567,M2,0.10000000000000001,0.345020567439494,E2,0.01,E2,0.01,0.6314101672098128,1,0.41779009537566186,M0,0.10000000000000001,0.36489300709024369,M1,0.10000000000000001,0.27293080858068008,E0,0.10000000000000001,0.34565163305862723,E1,0.01,0.345020567439494,E2,0.01
group,3,2,19,UB0051,0,0.22788681208544423,M2,0.10000000000000001,0.21213438997194783,E0,0.10000000000000001,E0,0.10000000000000001,0.58097179391604137,1,0.18238284339601446,M0,1,0.22065913561049727,M1,0.10000000000000001,0.21213438997194783,E0,0.10000000000000001,0.17114573807016878,E1,0.10000000000000001,0.12639312780558057,E2,0.10000000000000001
group,3,1,20,UB0052,0,0.60832729672112285,M2,0.10000000000000001,0.51155484331952394,E2,0.01,E2,0.01,0.64516866785252891,1,0.55821630445508064,M0,0.10000000000000001,0.58551031418143773,M1,0.10000000000000001,0.48271640422915646,E0,0.01,0.49289779998590033,E1,0.01,0.51155484331952394,E2,0.01
group,3,3,21,UB0053,0,0.3258029704883697,M2,0.10000000000000001,0.43126815017283537,E2,0.01,E2,0.01,0.64052568864602966,1,0.31155093423258329,M0,0.10000000000000001,0.26257228557418533,M1,1,0.41919776891439314,E0,0.01,0.41972488219613729,E1,0.01,0.43126815017283537,E2,0.01
group,3,0,22,UB0054,0,0.19856828900821696,M2,0.10000000000000001,0.33378561397199974,E2,0.01,E2,0.01,0.6314101672098128,1,0.25433075546977357,M0,0.10000000000000001,0.22709291396732056,M1,0.10000000000000001,0.14147108756412374,E0,0.10000000000000001,0.39134473452944035,E1,0.01,0.33378561397199974,E2,0.01
group,3,4,23,UB0056,0,0.088405758682162563,M2,1,0.13619933120007743,E0,0.10000000000000001,E0,0.10000000000000001,0.5921420513115897,1,0.15105402152725109,M0,1,0.108426917796555,M1,1,0.13619933120007743,E0,0.10000000000000001,0.33954491415962124,E1,0.01,0.35266236820195956,E2,0.01
group,3,2,24,UB0057,0,0.22336659927123778,M2,0.10000000000000001,0.11439386061449756,E0,0.10000000000000001,E0,0.10000000000000001,0.58097179391604137,1,0.18238284339601446,M0,1,0.20350191864000583,M1,0.10000000000000001,0.11439386061449756,E0,0.10000000000000001,0.12092039665039908,E1,0.10000000000000001,0.081665246702286129,E2,0.10000000000000001
group,3,3,25,UB0059,0,0.33227327126092054,M2,0.10000000000000001,0.39711599048959401,E2,0.01,E2,0.01,0.64052568864602966,1,0.31155093423258329,M0,0.10000000000000001,0.21177613853978694,M1,1,0.39918646540799696,E0,0.01,0.39316593472286843,E1,0.01,0.39711599048959401,E2,0.01
group,3,0,26,UB0060,0,0.25790692415788163,M2,0.10000000000000001,0.30324924820745153,E2,0.01,E2,0.01,0.6314101672098128,1,0.3049288260879508,M0,0.10000000000000001,0.27316164937568793,M1,0.10000000000000001,0.26331834138958415,E0,0.10000000000000001,0.35463390864601696,E1,0.01,0.30324924820745153,E2,0.01
group,3,1,27,UB0061,0,0.27325531788830926,M2,0.10000000000000001,0.24233462069009726,E2,0.01,E2,0.01,0.64516866785252891,1,0.26473882925295744,M0,0.10000000000000001,0.27690350545282039,M1,0.10000000000000001,0.34209952586537773,E0,0.01,0.29848369378840622,E1,0.01,0.24233462069009726,E2,0.01
group,3,4,28,UB0063,0,0.31177269075741237,M2,1,0.29149354706547081,E0,0.10000000000000001,E0,0.10000000000000001,0.5921420513115897,1,0.27007764167447673,M0,1,0.28390752611092535,M1,1,0.29149354706547081,E0,0.10000000000000001,0.39342815761128885,E1,0.01,0.37045308594554172,E2,0.01
group,3,3,29,UB0065,0,0.26127399513240146,M2,0.10000000000000001,0.33472731696162233,E2,0.01,E2,0.01,0.64052568864602966,1,0.3572912895427322,M0,0.10000000000000001,0.31042705072522103,M1,1,0.38457796161328278,E0,0.01,0.35490375868661772,E1,0.01,0.33472731696162233,E2,0.01
group,3,0,30,UB0066,0,0.27182715890946418,M2,0.10000000000000001,0.47730557218672875,E2,0.01,E2,0.01,0.6314101672098128,1,0.32667736293830857,M0,0.10000000000000001,0.27546493744265899,M1,0.10000000000000001,0.33942099062142106,E0,0.10000000000000001,0.44725070381927334,E1,0.01,0.47730557218672875,E2,0.01
group,3,4,31,UB0070,1,0.41655201786947288,M2,1,0.45687883318967654,E0,0.10000000000000001,E0,0.10000000000000001,0.5921420513115897,1,0.43723966458583635,M0,1,0.37293336780686898,M1,1,0.45687883318967654,E0,0.10000000000000001,0.44053430538463201,E1,0.01,0.4217356068310924,E2,0.01
group,3,2,32,UB0071,0,0.34317820659013981,M2,0.10000000000000001,0.54995364554914772,E0,0.10000000000000001,E0,0.10000000000000001,0.58097179391604137,1,0.21195803406129179,M0,1,0.31407492174539353,M1,0.10000000000000001,0.54995364554914772,E0,0.10000000000000001,0.56449839076935104,E1,0.10000000000000001,0.48446902416872795,E2,0.10000000000000001
group,3,2,33,UB0072,0,0.5959600891022897,M2,0.10000000000000001,0.68072737587666199,E0,0.10000000000000001,E0,0.10000000000000001,0.58097179391604137,1,0.68019836313933624,M0,1,0.57507716063216552,M1,0.10000000000000001,0.68072737587666199,E0,0.10000000000000001,0.63705667769162089,E1,0.10000000000000001,0.52635331893912141,E2,0.10000000000000001
group,3,4,34,UB0073,1,0.4292512182492752,M2,1,0.47368759190389759,E0,0.10000000000000001,E0,0.10000000000000001,0.5921420513115897,1,0.46745836067567831,M0,1,0.42662568245747928,M1,1,0.47368759190389759,E0,0.10000000000000001,0.44630721182877775,E1,0.01,0.46088182527861132,E2,0.01
group,3,3,35,UB0074,1,0.44920132626247683,M2,0.10000000000000001,0.42031630933401248,E2,0.01,E2,0.01,0.64052568864602966,1,0.45186738675485943,M0,0.10000000000000001,0.50693711503291294,M1,1,0.40860179114196005,E0,0.01,0.42368060926574574,E1,0.01,0.42031630933401248,E2,0.01
group,3,4,36,UB0075,0,0.41040413512699753,M2,1,0.76712642388426977,E0,0.10000000000000001,E0,0.10000000000000001,0.5921420513115897,1,0.34792695620844144,M0,1,0.40588823105875715,M1,1,0.76712642388426977,E0,0.10000000000000001,0.61487705756027389,E1,0.01,0.54729274280750762,E2,0.01
group,3,0,37,UB0077,1,0.25516140478614358,M2,0.10000000000000001,0.37134485042937093,E2,0.01,E2,0.01,0.6314101672098128,1,0.24490213964826077,M0,0.10000000000000001,0.23949907052403546,M1,0.10000000000000001,0.20267718945777899,E0,0.10000000000000001,0.33120533738923891,E1,0.01,0.37134485042937093,E2,0.01
group,3,2,38,UB0078,1,0.23416718007921616,M2,0.10000000000000001,0.2724893803702032,E0,0.10000000000000001,E0,0.10000000000000001,0.58097179391604137,1,0.16884323188553063,M0,1,0.22669235641991428,M1,0.10000000000000001,0.2724893803702032,E0,0.10000000000000001,0.23560291945470083,E1,0.10000000000000001,0.20034178212297596,E2,0.10000000000000001
group,3,3,39,UB0079,0,0.30308340488250052,M2,0.10000000000000001,0.28944761902525817,E2,0.01,E2,0.01,0.64052568864602966,1,0.31155093423258329,M0,0.10000000000000001,0.36732410139074029,M1,1,0.38045234899683833,E0,0.01,0.33809774302585122,E1,0.01,0.28944761902525817,E2,0.01
group,3,3,40,UB0080,0,0.25910043003327804,M2,0.10000000000000001,0.39783205241953762,E2,0.01,E2,0.01,0.64052568864602966,1,0.26921346593990853,M0,0.10000000000000001,0.18654208848228823,M1,1,0.32835241422841938,E0,0.01,0.34981360934753214,E1,0.01,0.39783205241953762,E2,0.01
group,3,2,41,UB0081,0,0.59229433129494269,M2,0.10000000000000001,0.56787518022164118,E0,0.10000000000000001,E0,0.10000000000000001,0.58097179391604137,1,0.63820005961778736,M0,1,0.56351373893328982,M1,0.10000000000000001,0.56787518022164118,E0,0.10000000000000001,0.37392846011463982,E1,0.10000000000000001,0.1760203526392537,E2,0.10000000000000001
group,3,1,42,UB0083,1,0.65241834774700092,M2,0.10000000000000001,0.46243029261386442,E2,0.01,E2,0.01,0.64516866785252891,1,0.57140452093306038,M0,0.10000000000000001,0.64541630413987816,M1,0.10000000000000001,0.4985387973270714,E0,0.01,0.51855913380414698,E1,0.01,0.46243029261386442,E2,0.01
group,3,3,43,UB0084,0,0.38802313876652189,M2,0.10000000000000001,0.3838527215697593,E2,0.01,E2,0.01,0.64052568864602966,1,0.41817070532851619,M0,0.10000000000000001,0.42352687700797781,M1,1,0.43739380856915383,E0,0.01,0.42190190348578693,E1,0.01,0.3838527215697593,E2,0.01
group,3,0,44,UB0085,1,0.46105402884250357,M2,0.10000000000000001,0.42760747540148969,E2,0.01,E2,0.01,0.6314101672098128,1,0.55525134066448056,M0,0.10000000000000001,0.51801363283326052,M1,0.10000000000000001,0.39746176602360622,E0,0.10000000000000001,0.4507142890285592,E1,0.01,0.42760747540148969,E2,0.01
group,3,0,45,UB0086,1,0.46079730137630837,M2,0.10000000000000001,0.316756215435475,E2,0.01,E2,0.01,0.6314101672098128,1,0.44246408272123783,M0,0.10000000000000001,0.44630983566950166,M1,0.10000000000000001,0.381555140018356,E0,0.10000000000000001,0.3612437635595776,E1,0.01,0.316756215435475,E2,0.01
group,3,2,46,UB0087,1,0.54506858825238813,M2,0.10000000000000001,0.82797447275858627,E0,0.10000000000000001,E0,0.10000000000000001,0.58097179391604137,1,0.57123107538155504,M0,1,0.53006541078170821,M1,0.10000000000000001,0.82797447275858627,E0,0.10000000000000001,0.8071921986642393,E1,0.10000000000000001,0.77525436164341399,E2,0.10000000000000001
group,3,1,47,UB0089,0,0.21598676180828891,M2,0.10000000000000001,0.25112079911557833,E2,0.01,E2,0.01,0.64516866785252891,1,0.21589164246744902,M0,0.10000000000000001,0.22272591191333016,M1,0.10000000000000001,0.29439329163734218,E0,0.01,0.29572197568320718,E1,0.01,0.25112079911557833,E2,0.01
group,3,2,48,UB0090,0,0.43191603479113905,M2,0.10000000000000001,0.56785636263949024,E0,0.10000000000000001,E0,0.10000000000000001,0.58097179391604137,1,0.4548899463547339,M0,1,0.40955050383699021,M1,0.10000000000000001,0.56785636263949024,E0,0.10000000000000001,0.74252704395262126,E1,0.10000000000000001,0.76270040464935229,E2,0.10000000000000001
group,3,3,49,UB0091,1,0.45634531778225185,M2,0.10000000000000001,0.38889152453438108,E2,0.01,E2,0.01,0.64052568864602966,1,0.41817070532851619,M0,0.10000000000000001,0.55174650949234638,M1,1,0.38796518965803378,E0,0.01,0.36405990791479481,E1,0.01,0.38889152453438108,E2,0.01
group,3,2,50,UB0098,0,0.69271547369799902,M2,0.10000000000000001,0.50641068749986218,E0,0.10000000000000001,E0,0.10000000000000001,0.58097179391604137,1,0.70019888713755873,M0,1,0.71197515958350588,M1,0.10000000000000001,0.50641068749986218,E0,0.10000000000000001,0.43790098649567211,E1,0.10000000000000001,0.15776957066126324,E2,0.10000000000000001
group,3,0,51,UB0099,1,0.52407322600104966,M2,0.10000000000000001,0.52616368245625844,E2,0.01,E2,0.01,0.6314101672098128,1,0.54278745155239261,M0,0.10000000000000001,0.51181009665628296,M1,0.10000000000000001,0.71076576516527268,E0,0.10000000000000001,0.58387554709514533,E1,0.01,0.52616368245625844,E2,0.01
group,3,4,52,UB0100,0,0.86196350262892063,M2,1,0.80062368247370153,E0,0.10000000000000001,E0,0.10000000000000001,0.5921420513115897,1,0.55865712683806068,M0,1,0.7861186750543363,M1,1,0.80062368247370153,E0,0.10000000000000001,0.62284202408513401,E1,0.01,0.6062494660158031,E2,0.01
group,3,2,53,UB0102,1,0.50249833880643857,M2,0.10000000000000001,0.37413549498333309,E0,0.10000000000000001,E0,0.10000000000000001,0.58097179391604137,1,0.59397855818124234,M0,1,0.49056519554437278,M1,0.10000000000000001,0.37413549498333309,E0,0.10000000000000001,0.42921185330018685,E1,0.10000000000000001,0.29711971517915764,E2,0.10000000000000001
group,3,4,54,UB0103,0,0.27360005708682561,M2,1,0.43875064332843383,E0,0.10000000000000001,E0,0.10000000000000001,0.5921420513115897,1,0.34792695620844144,M0,1,0.29483166298834651,M1,1,0.43875064332843383,E0,0.10000000000000001,0.50784119487340107,E1,0.01,0.51303987646246751,E2,0.01
group,3,1,55,UB0104,0,0.48966978536703648,M2,0.10000000000000001,0.36669557936112945,E2,0.01,E2,0.01,0.64516866785252891,1,0.55821630445508064,M0,0.10000000000000001,0.51631494330794903,M1,0.10000000000000001,0.44051184647206582,E0,0.01,0.37675208953122891,E1,0.01,0.36669557936112945,E2,0.01
group,3,3,56,UB0105,0,0.30785374831123824,M2,0.10000000000000001,0.34405460241314706,E2,0.01,E2,0.01,0.64052568864602966,1,0.31155093423258329,M0,0.10000000000000001,0.26640144184566728,M1,1,0.35692899106124554,E0,0.01,0.34440439882943202,E1,0.01,0.34405460241314706,E2,0.01
group,3,4,57,UB0106,1,0.30085678213757178,M2,1,0.26063825246853217,E0,0.10000000000000001,E0,0.10000000000000001,0.5921420513115897,1,0.35013700668217829,M0,1,0.38257553237448633,M1,1,0.26063825246853217,E0,0.10000000000000001,0.30183705404158767,E1,0.01,0.33405804377728338,E2,0.01
group,3,1,58,UB0107,1,0.29978179347101014,M2,0.10000000000000001,0.54181081285512711,E2,0.01,E2,0.01,0.64516866785252891,1,0.28614799264776747,M0,0.10000000000000001,0.29410858446007332,M1,0.10000000000000001,0.41998156988077651,E0,0.01,0.46405780164332439,E1,0.01,0.54181081285512711,E2,0.01
group,3,0,59,UB0109,0,0.24809689072457819,M2,0.10000000000000001,0.32173328768960552,E2,0.01,E2,0.01,0.6314101672098128,1,0.23571257123965594,M0,0.10000000000000001,0.23669678322744681,M1,0.10000000000000001,0.19586653708425839,E0,0.10000000000000001,0.34555002733415313,E1,0.01,0.32173328768960552,E2,0.01
group,3,0,60,UB0115,1,0.29163646065393434,M2,0.10000000000000001,0.45925679417004689,E2,0.01,E2,0.01,0.6314101672098128,1,0.28401744838073539,M0,0.10000000000000001,0.27262494699868334,M1,0.10000000000000001,0.29368454495297519,E0,0.10000000000000001,0.37866990118943533,E1,0.01,0.45925679417004689,E2,0.01
group,3,2,61,UB0118,1,0.55140449864887287,M2,0.10000000000000001,0.53785389303186737,E0,0.10000000000000001,E0,0.10000000000000001,0.58097179391604137,1,0.61632978686718998,M0,1,0.5490262264309147,M1,0.10000000000000001,0.53785389303186737,E0,0.10000000000000001,0.51374683496829721,E1,0.10000000000000001,0.4594034525845086,E2,0.10000000000000001
group,3,2,62,UB0119,1,0.57116194496101669,M2,0.10000000000000001,0.60353370135622586,E0,0.10000000000000001,E0,0.10000000000000001,0.58097179391604137,1,0.57123107538155504,M0,1,0.54812561048256825,M1,0.10000000000000001,0.60353370135622586,E0,0.10000000000000001,0.6094300416021754,E1,0.10000000000000001,0.62318467294190683,E2,0.10000000000000001
group,3,4,63,UB0120,1,0.49743180829156458,M2,1,0.3856256384041486,E0,0.10000000000000001,E0,0.10000000000000001,0.5921420513115897,1,0.52839249757453843,M0,1,0.46056940521003931,M1,1,0.3856256384041486,E0,0.10000000000000001,0.37418060414777138,E1,0.01,0.42015802472716557,E2,0.01
group,3,4,64,UB0122,0,0.52638454823231584,M2,1,0.41630561964708479,E0,0.10000000000000001,E0,0.10000000000000001,0.5921420513115897,1,0.64606309786477423,M0,1,0.5057181464177114,M1,1,0.41630561964708479,E0,0.10000000000000001,0.39550356899581096,E1,0.01,0.37540128868875,E2,0.01
group,3,1,65,UB0124,1,0.66955552407419761,M2,0.10000000000000001,0.53063478815725451,E2,0.01,E2,0.01,0.64516866785252891,1,0.58449208841464007,M0,0.10000000000000001,0.65659108744278061,M1,0.10000000000000001,0.50456899826473245,E0,0.01,0.50325155554564349,E1,0.01,0.53063478815725451,E2,0.01
group,3,0,66,UB0126,0,0.23714832907505329,M2,0.10000000000000001,0.45428391297789883,E2,0.01,E2,0.01,0.6314101672098128,1,0.28401744838073539,M0,0.10000000000000001,0.24871600387130285,M1,0.10000000000000001,0.27761053294304372,E0,0.10000000000000001,0.41103286364746533,E1,0.01,0.45428391297789883,E2,0.01
group,3,2,67,UB0127,1,0.39977640238254175,M2,0.10000000000000001,0.12793172910112646,E0,0.10000000000000001,E0,0.10000000000000001,0.58097179391604137,1,0.26260391237978159,M0,1,0.38189835745136752,M1,0.10000000000000001,0.12793172910112646,E0,0.10000000000000001,0.1931806701753887,E1,0.10000000000000001,0.19624738845019146,E2,0.10000000000000001
group,3,1,68,UB0128,1,0.9118471630804833,M2,0.10000000000000001,0.73421472157271173,E2,0.01,E2,0.01,0.64516866785252891,1,0.58449208841464007,M0,0.10000000000000001,0.94205966899365901,M1,0.10000000000000001,0.65408409774767484,E0,0.01,0.68821711838916466,E1,0.01,0.73421472157271173,E2,0.01
group,3,4,69,UB0129,1,0.61190864327460914,M2,1,0.65228714703186441,E0,0.10000000000000001,E0,0.10000000000000001,0.5921420513115897,1,0.61769048361347245,M0,1,0.56167050652693185,M1,1,0.65228714703186441,E0,0.10000000000000001,0.51750337301262461,E1,0.01,0.51941676744320942,E2,0.01
group,3,0,70,UB0131,0,0.28255102579338975,M2,0.10000000000000001,0.41884241701466901,E2,0.01,E2,0.01,0.6314101672098128,1,0.32667736293830857,M0,0.10000000000000001,0.28357132143168745,M1,0.10000000000000001,0.34632992037081911,E0,0.10000000000000001,0.47515932946242723,E1,0.01,0.41884241701466901,E2,0.01
group,3,1,71,UB0132,1,0.62371603850415558,M2,0.10000000000000001,0.50832217799243029,E2,0.01,E2,0.01,0.64516866785252891,1,0.58449208841464007,M0,0.10000000000000001,0.66893826263332679,M1,0.10000000000000001,0.49479333588433017,E0,0.01,0.49836341111228627,E1,0.01,0.50832217799243029,E2,0.01
group,3,1,72,UB0133,0,0.47028216700259629,M2,0.10000000000000001,0.49821210545538808,E2,0.01,E2,0.01,0.64516866785252891,1,0.55821630445508064,M0,0.10000000000000001,0.50560628409371378,M1,0.10000000000000001,0.46966285384076328,E0,0.01,0.46821612275417229,E1,0.01,0.49821210545538808,E2,0.01
group,3,3,73,UB0134,1,0.39922690395891658,M2,0.10000000000000001,0.42423167671787587,E2,0.01,E2,0.01,0.64052568864602966,1,0.43494390645484343,M0,0.10000000000000001,0.42317520175715834,M1,1,0.41805047224093594,E0,0.01,0.40939516380455804,E1,0.01,0.42423167671787587,E2,0.01
group,3,4,74,UB0138,1,0.63371063833931218,M2,1,0.51836067897957927,E0,0.10000000000000001,E0,0.10000000000000001,0.5921420513115897,1,0.43723966458583635,M0,1,0.54243110119901039,M1,1,0.51836067897957927,E0,0.10000000000000001,0.47253353551589616,E1,0.01,0.55222825054219737,E2,0.01
group,3,3,75,UB0139,0,0.5652443187352425,M2,0.10000000000000001,0.62348230401415983,E2,0.01,E2,0.01,0.64052568864602966,1,0.48601123794847656,M0,0.10000000000000001,0.67796346639938687,M1,1,0.56969823852462231,E0,0.01,0.62454895952382328,E1,0.01,0.62348230401415983,E2,0.01
group,3,3,76,UB0140,1,0.34320455756824525,M2,0.10000000000000001,0.45059637289798221,E2,0.01,E2,0.01,0.64052568864602966,1,0.45186738675485943,M0,0.10000000000000001,0.28805470538641909,M1,1,0.41825305943552588,E0,0.01,0.42318974635023676,E1,0.01,0.45059637289798221,E2,0.01
group,3,1,77,UB0142,1,0.28368958573720293,M2,0.10000000000000001,0.42697056325240229,E2,0.01,E2,0.01,0.64516866785252891,1,0.30856191526957211,M0,0.10000000000000001,0.25541498977889326,M1,0.10000000000000001,0.47298037913672764,E0,0.01,0.46009922718335516,E1,0.01,0.42697056325240229,E2,0.01
group,3,3,78,UB0143,1,0.58642025343746174,M2,0.10000000000000001,0.49474620016695092,E2,0.01,E2,0.01,0.64052568864602966,1,0.52028615763153818,M0,0.10000000000000001,0.5809446967374976,M1,1,0.461372880536285,E0,0.01,0.49225794108444137,E1,0.01,0.49474620016695092,E2,0.01
group,3,2,79,UB0144,1,0.51857337006345261,M2,0.10000000000000001,0.75474378678161158,E0,0.10000000000000001,E0,0.10000000000000001,0.58097179391604137,1,0.54817858149192222,M0,1,0.53526827420808787,M1,0.10000000000000001,0.75474378678161158,E0,0.10000000000000001,0.88561825461466959,E1,0.10000000000000001,0.7994401086838594,E2,0.10000000000000001
group,3,4,80,UB0147,0,0.56653895353684836,M2,1,0.57467174430070367,E0,0.10000000000000001,E0,0.10000000000000001,0.5921420513115897,1,0.6734432698593521,M0,1,0.52601560575122541,M1,1,0.57467174430070367,E0,0.10000000000000001,0.45920365985463318,E1,0.01,0.44098000601597054,E2,0.01
group,3,3,81,UB0150,1,0.20182269982706105,M2,0.10000000000000001,0.43742211879133608,E2,0.01,E2,0.01,0.64052568864602966,1,0.40158463662005855,M0,0.10000000000000001,0.055606800688693822,M1,1,0.41047325880546548,E0,0.01,0.41290289470425579,E1,0.01,0.43742211879133608,E2,0.01
group,3,2,82,UB0153,0,0.28241468840274314,M2,0.10000000000000001,0.23472452143928113,E0,0.10000000000000001,E0,0.10000000000000001,0.58097179391604137,1,0.21195803406129179,M0,1,0.25699163361959798,M1,0.10000000000000001,0.23472452143928113,E0,0.10000000000000001,0.19168980215564113,E1,0.10000000000000001,0.2753414610408999,E2,0.10000000000000001
group,3,1,83,UB0154,0,0.48644973339515679,M2,0.10000000000000001,0.45440492755434503,E2,0.01,E2,0.01,0.64516866785252891,1,0.53161045876056556,M0,0.10000000000000001,0.49209039329645138,M1,0.10000000000000001,0.4093667577051226,E0,0.01,0.41256702675847684,E1,0.01,0.45440492755434503,E2,0.01
group,3,0,84,UB0156,0,0.27574738801824555,M2,0.10000000000000001,0.3350331403874367,E2,0.01,E2,0.01,0.6314101672098128,1,0.34919777925228329,M0,0.10000000000000001,0.30722387932158074,M1,0.10000000000000001,0.24240887777196948,E0,0.10000000000000001,0.35118548528809629,E1,0.01,0.3350331403874367,E2,0.01
group,3,3,85,UB0158,0,0.48116518141354908,M2,0.10000000000000001,0.57705698945277806,E2,0.01,E2,0.01,0.64052568864602966,1,0.55437116848731038,M0,0.10000000000000001,0.57804711537775433,M1,1,0.50273882673296055,E0,0.01,0.57642673049893789,E1,0.01,0.57705698945277806,E2,0.01
group,3,0,86,UB0161,1,0.57614610843725145,M2,0.10000000000000001,0.5173748030377936,E2,0.01,E2,0.01,0.6314101672098128,1,0.28401744838073539,M0,0.10000000000000001,0.52934828402096179,M1,0.10000000000000001,0.60756445460420683,E0,0.10000000000000001,0.56220242867906056,E1,0.01,0.5173748030377936,E2,0.01
group,3,0,87,UB0162,1,0.50078231992374278,M2,0.10000000000000001,0.57590299879745166,E2,0.01,E2,0.01,0.6314101672098128,1,0.54278745155239261,M0,0.10000000000000001,0.51398724343057189,M1,0.10000000000000001,0.60476437158528995,E0,0.10000000000000001,0.52979957366835662,E1,0.01,0.57590299879745166,E2,0.01
group,3,1,88,UB0164,1,0.49412286539515954,M2,0.10000000000000001,0.47771603963352871,E2,0.01,E2,0.01,0.64516866785252891,1,0.50482366334515305,M0,0.10000000000000001,0.50104322650796551,M1,0.10000000000000001,0.40585908233534279,E0,0.01,0.46010985141666605,E1,0.01,0.47771603963352871,E2,0.01
group,3,4,89,UB0166,1,0.56933884348966413,M2,1,0.55517857231220458,E0,0.10000000000000001,E0,0.10000000000000001,0.5921420513115897,1,0.61769048361347245,M0,1,0.49922586304719474,M1,1,0.55517857231220458,E0,0.10000000000000001,0.48699724715664627,E1,0.01,0.50244377294209386,E2,0.01
group,3,2,90,UB0168,1,0.48966872667223599,M2,0.10000000000000001,0.51571999938979718,E0,0.10000000000000001,E0,0.10000000000000001,0.58097179391604137,1,0.28111920684426311,M0,1,0.52689937034755607,M1,0.10000000000000001,0.51571999938979718,E0,0.10000000000000001,0.38156677301423653,E1,0.10000000000000001,0.25557215315652215,E2,0.10000000000000001
group,3,0,91,UB0169,0,0.26617863159644045,M2,0.10000000000000001,0.41457801228376195,E2,0.01,E2,0.01,0.6314101672098128,1,0.3049288260879508,M0,0.10000000000000001,0.27701685245763025,M1,0.10000000000000001,0.29372646480419762,E0,0.10000000000000001,0.38796418304585556,E1,0.01,0.41457801228376195,E2,0.01
group,3,0,92,UB0170,1,0.46542810075227348,M2,0.10000000000000001,0.43959229040427705,E2,0.01,E2,0.01,0.6314101672098128,1,0.5177138746728297,M0,0.10000000000000001,0.43811457816633548,M1,0.10000000000000001,0.5647279712972828,E0,0.10000000000000001,0.43410757345665224,E1,0.01,0.43959229040427705,E2,0.01
group,3,2,93,UB0172,0,0.64573407198211907,M2,0.10000000000000001,0.64268994875014174,E0,0.10000000000000001,E0,0.10000000000000001,0.58097179391604137,1,0.52491747360806051,M0,1,0.6535730566294794,M1,0.10000000000000001,0.64268994875014174,E0,0.10000000000000001,0.50163318814647018,E1,0.10000000000000001,0.45399631086339332,E2,0.10000000000000001
group,3,1,94,UB0173,0,0.60352026229667965,M2,0.10000000000000001,0.46559642987263539,E2,0.01,E2,0.01,0.64516866785252891,1,0.61029610158896164,M0,0.10000000000000001,0.56880143283405005,M1,0.10000000000000001,0.45407748675851123,E0,0.01,0.46927004264827982,E1,0.01,0.46559642987263539,E2,0.01
group,3,4,95,UB0176,0,0.15177678788656235,M2,1,0.22663332177153764,E0,0.10000000000000001,E0,0.10000000000000001,0.5921420513115897,1,0.2247369469386912,M0,1,0.11208450450707771,M1,1,0.22663332177153764,E0,0.10000000000000001,0.33568723330548295,E1,0.01,0.31691209229082223,E2,0.01
group,4,2,0,UB0004,0,0.34034749194831626,M2,0.10000000000000001,0.41361902546609358,E2,0.01,E2,0.01,0.64471435943982891,1,0.33200541168673053,M0,0.10000000000000001,0.29828403413772109,M1,0.10000000000000001,0.36899738943963833,E0,0.01,0.38172363108161605,E1,0.01,0.41361902546609358,E2,0.01
group,4,0,1,UB0007,0,0.43275957535751608,M2,0.10000000000000001,0.65738820035314427,E2,0.10000000000000001,E2,0.10000000000000001,0.54979254689253143,1,0.65783646838370258,M0,1,0.50557846625919933,M1,0.10000000000000001,0.42149991504090334,E0,0.10000000000000001,0.4760113396656635,E1,0.10000000000000001,0.65738820035314427,E2,0.10000000000000001
group,4,3,2,UB0020,0,0.80692783390264866,M2,1,0.99813277996179817,E2,1,E2,1,0.51699154090421173,1,0.65533290680116063,M0,1,0.73127429322280146,M1,1,0.5249426291206265,E0,0.10000000000000001,0.69931015397105756,E1,0.10000000000000001,0.99813277996179817,E2,1
group,4,4,3,UB0021,1,0.50042088075845192,M2,0.10000000000000001,0.46397317179818137,E0,0.10000000000000001,E0,0.10000000000000001,0.64871619165982652,1,0.60071114945158943,M0,1,0.47282746004560672,M1,0.10000000000000001,0.46397317179818137,E0,0.10000000000000001,0.42198461918089325,E1,0.01,0.45281725238986925,E2,0.01
group,4,2,4,UB0023,1,0.83683868773691905,M2,0.10000000000000001,0.53308452243133142,E2,0.01,E2,0.01,0.64471435943982891,1,0.52635266111226442,M0,0.10000000000000001,0.83396797677586731,M1,0.10000000000000001,0.52470397411419589,E0,0.01,0.51148983516831248,E1,0.01,0.53308452243133142,E2,0.01
group,4,4,5,UB0024,1,0.69576779356136298,M2,0.10000000000000001,0.8491471150844645,E0,0.10000000000000001,E0,0.10000000000000001,0.64871619165982652,1,0.65168586750822466,M0,1,0.68877092908206228,M1,0.10000000000000001,0.8491471150844645,E0,0.10000000000000001,0.65136480505801486,E1,0.01,0.66425562587975029,E2,0.01
group,4,1,6,UB0028,1,0.34149392017286739,M2,1,0.49209727695143807,E0,0.10000000000000001,E0,0.10000000000000001,0.62161763199517273,1,0.52939701289809704,M0,0.10000000000000001,0.54684188940486478,M1,0.10000000000000001,0.49209727695143807,E0,0.10000000000000001,0.53681000952605862,E1,0.01,0.82054188177198806,E2,0.10000000000000001
group,4,2,7,UB0029,1,0.4929269830323707,M2,0.10000000000000001,0.46708884715561411,E2,0.01,E2,0.01,0.64471435943982891,1,0.51314567586441706,M0,0.10000000000000001,0.55219357443379535,M1,0.10000000000000001,0.4367857504232856,E0,0.01,0.42821795685119901,E1,0.01,0.46708884715561411,E2,0.01
group,4,1,8,UB0030,0,0.22467833542434937,M2,1,0.22797642327283074,E0,0.10000000000000001,E0,0.10000000000000001,0.62161763199517273,1,0.42058207313112067,M0,0.10000000000000001,0.31689331714053443,M1,0.10000000000000001,0.22797642327283074,E0,0.10000000000000001,0.17821348362518843,E1,0.01,0.064646739623209604,E2,0.10000000000000001
group,4,3,9,UB0032,0,0.41317528822733973,M2,1,0.10624911128825285,E2,1,E2,1,0.51699154090421173,1,0.43201217334332387,M0,1,0.32908429517586096,M1,1,0.4265210677908382,E0,0.10000000000000001,0.31035870539356836,E1,0.10000000000000001,0.10624911128825285,E2,1
group,4,4,10,UB0034,0,0.39456501432055352,M2,0.10000000000000001,0.23069241876937757,E0,0.10000000000000001,E0,0.10000000000000001,0.64871619165982652,1,0.45686226693304899,M0,1,0.40695996145935598,M1,0.10000000000000001,0.23069241876937757,E0,0.10000000000000001,0.29255178567227824,E1,0.01,0.27076202269223254,E2,0.01
group,4,2,11,UB0035,0,0.38538030273151136,M2,0.10000000000000001,0.18171311259358958,E2,0.01,E2,0.01,0.64471435943982891,1,0.40836853368646159,M0,0.10000000000000001,0.36267188477779322,M1,0.10000000000000001,0.26870323518198036,E0,0.01,0.20367392126096889,E1,0.01,0.18171311259358958,E2,0.01
group,4,3,12,UB0039,0,0.85852468742971433,M2,1,0.27417872729812737,E2,1,E2,1,0.51699154090421173,1,0.43201217334332387,M0,1,0.69552921382150823,M1,1,0.58254091874933611,E0,0.10000000000000001,0.49613103860792668,E1,0.10000000000000001,0.27417872729812737,E2,1
group,4,4,13,UB0042,0,0.17613730943630063,M2,0.10000000000000001,0.085732192258992521,E0,0.10000000000000001,E0,0.10000000000000001,0.64871619165982652,1,0.13158411523487382,M0,1,0.176172773295663,M1,0.10000000000000001,0.085732192258992521,E0,0.10000000000000001,0.23846453227879197,E1,0.01,0.23263374697702691,E2,0.01
group,4,1,14,UB0044,0,0.41784477930929453,M2,1,0.37750871626752858,E0,0.10000000000000001,E0,0.10000000000000001,0.62161763199517273,1,0.43398248201897266,M0,0.10000000000000001,0.38846507127630542,M1,0.10000000000000001,0.37750871626752858,E0,0.10000000000000001,0.41852165021863491,E1,0.01,0.54183113397918881,E2,0.10000000000000001
group,4,3,15,UB0045,0,0.21946045937705791,M2,1,0.042275974876557786,E2,1,E2,1,0.51699154090421173,1,0.43201217334332387,M0,1,0.2068624082298445,M1,1,0.28150594226544989,E0,0.10000000000000001,0.39056160047437533,E1,0.10000000000000001,0.042275974876557786,E2,1
group,4,3,16,UB0046,0,0.13459861378823018,M2,1,0.00036904177059737879,E2,1,E2,1,0.51699154090421173,1,0.13307023465374324,M0,1,0.12997299205699131,M1,1,0.16726011208915845,E0,0.10000000000000001,0.04299556797043045,E1,0.10000000000000001,0.00036904177059737879,E2,1
group,4,2,17,UB0047,0,0.37099346511175801,M2,0.10000000000000001,0.30436925022127087,E2,0.01,E2,0.01,0.64471435943982891,1,0.40836853368646159,M0,0.10000000000000001,0.36863629236716083,M1,0.10000000000000001,0.32668513569458824,E0,0.01,0.29535129091722589,E1,0.01,0.30436925022127087,E2,0.01
group,4,4,18,UB0049,0,0.37817513223786126,M2,0.10000000000000001,0.27672139068041524,E0,0.10000000000000001,E0,0.10000000000000001,0.64871619165982652,1,0.45686226693304899,M0,1,0.38475437105279409,M1,0.10000000000000001,0.27672139068041524,E0,0.10000000000000001,0.33617493168119456,E1,0.01,0.33530471590831873,E2,0.01
group,4,1,19,UB0051,0,0.14232215480176214,M2,1,0.19786001521803179,E0,0.10000000000000001,E0,0.10000000000000001,0.62161763199517273,1,0.29820924238912822,M0,0.10000000000000001,0.23929211167487766,M1,0.10000000000000001,0.19786001521803179,E0,0.10000000000000001,0.34593748016595682,E1,0.01,0.18757290793306922,E2,0.10000000000000001
group,4,1,20,UB0052,0,0.53518168899907947,M2,1,0.5082156347738529,E0,0.10000000000000001,E0,0.10000000000000001,0.62161763199517273,1,0.5157348769797313,M0,0.10000000000000001,0.5195790070074181,M1,0.10000000000000001,0.5082156347738529,E0,0.10000000000000001,0.50038662864602657,E1,0.01,0.52596815950020692,E2,0.10000000000000001
group,4,2,21,UB0053,0,0.31139415735623499,M2,0.10000000000000001,0.45389081596425374,E2,0.01,E2,0.01,0.64471435943982891,1,0.30896638609662391,M0,0.10000000000000001,0.29574699561630469,M1,0.10000000000000001,0.42302683121105161,E0,0.01,0.43406054697999685,E1,0.01,0.45389081596425374,E2,0.01
group,4,2,22,UB0054,0,0.18890592064018344,M2,0.10000000000000001,0.26000393823981238,E2,0.01,E2,0.01,0.64471435943982891,1,0.28683960596202629,M0,0.10000000000000001,0.24746644790869468,M1,0.10000000000000001,0.32117342037225222,E0,0.01,0.32714997364689902,E1,0.01,0.26000393823981238,E2,0.01
group,4,4,23,UB0056,0,0.19597258280375388,M2,0.10000000000000001,0.14845351349037755,E0,0.10000000000000001,E0,0.10000000000000001,0.64871619165982652,1,0.13158411523487382,M0,1,0.19897073868173182,M1,0.10000000000000001,0.14845351349037755,E0,0.10000000000000001,0.34917032666394721,E1,0.01,0.3557167769278311,E2,0.01
group,4,4,24,UB0057,0,0.21768378155713156,M2,0.10000000000000001,0.10328905060233501,E0,0.10000000000000001,E0,0.10000000000000001,0.64871619165982652,1,0.17892567833917042,M0,1,0.20412551365253012,M1,0.10000000000000001,0.10328905060233501,E0,0.10000000000000001,0.24874781225892303,E1,0.01,0.24403943843981643,E2,0.01
group,4,2,25,UB0059,0,0.32636578501124908,M2,0.10000000000000001,0.38755647211858202,E2,0.01,E2,0.01,0.64471435943982891,1,0.30896638609662391,M0,0.10000000000000001,0.29240073121250287,M1,0.10000000000000001,0.39793326577973903,E0,0.01,0.36783502712606514,E1,0.01,0.38755647211858202,E2,0.01
group,4,4,26,UB0060,0,0.24115741792641263,M2,0.10000000000000001,0.209501119175552,E0,0.10000000000000001,E0,0.10000000000000001,0.64871619165982652,1,0.2132216504024208,M0,1,0.25584840979132079,M1,0.10000000000000001,0.209501119175552,E0,0.10000000000000001,0.3321904451646131,E1,0.01,0.27669283522857685,E2,0.01
group,4,1,27,UB0061,0,0.32898560448721481,M2,1,0.24027010778625976,E0,0.10000000000000001,E0,0.10000000000000001,0.62161763199517273,1,0.29820924238912822,M0,0.10000000000000001,0.31355652495818476,M1,0.10000000000000001,0.24027010778625976,E0,0.10000000000000001,0.33342144613543978,E1,0.01,0.11750676019830739,E2,0.10000000000000001
group,4,1,28,UB0063,0,0.26066023223059315,M2,1,0.23374751597262389,E0,0.10000000000000001,E0,0.10000000000000001,0.62161763199517273,1,0.30979531963302342,M0,0.10000000000000001,0.3023313968538997,M1,0.10000000000000001,0.23374751597262389,E0,0.10000000000000001,0.361446104456143,E1,0.01,0.11650497384064397,E2,0.10000000000000001
group,4,0,29,UB0065,0,0.30713720557041529,M2,0.10000000000000001,0.093061520102463824,E2,0.10000000000000001,E2,0.10000000000000001,0.54979254689253143,1,0.31829681960088468,M0,1,0.36498862236989432,M1,0.10000000000000001,0.21314986542655243,E0,0.10000000000000001,0.14621866739280476,E1,0.10000000000000001,0.093061520102463824,E2,0.10000000000000001
group,4,0,30,UB0066,0,0.34212218916819187,M2,0.10000000000000001,0.4503017965990937,E2,0.10000000000000001,E2,0.10000000000000001,0.54979254689253143,1,0.39704817871490183,M0,1,0.34171762197256789,M1,0.10000000000000001,0.40360656116685711,E0,0.10000000000000001,0.34697354118948809,E1,0.10000000000000001,0.4503017965990937,E2,0.10000000000000001
group,4,2,31,UB0070,1,0.40065793768017638,M2,0.10000000000000001,0.43948181081350729,E2,0.01,E2,0.01,0.64471435943982891,1,0.44720426025717891,M0,0.10000000000000001,0.38239803248483317,M1,0.10000000000000001,0.47202050586244942,E0,0.01,0.47257732999606988,E1,0.01,0.43948181081350729,E2,0.01
group,4,1,32,UB0071,0,0.28060080345124622,M2,1,0.65478421462167002,E0,0.10000000000000001,E0,0.10000000000000001,0.62161763199517273,1,0.32162524353816779,M0,0.10000000000000001,0.34668075724688563,M1,0.10000000000000001,0.65478421462167002,E0,0.10000000000000001,0.52765468428397433,E1,0.01,0.67745275320777731,E2,0.10000000000000001
group,4,0,33,UB0072,0,0.64492693719414218,M2,0.10000000000000001,0.64247564463271867,E2,0.10000000000000001,E2,0.10000000000000001,0.54979254689253143,1,0.76303891286173342,M0,1,0.63608019424340245,M1,0.10000000000000001,0.69208657701060583,E0,0.10000000000000001,0.76547263634864293,E1,0.10000000000000001,0.64247564463271867,E2,0.10000000000000001
group,4,0,34,UB0073,1,0.49003418526548703,M2,0.10000000000000001,0.4135246563678317,E2,0.10000000000000001,E2,0.10000000000000001,0.54979254689253143,1,0.4915025466943973,M0,1,0.47714062941411906,M1,0.10000000000000001,0.48917510963544092,E0,0.10000000000000001,0.38192444667474962,E1,0.10000000000000001,0.4135246563678317,E2,0.10000000000000001
group,4,0,35,UB0074,1,0.46649698880624635,M2,0.10000000000000001,0.38312415062068989,E2,0.10000000000000001,E2,0.10000000000000001,0.54979254689253143,1,0.4915025466943973,M0,1,0.46307776129110462,M1,0.10000000000000001,0.44713864344747184,E0,0.10000000000000001,0.41389078369966087,E1,0.10000000000000001,0.38312415062068989,E2,0.10000000000000001
group,4,2,36,UB0075,0,0.42382814138559571,M2,0.10000000000000001,0.54023722475036784,E2,0.01,E2,0.01,0.64471435943982891,1,0.35587766696928608,M0,0.10000000000000001,0.41424046873990417,M1,0.10000000000000001,0.59870754473063992,E0,0.01,0.61153197915606161,E1,0.01,0.54023722475036784,E2,0.01
group,4,3,37,UB0077,1,0.17859510493091385,M2,1,0.23587310000217523,E2,1,E2,1,0.51699154090421173,1,0.15566556419492378,M0,1,0.13494320458424869,M1,1,0.2357156172057891,E0,0.10000000000000001,0.23948278056637048,E1,0.10000000000000001,0.23587310000217523,E2,1
group,4,4,38,UB0078,1,0.26287360290210499,M2,0.10000000000000001,0.28126806913364227,E0,0.10000000000000001,E0,0.10000000000000001,0.64871619165982652,1,0.16849666142123776,M0,1,0.25860285135688738,M1,0.10000000000000001,0.28126806913364227,E0,0.10000000000000001,0.36908054260146927,E1,0.01,0.34892273936960444,E2,0.01
group,4,4,39,UB0079,0,0.24829883623955723,M2,0.10000000000000001,0.22542717692496986,E0,0.10000000000000001,E0,0.10000000000000001,0.64871619165982652,1,0.17892567833917042,M0,1,0.26925985238762745,M1,0.10000000000000001,0.22542717692496986,E0,0.10000000000000001,0.36845525558601638,E1,0.01,0.3284792067104324,E2,0.01
group,4,3,40,UB0080,0,0.19716193415780442,M2,1,0.80317645974504925,E2,1,E2,1,0.51699154090421173,1,0.15566556419492378,M0,1,0.13969158605846324,M1,1,0.20491867464448499,E0,0.10000000000000001,0.47042118987123682,E1,0.10000000000000001,0.80317645974504925,E2,1
group,4,4,41,UB0081,0,0.54871591160984023,M2,0.10000000000000001,0.51580767575051834,E0,0.10000000000000001,E0,0.10000000000000001,0.64871619165982652,1,0.61800885842297204,M0,1,0.53244379805103492,M1,0.10000000000000001,0.51580767575051834,E0,0.10000000000000001,0.4266996622050877,E1,0.01,0.38238522013788845,E2,0.01
group,4,1,42,UB0083,1,0.76805656918216225,M2,1,0.60770773679640633,E0,0.10000000000000001,E0,0.10000000000000001,0.62161763199517273,1,0.52939701289809704,M0,0.10000000000000001,0.60599322590288052,M1,0.10000000000000001,0.60770773679640633,E0,0.10000000000000001,0.49795725813473402,E1,0.01,0.28584911457244583,E2,0.10000000000000001
group,4,2,43,UB0084,0,0.39888825763567404,M2,0.10000000000000001,0.40824628953128284,E2,0.01,E2,0.01,0.64471435943982891,1,0.43416282938359635,M0,0.10000000000000001,0.38896109484328667,M1,0.10000000000000001,0.4598279707979876,E0,0.01,0.45551234797992735,E1,0.01,0.40824628953128284,E2,0.01
group,4,0,44,UB0085,1,0.62456765555644411,M2,0.10000000000000001,0.39983751762997061,E2,0.10000000000000001,E2,0.10000000000000001,0.54979254689253143,1,0.76303891286173342,M0,1,0.65683817021669266,M1,0.10000000000000001,0.52113180307038476,E0,0.10000000000000001,0.47136538273296319,E1,0.10000000000000001,0.39983751762997061,E2,0.10000000000000001
group,4,3,45,UB0086,1,0.66716997834189418,M2,1,0.054910472938415299,E2,1,E2,1,0.51699154090421173,1,0.4774143543570683,M0,1,0.61901078213126326,M1,1,0.44373881633025009,E0,0.10000000000000001,0.22083697402633792,E1,0.10000000000000001,0.054910472938415299,E2,1
group,4,0,46,UB0087,1,0.5331814530495369,M2,0.10000000000000001,0.69827664813459511,E2,0.10000000000000001,E2,0.10000000000000001,0.54979254689253143,1,0.57684553527511995,M0,1,0.52718242822309613,M1,0.10000000000000001,0.79956695961364954,E0,0.10000000000000001,0.75856740318838589,E1,0.10000000000000001,0.69827664813459511,E2,0.10000000000000001
group,4,2,47,UB0089,0,0.26493721602882675,M2,0.10000000000000001,0.25624235137400037,E2,0.01,E2,0.01,0.64471435943982891,1,0.25549363171051848,M0,0.10000000000000001,0.25974127917284917,M1,0.10000000000000001,0.28417418952712498,E0,0.01,0.28130640269563595,E1,0.01,0.25624235137400037,E2,0.01
group,4,4,48,UB0090,0,0.4489125429054629,M2,0.10000000000000001,0.57580166415220457,E0,0.10000000000000001,E0,0.10000000000000001,0.64871619165982652,1,0.47494482366599278,M0,1,0.46652855426062195,M1,0.10000000000000001,0.57580166415220457,E0,0.10000000000000001,0.53399836062015094,E1,0.01,0.53328440536078658,E2,0.01
group,4,4,49,UB0091,1,0.54209231561583249,M2,0.10000000000000001,0.49363166075883558,E0,0.10000000000000001,E0,0.10000000000000001,0.64871619165982652,1,0.49309332510894116,M0,1,0.53527488859796502,M1,0.10000000000000001,0.49363166075883558,E0,0.10000000000000001,0.38169434844502592,E1,0.01,0.41361552592181039,E2,0.01
group,4,0,50,UB0098,0,0.71215187914427058,M2,0.10000000000000001,0.014418504533143601,E2,0.10000000000000001,E2,0.10000000000000001,0.54979254689253143,1,0.79270828839659624,M0,1,0.73872162980241307,M1,0.10000000000000001,0.21095919794332468,E0,0.10000000000000001,0.081692324310753614,E1,0.10000000000000001,0.014418504533143601,E2,0.10000000000000001
group,4,3,51,UB0099,1,0.73579667804158844,M2,1,0.25483555501724459,E2,1,E2,1,0.51699154090421173,1,0.65533290680116063,M0,1,0.6308327338019909,M1,1,0.67334324583924077,E0,0.10000000000000001,0.55947006214586337,E1,0.10000000000000001,0.25483555501724459,E2,1
group,4,3,52,UB0100,0,0.88740541114638416,M2,1,0.92069058462567843,E2,1,E2,1,0.51699154090421173,1,0.59090338691808519,M0,1,0.80457838710564,M1,1,0.75820265517898933,E0,0.10000000000000001,0.66976698852904359,E1,0.10000000000000001,0.92069058462567843,E2,1
group,4,0,53,UB0102,1,0.50432497357790085,M2,0.10000000000000001,0.20505460450987789,E2,0.10000000000000001,E2,0.10000000000000001,0.54979254689253143,1,0.618161597407618,M0,1,0.48954161395780177,M1,0.10000000000000001,0.47443354991568354,E0,0.10000000000000001,0.36516493988858728,E1,0.10000000000000001,0.20505460450987789,E2,0.10000000000000001
group,4,0,54,UB0103,0,0.4146456354224306,M2,0.10000000000000001,0.41317422868075709,E2,0.10000000000000001,E2,0.10000000000000001,0.54979254689253143,1,0.35670487682322122,M0,1,0.41345667998611252,M1,0.10000000000000001,0.4495381964872901,E0,0.10000000000000001,0.42511282843012055,E1,0.10000000000000001,0.41317422868075709,E2,0.10000000000000001
group,4,1,55,UB0104,0,0.31428361764030133,M2,1,0.39659931538032056,E0,0.10000000000000001,E0,0.10000000000000001,0.62161763199517273,1,0.5157348769797313,M0,0.10000000000000001,0.45167138536704676,M1,0.10000000000000001,0.39659931538032056,E0,0.10000000000000001,0.36715342331177775,E1,0.01,0.15169530540770032,E2,0.10000000000000001
group,4,1,56,UB0105,0,0.21119236656631787,M2,1,0.29522224741175418,E0,0.10000000000000001,E0,0.10000000000000001,0.62161763199517273,1,0.29820924238912822,M0,0.10000000000000001,0.28837383678055362,M1,0.10000000000000001,0.29522224741175418,E0,0.10000000000000001,0.34965236264133315,E1,0.01,0.29549511278244894,E2,0.10000000000000001
group,4,2,57,UB0106,1,0.37328369827161478,M2,0.10000000000000001,0.36709659895242741,E2,0.01,E2,0.01,0.64471435943982891,1,0.40836853368646159,M0,0.10000000000000001,0.37744147276561113,M1,0.10000000000000001,0.33957995812806541,E0,0.01,0.33254178551729247,E1,0.01,0.36709659895242741,E2,0.01
group,4,3,58,UB0107,1,0.22572815441571764,M2,1,0.72231487874738887,E2,1,E2,1,0.51699154090421173,1,0.22570335884011636,M0,1,0.20417818417408387,M1,1,0.40646647612810616,E0,0.10000000000000001,0.50504147125344201,E1,0.10000000000000001,0.72231487874738887,E2,1
group,4,0,59,UB0109,0,0.21819456073346227,M2,0.10000000000000001,0.15572122003755215,E2,0.10000000000000001,E2,0.10000000000000001,0.54979254689253143,1,0.12292520649404161,M0,1,0.20932090825426614,M1,0.10000000000000001,0.20785540510573908,E0,0.10000000000000001,0.21272366663248973,E1,0.10000000000000001,0.15572122003755215,E2,0.10000000000000001
group,4,2,60,UB0115,1,0.34243069700541895,M2,0.10000000000000001,0.45842081960243941,E2,0.01,E2,0.01,0.64471435943982891,1,0.32037643690673584,M0,0.10000000000000001,0.3104078793615519,M1,0.10000000000000001,0.40073069323959198,E0,0.01,0.39769365621648417,E1,0.01,0.45842081960243941,E2,0.01
group,4,3,61,UB0118,1,0.78777169668352098,M2,1,0.66466466775260569,E2,1,E2,1,0.51699154090421173,1,0.61285338076204132,M0,1,0.71403688570574364,M1,1,0.53010195499076429,E0,0.10000000000000001,0.51886251613819545,E1,0.10000000000000001,0.66466466775260569,E2,1
group,4,3,62,UB0119,1,0.63420402239752949,M2,1,0.41130456587312653,E2,1,E2,1,0.51699154090421173,1,0.56858495390074193,M0,1,0.63823797472304511,M1,1,0.56182961171194623,E0,0.10000000000000001,0.47187150060874522,E1,0.10000000000000001,0.41130456587312653,E2,1
group,4,2,63,UB0120,1,0.46502240915369092,M2,0.10000000000000001,0.41785640371828831,E2,0.01,E2,0.01,0.64471435943982891,1,0.48669505356626941,M0,0.10000000000000001,0.44553337608312771,M1,0.10000000000000001,0.36648503108555947,E0,0.01,0.36469031669999591,E1,0.01,0.41785640371828831,E2,0.01
group,4,0,64,UB0122,0,0.60194808796780341,M2,0.10000000000000001,0.54602766582416629,E2,0.10000000000000001,E2,0.10000000000000001,0.54979254689253143,1,0.73056635616466259,M0,1,0.59787022643171617,M1,0.10000000000000001,0.62298211082368982,E0,0.10000000000000001,0.57417054621803754,E1,0.10000000000000001,0.54602766582416629,E2,0.10000000000000001
group,4,3,65,UB0124,1,0.84190724638403946,M2,1,0.59538034534014828,E2,1,E2,1,0.51699154090421173,1,0.63435441601518472,M0,1,0.78488715581307733,M1,1,0.60438218966953872,E0,0.10000000000000001,0.55290099546332361,E1,0.10000000000000001,0.59538034534014828,E2,1
group,4,3,66,UB0126,0,0.22940965263174284,M2,1,0.41196199692413016,E2,1,E2,1,0.51699154090421173,1,0.21009472220970693,M0,1,0.13606920550053189,M1,1,0.38998528354499618,E0,0.10000000000000001,0.38073798554838845,E1,0.10000000000000001,0.41196199692413016,E2,1
group,4,4,67,UB0127,1,0.4528229959987119,M2,0.10000000000000001,0.23493991294094629,E0,0.10000000000000001,E0,0.10000000000000001,0.64871619165982652,1,0.23861971625863307,M0,1,0.45035347194951647,M1,0.10000000000000001,0.23493991294094629,E0,0.10000000000000001,0.35503367847983563,E1,0.01,0.36521095908432005,E2,0.01
group,4,4,68,UB0128,1,0.94133534208759484,M2,0.10000000000000001,0.96316088066868732,E0,0.10000000000000001,E0,0.10000000000000001,0.64871619165982652,1,0.61800885842297204,M0,1,0.95564021377501451,M1,0.10000000000000001,0.96316088066868732,E0,0.10000000000000001,0.70480288958328219,E1,0.01,0.72801885512041309,E2,0.01
group,4,2,69,UB0129,1,0.51865558951070201,M2,0.10000000000000001,0.51177157966720777,E2,0.01,E2,0.01,0.64471435943982891,1,0.52635266111226442,M0,0.10000000000000001,0.49990508788011317,M1,0.10000000000000001,0.51260794589737135,E0,0.01,0.51872204062429861,E1,0.01,0.51177157966720777,E2,0.01
group,4,2,70,UB0131,0,0.30776353953027646,M2,0.10000000000000001,0.51026738670114935,E2,0.01,E2,0.01,0.64471435943982891,1,0.36809731931091666,M0,0.10000000000000001,0.30816933482035824,M1,0.10000000000000001,0.49196193771746383,E0,0.01,0.54430923409873355,E1,0.01,0.51026738670114935,E2,0.01
group,4,0,71,UB0132,1,0.59951433011258781,M2,0.10000000000000001,0.52349345944072079,E2,0.10000000000000001,E2,0.10000000000000001,0.54979254689253143,1,0.69542011730381548,M0,1,0.63324260145051292,M1,0.10000000000000001,0.5917270693320158,E0,0.10000000000000001,0.58745713879734529,E1,0.10000000000000001,0.52349345944072079,E2,0.10000000000000001
group,4,3,72,UB0133,0,0.35783583048909101,M2,1,0.05599347890436919,E2,1,E2,1,0.51699154090421173,1,0.59090338691808519,M0,1,0.45418722531839384,M1,1,0.43802880901800112,E0,0.10000000000000001,0.26876714206970187,E1,0.10000000000000001,0.05599347890436919,E2,1
group,4,0,73,UB0134,1,0.418861950211316,M2,0.10000000000000001,0.46564948664351147,E2,0.10000000000000001,E2,0.10000000000000001,0.54979254689253143,1,0.44870404650434964,M0,1,0.41731492297308831,M1,0.10000000000000001,0.41758709162292179,E0,0.10000000000000001,0.49439023687372147,E1,0.10000000000000001,0.46564948664351147,E2,0.10000000000000001
group,4,1,74,UB0138,1,0.63828802347136249,M2,1,0.55654869431578391,E0,0.10000000000000001,E0,0.10000000000000001,0.62161763199517273,1,0.46105559048845185,M0,0.10000000000000001,0.47431661465861719,M1,0.10000000000000001,0.55654869431578391,E0,0.10000000000000001,0.48447895446903921,E1,0.01,0.72452491321456469,E2,0.10000000000000001
group,4,1,75,UB0139,0,0.66410048180364034,M2,1,0.75797770094506178,E0,0.10000000000000001,E0,0.10000000000000001,0.62161763199517273,1,0.50204918139528809,M0,0.10000000000000001,0.56207350437677706,M1,0.10000000000000001,0.75797770094506178,E0,0.10000000000000001,0.6332123759439624,E1,0.01,0.89742171355506717,E2,0.10000000000000001
group,4,4,76,UB0140,1,0.4071324588636272,M2,0.10000000000000001,0.42952419058847846,E0,0.10000000000000001,E0,0.10000000000000001,0.64871619165982652,1,0.52939707323302398,M0,1,0.4135191700036982,M1,0.10000000000000001,0.42952419058847846,E0,0.10000000000000001,0.41554824587099548,E1,0.01,0.43643121238412419,E2,0.01
group,4,1,77,UB0142,1,0.23689328892868566,M2,1,0.35686846081756946,E0,0.10000000000000001,E0,0.10000000000000001,0.62161763199517273,1,0.34597347614711027,M0,0.10000000000000001,0.27376234048481124,M1,0.10000000000000001,0.35686846081756946,E0,0.10000000000000001,0.45534173990795834,E1,0.01,0.24019958504272174,E2,0.10000000000000001
group,4,2,78,UB0143,1,0.55320787628700108,M2,0.10000000000000001,0.46893141007476546,E2,0.01,E2,0.01,0.64471435943982891,1,0.51314567586441706,M0,0.10000000000000001,0.56699886412327627,M1,0.10000000000000001,0.44941137479524196,E0,0.01,0.47035400615186157,E1,0.01,0.46893141007476546,E2,0.01
group,4,3,79,UB0144,1,0.62004306921762442,M2,1,0.84476010654303624,E2,1,E2,1,0.51699154090421173,1,0.54598445541996476,M0,1,0.68964386448243953,M1,1,0.71306100693868524,E0,0.10000000000000001,0.79891867942537564,E1,0.10000000000000001,0.84476010654303624,E2,1
group,4,0,80,UB0147,0,0.628174439857214,M2,0.10000000000000001,0.35348451538710335,E2,0.10000000000000001,E2,0.10000000000000001,0.54979254689253143,1,0.76303891286173342,M0,1,0.62005386061502432,M1,0.10000000000000001,0.59274842023036944,E0,0.10000000000000001,0.43372007501749166,E1,0.10000000000000001,0.35348451538710335,E2,0.10000000000000001
group,4,1,81,UB0150,1,0.10863526254385392,M2,1,0.5532643373854369,E0,0.10000000000000001,E0,0.10000000000000001,0.62161763199517273,1,0.43398248201897266,M0,0.10000000000000001,0.25675741364871263,M1,0.10000000000000001,0.5532643373854369,E0,0.10000000000000001,0.47225290142118798,E1,0.01,0.81362109463200449,E2,0.10000000000000001
group,4,1,82,UB0153,0,0.18336976151981801,M2,1,0.24808709377265886,E0,0.10000000000000001,E0,0.10000000000000001,0.62161763199517273,1,0.32162524353816779,M0,0.10000000000000001,0.27601167529473658,M1,0.10000000000000001,0.24808709377265886,E0,0.10000000000000001,0.34044873674691456,E1,0.01,0.33181558259771837,E2,0.10000000000000001
group,4,3,83,UB0154,0,0.41229961479191141,M2,1,0.96597542508958567,E2,1,E2,1,0.51699154090421173,1,0.54598445541996476,M0,1,0.41673265724613567,M1,1,0.44558430900788826,E0,0.10000000000000001,0.5605590770544755,E1,0.10000000000000001,0.96597542508958567,E2,1
group,4,3,84,UB0156,0,0.14092566016270841,M2,1,0.0014118484556961621,E2,1,E2,1,0.51699154090421173,1,0.31547878435234067,M0,1,0.20538323990353066,M1,1,0.21542105070386547,E0,0.10000000000000001,0.10586047180285381,E1,0.10000000000000001,0.0014118484556961621,E2,1
group,4,0,85,UB0158,0,0.58299342583373881,M2,0.10000000000000001,0.91202093767671133,E2,0.10000000000000001,E2,0.10000000000000001,0.54979254689253143,1,0.73056635616466259,M0,1,0.60608555631728001,M1,0.10000000000000001,0.64124338226296362,E0,0.10000000000000001,0.9204828443775217,E1,0.10000000000000001,0.91202093767671133,E2,0.10000000000000001
group,4,4,86,UB0161,1,0.78670333161648798,M2,0.10000000000000001,0.86170776101740132,E0,0.10000000000000001,E0,0.10000000000000001,0.64871619165982652,1,0.18985281069552432,M0,1,0.75249914955039066,M1,0.10000000000000001,0.86170776101740132,E0,0.10000000000000001,0.61296059523107338,E1,0.01,0.60172871182197796,E2,0.01
group,4,1,87,UB0162,1,0.52929194116268508,M2,1,0.54367644519780722,E0,0.10000000000000001,E0,0.10000000000000001,0.62161763199517273,1,0.55656947696536629,M0,0.10000000000000001,0.53132028516587881,M1,0.10000000000000001,0.54367644519780722,E0,0.10000000000000001,0.52909394434281765,E1,0.01,0.54288522165973196,E2,0.10000000000000001
group,4,1,88,UB0164,1,0.58569740929023884,M2,1,0.32174787176179437,E0,0.10000000000000001,E0,0.10000000000000001,0.62161763199517273,1,0.46105559048845185,M0,0.10000000000000001,0.4448471288591917,M1,0.10000000000000001,0.32174787176179437,E0,0.10000000000000001,0.42049917843474055,E1,0.01,0.37805628300755134,E2,0.10000000000000001
group,4,0,89,UB0166,1,0.57523442249968137,M2,0.10000000000000001,0.52773573686610686,E2,0.10000000000000001,E2,0.10000000000000001,0.54979254689253143,1,0.69542011730381548,M0,1,0.56397137032195033,M1,0.10000000000000001,0.59127497854591204,E0,0.10000000000000001,0.49763914272167326,E1,0.10000000000000001,0.52773573686610686,E2,0.10000000000000001
group,4,0,90,UB0168,1,0.60159463161060289,M2,0.10000000000000001,0.49324075029610887,E2,0.10000000000000001,E2,0.10000000000000001,0.54979254689253143,1,0.43884164778477797,M0,1,0.61291111212316385,M1,0.10000000000000001,0.58235551196935298,E0,0.10000000000000001,0.56829502086371697,E1,0.10000000000000001,0.49324075029610887,E2,0.10000000000000001
group,4,2,91,UB0169,0,0.31056406788316199,M2,0.10000000000000001,0.45059405619310655,E2,0.01,E2,0.01,0.64471435943982891,1,0.34384293613249395,M0,0.10000000000000001,0.318599107201953,M1,0.10000000000000001,0.44191238317095977,E0,0.01,0.43185375318071695,E1,0.01,0.45059405619310655,E2,0.01
group,4,1,92,UB0170,1,0.46279975725060102,M2,1,0.5387066589599997,E0,0.10000000000000001,E0,0.10000000000000001,0.62161763199517273,1,0.52939701289809704,M0,0.10000000000000001,0.41807663891159452,M1,0.10000000000000001,0.5387066589599997,E0,0.10000000000000001,0.43558960688733162,E1,0.01,0.40797602158066176,E2,0.10000000000000001
group,4,4,93,UB0172,0,0.66466306822151222,M2,0.10000000000000001,0.65067928373759043,E0,0.10000000000000001,E0,0.10000000000000001,0.64871619165982652,1,0.52939707323302398,M0,1,0.67782011782129736,M1,0.10000000000000001,0.65067928373759043,E0,0.10000000000000001,0.44589544393316427,E1,0.01,0.42642166823922145,E2,0.01
group,4,4,94,UB0173,0,0.56501146185015105,M2,0.10000000000000001,0.51186829740320772,E0,0.10000000000000001,E0,0.10000000000000001,0.64871619165982652,1,0.65168586750822466,M0,1,0.52636842161786168,M1,0.10000000000000001,0.51186829740320772,E0,0.10000000000000001,0.45663601428668965,E1,0.01,0.44019971945774011,E2,0.01
group,4,0,95,UB0176,0,0.20777841857760385,M2,0.10000000000000001,0.085405427265112827,E2,0.10000000000000001,E2,0.10000000000000001,0.54979254689253143,1,0.19011383533168685,M0,1,0.20599562335300184,M1,0.10000000000000001,0.16945296183585659,E0,0.10000000000000001,0.1352811584907018,E1,0.10000000000000001,0.085405427265112827,E2,0.10000000000000001
group,5,4,0,UB0004,0,0.31670737219762984,M2,0.10000000000000001,0.2762356321979354,E0,0.10000000000000001,E0,0.10000000000000001,0.61176979673633491,1,0.32701531268774719,M0,0.10000000000000001,0.28727639019264373,M1,0.10000000000000001,0.2762356321979354,E0,0.10000000000000001,0.36158462700297733,E1,0.01,0.39596161331100871,E2,0.01
group,5,4,1,UB0007,0,0.33707525837416363,M2,0.10000000000000001,0.39396967278579842,E0,0.10000000000000001,E0,0.10000000000000001,0.61176979673633491,1,0.5650995021724925,M0,0.10000000000000001,0.48363796957388505,M1,0.10000000000000001,0.39396967278579842,E0,0.10000000000000001,0.51485948015941763,E1,0.01,0.56272027889146503,E2,0.01
group,5,3,2,UB0020,0,0.58026671769863913,M2,0.10000000000000001,0.43436945531069576,E0,0.10000000000000001,E0,0.10000000000000001,0.64893889554694839,1,0.53441516396338062,M0,0.10000000000000001,0.57267816710783248,M1,0.10000000000000001,0.43436945531069576,E0,0.10000000000000001,0.43256922724030028,E1,0.01,0.49943469701147641,E2,0.01
group,5,4,3,UB0021,1,0.5193631101874383,M2,0.10000000000000001,0.43579495025787973,E0,0.10000000000000001,E0,0.10000000000000001,0.61176979673633491,1,0.5650995021724925,M0,0.10000000000000001,0.48789927033400171,M1,0.10000000000000001,0.43579495025787973,E0,0.10000000000000001,0.40713092407254359,E1,0.01,0.4261335565404174,E2,0.01
group,5,0,4,UB0023,1,0.7319782480882453,M2,0.10000000000000001,0.5060917462481036,E2,0.01,E2,0.01,0.61393807111946475,1,0.56904966101902177,M0,1,0.88346815397923795,M1,1,0.63346286103456906,E0,0.10000000000000001,0.48317097813809551,E1,0.01,0.5060917462481036,E2,0.01
group,5,4,5,UB0024,1,0.69306982715438203,M2,0.10000000000000001,0.79869518175176957,E0,0.10000000000000001,E0,0.10000000000000001,0.61176979673633491,1,0.62606036608428506,M0,0.10000000000000001,0.69436102808337397,M1,0.10000000000000001,0.79869518175176957,E0,0.10000000000000001,0.62808967873683852,E1,0.01,0.65078899081909602,E2,0.01
group,5,3,6,UB0028,1,0.4095572886706414,M2,0.10000000000000001,0.4703515584286555,E0,0.10000000000000001,E0,0.10000000000000001,0.64893889554694839,1,0.51863565887525853,M0,0.10000000000000001,0.52131373967424233,M1,0.10000000000000001,0.4703515584286555,E0,0.10000000000000001,0.51101723453738201,E1,0.01,0.58641472330852207,E2,0.01
group,5,4,7,UB0029,1,0.5513098099700704,M2,0.10000000000000001,0.54042721005545669,E0,0.10000000000000001,E0,0.10000000000000001,0.61176979673633491,1,0.5650995021724925,M0,0.10000000000000001,0.59391501888353992,M1,0.10000000000000001,0.54042721005545669,E0,0.10000000000000001,0.48292997228302775,E1,0.01,0.53053331720237229,E2,0.01
group,5,3,8,UB0030,0,0.35351217191404211,M2,0.10000000000000001,0.16420366369435802,E0,0.10000000000000001,E0,0.10000000000000001,0.64893889554694839,1,0.4554611730501556,M0,0.10000000000000001,0.36465753458530137,M1,0.10000000000000001,0.16420366369435802,E0,0.10000000000000001,0.15936251565087714,E1,0.01,0.16930328974987124,E2,0.01
group,5,2,9,UB0032,0,0.38332929905971219,M2,0.10000000000000001,0.21661544665086255,E2,0.10000000000000001,E2,0.10000000000000001,0.61164851473972781,1,0.40412540793236879,M0,0.10000000000000001,0.32170202531103648,M1,0.10000000000000001,0.29458154947910375,E0,0.10000000000000001,0.35470857695416741,E1,0.01,0.21661544665086255,E2,0.10000000000000001
group,5,4,10,UB0034,0,0.32708135327106785,M2,0.10000000000000001,0.16937986735169511,E0,0.10000000000000001,E0,0.10000000000000001,0.61176979673633491,1,0.39794626256906651,M0,0.10000000000000001,0.34409890962791939,M1,0.10000000000000001,0.16937986735169511,E0,0.10000000000000001,0.24913616145437598,E1,0.01,0.23334812881751774,E2,0.01
group,5,1,11,UB0035,0,0.32368905464543463,M2,1,0.13269006129870231,E0,0.10000000000000001,E0,0.10000000000000001,0.56528660873625625,1,0.41653858967951202,M0,1,0.30742312177147624,M1,1,0.13269006129870231,E0,0.10000000000000001,0.051570117997471604,E1,0.10000000000000001,0.029806803062379112,E2,0.10000000000000001
group,5,0,12,UB0039,0,0.4523842397427808,M2,0.10000000000000001,0.38486802785231283,E2,0.01,E2,0.01,0.61393807111946475,1,0.38243261486290286,M0,1,0.62736178216495164,M1,1,0.41482642302041889,E0,0.10000000000000001,0.3658164871491586,E1,0.01,0.38486802785231283,E2,0.01
group,5,3,13,UB0042,0,0.22550936134729857,M2,0.10000000000000001,0.13033269845357126,E0,0.10000000000000001,E0,0.10000000000000001,0.64893889554694839,1,0.27828069100277325,M0,0.10000000000000001,0.2217508586086353,M1,0.10000000000000001,0.13033269845357126,E0,0.10000000000000001,0.25146583501629988,E1,0.01,0.23407576820757889,E2,0.01
group,5,4,14,UB0044,0,0.40891378242237253,M2,0.10000000000000001,0.42969443407927788,E0,0.10000000000000001,E0,0.10000000000000001,0.61176979673633491,1,0.41835244479929207,M0,0.10000000000000001,0.38652843341030324,M1,0.10000000000000001,0.42969443407927788,E0,0.10000000000000001,0.42872781023459722,E1,0.01,0.46960455510525173,E2,0.01
group,5,3,15,UB0045,0,0.37646833966224069,M2,0.10000000000000001,0.42088958450652125,E0,0.10000000000000001,E0,0.10000000000000001,0.64893889554694839,1,0.4554611730501556,M0,0.10000000000000001,0.33843335750822867,M1,0.10000000000000001,0.42088958450652125,E0,0.10000000000000001,0.382915934006404,E1,0.01,0.3671201092778929,E2,0.01
group,5,1,16,UB0046,0,0.05534957975334396,M2,1,0.070321464442256829,E0,0.10000000000000001,E0,0.10000000000000001,0.56528660873625625,1,0.075563479914327325,M0,1,0.052898341051402349,M1,1,0.070321464442256829,E0,0.10000000000000001,0.022275281148130162,E1,0.10000000000000001,0.012933821437925614,E2,0.10000000000000001
group,5,4,17,UB0047,0,0.37431010488196337,M2,0.10000000000000001,0.28341240643429444,E0,0.10000000000000001,E0,0.10000000000000001,0.61176979673633491,1,0.39794626256906651,M0,0.10000000000000001,0.35587370165531557,M1,0.10000000000000001,0.28341240643429444,E0,0.10000000000000001,0.30807040262330915,E1,0.01,0.32347469135402113,E2,0.01
group,5,3,18,UB0049,0,0.37310911242065375,M2,0.10000000000000001,0.29670649537132093,E0,0.10000000000000001,E0,0.10000000000000001,0.64893889554694839,1,0.4554611730501556,M0,0.10000000000000001,0.38651945881000155,M1,0.10000000000000001,0.29670649537132093,E0,0.10000000000000001,0.3624122980205704,E1,0.01,0.36190224717648545,E2,0.01
group,5,0,19,UB0051,0,0.27364281281218111,M2,0.10000000000000001,0.36291941356786073,E2,0.01,E2,0.01,0.61393807111946475,1,0.24672174630404139,M0,1,0.18609435172814209,M1,1,0.24906153712877971,E0,0.10000000000000001,0.38267913609194343,E1,0.01,0.36291941356786073,E2,0.01
group,5,1,20,UB0052,0,0.579501778781215,M2,1,0.59993183036459241,E0,0.10000000000000001,E0,0.10000000000000001,0.56528660873625625,1,0.60345492002864864,M0,1,0.57471722385562263,M1,1,0.59993183036459241,E0,0.10000000000000001,0.64406485628786592,E1,0.10000000000000001,0.66694752509842659,E2,0.10000000000000001
group,5,0,21,UB0053,0,0.32179933055691934,M2,0.10000000000000001,0.43787824453909996,E2,0.01,E2,0.01,0.61393807111946475,1,0.24672174630404139,M0,1,0.23861925870732378,M1,1,0.34106786824878943,E0,0.10000000000000001,0.41933695318239256,E1,0.01,0.43787824453909996,E2,0.01
group,5,1,22,UB0054,0,0.0280303166827513,M2,1,0.1080909137160987,E0,0.10000000000000001,E0,0.10000000000000001,0.56528660873625625,1,0.10157609446421009,M0,1,0.04330791287771054,M1,1,0.1080909137160987,E0,0.10000000000000001,0.11273519121012392,E1,0.10000000000000001,0.064746869944076135,E2,0.10000000000000001
group,5,1,23,UB0056,0,0.029458508153547995,M2,1,0.11636584106157703,E0,0.10000000000000001,E0,0.10000000000000001,0.56528660873625625,1,0.075563479914327325,M0,1,0.029232315580234466,M1,1,0.11636584106157703,E0,0.10000000000000001,0.22829356054199837,E1,0.10000000000000001,0.22400892851944421,E2,0.10000000000000001
group,5,0,24,UB0057,0,0.25474666391917722,M2,0.10000000000000001,0.20952424252192928,E2,0.01,E2,0.01,0.61393807111946475,1,0.24672174630404139,M0,1,0.11592702424841707,M1,1,0.12404772455277022,E0,0.10000000000000001,0.24180762566458541,E1,0.01,0.20952424252192928,E2,0.01
group,5,2,25,UB0059,0,0.30639135538987117,M2,0.10000000000000001,0.33304715349280117,E2,0.10000000000000001,E2,0.10000000000000001,0.61164851473972781,1,0.28712809959147023,M0,0.10000000000000001,0.2835007535849558,M1,0.10000000000000001,0.35228524244974885,E0,0.10000000000000001,0.38877543434748957,E1,0.01,0.33304715349280117,E2,0.10000000000000001
group,5,3,26,UB0060,0,0.27067428336674459,M2,0.10000000000000001,0.30153236774209147,E0,0.10000000000000001,E0,0.10000000000000001,0.64893889554694839,1,0.33185655980164924,M0,0.10000000000000001,0.28897410478919178,M1,0.10000000000000001,0.30153236774209147,E0,0.10000000000000001,0.392198818174331,E1,0.01,0.33545379130498709,E2,0.01
group,5,4,27,UB0061,0,0.30648934937926703,M2,0.10000000000000001,0.23602812790322264,E0,0.10000000000000001,E0,0.10000000000000001,0.61176979673633491,1,0.29096659972115679,M0,0.10000000000000001,0.30635569785654349,M1,0.10000000000000001,0.23602812790322264,E0,0.10000000000000001,0.33733114684252546,E1,0.01,0.29611068129352142,E2,0.01
group,5,1,28,UB0063,0,0.10685834371599584,M2,1,0.20292052680743874,E0,0.10000000000000001,E0,0.10000000000000001,0.56528660873625625,1,0.13523353643100064,M0,1,0.095649183455433745,M1,1,0.20292052680743874,E0,0.10000000000000001,0.17851167284469491,E1,0.10000000000000001,0.10914009107669052,E2,0.10000000000000001
group,5,0,29,UB0065,0,0.27376615845569663,M2,0.10000000000000001,0.33883664458832541,E2,0.01,E2,0.01,0.61393807111946475,1,0.29655228787901761,M0,1,0.29591299659780257,M1,1,0.22196344662461034,E0,0.10000000000000001,0.37969089942132106,E1,0.01,0.33883664458832541,E2,0.01
group,5,0,30,UB0066,0,0.3208302978617133,M2,0.10000000000000001,0.53943682042134378,E2,0.01,E2,0.01,0.61393807111946475,1,0.3328104721377832,M0,1,0.1972540793822383,M1,1,0.42639384812811737,E0,0.10000000000000001,0.49420279722054961,E1,0.01,0.53943682042134378,E2,0.01
group,5,0,31,UB0070,1,0.41715358878209274,M2,0.10000000000000001,0.39482586415392551,E2,0.01,E2,0.01,0.61393807111946475,1,0.44353385509535609,M0,1,0.45691616409908692,M1,1,0.5405906210835012,E0,0.10000000000000001,0.42752800466896762,E1,0.01,0.39482586415392551,E2,0.01
group,5,0,32,UB0071,0,0.35393615858034616,M2,0.10000000000000001,0.53067610659468778,E2,0.01,E2,0.01,0.61393807111946475,1,0.27930643859525262,M0,1,0.28809049758224803,M1,1,0.57357252682936111,E0,0.10000000000000001,0.50561154566471811,E1,0.01,0.53067610659468778,E2,0.01
group,5,2,33,UB0072,0,0.59315601326075718,M2,0.10000000000000001,0.6378761141078475,E2,0.10000000000000001,E2,0.10000000000000001,0.61164851473972781,1,0.60443333057772264,M0,0.10000000000000001,0.57363247311254584,M1,0.10000000000000001,0.69919552311035149,E0,0.10000000000000001,0.55560026006555097,E1,0.01,0.6378761141078475,E2,0.10000000000000001
group,5,2,34,UB0073,1,0.48611727238890651,M2,0.10000000000000001,0.43689371133232946,E2,0.10000000000000001,E2,0.10000000000000001,0.61164851473972781,1,0.47678382523934609,M0,0.10000000000000001,0.5092457609745018,M1,0.10000000000000001,0.47189090046408522,E0,0.10000000000000001,0.4334983890373541,E1,0.01,0.43689371133232946,E2,0.10000000000000001
group,5,2,35,UB0074,1,0.47293841953241245,M2,0.10000000000000001,0.39338973955427231,E2,0.10000000000000001,E2,0.10000000000000001,0.61164851473972781,1,0.47678382523934609,M0,0.10000000000000001,0.47252945095982807,M1,0.10000000000000001,0.40703560238497705,E0,0.10000000000000001,0.41234001092226308,E1,0.01,0.39338973955427231,E2,0.10000000000000001
group,5,1,36,UB0075,0,0.17087469749356932,M2,1,0.52091294695202184,E0,0.10000000000000001,E0,0.10000000000000001,0.56528660873625625,1,0.17783589780021083,M0,1,0.16002597799566284,M1,1,0.52091294695202184,E0,0.10000000000000001,0.45560886272175671,E1,0.10000000000000001,0.39191270229262865,E2,0.10000000000000001
group,5,1,37,UB0077,1,0.074858045969299888,M2,1,0.19130975401266476,E0,0.10000000000000001,E0,0.10000000000000001,0.56528660873625625,1,0.092125060825080887,M0,1,0.061731051338437107,M1,1,0.19130975401266476,E0,0.10000000000000001,0.17886763855654411,E1,0.10000000000000001,0.2675519737547889,E2,0.10000000000000001
group,5,2,38,UB0078,1,0.26882347790984351,M2,0.10000000000000001,0.34844996146802654,E2,0.10000000000000001,E2,0.10000000000000001,0.61164851473972781,1,0.2722539963974549,M0,0.10000000000000001,0.26278635352395618,M1,0.10000000000000001,0.29385669339753268,E0,0.10000000000000001,0.4110040104000342,E1,0.01,0.34844996146802654,E2,0.10000000000000001
group,5,2,39,UB0079,0,0.26617326704806177,M2,0.10000000000000001,0.054419926461969137,E2,0.10000000000000001,E2,0.10000000000000001,0.61164851473972781,1,0.28712809959147023,M0,0.10000000000000001,0.29521680048725718,M1,0.10000000000000001,0.22444444314870621,E0,0.10000000000000001,0.34302696209652006,E1,0.01,0.054419926461969137,E2,0.10000000000000001
group,5,4,40,UB0080,0,0.24581852899067874,M2,0.10000000000000001,0.17736592103094723,E0,0.10000000000000001,E0,0.10000000000000001,0.61176979673633491,1,0.24155703066241299,M0,0.10000000000000001,0.22036281730982191,M1,0.10000000000000001,0.17736592103094723,E0,0.10000000000000001,0.34145092907937991,E1,0.01,0.39141597022842833,E2,0.01
group,5,4,41,UB0081,0,0.55443183779813032,M2,0.10000000000000001,0.52932260926170227,E0,0.10000000000000001,E0,0.10000000000000001,0.61176979673633491,1,0.58573797110500603,M0,0.10000000000000001,0.54077643505165118,M1,0.10000000000000001,0.52932260926170227,E0,0.10000000000000001,0.45374076434232513,E1,0.01,0.40040060210452305,E2,0.01
group,5,0,42,UB0083,1,0.5875070886754129,M2,0.10000000000000001,0.4287653689832851,E2,0.01,E2,0.01,0.61393807111946475,1,0.5483089160064698,M0,1,0.55900028343775143,M1,1,0.5822841235103472,E0,0.10000000000000001,0.50893526469331229,E1,0.01,0.4287653689832851,E2,0.01
group,5,0,43,UB0084,0,0.41311491311567289,M2,0.10000000000000001,0.37109129022458021,E2,0.01,E2,0.01,0.61393807111946475,1,0.42287879453376931,M0,1,0.44467081148668092,M1,1,0.51312405342754674,E0,0.10000000000000001,0.43025888102271437,E1,0.01,0.37109129022458021,E2,0.01
group,5,2,44,UB0085,1,0.48244650048803506,M2,0.10000000000000001,0.22070562737632268,E2,0.10000000000000001,E2,0.10000000000000001,0.61164851473972781,1,0.60443333057772264,M0,0.10000000000000001,0.60428019195235949,M1,0.10000000000000001,0.3745409993793628,E0,0.10000000000000001,0.43337714128024263,E1,0.01,0.22070562737632268,E2,0.10000000000000001
group,5,0,45,UB0086,1,0.46676921235491425,M2,0.10000000000000001,0.33668044862854646,E2,0.01,E2,0.01,0.61393807111946475,1,0.42287879453376931,M0,1,0.54002948763682324,M1,1,0.4251827572993479,E0,0.10000000000000001,0.38128758774793942,E1,0.01,0.33668044862854646,E2,0.01
group,5,4,46,UB0087,1,0.53574388299281717,M2,0.10000000000000001,0.75424476272081142,E0,0.10000000000000001,E0,0.10000000000000001,0.61176979673633491,1,0.52320980495586478,M0,0.10000000000000001,0.51990812701620315,M1,0.10000000000000001,0.75424476272081142,E0,0.10000000000000001,0.60981331610513079,E1,0.01,0.61152332398217824,E2,0.01
group,5,2,47,UB0089,0,0.21727378385396215,M2,0.10000000000000001,0.052430379620743643,E2,0.10000000000000001,E2,0.10000000000000001,0.61164851473972781,1,0.21779031350518363,M0,0.10000000000000001,0.2280350522338227,M1,0.10000000000000001,0.12969417616365747,E0,0.10000000000000001,0.24452981320757589,E1,0.01,0.052430379620743643,E2,0.10000000000000001
group,5,3,48,UB0090,0,0.46337767037586358,M2,0.10000000000000001,0.59035459045157135,E0,0.10000000000000001,E0,0.10000000000000001,0.64893889554694839,1,0.46332149778702936,M0,0.10000000000000001,0.4623263623753881,M1,0.10000000000000001,0.59035459045157135,E0,0.10000000000000001,0.53212723566705267,E1,0.01,0.5344055764014457,E2,0.01
group,5,3,49,UB0091,1,0.53710305198659958,M2,0.10000000000000001,0.50505351068584503,E0,0.10000000000000001,E0,0.10000000000000001,0.64893889554694839,1,0.47120009234008259,M0,0.10000000000000001,0.52064543943855168,M1,0.10000000000000001,0.50505351068584503,E0,0.10000000000000001,0.41720106394513989,E1,0.01,0.44764810841507274,E2,0.01
group,5,1,50,UB0098,0,0.75292777411784395,M2,1,0.23424225871848708,E0,0.10000000000000001,E0,0.10000000000000001,0.56528660873625625,1,0.72322405714300975,M0,1,0.82631862837589587,M1,1,0.23424225871848708,E0,0.10000000000000001,0.082248499426945981,E1,0.10000000000000001,0.030376355428250477,E2,0.10000000000000001
group,5,3,51,UB0099,1,0.52969072150009588,M2,0.10000000000000001,0.52095255650568661,E0,0.10000000000000001,E0,0.10000000000000001,0.64893889554694839,1,0.53441516396338062,M0,0.10000000000000001,0.51573589006052545,M1,0.10000000000000001,0.52095255650568661,E0,0.10000000000000001,0.51347171164099681,E1,0.01,0.49028773615859988,E2,0.01
group,5,1,52,UB0100,0,0.86497862591847208,M2,1,0.76329661703283547,E0,0.10000000000000001,E0,0.10000000000000001,0.56528660873625625,1,0.60345492002864864,M0,1,0.85938869388128936,M1,1,0.76329661703283547,E0,0.10000000000000001,0.74944476151415373,E1,0.10000000000000001,0.80628994943920962,E2,0.10000000000000001
group,5,2,53,UB0102,1,0.53728718188585922,M2,0.10000000000000001,0.2390832733037403,E2,0.10000000000000001,E2,0.10000000000000001,0.61164851473972781,1,0.5321054097060639,M0,0.10000000000000001,0.46737280155505917,M1,0.10000000000000001,0.53037663704966587,E0,0.10000000000000001,0.41660145537131732,E1,0.01,0.2390832733037403,E2,0.10000000000000001
group,5,2,54,UB0103,0,0.33989490087936347,M2,0.10000000000000001,0.47653678186706377,E2,0.10000000000000001,E2,0.10000000000000001,0.61164851473972781,1,0.35114732459207371,M0,0.10000000000000001,0.36612863522147571,M1,0.10000000000000001,0.41454719018091701,E0,0.10000000000000001,0.50002249749407945,E1,0.01,0.47653678186706377,E2,0.10000000000000001
group,5,2,55,UB0104,0,0.44936670905300274,M2,0.10000000000000001,0.15447746734501658,E2,0.10000000000000001,E2,0.10000000000000001,0.61164851473972781,1,0.5321054097060639,M0,0.10000000000000001,0.47753036453869591,M1,0.10000000000000001,0.36271503930706095,E0,0.10000000000000001,0.38683645668335215,E1,0.01,0.15447746734501658,E2,0.10000000000000001
group,5,3,56,UB0105,0,0.29265040224948768,M2,0.10000000000000001,0.30744971819610484,E0,0.10000000000000001,E0,0.10000000000000001,0.64893889554694839,1,0.31114917297956285,M0,0.10000000000000001,0.29449332083541108,M1,0.10000000000000001,0.30744971819610484,E0,0.10000000000000001,0.3627686684817501,E1,0.01,0.36386683987197083,E2,0.01
group,5,4,57,UB0106,1,0.35138157714709689,M2,0.10000000000000001,0.30511283086585583,E0,0.10000000000000001,E0,0.10000000000000001,0.61176979673633491,1,0.39794626256906651,M0,0.10000000000000001,0.3706046472355608,M1,0.10000000000000001,0.30511283086585583,E0,0.10000000000000001,0.34879874710248365,E1,0.01,0.39213298212723041,E2,0.01
group,5,1,58,UB0107,1,0.13656291119251396,M2,1,0.32459955972525706,E0,0.10000000000000001,E0,0.10000000000000001,0.56528660873625625,1,0.1483842199848798,M0,1,0.11734702152492375,M1,1,0.32459955972525706,E0,0.10000000000000001,0.40658330854025965,E1,0.10000000000000001,0.51529728815789244,E2,0.10000000000000001
group,5,3,59,UB0109,0,0.29584596473976194,M2,0.10000000000000001,0.2782810986286367,E0,0.10000000000000001,E0,0.10000000000000001,0.64893889554694839,1,0.28468183001963943,M0,0.10000000000000001,0.27302269712672222,M1,0.10000000000000001,0.2782810986286367,E0,0.10000000000000001,0.37659113701020142,E1,0.01,0.3720458816281067,E2,0.01
group,5,1,60,UB0115,1,0.18830476464076115,M2,1,0.27498124860541256,E0,0.10000000000000001,E0,0.10000000000000001,0.56528660873625625,1,0.13523353643100064,M0,1,0.15227516400655633,M1,1,0.27498124860541256,E0,0.10000000000000001,0.27529087077420178,E1,0.10000000000000001,0.49079278275494465,E2,0.10000000000000001
group,5,3,61,UB0118,1,0.52931069092225502,M2,0.10000000000000001,0.39571965158874944,E0,0.10000000000000001,E0,0.10000000000000001,0.64893889554694839,1,0.51863565887525853,M0,0.10000000000000001,0.51813865679314952,M1,0.10000000000000001,0.39571965158874944,E0,0.10000000000000001,0.38854206886667647,E1,0.01,0.39212404514942306,E2,0.01
group,5,2,62,UB0119,1,0.52154767090355081,M2,0.10000000000000001,0.77362917323369773,E2,0.10000000000000001,E2,0.10000000000000001,0.61164851473972781,1,0.51368538271516195,M0,0.10000000000000001,0.53970630130781216,M1,0.10000000000000001,0.61645049818298847,E0,0.10000000000000001,0.55090604391631137,E1,0.01,0.77362917323369773,E2,0.10000000000000001
group,5,4,63,UB0120,1,0.49846642001610475,M2,0.10000000000000001,0.41365485301748089,E0,0.10000000000000001,E0,0.10000000000000001,0.61176979673633491,1,0.52320980495586478,M0,0.10000000000000001,0.48483276887301563,M1,0.10000000000000001,0.41365485301748089,E0,0.10000000000000001,0.40723582565931216,E1,0.01,0.45323847309945614,E2,0.01
group,5,4,64,UB0122,0,0.54556706449668246,M2,0.10000000000000001,0.51770498079815364,E0,0.10000000000000001,E0,0.10000000000000001,0.61176979673633491,1,0.60607975799010416,M0,0.10000000000000001,0.54016090831908903,M1,0.10000000000000001,0.51770498079815364,E0,0.10000000000000001,0.41583911864868112,E1,0.01,0.40734039367380398,E2,0.01
group,5,2,65,UB0124,1,0.65131303624290382,M2,0.10000000000000001,0.45117074491737486,E2,0.10000000000000001,E2,0.10000000000000001,0.61164851473972781,1,0.56863528201874125,M0,0.10000000000000001,0.64611102822400379,M1,0.10000000000000001,0.55363081263258218,E0,0.10000000000000001,0.49083810698953562,E1,0.01,0.45117074491737486,E2,0.10000000000000001
group,5,2,66,UB0126,0,0.36915307492311267,M2,0.10000000000000001,0.46561165428417739,E2,0.10000000000000001,E2,0.10000000000000001,0.61164851473972781,1,0.3024770688636878,M0,0.10000000000000001,0.27241842372667496,M1,0.10000000000000001,0.40139825007997665,E0,0.10000000000000001,0.46975838147018606,E1,0.01,0.46561165428417739,E2,0.10000000000000001
group,5,1,67,UB0127,1,0.38904415485743943,M2,1,0.16406782143406923,E0,0.10000000000000001,E0,0.10000000000000001,0.56528660873625625,1,0.19419906695043207,M0,1,0.36454972831609539,M1,1,0.16406782143406923,E0,0.10000000000000001,0.27967808274520023,E1,0.10000000000000001,0.22118515312228046,E2,0.10000000000000001
group,5,3,68,UB0128,1,0.92274182666105564,M2,0.10000000000000001,0.95076582171677104,E0,0.10000000000000001,E0,0.10000000000000001,0.64893889554694839,1,0.52653203635463963,M0,0.10000000000000001,0.93890275649301158,M1,0.10000000000000001,0.95076582171677104,E0,0.10000000000000001,0.67991669312081049,E1,0.01,0.71195814177432248,E2,0.01
group,5,1,69,UB0129,1,0.67112803373525665,M2,1,0.63990222920106588,E0,0.10000000000000001,E0,0.10000000000000001,0.56528660873625625,1,0.65387885931328515,M0,1,0.64576091181287187,M1,1,0.63990222920106588,E0,0.10000000000000001,0.57903466558470551,E1,0.10000000000000001,0.49189010604266581,E2,0.10000000000000001
group,5,0,70,UB0131,0,0.33154023400307059,M2,0.10000000000000001,0.47174879434910277,E2,0.01,E2,0.01,0.61393807111946475,1,0.3328104721377832,M0,1,0.25375565696611435,M1,1,0.42150592344218701,E0,0.10000000000000001,0.52478081219562689,E1,0.01,0.47174879434910277,E2,0.01
group,5,1,71,UB0132,1,0.69459088585414486,M2,1,0.59788814808684587,E0,0.10000000000000001,E0,0.10000000000000001,0.56528660873625625,1,0.65387885931328515,M0,1,0.77498241585664351,M1,1,0.59788814808684587,E0,0.10000000000000001,0.62713491200138749,E1,0.10000000000000001,0.65810798264428683,E2,0.10000000000000001
group,5,1,72,UB0133,0,0.40769490730008451,M2,1,0.50508118003897373,E0,0.10000000000000001,E0,0.10000000000000001,0.56528660873625625,1,0.60345492002864864,M0,1,0.41645285892910749,M1,1,0.50508118003897373,E0,0.10000000000000001,0.51363606782044813,E1,0.10000000000000001,0.56776131231638216,E2,0.10000000000000001
group,5,2,73,UB0134,1,0.42197424491830871,M2,0.10000000000000001,0.47894471939021127,E2,0.10000000000000001,E2,0.10000000000000001,0.61164851473972781,1,0.45840264853612023,M0,0.10000000000000001,0.43593306236713109,M1,0.10000000000000001,0.45391819073872663,E0,0.10000000000000001,0.439458804242507,E1,0.01,0.47894471939021127,E2,0.10000000000000001
group,5,3,74,UB0138,1,0.54243573616432417,M2,0.10000000000000001,0.49434524319347983,E0,0.10000000000000001,E0,0.10000000000000001,0.64893889554694839,1,0.47909306208145519,M0,0.10000000000000001,0.50701643478777336,M1,0.10000000000000001,0.49434524319347983,E0,0.10000000000000001,0.4421216560116713,E1,0.01,0.51903952663817676,E2,0.01
group,5,2,75,UB0139,0,0.59923768261591415,M2,0.10000000000000001,0.8883008965698187,E2,0.10000000000000001,E2,0.10000000000000001,0.61164851473972781,1,0.51368538271516195,M0,0.10000000000000001,0.58758113748717089,M1,0.10000000000000001,0.82647288347451153,E0,0.10000000000000001,0.64269331610274105,E1,0.01,0.8883008965698187,E2,0.10000000000000001
group,5,4,76,UB0140,1,0.38575818123620442,M2,0.10000000000000001,0.37114099444667437,E0,0.10000000000000001,E0,0.10000000000000001,0.61176979673633491,1,0.48099102034668395,M0,0.10000000000000001,0.39435100156769259,M1,0.10000000000000001,0.37114099444667437,E0,0.10000000000000001,0.39392967771571996,E1,0.01,0.41975677945442702,E2,0.01
group,5,1,77,UB0142,1,0.098780463106384678,M2,1,0.49296615807561672,E0,0.10000000000000001,E0,0.10000000000000001,0.56528660873625625,1,0.17783589780021083,M0,1,0.074234549642965095,M1,1,0.49296615807561672,E0,0.10000000000000001,0.41737409759498423,E1,0.10000000000000001,0.38423986941483562,E2,0.10000000000000001
group,5,3,78,UB0143,1,0.54952897654156296,M2,0.10000000000000001,0.43955893383593453,E0,0.10000000000000001,E0,0.10000000000000001,0.64893889554694839,1,0.51863565887525853,M0,0.10000000000000001,0.57056120588784076,M1,0.10000000000000001,0.43955893383593453,E0,0.10000000000000001,0.44184747247587891,E1,0.01,0.43799287160657674,E2,0.01
group,5,0,79,UB0144,1,0.48834749312709652,M2,0.10000000000000001,0.57034164705867152,E2,0.01,E2,0.01,0.61393807111946475,1,0.48536338722394146,M0,1,0.59708902189661439,M1,1,0.74418485307550231,E0,0.10000000000000001,0.58994881713577263,E1,0.01,0.57034164705867152,E2,0.01
group,5,4,80,UB0147,0,0.588704804131988,M2,0.10000000000000001,0.60580671244389461,E0,0.10000000000000001,E0,0.10000000000000001,0.61176979673633491,1,0.62606036608428506,M0,0.10000000000000001,0.5754888126037484,M1,0.10000000000000001,0.60580671244389461,E0,0.10000000000000001,0.45125805830120747,E1,0.01,0.40239524338376276,E2,0.01
group,5,1,81,UB0150,1,0.094725565692917305,M2,1,0.44453653399789628,E0,0.10000000000000001,E0,0.10000000000000001,0.56528660873625625,1,0.44303012742981968,M0,1,0.092667353111739528,M1,1,0.44453653399789628,E0,0.10000000000000001,0.4153038506748129,E1,0.10000000000000001,0.53397107209971428,E2,0.10000000000000001
group,5,1,82,UB0153,0,0.073808594753248455,M2,1,0.14314720620650678,E0,0.10000000000000001,E0,0.10000000000000001,0.56528660873625625,1,0.1483842199848798,M0,1,0.066369484038760931,M1,1,0.14314720620650678,E0,0.10000000000000001,0.13620355533058506,E1,0.10000000000000001,0.23010033054682774,E2,0.10000000000000001
group,5,3,83,UB0154,0,0.44607327358612969,M2,0.10000000000000001,0.38423525972758044,E0,0.10000000000000001,E0,0.10000000000000001,0.64893889554694839,1,0.49490641317312573,M0,0.10000000000000001,0.45348788912833915,M1,0.10000000000000001,0.38423525972758044,E0,0.10000000000000001,0.3902881929271616,E1,0.01,0.42728589389489702,E2,0.01
group,5,0,84,UB0156,0,0.3425354668785196,M2,0.10000000000000001,0.32459375236350252,E2,0.01,E2,0.01,0.61393807111946475,1,0.37116271933373346,M0,1,0.29890813543641598,M1,1,0.23506420949785273,E0,0.10000000000000001,0.35368163886533516,E1,0.01,0.32459375236350252,E2,0.01
group,5,2,85,UB0158,0,0.49315118284696219,M2,0.10000000000000001,0.84546404503350148,E2,0.10000000000000001,E2,0.10000000000000001,0.61164851473972781,1,0.58664878007385224,M0,0.10000000000000001,0.54351313557464009,M1,0.10000000000000001,0.55903046066926276,E0,0.10000000000000001,0.5907301875442359,E1,0.01,0.84546404503350148,E2,0.10000000000000001
group,5,0,86,UB0161,1,0.69498330164561017,M2,0.10000000000000001,0.52197426533024671,E2,0.01,E2,0.01,0.61393807111946475,1,0.26268899048455391,M0,1,0.57046669052936716,M1,1,0.64896489661894119,E0,0.10000000000000001,0.58564627817822279,E1,0.01,0.52197426533024671,E2,0.01
group,5,0,87,UB0162,1,0.51172972469779676,M2,0.10000000000000001,0.59708112853323625,E2,0.01,E2,0.01,0.61393807111946475,1,0.58955095333006446,M0,1,0.66950551170463346,M1,1,0.61318907812473222,E0,0.10000000000000001,0.52444960005753505,E1,0.01,0.59708112853323625,E2,0.01
group,5,4,88,UB0164,1,0.45453806749886672,M2,0.10000000000000001,0.4191717078003917,E0,0.10000000000000001,E0,0.10000000000000001,0.61176979673633491,1,0.45994554627441453,M0,0.10000000000000001,0.44992517426656931,M1,0.10000000000000001,0.4191717078003917,E0,0.10000000000000001,0.46574086073238968,E1,0.01,0.48997869504039088,E2,0.01
group,5,3,89,UB0166,1,0.51727685989961236,M2,0.10000000000000001,0.54022260952668766,E0,0.10000000000000001,E0,0.10000000000000001,0.64893889554694839,1,0.52653203635463963,M0,0.10000000000000001,0.48588249098521241,M1,0.10000000000000001,0.54022260952668766,E0,0.10000000000000001,0.4761959828427435,E1,0.01,0.49137667957959408,E2,0.01
group,5,0,90,UB0168,1,0.52806851483660633,M2,0.10000000000000001,0.39895680351322094,E2,0.01,E2,0.01,0.61393807111946475,1,0.35174755012247405,M0,1,0.5723969093309963,M1,1,0.42766866448231605,E0,0.10000000000000001,0.4426946229759034,E1,0.01,0.39895680351322094,E2,0.01
group,5,3,91,UB0169,0,0.29671526432119866,M2,0.10000000000000001,0.34416001318317713,E0,0.10000000000000001,E0,0.10000000000000001,0.64893889554694839,1,0.33185655980164924,M0,0.10000000000000001,0.30723367217848652,M1,0.10000000000000001,0.34416001318317713,E0,0.10000000000000001,0.40569397307608573,E1,0.01,0.42934304154407898,E2,0.01
group,5,0,92,UB0170,1,0.47520933729292369,M2,0.10000000000000001,0.40670772373687919,E2,0.01,E2,0.01,0.61393807111946475,1,0.5483089160064698,M0,1,0.43578472207177155,M1,1,0.52578929121931739,E0,0.10000000000000001,0.41375837868600013,E1,0.01,0.40670772373687919,E2,0.01
group,5,2,93,UB0172,0,0.62284533196313452,M2,0.10000000000000001,0.4996209361918329,E2,0.10000000000000001,E2,0.10000000000000001,0.61164851473972781,1,0.47678382523934609,M0,0.10000000000000001,0.64089999240762607,M1,0.10000000000000001,0.73659964674491585,E0,0.10000000000000001,0.46825554429832228,E1,0.01,0.4996209361918329,E2,0.10000000000000001
group,5,4,94,UB0173,0,0.61761897948646272,M2,0.10000000000000001,0.55302427539286925,E0,0.10000000000000001,E0,0.10000000000000001,0.61176979673633491,1,0.62606036608428506,M0,0.10000000000000001,0.57081230363507496,M1,0.10000000000000001,0.55302427539286925,E0,0.10000000000000001,0.45466502476182524,E1,0.01,0.44143502886134994,E2,0.01
group,5,0,95,UB0176,0,0.24393976856985849,M2,0.10000000000000001,0.29681077160151609,E2,0.01,E2,0.01,0.61393807111946475,1,0.23142042500819102,M0,1,0.14740112096003657,M1,1,0.21330402312608282,E0,0.10000000000000001,0.35014754291597688,E1,0.01,0.29681077160151609,E2,0.01
group,6,2,0,UB0004,0,0.30798376490093277,M2,0.10000000000000001,0.40257886520862712,E2,0.01,E2,0.01,0.63941626113201266,1,0.33702323123431432,M0,0.10000000000000001,0.28042004723274844,M1,0.10000000000000001,0.36122081254431515,E0,0.01,0.37304137410394356,E1,0.01,0.40257886520862712,E2,0.01
group,6,1,1,UB0007,0,0.34118506564588469,M2,0.10000000000000001,0.45043900408686322,E2,0.10000000000000001,E2,0.10000000000000001,0.58914706014624341,1,0.54169960610345369,M0,0.10000000000000001,0.4693644220293593,M1,0.10000000000000001,0.38442621705947738,E0,0.10000000000000001,0.29873926731220474,E1,0.10000000000000001,0.45043900408686322,E2,0.10000000000000001
group,6,0,2,UB0020,0,0.574441164977746,M2,0.10000000000000001,0.47448937284552001,E2,0.01,E2,0.01,0.63433720480257072,1,0.54539169137670285,M0,0.10000000000000001,0.56749520098295414,M1,0.10000000000000001,0.39035275350280635,E0,0.01,0.40844577765200057,E1,0.01,0.47448937284552001,E2,0.01
group,6,0,3,UB0021,1,0.46122008708702122,M2,0.10000000000000001,0.39530634587124086,E2,0.01,E2,0.01,0.63433720480257072,1,0.51522715798760921,M0,0.10000000000000001,0.43592115534522929,M1,0.10000000000000001,0.39628059934945209,E0,0.01,0.37381838567838521,E1,0.01,0.39530634587124086,E2,0.01
group,6,4,4,UB0023,1,0.97788298017149555,M2,1,0.77164083099434155,E0,0.10000000000000001,E0,0.10000000000000001,0.6466760560901158,1,0.60405623265226283,M0,1,0.96586412446424708,M1,1,0.77164083099434155,E0,0.10000000000000001,0.50494937379140437,E1,0.01,0.74267322999329588,E2,0.10000000000000001
group,6,2,5,UB0024,1,0.72062756960588892,M2,0.10000000000000001,0.65319429765168868,E2,0.01,E2,0.01,0.63941626113201266,1,0.61370538198989166,M0,0.10000000000000001,0.72540579703702168,M1,0.10000000000000001,0.59350421193069602,E0,0.01,0.63876696674297417,E1,0.01,0.65319429765168868,E2,0.01
group,6,4,6,UB0028,1,0.35493982190110779,M2,1,0.56288529350813232,E0,0.10000000000000001,E0,0.10000000000000001,0.6466760560901158,1,0.58598687766162427,M0,1,0.65760590056084989,M1,1,0.56288529350813232,E0,0.10000000000000001,0.5293874848616511,E1,0.01,0.85431056425915464,E2,0.10000000000000001
group,6,0,7,UB0029,1,0.49761838385634977,M2,0.10000000000000001,0.45451070057351101,E2,0.01,E2,0.01,0.63433720480257072,1,0.51522715798760921,M0,0.10000000000000001,0.54146169900245766,M1,0.10000000000000001,0.42473848361453254,E0,0.01,0.41495544589370187,E1,0.01,0.45451070057351101,E2,0.01
group,6,4,8,UB0030,0,0.26808883155353652,M2,1,0.082055182088986836,E0,0.10000000000000001,E0,0.10000000000000001,0.6466760560901158,1,0.43719270473484423,M0,1,0.34128054861278034,M1,1,0.082055182088986836,E0,0.10000000000000001,0.14206430696895395,E1,0.01,0.014020271227023274,E2,0.10000000000000001
group,6,4,9,UB0032,0,0.25677998423788079,M2,1,0.26840098636936716,E0,0.10000000000000001,E0,0.10000000000000001,0.6466760560901158,1,0.43719270473484423,M0,1,0.33253682659237949,M1,1,0.26840098636936716,E0,0.10000000000000001,0.32929916499156608,E1,0.01,0.19280821571355591,E2,0.10000000000000001
group,6,1,10,UB0034,0,0.36640153803319714,M2,0.10000000000000001,0.08307343603053037,E2,0.10000000000000001,E2,0.10000000000000001,0.58914706014624341,1,0.44140414448332632,M0,0.10000000000000001,0.40066420038327893,M1,0.10000000000000001,0.17523635429172338,E0,0.10000000000000001,0.10615214843531288,E1,0.10000000000000001,0.08307343603053037,E2,0.10000000000000001
group,6,2,11,UB0035,0,0.32579440078329625,M2,0.10000000000000001,0.17658743030626961,E2,0.01,E2,0.01,0.63941626113201266,1,0.3790927824943941,M0,0.10000000000000001,0.31909514305784176,M1,0.10000000000000001,0.27279640906407876,E0,0.01,0.19493291233035928,E1,0.01,0.17658743030626961,E2,0.01
group,6,4,12,UB0039,0,0.78758522242547768,M2,1,0.42968356769068761,E0,0.10000000000000001,E0,0.10000000000000001,0.6466760560901158,1,0.43719270473484423,M0,1,0.74579199627077319,M1,1,0.42968356769068761,E0,0.10000000000000001,0.43134119098498919,E1,0.01,0.5213879276038047,E2,0.10000000000000001
group,6,0,13,UB0042,0,0.19285635485775049,M2,0.10000000000000001,0.22361237549374555,E2,0.01,E2,0.01,0.63433720480257072,1,0.23468929755759491,M0,0.10000000000000001,0.19071534263753395,M1,0.10000000000000001,0.27638864979358924,E0,0.01,0.22724965885740403,E1,0.01,0.22361237549374555,E2,0.01
group,6,2,14,UB0044,0,0.39905641598388436,M2,0.10000000000000001,0.48362141427931732,E2,0.01,E2,0.01,0.63941626113201266,1,0.39976054849439407,M0,0.10000000000000001,0.3669445777153153,M1,0.10000000000000001,0.41153362124632142,E0,0.01,0.4498849159762463,E1,0.01,0.48362141427931732,E2,0.01
group,6,3,15,UB0045,0,0.19928773647703338,M2,1,0.32761271270817915,E0,0.10000000000000001,E0,0.10000000000000001,0.55830509853546784,1,0.43272614266022807,M0,1,0.17194828225132497,M1,1,0.32761271270817915,E0,0.10000000000000001,0.4130755834778076,E1,0.10000000000000001,0.32835286548098208,E2,0.10000000000000001
group,6,4,16,UB0046,0,0.16044302369880831,M2,1,0.17696684374496827,E0,0.10000000000000001,E0,0.10000000000000001,0.6466760560901158,1,0.17022024718030837,M0,1,0.17779164862733707,M1,1,0.17696684374496827,E0,0.10000000000000001,0.2998340235077302,E1,0.01,0.097273473030454013,E2,0.10000000000000001
group,6,1,17,UB0047,0,0.43074902747882376,M2,0.10000000000000001,0.32988979332839613,E2,0.10000000000000001,E2,0.10000000000000001,0.58914706014624341,1,0.44140414448332632,M0,0.10000000000000001,0.40387450828191146,M1,0.10000000000000001,0.39973428642436531,E0,0.10000000000000001,0.39100694314522644,E1,0.10000000000000001,0.32988979332839613,E2,0.10000000000000001
group,6,3,18,UB0049,0,0.24060384496666998,M2,1,0.29910775865955164,E0,0.10000000000000001,E0,0.10000000000000001,0.55830509853546784,1,0.43272614266022807,M0,1,0.26158770477592985,M1,1,0.29910775865955164,E0,0.10000000000000001,0.32468791778356998,E1,0.10000000000000001,0.28171704354245081,E2,0.10000000000000001
group,6,4,19,UB0051,0,0.13787470876080737,M2,1,0.22345206404076765,E0,0.10000000000000001,E0,0.10000000000000001,0.6466760560901158,1,0.22986205195854162,M0,1,0.13734651781555893,M1,1,0.22345206404076765,E0,0.10000000000000001,0.40289142583280446,E1,0.01,0.24688929741710591,E2,0.10000000000000001
group,6,3,20,UB0052,0,0.59031584541876148,M2,1,0.62941981610836717,E0,0.10000000000000001,E0,0.10000000000000001,0.55830509853546784,1,0.59515948942817487,M0,1,0.56472284828524177,M1,1,0.62941981610836717,E0,0.10000000000000001,0.67047721934833304,E1,0.10000000000000001,0.64958692853989475,E2,0.10000000000000001
group,6,3,21,UB0053,0,0.17193546058793868,M2,1,0.24970171203873515,E0,0.10000000000000001,E0,0.10000000000000001,0.55830509853546784,1,0.17486109948131648,M0,1,0.1721532515442471,M1,1,0.24970171203873515,E0,0.10000000000000001,0.29047915280090447,E1,0.10000000000000001,0.29392927915535183,E2,0.10000000000000001
group,6,4,22,UB0054,0,0.047461907553260879,M2,1,0.095426992485884113,E0,0.10000000000000001,E0,0.10000000000000001,0.6466760560901158,1,0.20438969905052587,M0,1,0.11937892615253257,M1,1,0.095426992485884113,E0,0.10000000000000001,0.35028710643303418,E1,0.01,0.040453675427510404,E2,0.10000000000000001
group,6,0,23,UB0056,0,0.21176882046456949,M2,0.10000000000000001,0.42078039338401413,E2,0.01,E2,0.01,0.63433720480257072,1,0.23468929755759491,M0,0.10000000000000001,0.20846786300725456,M1,0.10000000000000001,0.30773323750395426,E0,0.01,0.40902860414466263,E1,0.01,0.42078039338401413,E2,0.01
group,6,1,24,UB0057,0,0.23644162916165273,M2,0.10000000000000001,0.10046980333654737,E2,0.10000000000000001,E2,0.10000000000000001,0.58914706014624341,1,0.2787750527743163,M0,0.10000000000000001,0.22329806712381209,M1,0.10000000000000001,0.17162873574992762,E0,0.10000000000000001,0.13591079892452482,E1,0.10000000000000001,0.10046980333654737,E2,0.10000000000000001
group,6,2,25,UB0059,0,0.32395233393078127,M2,0.10000000000000001,0.43296620679233377,E2,0.01,E2,0.01,0.63941626113201266,1,0.29933561601169395,M0,0.10000000000000001,0.28728107254656038,M1,0.10000000000000001,0.39598321464794889,E0,0.01,0.42105056214877756,E1,0.01,0.43296620679233377,E2,0.01
group,6,4,26,UB0060,0,0.17797067503318958,M2,1,0.29450413343809845,E0,0.10000000000000001,E0,0.10000000000000001,0.6466760560901158,1,0.27207818153158581,M0,1,0.22701798589740302,M1,1,0.29450413343809845,E0,0.10000000000000001,0.36573659175767798,E1,0.01,0.10418460048351841,E2,0.10000000000000001
group,6,0,27,UB0061,0,0.32163234647512973,M2,0.10000000000000001,0.25168905644908651,E2,0.01,E2,0.01,0.63433720480257072,1,0.2933502281126763,M0,0.10000000000000001,0.31734282087321203,M1,0.10000000000000001,0.32606673813438297,E0,0.01,0.29823011377357755,E1,0.01,0.25168905644908651,E2,0.01
group,6,2,28,UB0063,0,0.3223536151547004,M2,0.10000000000000001,0.30829618325901864,E2,0.01,E2,0.01,0.63941626113201266,1,0.31788125748933982,M0,0.10000000000000001,0.3065776644639388,M1,0.10000000000000001,0.38231131265421914,E0,0.01,0.36129022875467887,E1,0.01,0.30829618325901864,E2,0.01
group,6,3,29,UB0065,0,0.084220591492257718,M2,1,0.17992552636934536,E0,0.10000000000000001,E0,0.10000000000000001,0.55830509853546784,1,0.21919126751319154,M0,1,0.21096764407765461,M1,1,0.17992552636934536,E0,0.10000000000000001,0.18879786669833573,E1,0.10000000000000001,0.16030506374025066,E2,0.10000000000000001
group,6,1,30,UB0066,0,0.26370644930482184,M2,0.10000000000000001,0.43255469335835267,E2,0.10000000000000001,E2,0.10000000000000001,0.58914706014624341,1,0.33205874861711443,M0,0.10000000000000001,0.27361544733210558,M1,0.10000000000000001,0.31215546981837056,E0,0.10000000000000001,0.26611592670226947,E1,0.10000000000000001,0.43255469335835267,E2,0.10000000000000001
group,6,3,31,UB0070,1,0.45581002938596954,M2,1,0.5800076362207941,E0,0.10000000000000001,E0,0.10000000000000001,0.55830509853546784,1,0.50260926991384591,M0,1,0.42425572927537597,M1,1,0.5800076362207941,E0,0.10000000000000001,0.55153016520096221,E1,0.10000000000000001,0.47954931452655963,E2,0.10000000000000001
group,6,0,32,UB0071,0,0.35737774953441176,M2,0.10000000000000001,0.5583894074107173,E2,0.01,E2,0.01,0.63433720480257072,1,0.31907469596890559,M0,0.10000000000000001,0.35377814008421316,M1,0.10000000000000001,0.53539768979166613,E0,0.01,0.56801093737473096,E1,0.01,0.5583894074107173,E2,0.01
group,6,4,33,UB0072,0,0.62985839888848283,M2,1,0.59991273435472503,E0,0.10000000000000001,E0,0.10000000000000001,0.6466760560901158,1,0.63931351064005226,M0,1,0.5269831030432568,M1,1,0.59991273435472503,E0,0.10000000000000001,0.51492529080679728,E1,0.01,0.56856075948456131,E2,0.10000000000000001
group,6,2,34,UB0073,1,0.48641566858302593,M2,0.10000000000000001,0.42088705115897734,E2,0.01,E2,0.01,0.63941626113201266,1,0.46365182098824909,M0,0.10000000000000001,0.47722212045283358,M1,0.10000000000000001,0.43207629342277498,E0,0.01,0.4192783858837083,E1,0.01,0.42088705115897734,E2,0.01
group,6,2,35,UB0074,1,0.47183213033159221,M2,0.10000000000000001,0.42222158985189551,E2,0.01,E2,0.01,0.63941626113201266,1,0.46365182098824909,M0,0.10000000000000001,0.46249898248533378,M1,0.10000000000000001,0.41107166637556158,E0,0.01,0.42363993020845381,E1,0.01,0.42222158985189551,E2,0.01
group,6,4,36,UB0075,0,0.30040752087124478,M2,1,0.68458013371770698,E0,0.10000000000000001,E0,0.10000000000000001,0.6466760560901158,1,0.28718223380956975,M0,1,0.27387210984584748,M1,1,0.68458013371770698,E0,0.10000000000000001,0.61739336580611892,E1,0.01,0.68293183232054766,E2,0.10000000000000001
group,6,3,37,UB0077,1,0.13290329628306513,M2,1,0.20581245004051377,E0,0.10000000000000001,E0,0.10000000000000001,0.55830509853546784,1,0.13791288764822196,M0,1,0.11349726452816311,M1,1,0.20581245004051377,E0,0.10000000000000001,0.22511850383781301,E1,0.10000000000000001,0.24516014676840986,E2,0.10000000000000001
group,6,3,38,UB0078,1,0.16046654024053678,M2,1,0.25760542123524799,E0,0.10000000000000001,E0,0.10000000000000001,0.55830509853546784,1,0.16174727377227882,M0,1,0.16030321985266877,M1,1,0.25760542123524799,E0,0.10000000000000001,0.20387567069148299,E1,0.10000000000000001,0.22153431629612755,E2,0.10000000000000001
group,6,3,39,UB0079,0,0.14994165560564821,M2,1,0.19756585904667068,E0,0.10000000000000001,E0,0.10000000000000001,0.55830509853546784,1,0.17486109948131648,M0,1,0.20122592126695912,M1,1,0.19756585904667068,E0,0.10000000000000001,0.16577732598469647,E1,0.10000000000000001,0.10764148954687405,E2,0.10000000000000001
group,6,2,40,UB0080,0,0.2532587395218221,M2,0.10000000000000001,0.44035418418334554,E2,0.01,E2,0.01,0.63941626113201266,1,0.24763291742296864,M0,0.10000000000000001,0.22259401083221994,M1,0.10000000000000001,0.32923911643045761,E0,0.01,0.37779870004715166,E1,0.01,0.44035418418334554,E2,0.01
group,6,0,41,UB0081,0,0.51558227319797956,M2,0.10000000000000001,0.39969089934114838,E2,0.01,E2,0.01,0.63433720480257072,1,0.53033713031035856,M0,0.10000000000000001,0.49537434477225173,M1,0.10000000000000001,0.46696128678862253,E0,0.01,0.46529035620977194,E1,0.01,0.39969089934114838,E2,0.01
group,6,2,42,UB0083,1,0.62992829439319242,M2,0.10000000000000001,0.43239108220152089,E2,0.01,E2,0.01,0.63941626113201266,1,0.5503540671702295,M0,0.10000000000000001,0.60219375185472013,M1,0.10000000000000001,0.49320372988378391,E0,0.01,0.4987567277263748,E1,0.01,0.43239108220152089,E2,0.01
group,6,3,43,UB0084,0,0.44492776700030212,M2,1,0.53041623745857058,E0,0.10000000000000001,E0,0.10000000000000001,0.55830509853546784,1,0.47919013072866667,M0,1,0.44927335667614798,M1,1,0.53041623745857058,E0,0.10000000000000001,0.53168375563702819,E1,0.10000000000000001,0.46129585748916091,E2,0.10000000000000001
group,6,1,44,UB0085,1,0.45166477770255764,M2,0.10000000000000001,0.38918029315206926,E2,0.10000000000000001,E2,0.10000000000000001,0.58914706014624341,1,0.57888095909468018,M0,0.10000000000000001,0.5589099711579113,M1,0.10000000000000001,0.38939598091189559,E0,0.10000000000000001,0.40297344013357328,E1,0.10000000000000001,0.38918029315206926,E2,0.10000000000000001
group,6,2,45,UB0086,1,0.47056295905277845,M2,0.10000000000000001,0.33171838125629743,E2,0.01,E2,0.01,0.63941626113201266,1,0.42079147290494573,M0,0.10000000000000001,0.45005284202517437,M1,0.10000000000000001,0.38426228254633116,E0,0.01,0.37559527924459402,E1,0.01,0.33171838125629743,E2,0.01
group,6,3,46,UB0087,1,0.63268536654337504,M2,1,0.73259035638563075,E0,0.10000000000000001,E0,0.10000000000000001,0.55830509853546784,1,0.57239060077197224,M0,1,0.5954489464944972,M1,1,0.73259035638563075,E0,0.10000000000000001,0.7137040540193722,E1,0.10000000000000001,0.59105070849473695,E2,0.10000000000000001
group,6,0,47,UB0089,0,0.25813118861900769,M2,0.10000000000000001,0.2426824026045801,E2,0.01,E2,0.01,0.63433720480257072,1,0.23468929755759491,M0,0.10000000000000001,0.25461960530918892,M1,0.10000000000000001,0.28527113267975973,E0,0.01,0.2542668290637734,E1,0.01,0.2426824026045801,E2,0.01
group,6,3,48,UB0090,0,0.32366166062292828,M2,1,0.56767894833923838,E0,0.10000000000000001,E0,0.10000000000000001,0.55830509853546784,1,0.45586210054217208,M0,1,0.36527085234922624,M1,1,0.56767894833923838,E0,0.10000000000000001,0.75109804349879461,E1,0.10000000000000001,0.77499331546583716,E2,0.10000000000000001
group,6,2,49,UB0091,1,0.46598976200265801,M2,0.10000000000000001,0.41502912170616879,E2,0.01,E2,0.01,0.63941626113201266,1,0.42079147290494573,M0,0.10000000000000001,0.4561207096985988,M1,0.10000000000000001,0.39322533055309755,E0,0.01,0.36992349507726585,E1,0.01,0.41502912170616879,E2,0.01
group,6,2,50,UB0098,0,0.6147679075960486,M2,0.10000000000000001,0.17485169804641293,E2,0.01,E2,0.01,0.63941626113201266,1,0.6341013455582003,M0,0.10000000000000001,0.69924352595481454,M1,0.10000000000000001,0.24884574866736633,E0,0.01,0.22761235677029318,E1,0.01,0.17485169804641293,E2,0.01
group,6,4,51,UB0099,1,0.65715595614926536,M2,1,0.67095328180196578,E0,0.10000000000000001,E0,0.10000000000000001,0.6466760560901158,1,0.62184588452173595,M0,1,0.59011141944929746,M1,1,0.67095328180196578,E0,0.10000000000000001,0.55847570066652918,E1,0.01,0.47758659602702375,E2,0.10000000000000001
group,6,3,52,UB0100,0,0.84854956866297171,M2,1,0.79083428317798843,E0,0.10000000000000001,E0,0.10000000000000001,0.55830509853546784,1,0.59515948942817487,M0,1,0.82127245742142485,M1,1,0.79083428317798843,E0,0.10000000000000001,0.74064995333979722,E1,0.10000000000000001,0.70850270827023132,E2,0.10000000000000001
group,6,4,53,UB0102,1,0.53579660425158093,M2,1,0.46014110868424757,E0,0.10000000000000001,E0,0.10000000000000001,0.6466760560901158,1,0.56768307596797207,M0,1,0.40702647527980118,M1,1,0.46014110868424757,E0,0.10000000000000001,0.39883633325736123,E1,0.01,0.26025309964408916,E2,0.10000000000000001
group,6,0,54,UB0103,0,0.3639573521623734,M2,0.10000000000000001,0.49726688863887425,E2,0.01,E2,0.01,0.63433720480257072,1,0.34595061961379919,M0,0.10000000000000001,0.35369028016382159,M1,0.10000000000000001,0.46569818209294328,E0,0.01,0.48979108195921806,E1,0.01,0.49726688863887425,E2,0.01
group,6,3,55,UB0104,0,0.38550455633275038,M2,1,0.50184102701938416,E0,0.10000000000000001,E0,0.10000000000000001,0.55830509853546784,1,0.59515948942817487,M0,1,0.45265560318808273,M1,1,0.50184102701938416,E0,0.10000000000000001,0.33158294052685039,E1,0.10000000000000001,0.35467322479115199,E2,0.10000000000000001
group,6,1,56,UB0105,0,0.26167694540680869,M2,0.10000000000000001,0.21207410474859925,E2,0.10000000000000001,E2,0.10000000000000001,0.58914706014624341,1,0.2787750527743163,M0,0.10000000000000001,0.26463860996602007,M1,0.10000000000000001,0.252781609889347,E0,0.10000000000000001,0.22628413948009951,E1,0.10000000000000001,0.21207410474859925,E2,0.10000000000000001
group,6,1,57,UB0106,1,0.38401171999607531,M2,0.10000000000000001,0.61442449169078406,E2,0.10000000000000001,E2,0.10000000000000001,0.58914706014624341,1,0.44140414448332632,M0,0.10000000000000001,0.41227723499833441,M1,0.10000000000000001,0.40408876616130085,E0,0.10000000000000001,0.60932903953531314,E1,0.10000000000000001,0.61442449169078406,E2,0.10000000000000001
group,6,4,58,UB0107,1,0.2818765969706542,M2,1,0.48593209816346683,E0,0.10000000000000001,E0,0.10000000000000001,0.6466760560901158,1,0.25748156733138355,M0,1,0.23562165694155848,M1,1,0.48593209816346683,E0,0.10000000000000001,0.5127805279626374,E1,0.01,0.71907112128997897,E2,0.10000000000000001
group,6,1,59,UB0109,0,0.24593077651439343,M2,0.10000000000000001,0.20510649559893127,E2,0.10000000000000001,E2,0.10000000000000001,0.58914706014624341,1,0.24014733067067057,M0,0.10000000000000001,0.23084447930205332,M1,0.10000000000000001,0.21329521498949083,E0,0.10000000000000001,0.26848380442841185,E1,0.10000000000000001,0.20510649559893127,E2,0.10000000000000001
group,6,0,60,UB0115,1,0.35170222876418555,M2,0.10000000000000001,0.42358759870364665,E2,0.01,E2,0.01,0.63433720480257072,1,0.30606141663797776,M0,0.10000000000000001,0.32543167669113299,M1,0.10000000000000001,0.37987592183244995,E0,0.01,0.35217535635600705,E1,0.01,0.42358759870364665,E2,0.01
group,6,1,61,UB0118,1,0.54691387030855654,M2,0.10000000000000001,0.46846825808633147,E2,0.10000000000000001,E2,0.10000000000000001,0.58914706014624341,1,0.54169960610345369,M0,0.10000000000000001,0.53004999447293755,M1,0.10000000000000001,0.49112190165033176,E0,0.10000000000000001,0.47987694419341098,E1,0.10000000000000001,0.46846825808633147,E2,0.10000000000000001
group,6,1,62,UB0119,1,0.54650302314841959,M2,0.10000000000000001,0.54259456735405187,E2,0.10000000000000001,E2,0.10000000000000001,0.58914706014624341,1,0.5166248034097265,M0,0.10000000000000001,0.55470190500010941,M1,0.10000000000000001,0.6023379837492131,E0,0.10000000000000001,0.52358127285178746,E1,0.10000000000000001,0.54259456735405187,E2,0.10000000000000001
group,6,0,63,UB0120,1,0.47132031053650092,M2,0.10000000000000001,0.43234258330318864,E2,0.01,E2,0.01,0.63433720480257072,1,0.48495127072939154,M0,0.10000000000000001,0.45499036268182769,M1,0.10000000000000001,0.37671745570291315,E0,0.01,0.36973886402487333,E1,0.01,0.43234258330318864,E2,0.01
group,6,1,64,UB0122,0,0.48642769808555547,M2,0.10000000000000001,0.57809146425221947,E2,0.10000000000000001,E2,0.10000000000000001,0.58914706014624341,1,0.56656495641483717,M0,0.10000000000000001,0.49547378287190152,M1,0.10000000000000001,0.50116855998329046,E0,0.10000000000000001,0.55616383321325147,E1,0.10000000000000001,0.57809146425221947,E2,0.10000000000000001
group,6,3,65,UB0124,1,0.84369333198512608,M2,1,0.72696956397026757,E0,0.10000000000000001,E0,0.10000000000000001,0.55830509853546784,1,0.6394057256289063,M0,1,0.78652198097226189,M1,1,0.72696956397026757,E0,0.10000000000000001,0.64217350308868204,E1,0.10000000000000001,0.67084244637333401,E2,0.10000000000000001
group,6,1,66,UB0126,0,0.28381824195745098,M2,0.10000000000000001,0.35280514072358449,E2,0.10000000000000001,E2,0.10000000000000001,0.58914706014624341,1,0.28900644556417598,M0,0.10000000000000001,0.25614304346425321,M1,0.10000000000000001,0.30388398989982573,E0,0.10000000000000001,0.25547015495995751,E1,0.10000000000000001,0.35280514072358449,E2,0.10000000000000001
group,6,3,67,UB0127,1,0.46719156595112615,M2,1,0.15993610089313809,E0,0.10000000000000001,E0,0.10000000000000001,0.55830509853546784,1,0.2529508129127353,M0,1,0.45598426021904664,M1,1,0.15993610089313809,E0,0.10000000000000001,0.17544486614506058,E1,0.10000000000000001,0.23440649807637501,E2,0.10000000000000001
group,6,1,68,UB0128,1,0.90055072631445165,M2,0.10000000000000001,0.98191347882550295,E2,0.10000000000000001,E2,0.10000000000000001,0.58914706014624341,1,0.55416616887658898,M0,0.10000000000000001,0.93535266767828174,M1,0.10000000000000001,0.93188844590311948,E0,0.10000000000000001,0.97174334685894415,E1,0.10000000000000001,0.98191347882550295,E2,0.10000000000000001
group,6,0,69,UB0129,1,0.52334032214095438,M2,0.10000000000000001,0.54282968971913748,E2,0.01,E2,0.01,0.63433720480257072,1,0.53033713031035856,M0,0.10000000000000001,0.50764499689321296,M1,0.10000000000000001,0.52473335615311256,E0,0.01,0.53616034505294108,E1,0.01,0.54282968971913748,E2,0.01
group,6,0,70,UB0131,0,0.30687680741384465,M2,0.10000000000000001,0.48367749137019861,E2,0.01,E2,0.01,0.63433720480257072,1,0.35978060228136116,M0,0.10000000000000001,0.30654974294341625,M1,0.10000000000000001,0.45124292281264389,E0,0.01,0.51950641914129625,E1,0.01,0.48367749137019861,E2,0.01
group,6,2,71,UB0132,1,0.56118578979838285,M2,0.10000000000000001,0.46113767823305585,E2,0.01,E2,0.01,0.63941626113201266,1,0.5717608795129735,M0,0.10000000000000001,0.62667792858696303,M1,0.10000000000000001,0.47701622253233517,E0,0.01,0.46303781277658435,E1,0.01,0.46113767823305585,E2,0.01
group,6,1,72,UB0133,0,0.43826852563063234,M2,0.10000000000000001,0.58130089942588825,E2,0.10000000000000001,E2,0.10000000000000001,0.58914706014624341,1,0.52918061460843213,M0,0.10000000000000001,0.47495695205054239,M1,0.10000000000000001,0.46941145176571641,E0,0.10000000000000001,0.50021310258594864,E1,0.10000000000000001,0.58130089942588825,E2,0.10000000000000001
group,6,4,73,UB0134,1,0.51431013691068961,M2,1,0.44075952456959683,E0,0.10000000000000001,E0,0.10000000000000001,0.6466760560901158,1,0.4931061584689761,M0,1,0.52273883818762523,M1,1,0.44075952456959683,E0,0.10000000000000001,0.42742265959241299,E1,0.01,0.55278426149933857,E2,0.10000000000000001
group,6,4,74,UB0138,1,0.67470923823146711,M2,1,0.52990796868925172,E0,0.10000000000000001,E0,0.10000000000000001,0.6466760560901158,1,0.4931061584689761,M0,1,0.59075104370084142,M1,1,0.52990796868925172,E0,0.10000000000000001,0.47509032729346051,E1,0.01,0.74129480225936972,E2,0.10000000000000001
group,6,2,75,UB0139,0,0.57296012835270904,M2,0.10000000000000001,0.61630025580159331,E2,0.01,E2,0.01,0.63941626113201266,1,0.50705599646260668,M0,0.10000000000000001,0.56723776371989054,M1,0.10000000000000001,0.56987156408069228,E0,0.01,0.60804947557985811,E1,0.01,0.61630025580159331,E2,0.01
group,6,2,76,UB0140,1,0.37752646703465981,M2,0.10000000000000001,0.44826720067205367,E2,0.01,E2,0.01,0.63941626113201266,1,0.46365182098824909,M0,0.10000000000000001,0.38409435188292068,M1,0.10000000000000001,0.41852234404951222,E0,0.01,0.41910195946855366,E1,0.01,0.44826720067205367,E2,0.01
group,6,1,77,UB0142,1,0.29466625649739658,M2,0.10000000000000001,0.24666370487427022,E2,0.10000000000000001,E2,0.10000000000000001,0.58914706014624341,1,0.32099131969046474,M0,0.10000000000000001,0.26015166219439573,M1,0.10000000000000001,0.47454535003572718,E0,0.10000000000000001,0.3184382523559427,E1,0.10000000000000001,0.24666370487427022,E2,0.10000000000000001
group,6,4,78,UB0143,1,0.6140827292977874,M2,1,0.51978590538338743,E0,0.10000000000000001,E0,0.10000000000000001,0.6466760560901158,1,0.58598687766162427,M0,1,0.60283479327903344,M1,1,0.51978590538338743,E0,0.10000000000000001,0.51064612213240945,E1,0.01,0.74264431949928134,E2,0.10000000000000001
group,6,0,79,UB0144,1,0.51299256313686747,M2,0.10000000000000001,0.54781217752027467,E2,0.01,E2,0.01,0.63433720480257072,1,0.46984080849625698,M0,0.10000000000000001,0.53540696054628778,M1,0.10000000000000001,0.57432268208023374,E0,0.01,0.6065091102359802,E1,0.01,0.54781217752027467,E2,0.01
group,6,2,80,UB0147,0,0.59105509466547401,M2,0.10000000000000001,0.39002430763203411,E2,0.01,E2,0.01,0.63941626113201266,1,0.61370538198989166,M0,0.10000000000000001,0.58326412068407318,M1,0.10000000000000001,0.48029080875738789,E0,0.01,0.43606622758410879,E1,0.01,0.39002430763203411,E2,0.01
group,6,3,81,UB0150,1,0.12343180143867666,M2,1,0.4420267227199588,E0,0.10000000000000001,E0,0.10000000000000001,0.55830509853546784,1,0.45586210054217208,M0,1,0.12414131409676278,M1,1,0.4420267227199588,E0,0.10000000000000001,0.56570441809518524,E1,0.10000000000000001,0.59413103967231506,E2,0.10000000000000001
group,6,0,82,UB0153,0,0.30457043725940197,M2,0.10000000000000001,0.36421567274141919,E2,0.01,E2,0.01,0.63433720480257072,1,0.31907469596890559,M0,0.10000000000000001,0.29065384321255922,M1,0.10000000000000001,0.37365071189940907,E0,0.01,0.33870739538646677,E1,0.01,0.36421567274141919,E2,0.01
group,6,1,83,UB0154,0,0.45985740675221892,M2,0.10000000000000001,0.57574683800921855,E2,0.10000000000000001,E2,0.10000000000000001,0.58914706014624341,1,0.50404796686787423,M0,0.10000000000000001,0.46974487825603228,M1,0.10000000000000001,0.38221245980715562,E0,0.10000000000000001,0.40682940253088173,E1,0.10000000000000001,0.57574683800921855,E2,0.10000000000000001
group,6,3,84,UB0156,0,0.13196899400459436,M2,1,0.19619415224930151,E0,0.10000000000000001,E0,0.10000000000000001,0.55830509853546784,1,0.28997891639247897,M0,1,0.19780986497417552,M1,1,0.19619415224930151,E0,0.10000000000000001,0.065998813995075969,E1,0.10000000000000001,0.044324893035858466,E2,0.10000000000000001
group,6,4,85,UB0158,0,0.43285587987815038,M2,1,0.59060061342016612,E0,0.10000000000000001,E0,0.10000000000000001,0.6466760560901158,1,0.62184588452173595,M0,1,0.54764432563261467,M1,1,0.59060061342016612,E0,0.10000000000000001,0.60109360275652002,E1,0.01,0.84332805559360591,E2,0.10000000000000001
group,6,0,86,UB0161,1,0.82920089674539721,M2,0.10000000000000001,0.61688019661590143,E2,0.01,E2,0.01,0.63433720480257072,1,0.30606141663797776,M0,0.10000000000000001,0.79777710480759967,M1,0.10000000000000001,0.59872186640276603,E0,0.01,0.62728925493016441,E1,0.01,0.61688019661590143,E2,0.01
group,6,3,87,UB0162,1,0.65826057520327186,M2,1,0.64390836057478629,E0,0.10000000000000001,E0,0.10000000000000001,0.55830509853546784,1,0.66072136707285556,M0,1,0.67266827070922719,M1,1,0.64390836057478629,E0,0.10000000000000001,0.5808523218923124,E1,0.10000000000000001,0.73383197272561895,E2,0.10000000000000001
group,6,1,88,UB0164,1,0.45509235194194686,M2,0.10000000000000001,0.36896550284622398,E2,0.10000000000000001,E2,0.10000000000000001,0.58914706014624341,1,0.47889484593690562,M0,0.10000000000000001,0.46080142515758504,M1,0.10000000000000001,0.36013662990809198,E0,0.10000000000000001,0.36007941804267812,E1,0.10000000000000001,0.36896550284622398,E2,0.10000000000000001
group,6,0,89,UB0166,1,0.49865798530587946,M2,0.10000000000000001,0.47711560787185919,E2,0.01,E2,0.01,0.63433720480257072,1,0.53033713031035856,M0,0.10000000000000001,0.47572000941836634,M1,0.10000000000000001,0.44757206555507045,E0,0.01,0.46094486068074503,E1,0.01,0.47711560787185919,E2,0.01
group,6,1,90,UB0168,1,0.54214417368240631,M2,0.10000000000000001,0.29720038265163917,E2,0.10000000000000001,E2,0.10000000000000001,0.58914706014624341,1,0.34331483251376638,M0,0.10000000000000001,0.50761778431058202,M1,0.10000000000000001,0.56942507268780762,E0,0.10000000000000001,0.47668035179016494,E1,0.10000000000000001,0.29720038265163917,E2,0.10000000000000001
group,6,0,91,UB0169,0,0.31816612603771449,M2,0.10000000000000001,0.43148755498787522,E2,0.01,E2,0.01,0.63433720480257072,1,0.33237626362091649,M0,0.10000000000000001,0.32151970293505289,M1,0.10000000000000001,0.4293343491813244,E0,0.01,0.41511545163003849,E1,0.01,0.43148755498787522,E2,0.01
group,6,0,92,UB0170,1,0.44443108099761774,M2,0.10000000000000001,0.37334986608071929,E2,0.01,E2,0.01,0.63433720480257072,1,0.51522715798760921,M0,0.10000000000000001,0.4140223329782885,M1,0.10000000000000001,0.42428996840606187,E0,0.01,0.37510134650435317,E1,0.01,0.37334986608071929,E2,0.01
group,6,4,93,UB0172,0,0.78568764232983601,M2,1,0.68175976874345356,E0,0.10000000000000001,E0,0.10000000000000001,0.6466760560901158,1,0.51185234284589876,M0,1,0.8202091293413557,M1,1,0.68175976874345356,E0,0.10000000000000001,0.46677689383303311,E1,0.01,0.54634468235107814,E2,0.10000000000000001
group,6,2,94,UB0173,0,0.62576786347218083,M2,0.10000000000000001,0.42850316995487708,E2,0.01,E2,0.01,0.63941626113201266,1,0.61370538198989166,M0,0.10000000000000001,0.57960702986565793,M1,0.10000000000000001,0.45306703190187636,E0,0.01,0.4644319360996384,E1,0.01,0.42850316995487708,E2,0.01
group,6,2,95,UB0176,0,0.23841149281746107,M2,0.10000000000000001,0.33169902398022411,E2,0.01,E2,0.01,0.63941626113201266,1,0.28142555533920288,M0,0.10000000000000001,0.21456977951488101,M1,0.10000000000000001,0.34150430271586818,E0,0.01,0.34492320846968644,E1,0.01,0.33169902398022411,E2,0.01
group,7,3,0,UB0004,0,0.25839136300491627,M2,1,0.40892300118041419,E2,0.10000000000000001,E2,0.10000000000000001,0.54315596782152964,1,0.24548451262445142,M0,1,0.2639520151886191,M1,0.10000000000000001,0.29002809658179418,E0,0.10000000000000001,0.32036589586062564,E1,0.10000000000000001,0.40892300118041419,E2,0.10000000000000001
group,7,1,1,UB0007,0,0.37036211677672276,M2,0.10000000000000001,0.61197872657810171,E2,0.01,E2,0.01,0.62601285354847303,1,0.61849303938802391,M0,1,0.4241043872665492,M1,1,0.48927023094544042,E0,0.01,0.55682577922897347,E1,0.01,0.61197872657810171,E2,0.01
group,7,1,2,UB0020,0,0.62965660507853738,M2,0.10000000000000001,0.53942563315828551,E2,0.01,E2,0.01,0.62601285354847303,1,0.67062301683131387,M0,1,0.74831625899978049,M1,1,0.42138239221534335,E0,0.01,0.4506018500751931,E1,0.01,0.53942563315828551,E2,0.01
group,7,1,3,UB0021,1,0.48575358678118619,M2,0.10000000000000001,0.47162125279435546,E2,0.01,E2,0.01,0.62601285354847303,1,0.61849303938802391,M0,1,0.43353705756027566,M1,1,0.41499156135902132,E0,0.01,0.41302349529788779,E1,0.01,0.47162125279435546,E2,0.01
group,7,3,4,UB0023,1,0.89625329443721724,M2,1,0.6346990626419946,E2,0.10000000000000001,E2,0.10000000000000001,0.54315596782152964,1,0.60272090920879184,M0,1,0.75201825045405279,M1,0.10000000000000001,0.58114867546486781,E0,0.10000000000000001,0.60863770105332204,E1,0.10000000000000001,0.6346990626419946,E2,0.10000000000000001
group,7,0,5,UB0024,1,0.70917084762107196,M2,1,0.73242125769110811,E0,0.10000000000000001,E0,0.10000000000000001,0.63981452177487363,1,0.56645285415669688,M0,0.10000000000000001,0.68053895548487831,M1,0.10000000000000001,0.73242125769110811,E0,0.10000000000000001,0.57515025957879373,E1,0.01,0.6126776609325717,E2,0.01
group,7,0,6,UB0028,1,0.16639466275002091,M2,1,0.42524133179300994,E0,0.10000000000000001,E0,0.10000000000000001,0.63981452177487363,1,0.52815335076636849,M0,0.10000000000000001,0.53968886361981183,M1,0.10000000000000001,0.42524133179300994,E0,0.10000000000000001,0.4806206951116177,E1,0.01,0.56366761792138809,E2,0.01
group,7,3,7,UB0029,1,0.42884193523575981,M2,1,0.63108683003355459,E2,0.10000000000000001,E2,0.10000000000000001,0.54315596782152964,1,0.58595519197949419,M0,1,0.56104636474898051,M1,0.10000000000000001,0.44034753030969342,E0,0.10000000000000001,0.62562440075476844,E1,0.10000000000000001,0.63108683003355459,E2,0.10000000000000001
group,7,4,8,UB0030,0,0.26405457153753459,M2,0.10000000000000001,0.064736652957007895,E0,0.10000000000000001,E0,0.10000000000000001,0.61082812862544345,1,0.30638090274419505,M0,1,0.2817388112784262,M1,0.10000000000000001,0.064736652957007895,E0,0.10000000000000001,0.12423046642612755,E1,0.01,0.13837639716215425,E2,0.01
group,7,2,9,UB0032,0,0.40183009649721246,M2,0.10000000000000001,0.40448341540963639,E0,0.10000000000000001,E0,0.10000000000000001,0.61976801151061334,1,0.4361411599217811,M0,1,0.36162986706929984,M1,0.10000000000000001,0.40448341540963639,E0,0.10000000000000001,0.31940369158436782,E1,0.10000000000000001,0.27744884129774589,E2,0.10000000000000001
group,7,2,10,UB0034,0,0.3402237870616045,M2,0.10000000000000001,0.22616458973049947,E0,0.10000000000000001,E0,0.10000000000000001,0.61976801151061334,1,0.4361411599217811,M0,1,0.3690796097395066,M1,0.10000000000000001,0.22616458973049947,E0,0.10000000000000001,0.074098683177525049,E1,0.10000000000000001,0.070703296888838738,E2,0.10000000000000001
group,7,4,11,UB0035,0,0.30032732159080866,M2,0.10000000000000001,0.12732712690386563,E0,0.10000000000000001,E0,0.10000000000000001,0.61082812862544345,1,0.30638090274419505,M0,1,0.30084300165573274,M1,0.10000000000000001,0.12732712690386563,E0,0.10000000000000001,0.19456241697770657,E1,0.01,0.17715972166578553,E2,0.01
group,7,0,12,UB0039,0,0.82892321945492153,M2,1,0.49979275554827468,E0,0.10000000000000001,E0,0.10000000000000001,0.63981452177487363,1,0.42563184886034727,M0,0.10000000000000001,0.47884666243321977,M1,0.10000000000000001,0.49979275554827468,E0,0.10000000000000001,0.42794579211840345,E1,0.01,0.44700198625064413,E2,0.01
group,7,1,13,UB0042,0,0.14289441975610812,M2,0.10000000000000001,0.20774103289264828,E2,0.01,E2,0.01,0.62601285354847303,1,0.10739914265212637,M0,1,0.055407372988167128,M1,1,0.27065410743543777,E0,0.01,0.21849800164452526,E1,0.01,0.20774103289264828,E2,0.01
group,7,1,14,UB0044,0,0.40897839603645753,M2,0.10000000000000001,0.49053674428990524,E2,0.01,E2,0.01,0.62601285354847303,1,0.42206331873557001,M0,1,0.41101943738388513,M1,1,0.41578343560560682,E0,0.01,0.44754439146099412,E1,0.01,0.49053674428990524,E2,0.01
group,7,0,15,UB0045,0,0.25735067883973328,M2,1,0.30537468566233922,E0,0.10000000000000001,E0,0.10000000000000001,0.63981452177487363,1,0.42563184886034727,M0,0.10000000000000001,0.28563204698163291,M1,0.10000000000000001,0.30537468566233922,E0,0.10000000000000001,0.33720543625415056,E1,0.01,0.32843814175737124,E2,0.01
group,7,4,16,UB0046,0,0.19254756869603326,M2,0.10000000000000001,0.15882191507404927,E0,0.10000000000000001,E0,0.10000000000000001,0.61082812862544345,1,0.1279448931583976,M0,1,0.19161802846529544,M1,0.10000000000000001,0.15882191507404927,E0,0.10000000000000001,0.26507656743463354,E1,0.01,0.24990640854433657,E2,0.01
group,7,4,17,UB0047,0,0.33185739558443417,M2,0.10000000000000001,0.18182174938447654,E0,0.10000000000000001,E0,0.10000000000000001,0.61082812862544345,1,0.30638090274419505,M0,1,0.31540841101097966,M1,0.10000000000000001,0.18182174938447654,E0,0.10000000000000001,0.2521975876210153,E1,0.01,0.26026819786776928,E2,0.01
group,7,2,18,UB0049,0,0.37298085895698141,M2,0.10000000000000001,0.26011350356374791,E0,0.10000000000000001,E0,0.10000000000000001,0.61976801151061334,1,0.4361411599217811,M0,1,0.35726618173473473,M1,0.10000000000000001,0.26011350356374791,E0,0.10000000000000001,0.41310361604632084,E1,0.10000000000000001,0.40529780020993317,E2,0.10000000000000001
group,7,3,19,UB0051,0,0.15042962520343714,M2,1,0.12583738835912256,E2,0.10000000000000001,E2,0.10000000000000001,0.54315596782152964,1,0.22064112084148971,M0,1,0.24772092363209652,M1,0.10000000000000001,0.22934507384384306,E0,0.10000000000000001,0.17227987089726945,E1,0.10000000000000001,0.12583738835912256,E2,0.10000000000000001
group,7,1,20,UB0052,0,0.55155776289387703,M2,0.10000000000000001,0.5653756714526067,E2,0.01,E2,0.01,0.62601285354847303,1,0.5912736686012503,M0,1,0.58927749645367111,M1,1,0.48340751474817673,E0,0.01,0.54478927534119459,E1,0.01,0.5653756714526067,E2,0.01
group,7,1,21,UB0053,0,0.25234983917319959,M2,0.10000000000000001,0.46289486375496708,E2,0.01,E2,0.01,0.62601285354847303,1,0.17537981887956447,M0,1,0.14254119596379045,M1,1,0.41337996357673085,E0,0.01,0.4273995422446964,E1,0.01,0.46289486375496708,E2,0.01
group,7,0,22,UB0054,0,0.032953359878461187,M2,1,0.11799289762944579,E0,0.10000000000000001,E0,0.10000000000000001,0.63981452177487363,1,0.26901783749428826,M0,0.10000000000000001,0.2175958072750733,M1,0.10000000000000001,0.11799289762944579,E0,0.10000000000000001,0.36126047674138595,E1,0.01,0.28398790181497258,E2,0.01
group,7,1,23,UB0056,0,0.15073613707526703,M2,0.10000000000000001,0.41261527411774557,E2,0.01,E2,0.01,0.62601285354847303,1,0.10739914265212637,M0,1,0.061869858172392656,M1,1,0.29746706661523686,E0,0.01,0.39151942784060079,E1,0.01,0.41261527411774557,E2,0.01
group,7,0,24,UB0057,0,0.10652235556457158,M2,1,0.16663187854365044,E0,0.10000000000000001,E0,0.10000000000000001,0.63981452177487363,1,0.28976940251691397,M0,0.10000000000000001,0.20470671915755195,M1,0.10000000000000001,0.16663187854365044,E0,0.10000000000000001,0.28496313583425814,E1,0.01,0.26836400183640796,E2,0.01
group,7,1,25,UB0059,0,0.26195985614854134,M2,0.10000000000000001,0.39302149293477295,E2,0.01,E2,0.01,0.62601285354847303,1,0.17537981887956447,M0,1,0.12522055026394605,M1,1,0.38579863722337715,E0,0.01,0.37601601004013813,E1,0.01,0.39302149293477295,E2,0.01
group,7,4,26,UB0060,0,0.32833111754581429,M2,0.10000000000000001,0.3432288028047305,E0,0.10000000000000001,E0,0.10000000000000001,0.61082812862544345,1,0.31385029455190122,M0,1,0.3489682218955934,M1,0.10000000000000001,0.3432288028047305,E0,0.10000000000000001,0.40044925355263761,E1,0.01,0.33564697303730728,E2,0.01
group,7,4,27,UB0061,0,0.32770546237905318,M2,0.10000000000000001,0.25337166579720605,E0,0.10000000000000001,E0,0.10000000000000001,0.61082812862544345,1,0.2299520114074679,M0,1,0.33119126655394887,M1,0.10000000000000001,0.25337166579720605,E0,0.10000000000000001,0.35374584704900303,E1,0.01,0.31743078526668922,E2,0.01
group,7,2,28,UB0063,0,0.29643840275115185,M2,0.10000000000000001,0.2269080975451068,E0,0.10000000000000001,E0,0.10000000000000001,0.61976801151061334,1,0.23768974571054266,M0,1,0.29539243524708686,M1,0.10000000000000001,0.2269080975451068,E0,0.10000000000000001,0.15739045726068779,E1,0.10000000000000001,0.09209760959791366,E2,0.10000000000000001
group,7,2,29,UB0065,0,0.32880916866078835,M2,0.10000000000000001,0.30848159215220061,E0,0.10000000000000001,E0,0.10000000000000001,0.61976801151061334,1,0.2707994961889213,M0,1,0.33091798478731288,M1,0.10000000000000001,0.30848159215220061,E0,0.10000000000000001,0.29279986446287315,E1,0.10000000000000001,0.19794736015424411,E2,0.10000000000000001
group,7,4,30,UB0066,0,0.33835312557761577,M2,0.10000000000000001,0.50566922269661707,E0,0.10000000000000001,E0,0.10000000000000001,0.61082812862544345,1,0.37803161812474528,M0,1,0.3455840826876872,M1,0.10000000000000001,0.50566922269661707,E0,0.10000000000000001,0.51909523605513397,E1,0.01,0.53736253264715872,E2,0.01
group,7,0,31,UB0070,1,0.49986560048144418,M2,1,0.55483994977265416,E0,0.10000000000000001,E0,0.10000000000000001,0.63981452177487363,1,0.46380464203049132,M0,0.10000000000000001,0.39373948457219382,M1,0.10000000000000001,0.55483994977265416,E0,0.10000000000000001,0.44386757473395244,E1,0.01,0.41719465616190698,E2,0.01
group,7,1,32,UB0071,0,0.28086415864275499,M2,0.10000000000000001,0.52984669383080762,E2,0.01,E2,0.01,0.62601285354847303,1,0.21079807907330744,M0,1,0.21102115885884576,M1,1,0.49086765375499508,E0,0.01,0.51562071229793605,E1,0.01,0.52984669383080762,E2,0.01
group,7,2,33,UB0072,0,0.55914347252202623,M2,0.10000000000000001,0.59851488042441292,E0,0.10000000000000001,E0,0.10000000000000001,0.61976801151061334,1,0.66921956898564783,M0,1,0.54997885591348983,M1,0.10000000000000001,0.59851488042441292,E0,0.10000000000000001,0.71873989365269231,E1,0.10000000000000001,0.57472106728396999,E2,0.10000000000000001
group,7,3,34,UB0073,1,0.63759899466332637,M2,1,0.68733859419644261,E2,0.10000000000000001,E2,0.10000000000000001,0.54315596782152964,1,0.51726431800563955,M0,1,0.51678422447195538,M1,0.10000000000000001,0.59643187908376027,E0,0.10000000000000001,0.59955329187277528,E1,0.10000000000000001,0.68733859419644261,E2,0.10000000000000001
group,7,0,35,UB0074,1,0.60781274114049344,M2,1,0.44522889590239678,E0,0.10000000000000001,E0,0.10000000000000001,0.63981452177487363,1,0.47664660932110331,M0,0.10000000000000001,0.48251527241035769,M1,0.10000000000000001,0.44522889590239678,E0,0.10000000000000001,0.40644175551960782,E1,0.01,0.40221337248032291,E2,0.01
group,7,4,36,UB0075,0,0.41055762438443122,M2,0.10000000000000001,0.7829726718511052,E0,0.10000000000000001,E0,0.10000000000000001,0.61082812862544345,1,0.34523623710143631,M0,1,0.40683461929996406,M1,0.10000000000000001,0.7829726718511052,E0,0.10000000000000001,0.63190351659021315,E1,0.01,0.56411989056662637,E2,0.01
group,7,0,37,UB0077,1,0.23916980506887542,M2,1,0.2295600642640494,E0,0.10000000000000001,E0,0.10000000000000001,0.63981452177487363,1,0.25900146590470796,M0,0.10000000000000001,0.23722083524144241,M1,0.10000000000000001,0.2295600642640494,E0,0.10000000000000001,0.34192639175780198,E1,0.01,0.34909648874506138,E2,0.01
group,7,1,38,UB0078,1,0.23962587786712136,M2,0.10000000000000001,0.32213362114546273,E2,0.01,E2,0.01,0.62601285354847303,1,0.15950810614245736,M0,1,0.17462308487060066,M1,1,0.38798347438516817,E0,0.01,0.33929168517218122,E1,0.01,0.32213362114546273,E2,0.01
group,7,2,39,UB0079,0,0.2741429907569537,M2,0.10000000000000001,0.3388207238017647,E0,0.10000000000000001,E0,0.10000000000000001,0.61976801151061334,1,0.22221650124439959,M0,1,0.28873619402498579,M1,0.10000000000000001,0.3388207238017647,E0,0.10000000000000001,0.30177375165486964,E1,0.10000000000000001,0.24482608703528713,E2,0.10000000000000001
group,7,3,40,UB0080,0,0.18700477635216342,M2,1,0.57223787285065408,E2,0.10000000000000001,E2,0.10000000000000001,0.54315596782152964,1,0.18685562330959077,M0,1,0.23593732287076458,M1,0.10000000000000001,0.19438722991341195,E0,0.10000000000000001,0.40355836321521477,E1,0.10000000000000001,0.57223787285065408,E2,0.10000000000000001
group,7,0,41,UB0081,0,0.52855545447965435,M2,1,0.48808732318615045,E0,0.10000000000000001,E0,0.10000000000000001,0.63981452177487363,1,0.5409794212401644,M0,0.10000000000000001,0.50645653731134743,M1,0.10000000000000001,0.48808732318615045,E0,0.10000000000000001,0.45067924187662656,E1,0.01,0.37679087638759706,E2,0.01
group,7,4,42,UB0083,1,0.58684047271267215,M2,0.10000000000000001,0.56353817130853989,E0,0.10000000000000001,E0,0.10000000000000001,0.61082812862544345,1,0.57931922886345633,M0,1,0.56063573168632208,M1,0.10000000000000001,0.56353817130853989,E0,0.10000000000000001,0.50132974759590643,E1,0.01,0.43736404499322534,E2,0.01
group,7,0,43,UB0084,0,0.41980916378406979,M2,1,0.47246837464624608,E0,0.10000000000000001,E0,0.10000000000000001,0.63981452177487363,1,0.45101050110998175,M0,0.10000000000000001,0.40216890405153621,M1,0.10000000000000001,0.47246837464624608,E0,0.10000000000000001,0.41574151802433129,E1,0.01,0.39051866948263697,E2,0.01
group,7,0,44,UB0085,1,0.19740547344354986,M2,1,0.32902872460167459,E0,0.10000000000000001,E0,0.10000000000000001,0.63981452177487363,1,0.56645285415669688,M0,0.10000000000000001,0.55159612304275651,M1,0.10000000000000001,0.32902872460167459,E0,0.10000000000000001,0.44168112512767094,E1,0.01,0.44727462785859678,E2,0.01
group,7,4,45,UB0086,1,0.42226687409368174,M2,0.10000000000000001,0.32838118457609045,E0,0.10000000000000001,E0,0.10000000000000001,0.61082812862544345,1,0.36985811693592374,M0,1,0.40839602536284536,M1,0.10000000000000001,0.32838118457609045,E0,0.10000000000000001,0.39265811508138609,E1,0.01,0.34331263497984088,E2,0.01
group,7,2,46,UB0087,1,0.52616768672616032,M2,0.10000000000000001,0.71662769182154762,E0,0.10000000000000001,E0,0.10000000000000001,0.61976801151061334,1,0.56650706343869395,M0,1,0.52359005146045756,M1,0.10000000000000001,0.71662769182154762,E0,0.10000000000000001,0.6487310258869684,E1,0.10000000000000001,0.62944279544006576,E2,0.10000000000000001
group,7,4,47,UB0089,0,0.22158319108712313,M2,0.10000000000000001,0.134604376418266,E0,0.10000000000000001,E0,0.10000000000000001,0.61082812862544345,1,0.1279448931583976,M0,1,0.225727541794953,M1,0.10000000000000001,0.134604376418266,E0,0.10000000000000001,0.27020233076242539,E1,0.01,0.25505352706263718,E2,0.01
group,7,3,48,UB0090,0,0.43733011528541554,M2,1,0.83488150383145565,E2,0.10000000000000001,E2,0.10000000000000001,0.54315596782152964,1,0.46516812282486053,M0,1,0.42559120559581243,M1,0.10000000000000001,0.59536200041286158,E0,0.10000000000000001,0.80405016191575751,E1,0.10000000000000001,0.83488150383145565,E2,0.10000000000000001
group,7,4,49,UB0091,1,0.4303862890115181,M2,0.10000000000000001,0.35133492471849914,E0,0.10000000000000001,E0,0.10000000000000001,0.61082812862544345,1,0.36985811693592374,M0,1,0.42466184622874353,M1,0.10000000000000001,0.35133492471849914,E0,0.10000000000000001,0.35784755970465643,E1,0.01,0.38320784285721687,E2,0.01
group,7,2,50,UB0098,0,0.63465732765878424,M2,0.10000000000000001,0.46321469430845547,E0,0.10000000000000001,E0,0.10000000000000001,0.61976801151061334,1,0.68827478535505948,M0,1,0.6777955917923868,M1,0.10000000000000001,0.46321469430845547,E0,0.10000000000000001,0.17131576028282491,E1,0.10000000000000001,0.061488530925356728,E2,0.10000000000000001
group,7,2,51,UB0099,1,0.57706279428455154,M2,0.10000000000000001,0.61069523317040864,E0,0.10000000000000001,E0,0.10000000000000001,0.61976801151061334,1,0.64959255782686109,M0,1,0.55948805517656186,M1,0.10000000000000001,0.61069523317040864,E0,0.10000000000000001,0.46841202452958086,E1,0.10000000000000001,0.41259253498132231,E2,0.10000000000000001
group,7,2,52,UB0100,0,0.69032106324362441,M2,0.10000000000000001,0.75689703843553846,E0,0.10000000000000001,E0,0.10000000000000001,0.61976801151061334,1,0.58783504289581034,M0,1,0.65727775980539305,M1,0.10000000000000001,0.75689703843553846,E0,0.10000000000000001,0.6098983732912121,E1,0.10000000000000001,0.6307617960198687,E2,0.10000000000000001
group,7,2,53,UB0102,1,0.50487978280254131,M2,0.10000000000000001,0.30917121567596484,E0,0.10000000000000001,E0,0.10000000000000001,0.61976801151061334,1,0.58783504289581034,M0,1,0.46929338818997834,M1,0.10000000000000001,0.30917121567596484,E0,0.10000000000000001,0.40645997155469732,E1,0.10000000000000001,0.38411272553857734,E2,0.10000000000000001
group,7,0,54,UB0103,0,0.21960787507785978,M2,1,0.32837304253130684,E0,0.10000000000000001,E0,0.10000000000000001,0.63981452177487363,1,0.33396855588128899,M0,0.10000000000000001,0.31886262961583073,M1,0.10000000000000001,0.32837304253130684,E0,0.10000000000000001,0.4301142918123812,E1,0.01,0.42415834444134598,E2,0.01
group,7,3,55,UB0104,0,0.37489940608940586,M2,1,0.26377166663800039,E2,0.10000000000000001,E2,0.10000000000000001,0.54315596782152964,1,0.56898790521355957,M0,1,0.48771740176994516,M1,0.10000000000000001,0.40202757111886045,E0,0.10000000000000001,0.2045888771345411,E1,0.10000000000000001,0.26377166663800039,E2,0.10000000000000001
group,7,0,56,UB0105,0,0.1626060241752891,M2,1,0.26654067318747743,E0,0.10000000000000001,E0,0.10000000000000001,0.63981452177487363,1,0.28976940251691397,M0,0.10000000000000001,0.27028710023564706,M1,0.10000000000000001,0.26654067318747743,E0,0.10000000000000001,0.3394480892950727,E1,0.01,0.33329773938938828,E2,0.01
group,7,4,57,UB0106,1,0.31592846773870459,M2,0.10000000000000001,0.23513746561818388,E0,0.10000000000000001,E0,0.10000000000000001,0.61082812862544345,1,0.30638090274419505,M0,1,0.33249762247789527,M1,0.10000000000000001,0.23513746561818388,E0,0.10000000000000001,0.31583175759984,E1,0.01,0.34743827158949125,E2,0.01
group,7,1,58,UB0107,1,0.2949997703867141,M2,0.10000000000000001,0.55452495060788731,E2,0.01,E2,0.01,0.62601285354847303,1,0.21079807907330744,M0,1,0.19007559084507358,M1,1,0.42622562651263085,E0,0.01,0.47994387153453727,E1,0.01,0.55452495060788731,E2,0.01
group,7,2,59,UB0109,0,0.2393242934198154,M2,0.10000000000000001,0.28010375851690211,E0,0.10000000000000001,E0,0.10000000000000001,0.61976801151061334,1,0.16764215728723503,M0,1,0.23850226294274479,M1,0.10000000000000001,0.28010375851690211,E0,0.10000000000000001,0.37879430802824954,E1,0.10000000000000001,0.3141570200505403,E2,0.10000000000000001
group,7,1,60,UB0115,1,0.30222559527990694,M2,0.10000000000000001,0.47159175978238294,E2,0.01,E2,0.01,0.62601285354847303,1,0.19246917897400764,M0,1,0.20297277354942445,M1,1,0.38303960347825305,E0,0.01,0.38612454376451166,E1,0.01,0.47159175978238294,E2,0.01
group,7,3,61,UB0118,1,0.68342852184497593,M2,1,0.33192169575482355,E2,0.10000000000000001,E2,0.10000000000000001,0.54315596782152964,1,0.58595519197949419,M0,1,0.54695093376467485,M1,0.10000000000000001,0.46570855461983746,E0,0.10000000000000001,0.40830362249550167,E1,0.10000000000000001,0.33192169575482355,E2,0.10000000000000001
group,7,0,62,UB0119,1,0.68394370194758913,M2,1,0.58798302894933852,E0,0.10000000000000001,E0,0.10000000000000001,0.63981452177487363,1,0.5024063641415224,M0,0.10000000000000001,0.55628223292661771,M1,0.10000000000000001,0.58798302894933852,E0,0.10000000000000001,0.504429242084527,E1,0.01,0.51766479000146559,E2,0.01
group,7,2,63,UB0120,1,0.49367505694781522,M2,0.10000000000000001,0.22642640014249282,E0,0.10000000000000001,E0,0.10000000000000001,0.61976801151061334,1,0.56650706343869395,M0,1,0.49766145469404438,M1,0.10000000000000001,0.22642640014249282,E0,0.10000000000000001,0.4011575476621887,E1,0.10000000000000001,0.54471484300010553,E2,0.10000000000000001
group,7,3,64,UB0122,0,0.63340967696225459,M2,1,0.40045502271927702,E2,0.10000000000000001,E2,0.10000000000000001,0.54315596782152964,1,0.61924887755051472,M0,1,0.51495223616384533,M1,0.10000000000000001,0.5235303538408157,E0,0.10000000000000001,0.47483963264905121,E1,0.10000000000000001,0.40045502271927702,E2,0.10000000000000001
group,7,2,65,UB0124,1,0.62962973367968611,M2,0.10000000000000001,0.58499047134779825,E0,0.10000000000000001,E0,0.10000000000000001,0.61976801151061334,1,0.62944580830035657,M0,1,0.62993361985085661,M1,0.10000000000000001,0.58499047134779825,E0,0.10000000000000001,0.39516632332528911,E1,0.10000000000000001,0.43914413928210205,E2,0.10000000000000001
group,7,3,66,UB0126,0,0.046469700167307663,M2,1,0.21931415107196273,E2,0.10000000000000001,E2,0.10000000000000001,0.54315596782152964,1,0.2328321085915471,M0,1,0.27242929150225204,M1,0.10000000000000001,0.1761596730637835,E0,0.10000000000000001,0.18536563804985801,E1,0.10000000000000001,0.21931415107196273,E2,0.10000000000000001
group,7,2,67,UB0127,1,0.43728730242898023,M2,0.10000000000000001,0.061989551348765395,E0,0.10000000000000001,E0,0.10000000000000001,0.61976801151061334,1,0.30666598484318541,M0,1,0.44755495573165066,M1,0.10000000000000001,0.061989551348765395,E0,0.10000000000000001,0.090566967073264504,E1,0.10000000000000001,0.08734359510662644,E2,0.10000000000000001
group,7,0,68,UB0128,1,0.99051667865669779,M2,1,0.95373838078116813,E0,0.10000000000000001,E0,0.10000000000000001,0.63981452177487363,1,0.5409794212401644,M0,0.10000000000000001,0.96537411571096854,M1,0.10000000000000001,0.95373838078116813,E0,0.10000000000000001,0.67987157796442599,E1,0.01,0.71410886986408884,E2,0.01
group,7,1,69,UB0129,1,0.55641906924497664,M2,0.10000000000000001,0.53466365233024737,E2,0.01,E2,0.01,0.62601285354847303,1,0.64498809356212594,M0,1,0.60427634285629006,M1,1,0.53240609484319246,E0,0.01,0.52488656394367295,E1,0.01,0.53466365233024737,E2,0.01
group,7,1,70,UB0131,0,0.27697288669136083,M2,0.10000000000000001,0.49701153471326909,E2,0.01,E2,0.01,0.62601285354847303,1,0.27321921442306235,M0,1,0.14852093173444547,M1,1,0.4652564267979607,E0,0.01,0.53540007866243167,E1,0.01,0.49701153471326909,E2,0.01
group,7,3,71,UB0132,1,0.47244665025673793,M2,1,0.45489173636089936,E2,0.10000000000000001,E2,0.10000000000000001,0.54315596782152964,1,0.60272090920879184,M0,1,0.6019471799066779,M1,0.10000000000000001,0.50962160866757122,E0,0.10000000000000001,0.45359750453105513,E1,0.10000000000000001,0.45489173636089936,E2,0.10000000000000001
group,7,1,72,UB0133,0,0.4357430005411066,M2,0.10000000000000001,0.55352587320750679,E2,0.01,E2,0.01,0.62601285354847303,1,0.5912736686012503,M0,1,0.43497973583667265,M1,1,0.48557869696414879,E0,0.01,0.51020168718124581,E1,0.01,0.55352587320750679,E2,0.01
group,7,4,73,UB0134,1,0.39448485884197537,M2,0.10000000000000001,0.36420969356105726,E0,0.10000000000000001,E0,0.10000000000000001,0.61082812862544345,1,0.40355087467110784,M0,1,0.39800831508018147,M1,0.10000000000000001,0.36420969356105726,E0,0.10000000000000001,0.3880298123500896,E1,0.01,0.39664057878535247,E2,0.01
group,7,4,74,UB0138,1,0.44926239216235314,M2,0.10000000000000001,0.40552582304867019,E0,0.10000000000000001,E0,0.10000000000000001,0.61082812862544345,1,0.40355087467110784,M0,1,0.4232089028579461,M1,0.10000000000000001,0.40552582304867019,E0,0.10000000000000001,0.42414183686201479,E1,0.01,0.49588627356756904,E2,0.01
group,7,3,75,UB0139,0,0.63604254881272515,M2,1,0.78602215026147126,E2,0.10000000000000001,E2,0.10000000000000001,0.54315596782152964,1,0.55185708711906445,M0,1,0.56726342324715695,M1,0.10000000000000001,0.77105227544709543,E0,0.10000000000000001,0.82714026321933232,E1,0.10000000000000001,0.78602215026147126,E2,0.10000000000000001
group,7,4,76,UB0140,1,0.35923319107088886,M2,0.10000000000000001,0.30614912035312897,E0,0.10000000000000001,E0,0.10000000000000001,0.61082812862544345,1,0.43817864548085833,M0,1,0.36772239471593549,M1,0.10000000000000001,0.30614912035312897,E0,0.10000000000000001,0.35207506691609031,E1,0.01,0.37003186551649209,E2,0.01
group,7,3,77,UB0142,1,0.24462416863036326,M2,1,0.60147149638992203,E2,0.10000000000000001,E2,0.10000000000000001,0.54315596782152964,1,0.27214838504572564,M0,1,0.27930417113764228,M1,0.10000000000000001,0.52465902536428943,E0,0.10000000000000001,0.70809742328706493,E1,0.10000000000000001,0.60147149638992203,E2,0.10000000000000001
group,7,3,78,UB0143,1,0.44705124980476602,M2,1,0.26795943473664996,E2,0.10000000000000001,E2,0.10000000000000001,0.54315596782152964,1,0.58595519197949419,M0,1,0.59216185372794572,M1,0.10000000000000001,0.38838764681226046,E0,0.10000000000000001,0.43550178535213258,E1,0.10000000000000001,0.26795943473664996,E2,0.10000000000000001
group,7,1,79,UB0144,1,0.5404600669671783,M2,0.10000000000000001,0.54571686801393815,E2,0.01,E2,0.01,0.62601285354847303,1,0.53528768152711048,M0,1,0.72395390845400376,M1,1,0.57229402359659587,E0,0.01,0.60047384212988131,E1,0.01,0.54571686801393815,E2,0.01
group,7,4,80,UB0147,0,0.57380348222600286,M2,0.10000000000000001,0.62055954167315797,E0,0.10000000000000001,E0,0.10000000000000001,0.61082812862544345,1,0.67838981239935137,M0,1,0.56847987361865893,M1,0.10000000000000001,0.62055954167315797,E0,0.10000000000000001,0.49185262715077571,E1,0.01,0.4492004578769182,E2,0.01
group,7,1,81,UB0150,1,0.25684443758141084,M2,0.10000000000000001,0.49929345361526167,E2,0.01,E2,0.01,0.62601285354847303,1,0.42206331873557001,M0,1,0.11311280783795859,M1,1,0.44325105811020454,E0,0.01,0.4511480902575799,E1,0.01,0.49929345361526167,E2,0.01
group,7,4,82,UB0153,0,0.30210264839322004,M2,0.10000000000000001,0.18685872585653093,E0,0.10000000000000001,E0,0.10000000000000001,0.61082812862544345,1,0.28407972650662777,M0,1,0.30166693810458844,M1,0.10000000000000001,0.18685872585653093,E0,0.10000000000000001,0.29211027503850989,E1,0.01,0.30683072432900982,E2,0.01
group,7,3,83,UB0154,0,0.39744343384178421,M2,1,0.57948675160592356,E2,0.10000000000000001,E2,0.10000000000000001,0.54315596782152964,1,0.53460230877408443,M0,1,0.46978101922281235,M1,0.10000000000000001,0.40300054649953937,E0,0.10000000000000001,0.42907140055386711,E1,0.10000000000000001,0.57948675160592356,E2,0.10000000000000001
group,7,3,84,UB0156,0,0.12816662423281927,M2,1,0.022289862240300582,E2,0.10000000000000001,E2,0.10000000000000001,0.54315596782152964,1,0.31537443329545073,M0,1,0.33108679511543898,M1,0.10000000000000001,0.18344928637463506,E0,0.10000000000000001,0.065349828831053627,E1,0.10000000000000001,0.022289862240300582,E2,0.10000000000000001
group,7,2,85,UB0158,0,0.49978714159051468,M2,0.10000000000000001,0.46042404364830553,E0,0.10000000000000001,E0,0.10000000000000001,0.61976801151061334,1,0.64959255782686109,M0,1,0.52094576476191234,M1,0.10000000000000001,0.46042404364830553,E0,0.10000000000000001,0.70084270044352592,E1,0.10000000000000001,0.62646687896126552,E2,0.10000000000000001
group,7,4,86,UB0161,1,0.62602399508316819,M2,0.10000000000000001,0.73220703711804602,E0,0.10000000000000001,E0,0.10000000000000001,0.61082812862544345,1,0.25607915544115761,M0,1,0.57030947958811495,M1,0.10000000000000001,0.73220703711804602,E0,0.10000000000000001,0.62573815352297091,E1,0.01,0.60540348198619853,E2,0.01
group,7,1,87,UB0162,1,0.58221347354261477,M2,0.10000000000000001,0.63390130917246135,E2,0.01,E2,0.01,0.62601285354847303,1,0.67062301683131387,M0,1,0.68191867860983568,M1,1,0.54700014893915683,E0,0.01,0.56557434906789239,E1,0.01,0.63390130917246135,E2,0.01
group,7,2,88,UB0164,1,0.45336977809087303,M2,0.10000000000000001,0.48948698856752992,E0,0.10000000000000001,E0,0.10000000000000001,0.61976801151061334,1,0.50134700454792958,M0,1,0.46362175288728619,M1,0.10000000000000001,0.48948698856752992,E0,0.10000000000000001,0.45498573141436188,E1,0.10000000000000001,0.50821155311476918,E2,0.10000000000000001
group,7,2,89,UB0166,1,0.50610265633668627,M2,0.10000000000000001,0.55774576961426914,E0,0.10000000000000001,E0,0.10000000000000001,0.61976801151061334,1,0.62944580830035657,M0,1,0.51104092389906364,M1,0.10000000000000001,0.55774576961426914,E0,0.10000000000000001,0.49536635969415033,E1,0.10000000000000001,0.56788985990076946,E2,0.10000000000000001
group,7,3,90,UB0168,1,0.41740101277127206,M2,1,0.12450729888866552,E2,0.10000000000000001,E2,0.10000000000000001,0.54315596782152964,1,0.30055475621787858,M0,1,0.50269855468629487,M1,0.10000000000000001,0.3699623568321504,E0,0.10000000000000001,0.30669468350384549,E1,0.10000000000000001,0.12450729888866552,E2,0.10000000000000001
group,7,3,91,UB0169,0,0.18427242651147574,M2,1,0.40223903826580915,E2,0.10000000000000001,E2,0.10000000000000001,0.54315596782152964,1,0.25859270999985823,M0,1,0.30382017028938452,M1,0.10000000000000001,0.35750837570089139,E0,0.10000000000000001,0.33139391940963031,E1,0.10000000000000001,0.40223903826580915,E2,0.10000000000000001
group,7,0,92,UB0170,1,0.61494573879183934,M2,1,0.62104939492321876,E0,0.10000000000000001,E0,0.10000000000000001,0.63981452177487363,1,0.52815335076636849,M0,0.10000000000000001,0.42169119031149394,M1,0.10000000000000001,0.62104939492321876,E0,0.10000000000000001,0.44383831817073244,E1,0.01,0.44220005944783308,E2,0.01
group,7,0,93,UB0172,0,0.76959692777442423,M2,1,0.70428932249130805,E0,0.10000000000000001,E0,0.10000000000000001,0.63981452177487363,1,0.47664660932110331,M0,0.10000000000000001,0.67272216087169245,M1,0.10000000000000001,0.70428932249130805,E0,0.10000000000000001,0.43697235622199287,E1,0.01,0.4413465225649289,E2,0.01
group,7,0,94,UB0173,0,0.75075112096088747,M2,1,0.52161400867231811,E0,0.10000000000000001,E0,0.10000000000000001,0.63981452177487363,1,0.56645285415669688,M0,0.10000000000000001,0.51013309171844723,M1,0.10000000000000001,0.52161400867231811,E0,0.10000000000000001,0.45242192640539297,E1,0.01,0.46420592350533008,E2,0.01
group,7,0,95,UB0176,0,0.12303996570357054,M2,1,0.19939151935561683,E0,0.10000000000000001,E0,0.10000000000000001,0.63981452177487363,1,0.27927557878419834,M0,0.10000000000000001,0.20175928954166733,M1,0.10000000000000001,0.19939151935561683,E0,0.10000000000000001,0.32339710180223563,E1,0.01,0.29560260296476298,E2,0.01
group,8,3,0,UB0004,0,0.27532164441586293,M2,0.10000000000000001,0.4467819696623519,E2,0.01,E2,0.01,0.65220557961858849,1,0.30873981396869338,M0,0.10000000000000001,0.26655512617208205,M1,0.10000000000000001,0.37146926221640536,E0,0.01,0.40601457707016358,E1,0.01,0.4467819696623519,E2,0.01
group,8,3,1,UB0007,0,0.37530568090523408,M2,0.10000000000000001,0.56707664709285921,E2,0.01,E2,0.01,0.65220557961858849,1,0.54829377303328763,M0,0.10000000000000001,0.47840329741000215,M1,0.10000000000000001,0.49049566892999247,E0,0.01,0.50804646737730619,E1,0.01,0.56707664709285921,E2,0.01
group,8,1,2,UB0020,0,0.60350952649008416,M2,0.10000000000000001,0.52170168369640157,E2,0.01,E2,0.01,0.63951002949367974,1,0.54730938616949809,M0,0.10000000000000001,0.58284933827465768,M1,0.10000000000000001,0.4533629622799078,E0,0.10000000000000001,0.4368852341732356,E1,0.01,0.52170168369640157,E2,0.01
group,8,3,3,UB0021,1,0.5021987473631816,M2,0.10000000000000001,0.44792639650941485,E2,0.01,E2,0.01,0.65220557961858849,1,0.54829377303328763,M0,0.10000000000000001,0.48330683059393764,M1,0.10000000000000001,0.42534516855846416,E0,0.01,0.42754390553508004,E1,0.01,0.44792639650941485,E2,0.01
group,8,1,4,UB0023,1,0.80399355198832911,M2,0.10000000000000001,0.54282695215199717,E2,0.01,E2,0.01,0.63951002949367974,1,0.53401253357914524,M0,0.10000000000000001,0.77967749140489662,M1,0.10000000000000001,0.71610646851741477,E0,0.10000000000000001,0.518028564505711,E1,0.01,0.54282695215199717,E2,0.01
group,8,4,5,UB0024,1,0.66358331390526748,M2,0.10000000000000001,0.81702084391443464,E2,0.10000000000000001,E2,0.10000000000000001,0.61498516539859571,1,0.61918229644730183,M0,1,0.65918942453608742,M1,0.10000000000000001,0.77476038445323414,E0,0.10000000000000001,0.77744831243598622,E1,0.10000000000000001,0.81702084391443464,E2,0.10000000000000001
group,8,1,6,UB0028,1,0.4309503918046193,M2,0.10000000000000001,0.62426539575688134,E2,0.01,E2,0.01,0.63951002949367974,1,0.52066717196962808,M0,0.10000000000000001,0.54053803090987984,M1,0.10000000000000001,0.46257684074481015,E0,0.10000000000000001,0.50960611746878581,E1,0.01,0.62426539575688134,E2,0.01
group,8,4,7,UB0029,1,0.55394101358832259,M2,0.10000000000000001,0.666823342384125,E2,0.10000000000000001,E2,0.10000000000000001,0.61498516539859571,1,0.56318111136118532,M0,1,0.56281604837296584,M1,0.10000000000000001,0.55104059605493405,E0,0.10000000000000001,0.5769382920534466,E1,0.10000000000000001,0.666823342384125,E2,0.10000000000000001
group,8,3,8,UB0030,0,0.28698274408226804,M2,0.10000000000000001,0.14421629820688373,E2,0.01,E2,0.01,0.65220557961858849,1,0.39941807879968033,M0,0.10000000000000001,0.30694417909564303,M1,0.10000000000000001,0.27031507447641684,E0,0.01,0.13515345108372587,E1,0.01,0.14421629820688373,E2,0.01
group,8,2,9,UB0032,0,0.31323808988442048,M2,0.10000000000000001,0.28940157350434315,E0,0.10000000000000001,E0,0.10000000000000001,0.61707326177389976,1,0.4392523895433425,M0,1,0.36355125113551678,M1,0.10000000000000001,0.28940157350434315,E0,0.10000000000000001,0.33178902395634169,E1,0.01,0.33263061769372854,E2,0.01
group,8,2,10,UB0034,0,0.40542532095620842,M2,0.10000000000000001,0.24568615282950265,E0,0.10000000000000001,E0,0.10000000000000001,0.61707326177389976,1,0.4392523895433425,M0,1,0.37156926368228227,M1,0.10000000000000001,0.24568615282950265,E0,0.10000000000000001,0.2689854452889523,E1,0.01,0.2378044039771513,E2,0.01
group,8,4,11,UB0035,0,0.3478654692846484,M2,0.10000000000000001,0.04209488066778231,E2,0.10000000000000001,E2,0.10000000000000001,0.61498516539859571,1,0.40985270849803279,M0,1,0.36971751270514464,M1,0.10000000000000001,0.14845123836807531,E0,0.10000000000000001,0.078902851638491825,E1,0.10000000000000001,0.04209488066778231,E2,0.10000000000000001
group,8,4,12,UB0039,0,0.6089301794723565,M2,0.10000000000000001,0.57950597589099928,E2,0.10000000000000001,E2,0.10000000000000001,0.61498516539859571,1,0.40985270849803279,M0,1,0.47922732439306642,M1,0.10000000000000001,0.54081560074719093,E0,0.10000000000000001,0.6224445632100658,E1,0.10000000000000001,0.57950597589099928,E2,0.10000000000000001
group,8,3,13,UB0042,0,0.15377501026273957,M2,0.10000000000000001,0.19802387530269794,E2,0.01,E2,0.01,0.65220557961858849,1,0.2087497269711826,M0,0.10000000000000001,0.15263556006256992,M1,0.10000000000000001,0.26929251615819144,E0,0.01,0.20717963789823077,E1,0.01,0.19802387530269794,E2,0.01
group,8,3,14,UB0044,0,0.40543181808263201,M2,0.10000000000000001,0.48385655386760212,E2,0.01,E2,0.01,0.65220557961858849,1,0.41758827417352268,M0,0.10000000000000001,0.37905849847720685,M1,0.10000000000000001,0.41469067464924997,E0,0.01,0.44502257503387471,E1,0.01,0.48385655386760212,E2,0.01
group,8,2,15,UB0045,0,0.34441479937847325,M2,0.10000000000000001,0.35410783461185086,E0,0.10000000000000001,E0,0.10000000000000001,0.61707326177389976,1,0.4392523895433425,M0,1,0.31275569508500323,M1,0.10000000000000001,0.35410783461185086,E0,0.10000000000000001,0.32131967626878594,E1,0.01,0.31907893739506332,E2,0.01
group,8,0,16,UB0046,0,0.11744067226353833,M2,1,0.17374321877038096,E0,0.10000000000000001,E0,0.10000000000000001,0.58280773873328351,1,0.14834830169942911,M0,1,0.12603992345601422,M1,1,0.17374321877038096,E0,0.10000000000000001,0.064802559287293879,E1,0.10000000000000001,0.060828313801971678,E2,0.10000000000000001
group,8,1,17,UB0047,0,0.40710591154042158,M2,0.10000000000000001,0.33376779023250752,E2,0.01,E2,0.01,0.63951002949367974,1,0.41443956728870285,M0,0.10000000000000001,0.37942363405787816,M1,0.10000000000000001,0.37823121649080982,E0,0.10000000000000001,0.33475981499414226,E1,0.01,0.33376779023250752,E2,0.01
group,8,0,18,UB0049,0,0.24672870234771027,M2,1,0.24383105117312467,E0,0.10000000000000001,E0,0.10000000000000001,0.58280773873328351,1,0.39492514661437272,M0,1,0.2953357835414846,M1,1,0.24383105117312467,E0,0.10000000000000001,0.29859632044872086,E1,0.10000000000000001,0.28477966662682441,E2,0.10000000000000001
group,8,1,19,UB0051,0,0.2734371525471288,M2,0.10000000000000001,0.37472219909845178,E2,0.01,E2,0.01,0.63951002949367974,1,0.31493030398985283,M0,0.10000000000000001,0.273733562359675,M1,0.10000000000000001,0.22815833559499474,E0,0.10000000000000001,0.37922640041762884,E1,0.01,0.37472219909845178,E2,0.01
group,8,1,20,UB0052,0,0.54789097265485698,M2,0.10000000000000001,0.47915146707358452,E2,0.01,E2,0.01,0.63951002949367974,1,0.50729224825623276,M0,0.10000000000000001,0.52428552684341512,M1,0.10000000000000001,0.51555007930506935,E0,0.10000000000000001,0.47097319133525051,E1,0.01,0.47915146707358452,E2,0.01
group,8,1,21,UB0053,0,0.30844632580469378,M2,0.10000000000000001,0.45113714030562863,E2,0.01,E2,0.01,0.63951002949367974,1,0.31493030398985283,M0,0.10000000000000001,0.31422070913472355,M1,0.10000000000000001,0.29660221477186161,E0,0.10000000000000001,0.41388999609471511,E1,0.01,0.45113714030562863,E2,0.01
group,8,1,22,UB0054,0,0.22383237724066901,M2,0.10000000000000001,0.3393017506100135,E2,0.01,E2,0.01,0.63951002949367974,1,0.29229604284395844,M0,0.10000000000000001,0.25532000037661334,M1,0.10000000000000001,0.14434495271781778,E0,0.10000000000000001,0.37448873661795923,E1,0.01,0.3393017506100135,E2,0.01
group,8,4,23,UB0056,0,0.18809926794681253,M2,0.10000000000000001,0.21196489451672479,E2,0.10000000000000001,E2,0.10000000000000001,0.61498516539859571,1,0.16087080602241421,M0,1,0.2012120316362204,M1,0.10000000000000001,0.14443641069624671,E0,0.10000000000000001,0.28206627126305661,E1,0.10000000000000001,0.21196489451672479,E2,0.10000000000000001
group,8,3,24,UB0057,0,0.19869430623058801,M2,0.10000000000000001,0.25298864408976945,E2,0.01,E2,0.01,0.65220557961858849,1,0.27759257808069132,M0,0.10000000000000001,0.18965172114574072,M1,0.10000000000000001,0.30934860509446027,E0,0.01,0.26495961378579863,E1,0.01,0.25298864408976945,E2,0.01
group,8,4,25,UB0059,0,0.31508848424064595,M2,0.10000000000000001,0.29061638297130982,E2,0.10000000000000001,E2,0.10000000000000001,0.61498516539859571,1,0.22009677262242991,M0,1,0.27408589972841807,M1,0.10000000000000001,0.31530281977910746,E0,0.10000000000000001,0.25235931316540966,E1,0.10000000000000001,0.29061638297130982,E2,0.10000000000000001
group,8,1,26,UB0060,0,0.29245614168345213,M2,0.10000000000000001,0.35069964120094943,E2,0.01,E2,0.01,0.63951002949367974,1,0.35056993123969071,M0,0.10000000000000001,0.32379615736469153,M1,0.10000000000000001,0.30104073359976802,E0,0.10000000000000001,0.38846086543254416,E1,0.01,0.35069964120094943,E2,0.01
group,8,4,27,UB0061,0,0.30349966598089489,M2,0.10000000000000001,0.076133865691365446,E2,0.10000000000000001,E2,0.10000000000000001,0.61498516539859571,1,0.22009677262242991,M0,1,0.31050935124194873,M1,0.10000000000000001,0.19760188607686213,E0,0.10000000000000001,0.15722546413783334,E1,0.10000000000000001,0.076133865691365446,E2,0.10000000000000001
group,8,3,28,UB0063,0,0.30186681128603415,M2,0.10000000000000001,0.33207538006054255,E2,0.01,E2,0.01,0.65220557961858849,1,0.29292376779753448,M0,0.10000000000000001,0.2953599405015731,M1,0.10000000000000001,0.38108866273939507,E0,0.01,0.37050275125747922,E1,0.01,0.33207538006054255,E2,0.01
group,8,1,29,UB0065,0,0.2719606029361194,M2,0.10000000000000001,0.3185876665276437,E2,0.01,E2,0.01,0.63951002949367974,1,0.35056993123969071,M0,0.10000000000000001,0.36199525950587308,M1,0.10000000000000001,0.18209940734067881,E0,0.10000000000000001,0.36881844534822972,E1,0.01,0.3185876665276437,E2,0.01
group,8,2,30,UB0066,0,0.2805574477000658,M2,0.10000000000000001,0.32494669186243963,E0,0.10000000000000001,E0,0.10000000000000001,0.61707326177389976,1,0.27717238177868003,M0,1,0.26452099718927641,M1,0.10000000000000001,0.32494669186243963,E0,0.10000000000000001,0.5102257968216235,E1,0.01,0.55408487276219631,E2,0.01
group,8,3,31,UB0070,1,0.42072125497088741,M2,0.10000000000000001,0.40495122165122538,E2,0.01,E2,0.01,0.65220557961858849,1,0.45455965503225443,M0,0.10000000000000001,0.41071792689375647,M1,0.10000000000000001,0.46286474610279554,E0,0.01,0.43726659557825259,E1,0.01,0.40495122165122538,E2,0.01
group,8,3,32,UB0071,0,0.29743119965508119,M2,0.10000000000000001,0.4314757433217502,E2,0.01,E2,0.01,0.65220557961858849,1,0.30873981396869338,M0,0.10000000000000001,0.33017607048813552,M1,0.10000000000000001,0.45860965177732782,E0,0.01,0.4250336628098404,E1,0.01,0.4314757433217502,E2,0.01
group,8,3,33,UB0072,0,0.60481060448140844,M2,0.10000000000000001,0.51448533662927431,E2,0.01,E2,0.01,0.65220557961858849,1,0.60334093095246177,M0,0.10000000000000001,0.5817252159223163,M1,0.10000000000000001,0.53365355356398803,E0,0.01,0.54544454126964126,E1,0.01,0.51448533662927431,E2,0.01
group,8,4,34,UB0073,1,0.46848530089791601,M2,0.10000000000000001,0.47920730595166239,E2,0.10000000000000001,E2,0.10000000000000001,0.61498516539859571,1,0.48619204860484011,M0,1,0.48284024330007569,M1,0.10000000000000001,0.47382271898539968,E0,0.10000000000000001,0.43198534090259094,E1,0.10000000000000001,0.47920730595166239,E2,0.10000000000000001
group,8,2,35,UB0074,1,0.50890456959584407,M2,0.10000000000000001,0.51110850668486996,E0,0.10000000000000001,E0,0.10000000000000001,0.61707326177389976,1,0.55108077633376817,M0,1,0.5004146747170154,M1,0.10000000000000001,0.51110850668486996,E0,0.10000000000000001,0.43318962959243884,E1,0.01,0.42879989103565891,E2,0.01
group,8,0,36,UB0075,0,0.36321172373980487,M2,1,0.67553564057067317,E0,0.10000000000000001,E0,0.10000000000000001,0.58280773873328351,1,0.29906819765780324,M0,1,0.32791092900000934,M1,1,0.67553564057067317,E0,0.10000000000000001,0.6441166037838495,E1,0.10000000000000001,0.48889031862945898,E2,0.10000000000000001
group,8,2,37,UB0077,1,0.21010428767691022,M2,0.10000000000000001,0.23102943508622001,E0,0.10000000000000001,E0,0.10000000000000001,0.61707326177389976,1,0.13505293607302948,M0,1,0.20228437991594497,M1,0.10000000000000001,0.23102943508622001,E0,0.10000000000000001,0.34256516851486229,E1,0.01,0.35628917520148146,E2,0.01
group,8,4,38,UB0078,1,0.29138724825885359,M2,0.10000000000000001,0.33110743487746774,E2,0.10000000000000001,E2,0.10000000000000001,0.61498516539859571,1,0.2071099692615595,M0,1,0.2792799210388115,M1,0.10000000000000001,0.32237438514455324,E0,0.10000000000000001,0.36757694280329639,E1,0.10000000000000001,0.33110743487746774,E2,0.10000000000000001
group,8,4,39,UB0079,0,0.25751742605822747,M2,0.10000000000000001,0.082578475289566217,E2,0.10000000000000001,E2,0.10000000000000001,0.61498516539859571,1,0.22009677262242991,M0,1,0.29795240484049224,M1,0.10000000000000001,0.22515982670569282,E0,0.10000000000000001,0.13110025609630144,E1,0.10000000000000001,0.082578475289566217,E2,0.10000000000000001
group,8,0,40,UB0080,0,0.1718196852016291,M2,1,0.17855799206452042,E0,0.10000000000000001,E0,0.10000000000000001,0.58280773873328351,1,0.17529850488914883,M0,1,0.15237502605872441,M1,1,0.17855799206452042,E0,0.10000000000000001,0.32871916477337398,E1,0.10000000000000001,0.36532965652261645,E2,0.10000000000000001
group,8,2,41,UB0081,0,0.59703854889315944,M2,0.10000000000000001,0.54077644385324219,E0,0.10000000000000001,E0,0.10000000000000001,0.61707326177389976,1,0.68278113425294085,M0,1,0.5734554681855164,M1,0.10000000000000001,0.54077644385324219,E0,0.10000000000000001,0.44415409696339819,E1,0.01,0.38175030932436155,E2,0.01
group,8,1,42,UB0083,1,0.61361255346804655,M2,0.10000000000000001,0.38944126973674542,E2,0.01,E2,0.01,0.63951002949367974,1,0.52066717196962808,M0,0.10000000000000001,0.58660433645336252,M1,0.10000000000000001,0.55037138828873999,E0,0.10000000000000001,0.48362180955224687,E1,0.01,0.38944126973674542,E2,0.01
group,8,2,43,UB0084,0,0.46334610433124707,M2,0.10000000000000001,0.59764835464524635,E0,0.10000000000000001,E0,0.10000000000000001,0.61707326177389976,1,0.49510536687994389,M0,1,0.44351066397069244,M1,0.10000000000000001,0.59764835464524635,E0,0.10000000000000001,0.48429876367654001,E1,0.01,0.46543266222341734,E2,0.01
group,8,4,44,UB0085,1,0.37457905104019062,M2,0.10000000000000001,0.16268470558945408,E2,0.10000000000000001,E2,0.10000000000000001,0.61498516539859571,1,0.61918229644730183,M0,1,0.54339335363416041,M1,0.10000000000000001,0.29356246177761952,E0,0.10000000000000001,0.20752105184611169,E1,0.10000000000000001,0.16268470558945408,E2,0.10000000000000001
group,8,4,45,UB0086,1,0.49449089161788606,M2,0.10000000000000001,0.20169319406637237,E2,0.10000000000000001,E2,0.10000000000000001,0.61498516539859571,1,0.4477143248195008,M0,1,0.47374930950864702,M1,0.10000000000000001,0.40026813270423839,E0,0.10000000000000001,0.36982887677327525,E1,0.10000000000000001,0.20169319406637237,E2,0.10000000000000001
group,8,2,46,UB0087,1,0.55911756432026427,M2,0.10000000000000001,0.81769017495578722,E0,0.10000000000000001,E0,0.10000000000000001,0.61707326177389976,1,0.60579152527343216,M0,1,0.54882183892242298,M1,0.10000000000000001,0.81769017495578722,E0,0.10000000000000001,0.63973835724959049,E1,0.01,0.621249641587998,E2,0.01
group,8,4,47,UB0089,0,0.24590613895419494,M2,0.10000000000000001,0.15420836397586885,E2,0.10000000000000001,E2,0.10000000000000001,0.61498516539859571,1,0.16087080602241421,M0,1,0.25580687000826091,M1,0.10000000000000001,0.15983347463330266,E0,0.10000000000000001,0.23016504022727005,E1,0.10000000000000001,0.15420836397586885,E2,0.10000000000000001
group,8,2,48,UB0090,0,0.44619182530510265,M2,0.10000000000000001,0.61518623654761961,E0,0.10000000000000001,E0,0.10000000000000001,0.61707326177389976,1,0.46707572323499474,M0,1,0.41785896058404304,M1,0.10000000000000001,0.61518623654761961,E0,0.10000000000000001,0.55171933046116495,E1,0.01,0.55271595164610543,E2,0.01
group,8,0,49,UB0091,1,0.60356266884153842,M2,1,0.44248165455322824,E0,0.10000000000000001,E0,0.10000000000000001,0.58280773873328351,1,0.44335116634110644,M0,1,0.57544786243783363,M1,1,0.44248165455322824,E0,0.10000000000000001,0.41057636594849362,E1,0.10000000000000001,0.47952176511021183,E2,0.10000000000000001
group,8,2,50,UB0098,0,0.72010107070797624,M2,0.10000000000000001,0.25143368641259772,E0,0.10000000000000001,E0,0.10000000000000001,0.61707326177389976,1,0.75091696729659685,M0,1,0.71897886062713934,M1,0.10000000000000001,0.25143368641259772,E0,0.10000000000000001,0.195553295069299,E1,0.01,0.1589389329541501,E2,0.01
group,8,1,51,UB0099,1,0.56747905908341278,M2,0.10000000000000001,0.54115031351918508,E2,0.01,E2,0.01,0.63951002949367974,1,0.54730938616949809,M0,0.10000000000000001,0.54226837721546828,M1,0.10000000000000001,0.70110078193099079,E0,0.10000000000000001,0.56797400999463643,E1,0.01,0.54115031351918508,E2,0.01
group,8,4,52,UB0100,0,0.70150010004226759,M2,0.10000000000000001,0.69745573351124523,E2,0.10000000000000001,E2,0.10000000000000001,0.61498516539859571,1,0.54407294205759293,M0,1,0.62739837346909111,M1,0.10000000000000001,0.72724232691947843,E0,0.10000000000000001,0.6603330858858395,E1,0.10000000000000001,0.69745573351124523,E2,0.10000000000000001
group,8,0,53,UB0102,1,0.50756461506931361,M2,1,0.49317017351410108,E0,0.10000000000000001,E0,0.10000000000000001,0.58280773873328351,1,0.56712637607501537,M0,1,0.42202650022220678,M1,1,0.49317017351410108,E0,0.10000000000000001,0.48655908489630534,E1,0.10000000000000001,0.3912496078017117,E2,0.10000000000000001
group,8,4,54,UB0103,0,0.3040546612447293,M2,0.10000000000000001,0.3007068922955064,E2,0.10000000000000001,E2,0.10000000000000001,0.61498516539859571,1,0.27772509430653924,M0,1,0.3283222323218819,M1,0.10000000000000001,0.35021974576374326,E0,0.10000000000000001,0.30725105165732047,E1,0.10000000000000001,0.3007068922955064,E2,0.10000000000000001
group,8,0,55,UB0104,0,0.38533574538218951,M2,1,0.42250475567097989,E0,0.10000000000000001,E0,0.10000000000000001,0.58280773873328351,1,0.56712637607501537,M0,1,0.44586172597404272,M1,1,0.42250475567097989,E0,0.10000000000000001,0.28333109724139088,E1,0.10000000000000001,0.23218890147442239,E2,0.10000000000000001
group,8,0,56,UB0105,0,0.19967162753608414,M2,1,0.17936438529732679,E0,0.10000000000000001,E0,0.10000000000000001,0.58280773873328351,1,0.22271641546410892,M0,1,0.20873987812655406,M1,1,0.17936438529732679,E0,0.10000000000000001,0.15357278327318588,E1,0.10000000000000001,0.17633594922820858,E2,0.10000000000000001
group,8,0,57,UB0106,1,0.38465495697414726,M2,1,0.28740996703015942,E0,0.10000000000000001,E0,0.10000000000000001,0.58280773873328351,1,0.39492514661437272,M0,1,0.41674396399002611,M1,1,0.28740996703015942,E0,0.10000000000000001,0.44900936134461761,E1,0.10000000000000001,0.5042018427179823,E2,0.10000000000000001
group,8,3,58,UB0107,1,0.3267419792989546,M2,0.10000000000000001,0.57186846064094055,E2,0.01,E2,0.01,0.65220557961858849,1,0.30873981396869338,M0,0.10000000000000001,0.31747851244934505,M1,0.10000000000000001,0.4508301736556859,E0,0.01,0.50674757784857671,E1,0.01,0.57186846064094055,E2,0.01
group,8,4,59,UB0109,0,0.2664668700058101,M2,0.10000000000000001,0.20838370136554574,E2,0.10000000000000001,E2,0.10000000000000001,0.61498516539859571,1,0.17158563885710801,M0,1,0.2467623691356311,M1,0.10000000000000001,0.23353001173643056,E0,0.10000000000000001,0.28241836754082594,E1,0.10000000000000001,0.20838370136554574,E2,0.10000000000000001
group,8,4,60,UB0115,1,0.35981028446291602,M2,0.10000000000000001,0.5690168109614232,E2,0.10000000000000001,E2,0.10000000000000001,0.61498516539859571,1,0.23365793396061632,M0,1,0.3092868786099785,M1,0.10000000000000001,0.33757974261836382,E0,0.10000000000000001,0.28929357840622977,E1,0.10000000000000001,0.5690168109614232,E2,0.10000000000000001
group,8,1,61,UB0118,1,0.55258236686122886,M2,0.10000000000000001,0.42737120828215319,E2,0.01,E2,0.01,0.63951002949367974,1,0.52066717196962808,M0,0.10000000000000001,0.53427930658741285,M1,0.10000000000000001,0.46579015499935567,E0,0.10000000000000001,0.43162479162094608,E1,0.01,0.42737120828215319,E2,0.01
group,8,0,62,UB0119,1,0.64697768119388865,M2,1,0.64777370578429561,E0,0.10000000000000001,E0,0.10000000000000001,0.58280773873328351,1,0.54254551512963545,M0,1,0.60223206788542016,M1,1,0.64777370578429561,E0,0.10000000000000001,0.6344367268738329,E1,0.10000000000000001,0.70666010739514062,E2,0.10000000000000001
group,8,2,63,UB0120,1,0.54289400085379447,M2,0.10000000000000001,0.33878007818677092,E0,0.10000000000000001,E0,0.10000000000000001,0.61707326177389976,1,0.60579152527343216,M0,1,0.52597809245505656,M1,0.10000000000000001,0.33878007818677092,E0,0.10000000000000001,0.37151256163034058,E1,0.01,0.41080671945286878,E2,0.01
group,8,3,64,UB0122,0,0.55715872952504253,M2,0.10000000000000001,0.42325296960094144,E2,0.01,E2,0.01,0.65220557961858849,1,0.58520956301023763,M0,0.10000000000000001,0.56194108515322549,M1,0.10000000000000001,0.45891098893883553,E0,0.01,0.46439384035295017,E1,0.01,0.42325296960094144,E2,0.01
group,8,0,65,UB0124,1,0.80692639341685701,M2,1,0.60639052821939909,E0,0.10000000000000001,E0,0.10000000000000001,0.58280773873328351,1,0.61519908791882083,M0,1,0.72161145874480204,M1,1,0.60639052821939909,E0,0.10000000000000001,0.54282516159334282,E1,0.10000000000000001,0.57181287306848383,E2,0.10000000000000001
group,8,4,66,UB0126,0,0.35455755672786921,M2,0.10000000000000001,0.43234039165446997,E2,0.10000000000000001,E2,0.10000000000000001,0.61498516539859571,1,0.23365793396061632,M0,1,0.26184450805784482,M1,0.10000000000000001,0.38985347531040698,E0,0.10000000000000001,0.33455269354945938,E1,0.10000000000000001,0.43234039165446997,E2,0.10000000000000001
group,8,2,67,UB0127,1,0.43461736169963816,M2,0.10000000000000001,0.15398806353017469,E0,0.10000000000000001,E0,0.10000000000000001,0.61707326177389976,1,0.27717238177868003,M0,1,0.41899021709480644,M1,0.10000000000000001,0.15398806353017469,E0,0.10000000000000001,0.36276602961059662,E1,0.01,0.40011105167917871,E2,0.01
group,8,3,68,UB0128,1,0.86937641072424721,M2,0.10000000000000001,0.72409075141090196,E2,0.01,E2,0.01,0.65220557961858849,1,0.56684441734041002,M0,0.10000000000000001,0.9078586371991072,M1,0.10000000000000001,0.6546599546861539,E0,0.01,0.68850533083172827,E1,0.01,0.72409075141090196,E2,0.01
group,8,3,69,UB0129,1,0.57686310787958894,M2,0.10000000000000001,0.52377668514518594,E2,0.01,E2,0.01,0.65220557961858849,1,0.56684441734041002,M0,0.10000000000000001,0.57059561377547208,M1,0.10000000000000001,0.52073615786750627,E0,0.01,0.5186429458160291,E1,0.01,0.52377668514518594,E2,0.01
group,8,3,70,UB0131,0,0.34296210242642677,M2,0.10000000000000001,0.49236683173144891,E2,0.01,E2,0.01,0.65220557961858849,1,0.35884255940019383,M0,0.10000000000000001,0.33172593466477285,M1,0.10000000000000001,0.47323084674776777,E0,0.01,0.53201953510583255,E1,0.01,0.49236683173144891,E2,0.01
group,8,1,71,UB0132,1,0.54227984925541928,M2,0.10000000000000001,0.49164221816548176,E2,0.01,E2,0.01,0.63951002949367974,1,0.53401253357914524,M0,0.10000000000000001,0.60453420004276381,M1,0.10000000000000001,0.56234833369115211,E0,0.10000000000000001,0.48311145083814289,E1,0.01,0.49164221816548176,E2,0.01
group,8,0,72,UB0133,0,0.43572001307715397,M2,1,0.52800346117306496,E0,0.10000000000000001,E0,0.10000000000000001,0.58280773873328351,1,0.56712637607501537,M0,1,0.41751902088295428,M1,1,0.52800346117306496,E0,0.10000000000000001,0.47644589377664637,E1,0.10000000000000001,0.53950964650695921,E2,0.10000000000000001
group,8,4,73,UB0134,1,0.42962250544494146,M2,0.10000000000000001,0.42602581193403305,E2,0.10000000000000001,E2,0.10000000000000001,0.61498516539859571,1,0.46690397156615931,M0,1,0.44297539858693963,M1,0.10000000000000001,0.42952385628365669,E0,0.10000000000000001,0.42808060860678149,E1,0.10000000000000001,0.42602581193403305,E2,0.10000000000000001
group,8,2,74,UB0138,1,0.52109015570707407,M2,0.10000000000000001,0.56129864582607525,E0,0.10000000000000001,E0,0.10000000000000001,0.61707326177389976,1,0.52316581145816021,M0,1,0.50494955360874427,M1,0.10000000000000001,0.56129864582607525,E0,0.10000000000000001,0.46769706911403625,E1,0.01,0.52551655246682993,E2,0.01
group,8,0,75,UB0139,0,0.64807579807332971,M2,1,0.76268734467279942,E0,0.10000000000000001,E0,0.10000000000000001,0.58280773873328351,1,0.54254551512963545,M0,1,0.64723545150817652,M1,1,0.76268734467279942,E0,0.10000000000000001,0.8332468479169256,E1,0.10000000000000001,0.8559727626195508,E2,0.10000000000000001
group,8,0,76,UB0140,1,0.32394320365739609,M2,1,0.35952429343070197,E0,0.10000000000000001,E0,0.10000000000000001,0.58280773873328351,1,0.49287825208318203,M0,1,0.33719499106962597,M1,1,0.35952429343070197,E0,0.10000000000000001,0.4826141417083597,E1,0.10000000000000001,0.5002481969015522,E2,0.10000000000000001
group,8,0,77,UB0142,1,0.22510779507114392,M2,1,0.63290361246240701,E0,0.10000000000000001,E0,0.10000000000000001,0.58280773873328351,1,0.29906819765780324,M0,1,0.16726094476810391,M1,1,0.63290361246240701,E0,0.10000000000000001,0.53778027994581656,E1,0.10000000000000001,0.47818353422095283,E2,0.10000000000000001
group,8,2,78,UB0143,1,0.58234753012316132,M2,0.10000000000000001,0.48989107728133652,E0,0.10000000000000001,E0,0.10000000000000001,0.61707326177389976,1,0.65797286214836803,M0,1,0.64726271512841316,M1,0.10000000000000001,0.48989107728133652,E0,0.10000000000000001,0.47197014924240843,E1,0.01,0.4871922345398757,E2,0.01
group,8,3,79,UB0144,1,0.52620353365313233,M2,0.10000000000000001,0.50114348058276337,E2,0.01,E2,0.01,0.65220557961858849,1,0.49203895032870781,M0,0.10000000000000001,0.55557916626845527,M1,0.10000000000000001,0.5499177958569863,E0,0.01,0.55602497366384085,E1,0.01,0.50114348058276337,E2,0.01
group,8,0,80,UB0147,0,0.60588737666808301,M2,1,0.59534559167404044,E0,0.10000000000000001,E0,0.10000000000000001,0.58280773873328351,1,0.66112314740935973,M0,1,0.51983582179128252,M1,1,0.59534559167404044,E0,0.10000000000000001,0.45712583755871694,E1,0.10000000000000001,0.32314878849411344,E2,0.10000000000000001
group,8,3,81,UB0150,1,0.22081041831739598,M2,0.10000000000000001,0.43831156741762567,E2,0.01,E2,0.01,0.65220557961858849,1,0.41758827417352268,M0,0.10000000000000001,0.22427745404751281,M1,0.10000000000000001,0.39414076121991493,E0,0.01,0.38732905561528003,E1,0.01,0.43831156741762567,E2,0.01
group,8,1,82,UB0153,0,0.30262980845025189,M2,0.10000000000000001,0.3892940373473987,E2,0.01,E2,0.01,0.63951002949367974,1,0.33847899234990486,M0,0.10000000000000001,0.30893392342540216,M1,0.10000000000000001,0.21934265411968379,E0,0.10000000000000001,0.35836281944973314,E1,0.01,0.3892940373473987,E2,0.01
group,8,0,83,UB0154,0,0.40638083898032773,M2,1,0.40761696195747765,E0,0.10000000000000001,E0,0.10000000000000001,0.58280773873328351,1,0.5177557392896518,M0,1,0.42577752006405539,M1,1,0.40761696195747765,E0,0.10000000000000001,0.37692216202323436,E1,0.10000000000000001,0.5089904593339617,E2,0.10000000000000001
group,8,1,84,UB0156,0,0.31911332557707167,M2,0.10000000000000001,0.3355407209335084,E2,0.01,E2,0.01,0.63951002949367974,1,0.40074643314449271,M0,0.10000000000000001,0.37331612795057334,M1,0.10000000000000001,0.26479013455742517,E0,0.10000000000000001,0.3733123597174573,E1,0.01,0.3355407209335084,E2,0.01
group,8,2,85,UB0158,0,0.55846379472628183,M2,0.10000000000000001,0.58658994336313952,E0,0.10000000000000001,E0,0.10000000000000001,0.61707326177389976,1,0.70659239578231092,M0,1,0.5656336861482042,M1,0.10000000000000001,0.58658994336313952,E0,0.10000000000000001,0.53337680843420987,E1,0.01,0.54738853485871686,E2,0.01
group,8,3,86,UB0161,1,0.61186143185420339,M2,0.10000000000000001,0.57070636366740712,E2,0.01,E2,0.01,0.65220557961858849,1,0.29292376779753448,M0,0.10000000000000001,0.5776820388616325,M1,0.10000000000000001,0.55992054033413097,E0,0.01,0.59151212893136729,E1,0.01,0.57070636366740712,E2,0.01
group,8,0,87,UB0162,1,0.48595916156036512,M2,1,0.63865235644234253,E0,0.10000000000000001,E0,0.10000000000000001,0.58280773873328351,1,0.63847737162680007,M0,1,0.5739071222511215,M1,1,0.63865235644234253,E0,0.10000000000000001,0.64940958963506001,E1,0.10000000000000001,0.73927759755061317,E2,0.10000000000000001
group,8,1,88,UB0164,1,0.45203629481939139,M2,0.10000000000000001,0.44184219606352532,E2,0.01,E2,0.01,0.63951002949367974,1,0.45387948590026611,M0,0.10000000000000001,0.45210559681158852,M1,0.10000000000000001,0.35039588950127398,E0,0.10000000000000001,0.43442678227024439,E1,0.01,0.44184219606352532,E2,0.01
group,8,0,89,UB0166,1,0.57756194237896397,M2,1,0.54753815578186094,E0,0.10000000000000001,E0,0.10000000000000001,0.58280773873328351,1,0.61519908791882083,M0,1,0.48986052540721081,M1,1,0.54753815578186094,E0,0.10000000000000001,0.56562275934743855,E1,0.10000000000000001,0.60069422553125784,E2,0.10000000000000001
group,8,1,90,UB0168,1,0.57803474562348778,M2,0.10000000000000001,0.43036128885945291,E2,0.01,E2,0.01,0.63951002949367974,1,0.38795874354639465,M0,0.10000000000000001,0.55512021881838791,M1,0.10000000000000001,0.56179535516842649,E0,0.10000000000000001,0.4914638821823068,E1,0.01,0.43036128885945291,E2,0.01
group,8,1,91,UB0169,0,0.30506037707052713,M2,0.10000000000000001,0.47106031568310852,E2,0.01,E2,0.01,0.63951002949367974,1,0.35056993123969071,M0,0.10000000000000001,0.33621004100334678,M1,0.10000000000000001,0.35583035198918561,E0,0.10000000000000001,0.43187189954326716,E1,0.01,0.47106031568310852,E2,0.01
group,8,2,92,UB0170,1,0.49798422413844912,M2,0.10000000000000001,0.65088302020097955,E0,0.10000000000000001,E0,0.10000000000000001,0.61707326177389976,1,0.65797286214836803,M0,1,0.4884546955186807,M1,0.10000000000000001,0.65088302020097955,E0,0.10000000000000001,0.43851110184342779,E1,0.01,0.43754778184044618,E2,0.01
group,8,2,93,UB0172,0,0.66283245421681358,M2,0.10000000000000001,0.60373001585139208,E0,0.10000000000000001,E0,0.10000000000000001,0.61707326177389976,1,0.55108077633376817,M0,1,0.66513541775749274,M1,0.10000000000000001,0.60373001585139208,E0,0.10000000000000001,0.42629421833028031,E1,0.01,0.42887719828856813,E2,0.01
group,8,2,94,UB0173,0,0.58582045476499778,M2,0.10000000000000001,0.5560357450005915,E0,0.10000000000000001,E0,0.10000000000000001,0.61707326177389976,1,0.72932487643693422,M0,1,0.57382855003277589,M1,0.10000000000000001,0.5560357450005915,E0,0.10000000000000001,0.46440070834730246,E1,0.01,0.48456502400186974,E2,0.01
group,8,0,95,UB0176,0,0.11226486565989212,M2,1,0.19546649920145648,E0,0.10000000000000001,E0,0.10000000000000001,0.58280773873328351,1,0.20596067621869302,M0,1,0.11324179237692523,M1,1,0.19546649920145648,E0,0.10000000000000001,0.19978238251423069,E1,0.10000000000000001,0.0898942657759461,E2,0.10000000000000001
group,9,0,0,UB0004,0,0.33430742196299074,M2,0.10000000000000001,0.5961832192425921,E2,0.10000000000000001,E2,0.10000000000000001,0.61812631349419234,1,0.33470570376836145,M0,0.10000000000000001,0.28200701525000182,M1,0.10000000000000001,0.31103121660764327,E0,0.10000000000000001,0.42283640395990957,E1,0.01,0.5961832192425921,E2,0.10000000000000001
group,9,4,1,UB0007,0,0.39769612225082385,M2,0.10000000000000001,0.68432810937948141,E2,0.10000000000000001,E2,0.10000000000000001,0.61720093283545274,1,0.60178472723213361,M0,1,0.47422308432162286,M1,0.10000000000000001,0.41376192658823263,E0,0.10000000000000001,0.50852560135344782,E1,0.01,0.68432810937948141,E2,0.10000000000000001
group,9,1,2,UB0020,0,0.80970684613224109,M2,1,0.44132214340180365,E0,0.10000000000000001,E0,0.10000000000000001,0.57474967379450292,1,0.69098785342220914,M0,1,0.80044059249883981,M1,1,0.44132214340180365,E0,0.10000000000000001,0.40551122619295027,E1,0.01,0.48098642089153432,E2,0.01
group,9,2,3,UB0021,1,0.46350863722272462,M2,0.10000000000000001,0.45780328419690847,E2,0.01,E2,0.01,0.64169151467278407,1,0.52515796061578968,M0,0.10000000000000001,0.44898170551188277,M1,0.10000000000000001,0.39565972732939692,E0,0.10000000000000001,0.42894966423965386,E1,0.01,0.45780328419690847,E2,0.01
group,9,1,4,UB0023,1,0.99342761768525112,M2,1,0.78128870877214907,E0,0.10000000000000001,E0,0.10000000000000001,0.57474967379450292,1,0.66783579166966023,M0,1,0.9930135730491052,M1,1,0.78128870877214907,E0,0.10000000000000001,0.56548523538229323,E1,0.01,0.57930352286532194,E2,0.01
group,9,3,5,UB0024,1,0.73470191452810119,M2,0.10000000000000001,0.86471205520497896,E0,0.10000000000000001,E0,0.10000000000000001,0.59703691550258098,1,0.70294437959941081,M0,1,0.72875915581678608,M1,0.10000000000000001,0.86471205520497896,E0,0.10000000000000001,0.84286203289351724,E1,0.10000000000000001,0.87580604401514961,E2,0.10000000000000001
group,9,4,6,UB0028,1,0.4973321661870867,M2,0.10000000000000001,0.8932778513008095,E2,0.10000000000000001,E2,0.10000000000000001,0.61720093283545274,1,0.60178472723213361,M0,1,0.55504964348518626,M1,0.10000000000000001,0.60096522725357726,E0,0.10000000000000001,0.55312175716407552,E1,0.01,0.8932778513008095,E2,0.10000000000000001
group,9,0,7,UB0029,1,0.42718702582325635,M2,0.10000000000000001,0.54082717818633386,E2,0.10000000000000001,E2,0.10000000000000001,0.61812631349419234,1,0.49668073999231227,M0,0.10000000000000001,0.52468579237901303,M1,0.10000000000000001,0.43153056306576126,E0,0.10000000000000001,0.43948863724495069,E1,0.01,0.54082717818633386,E2,0.10000000000000001
group,9,3,8,UB0030,0,0.29689540659599012,M2,0.10000000000000001,0.045313010511888858,E0,0.10000000000000001,E0,0.10000000000000001,0.59703691550258098,1,0.40969005042343531,M0,1,0.33094081980204859,M1,0.10000000000000001,0.045313010511888858,E0,0.10000000000000001,0.0069285867071969438,E1,0.10000000000000001,0.0065970470872756736,E2,0.10000000000000001
group,9,0,9,UB0032,0,0.33133681965816303,M2,0.10000000000000001,0.34919479181798607,E2,0.10000000000000001,E2,0.10000000000000001,0.61812631349419234,1,0.43091632494644655,M0,0.10000000000000001,0.36570052240420348,M1,0.10000000000000001,0.2990013743403464,E0,0.10000000000000001,0.38458964109236776,E1,0.01,0.34919479181798607,E2,0.10000000000000001
group,9,4,10,UB0034,0,0.32197631128580667,M2,0.10000000000000001,0.056355702088014908,E2,0.10000000000000001,E2,0.10000000000000001,0.61720093283545274,1,0.34108405910896722,M0,1,0.3244231062219895,M1,0.10000000000000001,0.14616654398298473,E0,0.10000000000000001,0.22436782565138536,E1,0.01,0.056355702088014908,E2,0.10000000000000001
group,9,1,11,UB0035,0,0.486515933184611,M2,1,0.24654326500207568,E0,0.10000000000000001,E0,0.10000000000000001,0.57474967379450292,1,0.43572111426178939,M0,1,0.37834562015756046,M1,1,0.24654326500207568,E0,0.10000000000000001,0.22006056947678543,E1,0.01,0.17736480914909478,E2,0.01
group,9,3,12,UB0039,0,0.61285609451420098,M2,0.10000000000000001,0.60618017607292973,E0,0.10000000000000001,E0,0.10000000000000001,0.59703691550258098,1,0.40969005042343531,M0,1,0.48782795700478709,M1,0.10000000000000001,0.60618017607292973,E0,0.10000000000000001,0.55710244742854997,E1,0.10000000000000001,0.51585371749898568,E2,0.10000000000000001
group,9,3,13,UB0042,0,0.15528014625579498,M2,0.10000000000000001,0.069561055619502071,E0,0.10000000000000001,E0,0.10000000000000001,0.59703691550258098,1,0.12124294593611133,M0,1,0.152035276119033,M1,0.10000000000000001,0.069561055619502071,E0,0.10000000000000001,0.025560946529719221,E1,0.10000000000000001,0.023867917440152788,E2,0.10000000000000001
group,9,2,14,UB0044,0,0.43204215550879477,M2,0.10000000000000001,0.47691115299264802,E2,0.01,E2,0.01,0.64169151467278407,1,0.42930844172896288,M0,0.10000000000000001,0.39649353696218925,M1,0.10000000000000001,0.43099898248149432,E0,0.10000000000000001,0.4434794149771577,E1,0.01,0.47691115299264802,E2,0.01
group,9,0,15,UB0045,0,0.3571468756141456,M2,0.10000000000000001,0.16933564912991969,E2,0.10000000000000001,E2,0.10000000000000001,0.61812631349419234,1,0.43091632494644655,M0,0.10000000000000001,0.30975008192413306,M1,0.10000000000000001,0.2974194745982211,E0,0.10000000000000001,0.32469208228680591,E1,0.01,0.16933564912991969,E2,0.10000000000000001
group,9,0,16,UB0046,0,0.25130615083720376,M2,0.10000000000000001,0.10361342748540002,E2,0.10000000000000001,E2,0.10000000000000001,0.61812631349419234,1,0.28522089114603361,M0,0.10000000000000001,0.23690910029741516,M1,0.10000000000000001,0.21662117422206331,E0,0.10000000000000001,0.28353718372711123,E1,0.01,0.10361342748540002,E2,0.10000000000000001
group,9,3,17,UB0047,0,0.43417783062925475,M2,0.10000000000000001,0.52203534893123604,E0,0.10000000000000001,E0,0.10000000000000001,0.59703691550258098,1,0.40969005042343531,M0,1,0.36750427343487307,M1,0.10000000000000001,0.52203534893123604,E0,0.10000000000000001,0.43674260665795306,E1,0.10000000000000001,0.42042602671386764,E2,0.10000000000000001
group,9,2,18,UB0049,0,0.35757529259371074,M2,0.10000000000000001,0.36454995445386518,E2,0.01,E2,0.01,0.64169151467278407,1,0.41587531231436875,M0,0.10000000000000001,0.34553830941348829,M1,0.10000000000000001,0.28846778807155388,E0,0.10000000000000001,0.36488951817932963,E1,0.01,0.36454995445386518,E2,0.01
group,9,2,19,UB0051,0,0.23632155366943713,M2,0.10000000000000001,0.3396480194277901,E2,0.01,E2,0.01,0.64169151467278407,1,0.28247833352826707,M0,0.10000000000000001,0.23192824760147121,M1,0.10000000000000001,0.19056898821567983,E0,0.10000000000000001,0.35206521520523237,E1,0.01,0.3396480194277901,E2,0.01
group,9,3,20,UB0052,0,0.58937888798880855,M2,0.10000000000000001,0.63747273915722935,E0,0.10000000000000001,E0,0.10000000000000001,0.59703691550258098,1,0.60236285406525025,M0,1,0.52589165284910233,M1,0.10000000000000001,0.63747273915722935,E0,0.10000000000000001,0.66858304025531012,E1,0.10000000000000001,0.67365786987210219,E2,0.10000000000000001
group,9,2,21,UB0053,0,0.26935458209618218,M2,0.10000000000000001,0.41963857454230336,E2,0.01,E2,0.01,0.64169151467278407,1,0.28247833352826707,M0,0.10000000000000001,0.2741867311347751,M1,0.10000000000000001,0.27957251169633068,E0,0.10000000000000001,0.40113587404762563,E1,0.01,0.41963857454230336,E2,0.01
group,9,2,22,UB0054,0,0.22689275694137895,M2,0.10000000000000001,0.27487239209316389,E2,0.01,E2,0.01,0.64169151467278407,1,0.26070399167353425,M0,0.10000000000000001,0.21895575458077496,M1,0.10000000000000001,0.15375687291039802,E0,0.10000000000000001,0.32901245922009065,E1,0.01,0.27487239209316389,E2,0.01
group,9,0,23,UB0056,0,0.24290295438809473,M2,0.10000000000000001,0.51867482275659893,E2,0.10000000000000001,E2,0.10000000000000001,0.61812631349419234,1,0.28522089114603361,M0,0.10000000000000001,0.23929765225081395,M1,0.10000000000000001,0.21727716660833277,E0,0.10000000000000001,0.42216869508085186,E1,0.01,0.51867482275659893,E2,0.10000000000000001
group,9,2,24,UB0057,0,0.22039100704403863,M2,0.10000000000000001,0.29513560898311936,E2,0.01,E2,0.01,0.64169151467278407,1,0.28247833352826707,M0,0.10000000000000001,0.21248382380994049,M1,0.10000000000000001,0.17042552703684194,E0,0.10000000000000001,0.30172960965882722,E1,0.01,0.29513560898311936,E2,0.01
group,9,2,25,UB0059,0,0.28793458357718937,M2,0.10000000000000001,0.39648679193943509,E2,0.01,E2,0.01,0.64169151467278407,1,0.28247833352826707,M0,0.10000000000000001,0.26804952389156772,M1,0.10000000000000001,0.30068684582275923,E0,0.10000000000000001,0.39013389376895136,E1,0.01,0.39648679193943509,E2,0.01
group,9,4,26,UB0060,0,0.32596988468551191,M2,0.10000000000000001,0.16668035817635163,E2,0.10000000000000001,E2,0.10000000000000001,0.61720093283545274,1,0.33744585005854083,M0,1,0.33889369800053776,M1,0.10000000000000001,0.35608248380080232,E0,0.10000000000000001,0.39405980978883715,E1,0.01,0.16668035817635163,E2,0.10000000000000001
group,9,2,27,UB0061,0,0.28285030992434701,M2,0.10000000000000001,0.28292441435933496,E2,0.01,E2,0.01,0.64169151467278407,1,0.28247833352826707,M0,0.10000000000000001,0.28541724821931796,M1,0.10000000000000001,0.21565258127115058,E0,0.10000000000000001,0.32761875385789918,E1,0.01,0.28292441435933496,E2,0.01
group,9,4,28,UB0063,0,0.3372075734267268,M2,0.10000000000000001,0.089102318376868717,E2,0.10000000000000001,E2,0.10000000000000001,0.61720093283545274,1,0.2803874085011735,M0,1,0.33093746486935299,M1,0.10000000000000001,0.24415970532213607,E0,0.10000000000000001,0.35162574865417179,E1,0.01,0.089102318376868717,E2,0.10000000000000001
group,9,1,29,UB0065,0,0.04726763050021858,M2,1,0.15250890055517574,E0,0.10000000000000001,E0,0.10000000000000001,0.57474967379450292,1,0.19222627997600222,M0,1,0.19511175348505874,M1,1,0.15250890055517574,E0,0.10000000000000001,0.36282515566729007,E1,0.01,0.33856476498909288,E2,0.01
group,9,0,30,UB0066,0,0.28441412614782902,M2,0.10000000000000001,0.43081566313741887,E2,0.10000000000000001,E2,0.10000000000000001,0.61812631349419234,1,0.35717096863872561,M0,0.10000000000000001,0.28549916617905752,M1,0.10000000000000001,0.37134630448505057,E0,0.10000000000000001,0.47093088616705792,E1,0.01,0.43081566313741887,E2,0.10000000000000001
group,9,0,31,UB0070,1,0.4212882393298355,M2,0.10000000000000001,0.465197437438645,E2,0.10000000000000001,E2,0.10000000000000001,0.61812631349419234,1,0.45541872356130708,M0,0.10000000000000001,0.39469326154910872,M1,0.10000000000000001,0.53046783678090137,E0,0.10000000000000001,0.45555525090314153,E1,0.01,0.465197437438645,E2,0.10000000000000001
group,9,4,32,UB0071,0,0.36294052566063328,M2,0.10000000000000001,0.50470116332341119,E2,0.10000000000000001,E2,0.10000000000000001,0.61720093283545274,1,0.30818485772404086,M0,1,0.37034790865527878,M1,0.10000000000000001,0.60300053118771035,E0,0.10000000000000001,0.5040657820462493,E1,0.01,0.50470116332341119,E2,0.10000000000000001
group,9,3,33,UB0072,0,0.62357750762792163,M2,0.10000000000000001,0.72251647666037977,E0,0.10000000000000001,E0,0.10000000000000001,0.59703691550258098,1,0.70294437959941081,M0,1,0.59464340493676826,M1,0.10000000000000001,0.72251647666037977,E0,0.10000000000000001,0.78087791093232073,E1,0.10000000000000001,0.73419121456040959,E2,0.10000000000000001
group,9,2,34,UB0073,1,0.48133681105560544,M2,0.10000000000000001,0.43702082815757565,E2,0.01,E2,0.01,0.64169151467278407,1,0.47015899575866754,M0,0.10000000000000001,0.48929724052756568,M1,0.10000000000000001,0.47260372513165716,E0,0.10000000000000001,0.4286180479542836,E1,0.01,0.43702082815757565,E2,0.01
group,9,2,35,UB0074,1,0.46460329985686122,M2,0.10000000000000001,0.41095167186162546,E2,0.01,E2,0.01,0.64169151467278407,1,0.47015899575866754,M0,0.10000000000000001,0.46123330852688926,M1,0.10000000000000001,0.39990223241934014,E0,0.10000000000000001,0.40976008733977209,E1,0.01,0.41095167186162546,E2,0.01
group,9,4,36,UB0075,0,0.43192318036694827,M2,0.10000000000000001,0.72033756272431781,E2,0.10000000000000001,E2,0.10000000000000001,0.61720093283545274,1,0.36800720427959432,M0,1,0.42888565518279431,M1,0.10000000000000001,0.75189964257982533,E0,0.10000000000000001,0.63345036613641226,E1,0.01,0.72033756272431781,E2,0.10000000000000001
group,9,1,37,UB0077,1,0.099670825709286676,M2,1,0.18709588802640373,E0,0.10000000000000001,E0,0.10000000000000001,0.57474967379450292,1,0.1116912034334757,M0,1,0.092871178761122691,M1,1,0.18709588802640373,E0,0.10000000000000001,0.33874598479671009,E1,0.01,0.36468501611260556,E2,0.01
group,9,1,38,UB0078,1,0.15546365705429363,M2,1,0.25381256443627848,E0,0.10000000000000001,E0,0.10000000000000001,0.57474967379450292,1,0.13459540020640051,M0,1,0.15570604899655405,M1,1,0.25381256443627848,E0,0.10000000000000001,0.37137692542110029,E1,0.01,0.32902018782010328,E2,0.01
group,9,0,39,UB0079,0,0.27081915045923854,M2,0.10000000000000001,0.067546939179193036,E2,0.10000000000000001,E2,0.10000000000000001,0.61812631349419234,1,0.32012728320994271,M0,0.10000000000000001,0.31220134101996877,M1,0.10000000000000001,0.25759720548308429,E0,0.10000000000000001,0.34131825989341247,E1,0.01,0.067546939179193036,E2,0.10000000000000001
group,9,2,40,UB0080,0,0.24141545318188087,M2,0.10000000000000001,0.42894402616858968,E2,0.01,E2,0.01,0.64169151467278407,1,0.25023328371756959,M0,0.10000000000000001,0.22045834381635604,M1,0.10000000000000001,0.18663935364986819,E0,0.10000000000000001,0.37611093274186419,E1,0.01,0.42894402616858968,E2,0.01
group,9,4,41,UB0081,0,0.54189332614497754,M2,0.10000000000000001,0.30024581232463093,E2,0.10000000000000001,E2,0.10000000000000001,0.61720093283545274,1,0.63339953520049708,M0,1,0.53475707524943183,M1,0.10000000000000001,0.50797590866077813,E0,0.10000000000000001,0.44730195422999236,E1,0.01,0.30024581232463093,E2,0.10000000000000001
group,9,4,42,UB0083,1,0.61793581203122772,M2,0.10000000000000001,0.28122455738969215,E2,0.10000000000000001,E2,0.10000000000000001,0.61720093283545274,1,0.60178472723213361,M0,1,0.60102832061584566,M1,0.10000000000000001,0.59137420613627478,E0,0.10000000000000001,0.50715513252911715,E1,0.01,0.28122455738969215,E2,0.10000000000000001
group,9,2,43,UB0084,0,0.39412051523423941,M2,0.10000000000000001,0.37901562942751571,E2,0.01,E2,0.01,0.64169151467278407,1,0.44284651590433743,M0,0.10000000000000001,0.40403264386437893,M1,0.10000000000000001,0.44467776784328455,E0,0.10000000000000001,0.41654635956301139,E1,0.01,0.37901562942751571,E2,0.01
group,9,0,44,UB0085,1,0.37881885162049639,M2,0.10000000000000001,0.20166882296239022,E2,0.10000000000000001,E2,0.10000000000000001,0.61812631349419234,1,0.52149583758190377,M0,0.10000000000000001,0.51685780456389618,M1,0.10000000000000001,0.32689167676059477,E0,0.10000000000000001,0.39288092220147552,E1,0.01,0.20166882296239022,E2,0.10000000000000001
group,9,4,45,UB0086,1,0.44159195233572324,M2,0.10000000000000001,0.13770186691431213,E2,0.10000000000000001,E2,0.10000000000000001,0.61720093283545274,1,0.40356721425764225,M0,1,0.43240536681275543,M1,0.10000000000000001,0.32859075033540291,E0,0.10000000000000001,0.33556481274468047,E1,0.01,0.13770186691431213,E2,0.10000000000000001
group,9,2,46,UB0087,1,0.50466358094959296,M2,0.10000000000000001,0.62082166002742167,E2,0.01,E2,0.01,0.64169151467278407,1,0.49765137370382778,M0,0.10000000000000001,0.49629473991013401,M1,0.10000000000000001,0.79912538446037329,E0,0.10000000000000001,0.61475052475286407,E1,0.01,0.62082166002742167,E2,0.01
group,9,3,47,UB0089,0,0.21562406224798827,M2,0.10000000000000001,0.11835478973618699,E0,0.10000000000000001,E0,0.10000000000000001,0.59703691550258098,1,0.12124294593611133,M0,1,0.22720128821252628,M1,0.10000000000000001,0.11835478973618699,E0,0.10000000000000001,0.043472419988888573,E1,0.10000000000000001,0.030960735001327792,E2,0.10000000000000001
group,9,1,48,UB0090,0,0.53963029497171222,M2,1,0.62452630820391664,E0,0.10000000000000001,E0,0.10000000000000001,0.57474967379450292,1,0.46201895034517937,M0,1,0.47818620436259135,M1,1,0.62452630820391664,E0,0.10000000000000001,0.57471272309975885,E1,0.01,0.56834386719487884,E2,0.01
group,9,2,49,UB0091,1,0.4799137653003126,M2,0.10000000000000001,0.39700926001514009,E2,0.01,E2,0.01,0.64169151467278407,1,0.44284651590433743,M0,0.10000000000000001,0.48089445777008111,M1,0.10000000000000001,0.46899907824315001,E0,0.10000000000000001,0.37552935415176997,E1,0.01,0.39700926001514009,E2,0.01
group,9,3,50,UB0098,0,0.59503277574782365,M2,0.10000000000000001,0.30608669868606214,E0,0.10000000000000001,E0,0.10000000000000001,0.59703691550258098,1,0.72569076974286706,M0,1,0.70061195822962918,M1,0.10000000000000001,0.30608669868606214,E0,0.10000000000000001,0.082696186387567372,E1,0.10000000000000001,0.039924836215746072,E2,0.10000000000000001
group,9,4,51,UB0099,1,0.57814507588095343,M2,0.10000000000000001,0.49923009054391637,E2,0.10000000000000001,E2,0.10000000000000001,0.61720093283545274,1,0.66390619269915629,M0,1,0.57142236882545805,M1,0.10000000000000001,0.77378746332630688,E0,0.10000000000000001,0.64209033053633802,E1,0.01,0.49923009054391637,E2,0.10000000000000001
group,9,1,52,UB0100,0,0.8137717512950875,M2,1,0.70260941407046029,E0,0.10000000000000001,E0,0.10000000000000001,0.57474967379450292,1,0.61910598034629583,M0,1,0.86222770659332271,M1,1,0.70260941407046029,E0,0.10000000000000001,0.58032383181836167,E1,0.01,0.57143008281127605,E2,0.01
group,9,1,53,UB0102,1,0.47785204567855588,M2,1,0.48616228593308708,E0,0.10000000000000001,E0,0.10000000000000001,0.57474967379450292,1,0.61910598034629583,M0,1,0.44771088860671193,M1,1,0.48616228593308708,E0,0.10000000000000001,0.43008180104971971,E1,0.01,0.4047527457924493,E2,0.01
group,9,0,54,UB0103,0,0.35197928923189276,M2,0.10000000000000001,0.47347551335663685,E2,0.10000000000000001,E2,0.10000000000000001,0.61812631349419234,1,0.34960662797383002,M0,0.10000000000000001,0.34827346802799553,M1,0.10000000000000001,0.39764896751028161,E0,0.10000000000000001,0.4682778696393598,E1,0.01,0.47347551335663685,E2,0.10000000000000001
group,9,4,55,UB0104,0,0.45767608674616245,M2,0.10000000000000001,0.17886343916548095,E2,0.10000000000000001,E2,0.10000000000000001,0.61720093283545274,1,0.56929743500148589,M0,1,0.47581293389803553,M1,0.10000000000000001,0.45066715636874455,E0,0.10000000000000001,0.38151944081757688,E1,0.01,0.17886343916548095,E2,0.10000000000000001
group,9,4,56,UB0105,0,0.30251794103939167,M2,0.10000000000000001,0.31283391674317895,E2,0.10000000000000001,E2,0.10000000000000001,0.61720093283545274,1,0.25417603768318792,M0,1,0.30473328492257634,M1,0.10000000000000001,0.26169651987885018,E0,0.10000000000000001,0.34234490904566828,E1,0.01,0.31283391674317895,E2,0.10000000000000001
group,9,4,57,UB0106,1,0.34673671861512773,M2,0.10000000000000001,0.65698129554348295,E2,0.10000000000000001,E2,0.10000000000000001,0.61720093283545274,1,0.34108405910896722,M0,1,0.3532107608656444,M1,0.10000000000000001,0.32959037507738181,E0,0.10000000000000001,0.37542743800060524,E1,0.01,0.65698129554348295,E2,0.10000000000000001
group,9,1,58,UB0107,1,0.19705066437083157,M2,1,0.32619731603178348,E0,0.10000000000000001,E0,0.10000000000000001,0.57474967379450292,1,0.17625379031976829,M0,1,0.16735304376035848,M1,1,0.32619731603178348,E0,0.10000000000000001,0.45159521010515186,E1,0.01,0.50861567556938403,E2,0.01
group,9,0,59,UB0109,0,0.31424435107508047,M2,0.10000000000000001,0.26205540438257452,E2,0.10000000000000001,E2,0.10000000000000001,0.61812631349419234,1,0.29201761653904368,M0,0.10000000000000001,0.27764172071886062,M1,0.10000000000000001,0.30244599395774774,E0,0.10000000000000001,0.377000070414026,E1,0.01,0.26205540438257452,E2,0.10000000000000001
group,9,2,60,UB0115,1,0.3154444839421981,M2,0.10000000000000001,0.47176651173651651,E2,0.01,E2,0.01,0.64169151467278407,1,0.29376963848633064,M0,0.10000000000000001,0.29146415159365935,M1,0.10000000000000001,0.29574587584617185,E0,0.10000000000000001,0.40443998335068576,E1,0.01,0.47176651173651651,E2,0.01
group,9,3,61,UB0118,1,0.64070731063626396,M2,0.10000000000000001,0.56933078057636644,E0,0.10000000000000001,E0,0.10000000000000001,0.59703691550258098,1,0.62874338219539005,M0,1,0.60721231966042288,M1,0.10000000000000001,0.56933078057636644,E0,0.10000000000000001,0.54967746601292156,E1,0.10000000000000001,0.5310195006203704,E2,0.10000000000000001
group,9,4,62,UB0119,1,0.53177753640305503,M2,0.10000000000000001,0.71743380377584154,E2,0.10000000000000001,E2,0.10000000000000001,0.61720093283545274,1,0.53620241849146699,M0,1,0.52726888344289036,M1,0.10000000000000001,0.59943036309779163,E0,0.10000000000000001,0.55383030556694735,E1,0.01,0.71743380377584154,E2,0.10000000000000001
group,9,3,63,UB0120,1,0.51904972989237685,M2,0.10000000000000001,0.23519467246545686,E0,0.10000000000000001,E0,0.10000000000000001,0.59703691550258098,1,0.5753737723208221,M0,1,0.51992542380214768,M1,0.10000000000000001,0.23519467246545686,E0,0.10000000000000001,0.22248185957636274,E1,0.10000000000000001,0.28981445823274621,E2,0.10000000000000001
group,9,2,64,UB0122,0,0.47000202494311005,M2,0.10000000000000001,0.42532159382335422,E2,0.01,E2,0.01,0.64169151467278407,1,0.55251272507656624,M0,0.10000000000000001,0.47888034762221776,M1,0.10000000000000001,0.53459923932143372,E0,0.10000000000000001,0.44677465781623604,E1,0.01,0.42532159382335422,E2,0.01
group,9,4,65,UB0124,1,0.64055628137822729,M2,0.10000000000000001,0.50728041843235505,E2,0.10000000000000001,E2,0.10000000000000001,0.61720093283545274,1,0.63339953520049708,M0,1,0.62461442940066347,M1,0.10000000000000001,0.61793606820405034,E0,0.10000000000000001,0.52597875413861461,E1,0.01,0.50728041843235505,E2,0.10000000000000001
group,9,3,66,UB0126,0,0.37606815549681738,M2,0.10000000000000001,0.35330504325899215,E0,0.10000000000000001,E0,0.10000000000000001,0.59703691550258098,1,0.2122100794091748,M0,1,0.25992311311827954,M1,0.10000000000000001,0.35330504325899215,E0,0.10000000000000001,0.35980708107432152,E1,0.10000000000000001,0.40842248855322305,E2,0.10000000000000001
group,9,3,67,UB0127,1,0.46246945922538507,M2,0.10000000000000001,0.10542793888689174,E0,0.10000000000000001,E0,0.10000000000000001,0.59703691550258098,1,0.29616724084495499,M0,1,0.47407388607917961,M1,0.10000000000000001,0.10542793888689174,E0,0.10000000000000001,0.084918874224995805,E1,0.10000000000000001,0.080133421617239617,E2,0.10000000000000001
group,9,0,68,UB0128,1,0.84868568504998354,M2,0.10000000000000001,0.97766373038129029,E2,0.10000000000000001,E2,0.10000000000000001,0.61812631349419234,1,0.50495666369396619,M0,0.10000000000000001,0.91938848008240659,M1,0.10000000000000001,0.91053330271513877,E0,0.10000000000000001,0.69303570249454782,E1,0.01,0.97766373038129029,E2,0.10000000000000001
group,9,3,69,UB0129,1,0.58679670084359992,M2,0.10000000000000001,0.60174897631785385,E0,0.10000000000000001,E0,0.10000000000000001,0.59703691550258098,1,0.65437794827302753,M0,1,0.58616405265148819,M1,0.10000000000000001,0.60174897631785385,E0,0.10000000000000001,0.59658099025100375,E1,0.10000000000000001,0.53337856135890582,E2,0.10000000000000001
group,9,1,70,UB0131,0,0.092262595408485318,M2,1,0.31517623810977841,E0,0.10000000000000001,E0,0.10000000000000001,0.57474967379450292,1,0.22741751558941722,M0,1,0.1131705109653313,M1,1,0.31517623810977841,E0,0.10000000000000001,0.50087449201858514,E1,0.01,0.44849294385621036,E2,0.01
group,9,0,71,UB0132,1,0.45219616749056069,M2,0.10000000000000001,0.4136736427339926,E2,0.10000000000000001,E2,0.10000000000000001,0.61812631349419234,1,0.50495666369396619,M0,0.10000000000000001,0.58067030316061263,M1,0.10000000000000001,0.45242394496240412,E0,0.10000000000000001,0.43926924326586281,E1,0.01,0.4136736427339926,E2,0.10000000000000001
group,9,1,72,UB0133,0,0.57016556120443496,M2,1,0.62426275759905847,E0,0.10000000000000001,E0,0.10000000000000001,0.57474967379450292,1,0.61910598034629583,M0,1,0.47735522072035536,M1,1,0.62426275759905847,E0,0.10000000000000001,0.51535443621066457,E1,0.01,0.54324623052386534,E2,0.01
group,9,0,73,UB0134,1,0.43041165219441763,M2,0.10000000000000001,0.47853316073100405,E2,0.10000000000000001,E2,0.10000000000000001,0.61812631349419234,1,0.45541872356130708,M0,0.10000000000000001,0.43426541877151625,M1,0.10000000000000001,0.43865502101110748,E0,0.10000000000000001,0.41379536744063367,E1,0.01,0.47853316073100405,E2,0.10000000000000001
group,9,4,74,UB0138,1,0.46807170037085627,M2,0.10000000000000001,0.58724826084165382,E2,0.10000000000000001,E2,0.10000000000000001,0.61720093283545274,1,0.43617466444088432,M0,1,0.45125642346932154,M1,0.10000000000000001,0.43984703049124702,E0,0.10000000000000001,0.45887832820516777,E1,0.01,0.58724826084165382,E2,0.10000000000000001
group,9,0,75,UB0139,0,0.54208753051732117,M2,0.10000000000000001,0.82586041210752292,E2,0.10000000000000001,E2,0.10000000000000001,0.61812631349419234,1,0.48013887744806488,M0,0.10000000000000001,0.54240595030326832,M1,0.10000000000000001,0.73210883943948779,E0,0.10000000000000001,0.58040621228032063,E1,0.01,0.82586041210752292,E2,0.10000000000000001
group,9,3,76,UB0140,1,0.38446972344960795,M2,0.10000000000000001,0.46064262255061017,E0,0.10000000000000001,E0,0.10000000000000001,0.59703691550258098,1,0.52018687608091063,M0,1,0.3985312162496934,M1,0.10000000000000001,0.46064262255061017,E0,0.10000000000000001,0.52392381408038402,E1,0.10000000000000001,0.55359759386296603,E2,0.10000000000000001
group,9,2,77,UB0142,1,0.28746421086041596,M2,0.10000000000000001,0.4222904130347393,E2,0.01,E2,0.01,0.64169151467278407,1,0.32916184365980561,M0,0.10000000000000001,0.26177861164969263,M1,0.10000000000000001,0.39849723210601373,E0,0.10000000000000001,0.45666570117918165,E1,0.01,0.4222904130347393,E2,0.01
group,9,1,78,UB0143,1,0.5005327948460655,M2,1,0.45213344916734771,E0,0.10000000000000001,E0,0.10000000000000001,0.57474967379450292,1,0.64384318854508105,M0,1,0.70627396296211464,M1,1,0.45213344916734771,E0,0.10000000000000001,0.4736372561667857,E1,0.01,0.44310642619727758,E2,0.01
group,9,0,79,UB0144,1,0.46829632621536621,M2,0.10000000000000001,0.53497263573409315,E2,0.10000000000000001,E2,0.10000000000000001,0.61812631349419234,1,0.47188198406690951,M0,0.10000000000000001,0.53468534177232763,M1,0.10000000000000001,0.70660647786177921,E0,0.10000000000000001,0.48801696407427592,E1,0.01,0.53497263573409315,E2,0.10000000000000001
group,9,1,80,UB0147,0,0.71379915664235194,M2,1,0.66106185415560925,E0,0.10000000000000001,E0,0.10000000000000001,0.57474967379450292,1,0.71321915944874759,M0,1,0.59638307002296587,M1,1,0.66106185415560925,E0,0.10000000000000001,0.47108762283377142,E1,0.01,0.42682890342445884,E2,0.01
group,9,3,81,UB0150,1,0.22826777668603415,M2,0.10000000000000001,0.41558979528697981,E0,0.10000000000000001,E0,0.10000000000000001,0.59703691550258098,1,0.43690384357341183,M0,1,0.23925021908867111,M1,0.10000000000000001,0.41558979528697981,E0,0.10000000000000001,0.4468087666315686,E1,0.10000000000000001,0.5583283612358132,E2,0.10000000000000001
group,9,1,82,UB0153,0,0.11871687921090324,M2,1,0.1797337694599179,E0,0.10000000000000001,E0,0.10000000000000001,0.57474967379450292,1,0.17625379031976829,M0,1,0.095538189749584917,M1,1,0.1797337694599179,E0,0.10000000000000001,0.31803100095323267,E1,0.01,0.36230101213091265,E2,0.01
group,9,0,83,UB0154,0,0.42347953844399228,M2,0.10000000000000001,0.54946374012035859,E2,0.10000000000000001,E2,0.10000000000000001,0.61812631349419234,1,0.47188198406690951,M0,0.10000000000000001,0.43715759191113923,M1,0.10000000000000001,0.40624575793562123,E0,0.10000000000000001,0.40459772765442803,E1,0.01,0.54946374012035859,E2,0.10000000000000001
group,9,3,84,UB0156,0,0.34129197102468112,M2,0.10000000000000001,0.2123706647113888,E0,0.10000000000000001,E0,0.10000000000000001,0.59703691550258098,1,0.34465964275611871,M0,1,0.37407533703875562,M1,0.10000000000000001,0.2123706647113888,E0,0.10000000000000001,0.13380628985881662,E1,0.10000000000000001,0.091391735278123706,E2,0.10000000000000001
group,9,4,85,UB0158,0,0.51622126078052033,M2,0.10000000000000001,0.80572616337916414,E2,0.10000000000000001,E2,0.10000000000000001,0.61720093283545274,1,0.66390619269915629,M0,1,0.54300247960357984,M1,0.10000000000000001,0.63379557365798933,E0,0.10000000000000001,0.5885850562091679,E1,0.01,0.80572616337916414,E2,0.10000000000000001
group,9,3,86,UB0161,1,0.71720667619307554,M2,0.10000000000000001,0.76673852371171369,E0,0.10000000000000001,E0,0.10000000000000001,0.59703691550258098,1,0.2122100794091748,M0,1,0.69516255520251991,M1,0.10000000000000001,0.76673852371171369,E0,0.10000000000000001,0.81348384371913085,E1,0.10000000000000001,0.8184986367129895,E2,0.10000000000000001
group,9,0,87,UB0162,1,0.43981868997279855,M2,0.10000000000000001,0.74258112496347617,E2,0.10000000000000001,E2,0.10000000000000001,0.61812631349419234,1,0.51322987212846372,M0,0.10000000000000001,0.48596226535064557,M1,0.10000000000000001,0.57781804645744506,E0,0.10000000000000001,0.53736765390505958,E1,0.01,0.74258112496347617,E2,0.10000000000000001
group,9,2,88,UB0164,1,0.43404785967417292,M2,0.10000000000000001,0.39110372634724677,E2,0.01,E2,0.01,0.64169151467278407,1,0.45647003590444152,M0,0.10000000000000001,0.4397089487549446,M1,0.10000000000000001,0.33277420421442006,E0,0.10000000000000001,0.39707804107402411,E1,0.01,0.39110372634724677,E2,0.01
group,9,0,89,UB0166,1,0.49286180239900396,M2,0.10000000000000001,0.54766511786825722,E2,0.10000000000000001,E2,0.10000000000000001,0.61812631349419234,1,0.50495666369396619,M0,0.10000000000000001,0.45931386440751987,M1,0.10000000000000001,0.51385652711331331,E0,0.10000000000000001,0.47479369250660197,E1,0.01,0.54766511786825722,E2,0.10000000000000001
group,9,1,90,UB0168,1,0.50413597097625662,M2,1,0.32077928234585046,E0,0.10000000000000001,E0,0.10000000000000001,0.57474967379450292,1,0.24663833328502413,M0,1,0.65749829700493667,M1,1,0.32077928234585046,E0,0.10000000000000001,0.39501708955282644,E1,0.01,0.3359718311467515,E2,0.01
group,9,4,91,UB0169,0,0.34169925971214271,M2,0.10000000000000001,0.56006194124580844,E2,0.10000000000000001,E2,0.10000000000000001,0.61720093283545274,1,0.33744585005854083,M0,1,0.3509784846309939,M1,0.10000000000000001,0.46440142716670529,E0,0.10000000000000001,0.46296938632351681,E1,0.01,0.56006194124580844,E2,0.10000000000000001
group,9,1,92,UB0170,1,0.50732463073252654,M2,1,0.52367987323386744,E0,0.10000000000000001,E0,0.10000000000000001,0.57474967379450292,1,0.64384318854508105,M0,1,0.4223027988503768,M1,1,0.52367987323386744,E0,0.10000000000000001,0.41538525988197322,E1,0.01,0.41491646786976694,E2,0.01
group,9,1,93,UB0172,0,0.86752430716802253,M2,1,0.74700617638883693,E0,0.10000000000000001,E0,0.10000000000000001,0.57474967379450292,1,0.54159587344676074,M0,1,0.88404557899938008,M1,1,0.74700617638883693,E0,0.10000000000000001,0.45618679656036959,E1,0.01,0.43485539417311986,E2,0.01
group,9,3,94,UB0173,0,0.63157809295352152,M2,0.10000000000000001,0.63692333207346363,E0,0.10000000000000001,E0,0.10000000000000001,0.59703691550258098,1,0.70294437959941081,M0,1,0.58221966519559665,M1,0.10000000000000001,0.63692333207346363,E0,0.10000000000000001,0.62280706960768051,E1,0.10000000000000001,0.57161644461798278,E2,0.10000000000000001
group,9,1,95,UB0176,0,0.039419635521677751,M2,1,0.1383353168917324,E0,0.10000000000000001,E0,0.10000000000000001,0.57474967379450292,1,0.13459540020640051,M0,1,0.052757973321926048,M1,1,0.1383353168917324,E0,0.10000000000000001,0.3063169231349534,E1,0.01,0.26541100363641063,E2,0.01
