outcome,model_family,repeat,outer_fold,representation,C,pooled_logloss,rounded_pooled_logloss,valid,rank,selected_initial,fallback_rank
group,M0,0,0,M0,1.0,0.6173098929277212,0.617309892928,True,1,True,
group,M0,0,0,M0,10.0,0.6186502413923672,0.618650241392,True,2,False,
group,M0,0,0,M0,100.0,0.6188579455916948,0.618857945592,True,3,False,
group,M0,0,0,M0,0.1,0.6246072785757869,0.624607278576,True,4,False,
group,M0,0,0,M0,0.01,0.6644822275978605,0.664482227598,True,5,False,
group,M0_SELECTED,0,0,M0,1.0,0.6173098929277212,0.617309892928,True,1,False,
group,M0,0,1,M0,0.1,0.6565783582863297,0.656578358286,True,1,True,
group,M0,0,1,M0,1.0,0.6650842134667524,0.665084213467,True,2,False,
group,M0,0,1,M0,10.0,0.6697307504936801,0.669730750494,True,3,False,
group,M0,0,1,M0,100.0,0.6703181977217241,0.670318197722,True,4,False,
group,M0,0,1,M0,0.01,0.6740414336184788,0.674041433618,True,5,False,
group,M0_SELECTED,0,1,M0,0.1,0.6565783582863297,0.656578358286,True,1,False,
group,M0,0,2,M0,0.1,0.64316038398726,0.643160383987,True,1,True,
group,M0,0,2,M0,1.0,0.644583233258909,0.644583233259,True,2,False,
group,M0,0,2,M0,10.0,0.6475855723779539,0.647585572378,True,3,False,
group,M0,0,2,M0,100.0,0.6479795251588264,0.647979525159,True,4,False,
group,M0,0,2,M0,0.01,0.6705919391051425,0.670591939105,True,5,False,
group,M0_SELECTED,0,2,M0,0.1,0.64316038398726,0.643160383987,True,1,False,
group,M0,0,3,M0,0.1,0.6512206828497411,0.65122068285,True,1,True,
group,M0,0,3,M0,1.0,0.6564407911900042,0.65644079119,True,2,False,
group,M0,0,3,M0,10.0,0.6600703512137678,0.660070351214,True,3,False,
group,M0,0,3,M0,100.0,0.6605300829816906,0.660530082982,True,4,False,
group,M0,0,3,M0,0.01,0.6726671975869978,0.672667197587,True,5,False,
group,M0_SELECTED,0,3,M0,0.1,0.6512206828497411,0.65122068285,True,1,False,
group,M0,0,4,M0,0.1,0.6399013216228989,0.639901321623,True,1,True,
group,M0,0,4,M0,1.0,0.6459903956203757,0.64599039562,True,2,False,
group,M0,0,4,M0,10.0,0.6509652395257038,0.650965239526,True,3,False,
group,M0,0,4,M0,100.0,0.6516109936017928,0.651610993602,True,4,False,
group,M0,0,4,M0,0.01,0.6690138091826255,0.669013809183,True,5,False,
group,M0_SELECTED,0,4,M0,0.1,0.6399013216228989,0.639901321623,True,1,False,
group,M0,1,0,M0,0.1,0.6481539596564139,0.648153959656,True,1,True,
group,M0,1,0,M0,1.0,0.6581738635873835,0.658173863587,True,2,False,
group,M0,1,0,M0,10.0,0.6646554832117191,0.664655483212,True,3,False,
group,M0,1,0,M0,100.0,0.6655101439345789,0.665510143935,True,4,False,
group,M0,1,0,M0,0.01,0.6701140669357176,0.670114066936,True,5,False,
group,M0_SELECTED,1,0,M0,0.1,0.6481539596564139,0.648153959656,True,1,False,
group,M0,1,1,M0,0.1,0.6540004323423937,0.654000432342,True,1,True,
group,M0,1,1,M0,1.0,0.6543902681832037,0.654390268183,True,2,False,
group,M0,1,1,M0,10.0,0.656487811096909,0.656487811097,True,3,False,
group,M0,1,1,M0,100.0,0.6567648286346641,0.656764828635,True,4,False,
group,M0,1,1,M0,0.01,0.6743581377591943,0.674358137759,True,5,False,
group,M0_SELECTED,1,1,M0,0.1,0.6540004323423937,0.654000432342,True,1,False,
group,M0,1,2,M0,1.0,0.6360883746025081,0.636088374603,True,1,True,
group,M0,1,2,M0,10.0,0.6370454188068471,0.637045418807,True,2,False,
group,M0,1,2,M0,100.0,0.6371883735124715,0.637188373512,True,3,False,
group,M0,1,2,M0,0.1,0.6409692946164087,0.640969294616,True,4,False,
group,M0,1,2,M0,0.01,0.6705740775376682,0.670574077538,True,5,False,
group,M0_SELECTED,1,2,M0,1.0,0.6360883746025081,0.636088374603,True,1,False,
group,M0,1,3,M0,0.1,0.6609739283417575,0.660973928342,True,1,True,
group,M0,1,3,M0,1.0,0.6725256589473362,0.672525658947,True,2,False,
group,M0,1,3,M0,0.01,0.6746096388411404,0.674609638841,True,3,False,
group,M0,1,3,M0,10.0,0.6771436385726916,0.677143638573,True,4,False,
group,M0,1,3,M0,100.0,0.677702953272603,0.677702953273,True,5,False,
group,M0_SELECTED,1,3,M0,0.1,0.6609739283417575,0.660973928342,True,1,False,
group,M0,1,4,M0,0.1,0.627218075785576,0.627218075786,True,1,True,
group,M0,1,4,M0,1.0,0.6441593548727024,0.644159354873,True,2,False,
group,M0,1,4,M0,10.0,0.6595812645402314,0.65958126454,True,3,False,
group,M0,1,4,M0,100.0,0.6619556232801003,0.66195562328,True,4,False,
group,M0,1,4,M0,0.01,0.6651606742263896,0.665160674226,True,5,False,
group,M0_SELECTED,1,4,M0,0.1,0.627218075785576,0.627218075786,True,1,False,
group,M0,2,0,M0,1.0,0.6169774759977915,0.616977475998,True,1,True,
group,M0,2,0,M0,10.0,0.6184470959019929,0.618447095902,True,2,False,
group,M0,2,0,M0,100.0,0.6186822995244484,0.618682299524,True,3,False,
group,M0,2,0,M0,0.1,0.6248941069486635,0.624894106949,True,4,False,
group,M0,2,0,M0,0.01,0.6647659889505121,0.664765988951,True,5,False,
group,M0_SELECTED,2,0,M0,1.0,0.6169774759977915,0.616977475998,True,1,False,
group,M0,2,1,M0,1.0,0.639043500456829,0.639043500457,True,1,True,
group,M0,2,1,M0,0.1,0.6406828327166989,0.640682832717,True,2,False,
group,M0,2,1,M0,10.0,0.6415497063221868,0.641549706322,True,3,False,
group,M0,2,1,M0,100.0,0.6418916313386002,0.641891631339,True,4,False,
group,M0,2,1,M0,0.01,0.6706777780329886,0.670677778033,True,5,False,
group,M0_SELECTED,2,1,M0,1.0,0.639043500456829,0.639043500457,True,1,False,
group,M0,2,2,M0,1.0,0.6371732898708008,0.637173289871,True,1,True,
group,M0,2,2,M0,0.1,0.6383832716167854,0.638383271617,True,2,False,
group,M0,2,2,M0,10.0,0.6396177477322811,0.639617747732,True,3,False,
group,M0,2,2,M0,100.0,0.6399462099910176,0.639946209991,True,4,False,
group,M0,2,2,M0,0.01,0.6694663567468104,0.669466356747,True,5,False,
group,M0_SELECTED,2,2,M0,1.0,0.6371732898708008,0.637173289871,True,1,False,
group,M0,2,3,M0,0.1,0.649006642178726,0.649006642179,True,1,True,
group,M0,2,3,M0,1.0,0.6515604794164692,0.651560479416,True,2,False,
group,M0,2,3,M0,10.0,0.6541697427927647,0.654169742793,True,3,False,
group,M0,2,3,M0,100.0,0.6544995617560584,0.654499561756,True,4,False,
group,M0,2,3,M0,0.01,0.6719593651259004,0.671959365126,True,5,False,
group,M0_SELECTED,2,3,M0,0.1,0.649006642178726,0.649006642179,True,1,False,
group,M0,2,4,M0,0.1,0.6521049990635596,0.652104999064,True,1,True,
group,M0,2,4,M0,1.0,0.6553214111947606,0.655321411195,True,2,False,
group,M0,2,4,M0,10.0,0.6587531703527906,0.658753170353,True,3,False,
group,M0,2,4,M0,100.0,0.6592045271919115,0.659204527192,True,4,False,
group,M0,2,4,M0,0.01,0.6735421535533743,0.673542153553,True,5,False,
group,M0_SELECTED,2,4,M0,0.1,0.6521049990635596,0.652104999064,True,1,False,
group,M0,3,0,M0,0.1,0.6475059621366676,0.647505962137,True,1,True,
group,M0,3,0,M0,1.0,0.6502823081099911,0.65028230811,True,2,False,
group,M0,3,0,M0,10.0,0.6536172412720334,0.653617241272,True,3,False,
group,M0,3,0,M0,100.0,0.6540585823735076,0.654058582374,True,4,False,
group,M0,3,0,M0,0.01,0.6703779148342518,0.670377914834,True,5,False,
group,M0_SELECTED,3,0,M0,0.1,0.6475059621366676,0.647505962137,True,1,False,
group,M0,3,1,M0,0.1,0.6214332810726928,0.621433281073,True,1,True,
group,M0,3,1,M0,1.0,0.6274015284431305,0.627401528443,True,2,False,
group,M0,3,1,M0,10.0,0.6353272484197673,0.63532724842,True,3,False,
group,M0,3,1,M0,100.0,0.6364195120933243,0.636419512093,True,4,False,
group,M0,3,1,M0,0.01,0.664107480648252,0.664107480648,True,5,False,
group,M0_SELECTED,3,1,M0,0.1,0.6214332810726928,0.621433281073,True,1,False,
group,M0,3,2,M0,1.0,0.6204627591662459,0.620462759166,True,1,True,
group,M0,3,2,M0,10.0,0.6230659019805141,0.623065901981,True,2,False,
group,M0,3,2,M0,100.0,0.6234388891054966,0.623438889105,True,3,False,
group,M0,3,2,M0,0.1,0.6247806364557248,0.624780636456,True,4,False,
group,M0,3,2,M0,0.01,0.6654682337569953,0.665468233757,True,5,False,
group,M0_SELECTED,3,2,M0,1.0,0.6204627591662459,0.620462759166,True,1,False,
group,M0,3,3,M0,0.1,0.6687106187157651,0.668710618716,True,1,True,
group,M0,3,3,M0,1.0,0.6764750948340796,0.676475094834,True,2,False,
group,M0,3,3,M0,0.01,0.6776113895442814,0.677611389544,True,3,False,
group,M0,3,3,M0,10.0,0.6795054949643057,0.679505494964,True,4,False,
group,M0,3,3,M0,100.0,0.6798706707861728,0.679870670786,True,5,False,
group,M0_SELECTED,3,3,M0,0.1,0.6687106187157651,0.668710618716,True,1,False,
group,M0,3,4,M0,1.0,0.6455360428334675,0.645536042833,True,1,True,
group,M0,3,4,M0,10.0,0.6466301277362266,0.646630127736,True,2,False,
group,M0,3,4,M0,100.0,0.646782716424029,0.646782716424,True,3,False,
group,M0,3,4,M0,0.1,0.648505609705432,0.648505609705,True,4,False,
group,M0,3,4,M0,0.01,0.6728656180915594,0.672865618092,True,5,False,
group,M0_SELECTED,3,4,M0,1.0,0.6455360428334675,0.645536042833,True,1,False,
group,M0,4,0,M0,1.0,0.5995641157024701,0.599564115702,True,1,True,
group,M0,4,0,M0,10.0,0.5996968128115553,0.599696812812,True,2,False,
group,M0,4,0,M0,100.0,0.5997806711199624,0.59978067112,True,3,False,
group,M0,4,0,M0,0.1,0.6143262915203339,0.61432629152,True,4,False,
group,M0,4,0,M0,0.01,0.6627993693978992,0.662799369398,True,5,False,
group,M0_SELECTED,4,0,M0,1.0,0.5995641157024701,0.599564115702,True,1,False,
group,M0,4,1,M0,0.1,0.6543021158740494,0.654302115874,True,1,True,
group,M0,4,1,M0,1.0,0.6621082744856253,0.662108274486,True,2,False,
group,M0,4,1,M0,10.0,0.6660276586429819,0.666027658643,True,3,False,
group,M0,4,1,M0,100.0,0.6665100898950405,0.666510089895,True,4,False,
group,M0,4,1,M0,0.01,0.6730180495174711,0.673018049517,True,5,False,
group,M0_SELECTED,4,1,M0,0.1,0.6543021158740494,0.654302115874,True,1,False,
group,M0,4,2,M0,0.1,0.6787054260589692,0.678705426059,True,1,True,
group,M0,4,2,M0,0.01,0.6797914362382257,0.679791436238,True,2,False,
group,M0,4,2,M0,1.0,0.6914801201626208,0.691480120163,True,3,False,
group,M0,4,2,M0,10.0,0.6952230725648807,0.695223072565,True,4,False,
group,M0,4,2,M0,100.0,0.6956602735783806,0.695660273578,True,5,False,
group,M0_SELECTED,4,2,M0,0.1,0.6787054260589692,0.678705426059,True,1,False,
group,M0,4,3,M0,1.0,0.6151927211881502,0.615192721188,True,1,True,
group,M0,4,3,M0,10.0,0.6173294230601919,0.61732942306,True,2,False,
group,M0,4,3,M0,100.0,0.6176495279175437,0.617649527918,True,3,False,
group,M0,4,3,M0,0.1,0.6220518317252157,0.622051831725,True,4,False,
group,M0,4,3,M0,0.01,0.6653067070057229,0.665306707006,True,5,False,
group,M0_SELECTED,4,3,M0,1.0,0.6151927211881502,0.615192721188,True,1,False,
group,M0,4,4,M0,1.0,0.6172701315081445,0.617270131508,True,1,True,
group,M0,4,4,M0,10.0,0.6181522729303291,0.61815227293,True,2,False,
group,M0,4,4,M0,100.0,0.6183168954130521,0.618316895413,True,3,False,
group,M0,4,4,M0,0.1,0.6271677769087629,0.627167776909,True,4,False,
group,M0,4,4,M0,0.01,0.6674298249324554,0.667429824932,True,5,False,
group,M0_SELECTED,4,4,M0,1.0,0.6172701315081445,0.617270131508,True,1,False,
group,M0,5,0,M0,1.0,0.6486097787809197,0.648609778781,True,1,True,
group,M0,5,0,M0,0.1,0.6497398061348286,0.649739806135,True,2,False,
group,M0,5,0,M0,10.0,0.649864699850587,0.649864699851,True,3,False,
group,M0,5,0,M0,100.0,0.6500302219431017,0.650030221943,True,4,False,
group,M0,5,0,M0,0.01,0.6711492297571526,0.671149229757,True,5,False,
group,M0_SELECTED,5,0,M0,1.0,0.6486097787809197,0.648609778781,True,1,False,
group,M0,5,1,M0,1.0,0.5895925458531429,0.589592545853,True,1,True,
group,M0,5,1,M0,10.0,0.595865374867742,0.595865374868,True,2,False,
group,M0,5,1,M0,100.0,0.597034798360069,0.59703479836,True,3,False,
group,M0,5,1,M0,0.1,0.6001316041419378,0.600131604142,True,4,False,
group,M0,5,1,M0,0.01,0.6594217505075857,0.659421750508,True,5,False,
group,M0_SELECTED,5,1,M0,1.0,0.5895925458531429,0.589592545853,True,1,False,
group,M0,5,2,M0,0.1,0.6439025226250618,0.643902522625,True,1,True,
group,M0,5,2,M0,1.0,0.6472971117033909,0.647297111703,True,2,False,
group,M0,5,2,M0,10.0,0.6511123935741499,0.651112393574,True,3,False,
group,M0,5,2,M0,100.0,0.6516086730538274,0.651608673054,True,4,False,
group,M0,5,2,M0,0.01,0.6708705882868665,0.670870588287,True,5,False,
group,M0_SELECTED,5,2,M0,0.1,0.6439025226250618,0.643902522625,True,1,False,
group,M0,5,3,M0,0.1,0.6594970146723611,0.659497014672,True,1,True,
group,M0,5,3,M0,1.0,0.6616488978807088,0.661648897881,True,2,False,
group,M0,5,3,M0,10.0,0.6635036120572102,0.663503612057,True,3,False,
group,M0,5,3,M0,100.0,0.6637342730808757,0.663734273081,True,4,False,
group,M0,5,3,M0,0.01,0.6755618498114893,0.675561849811,True,5,False,
group,M0_SELECTED,5,3,M0,0.1,0.6594970146723611,0.659497014672,True,1,False,
group,M0,5,4,M0,0.1,0.6431101514555071,0.643110151456,True,1,True,
group,M0,5,4,M0,1.0,0.6528104979954689,0.652810497995,True,2,False,
group,M0,5,4,M0,10.0,0.6593242211048023,0.659324221105,True,3,False,
group,M0,5,4,M0,100.0,0.6601760151669571,0.660176015167,True,4,False,
group,M0,5,4,M0,0.01,0.669836942576825,0.669836942577,True,5,False,
group,M0_SELECTED,5,4,M0,0.1,0.6431101514555071,0.643110151456,True,1,False,
group,M0,6,0,M0,0.1,0.6684317108932538,0.668431710893,True,1,True,
group,M0,6,0,M0,0.01,0.6755235043994998,0.675523504399,True,2,False,
group,M0,6,0,M0,1.0,0.685397696949019,0.685397696949,True,3,False,
group,M0,6,0,M0,10.0,0.6924386012799693,0.69243860128,True,4,False,
group,M0,6,0,M0,100.0,0.6933330005950091,0.693333000595,True,5,False,
group,M0_SELECTED,6,0,M0,0.1,0.6684317108932538,0.668431710893,True,1,False,
group,M0,6,1,M0,0.1,0.6345020953288343,0.634502095329,True,1,True,
group,M0,6,1,M0,1.0,0.6372310097746414,0.637231009775,True,2,False,
group,M0,6,1,M0,10.0,0.6411206594061579,0.641120659406,True,3,False,
group,M0,6,1,M0,100.0,0.6416255574517362,0.641625557452,True,4,False,
group,M0,6,1,M0,0.01,0.6676421136367823,0.667642113637,True,5,False,
group,M0_SELECTED,6,1,M0,0.1,0.6345020953288343,0.634502095329,True,1,False,
group,M0,6,2,M0,0.1,0.658074963770944,0.658074963771,True,1,True,
group,M0,6,2,M0,1.0,0.671794449547032,0.671794449547,True,2,False,
group,M0,6,2,M0,0.01,0.6740779331436516,0.674077933144,True,3,False,
group,M0,6,2,M0,10.0,0.678546000773437,0.678546000773,True,4,False,
group,M0,6,2,M0,100.0,0.6794095487069669,0.679409548707,True,5,False,
group,M0_SELECTED,6,2,M0,0.1,0.658074963770944,0.658074963771,True,1,False,
group,M0,6,3,M0,1.0,0.6002095061259867,0.600209506126,True,1,True,
group,M0,6,3,M0,10.0,0.6020061917333756,0.602006191733,True,2,False,
group,M0,6,3,M0,100.0,0.6022956801348529,0.602295680135,True,3,False,
group,M0,6,3,M0,0.1,0.6100102622543351,0.610010262254,True,4,False,
group,M0,6,3,M0,0.01,0.661356766256361,0.661356766256,True,5,False,
group,M0_SELECTED,6,3,M0,1.0,0.6002095061259867,0.600209506126,True,1,False,
group,M0,6,4,M0,1.0,0.6402241283359256,0.640224128336,True,1,True,
group,M0,6,4,M0,10.0,0.6416428504428378,0.641642850443,True,2,False,
group,M0,6,4,M0,100.0,0.6418396599419419,0.641839659942,True,3,False,
group,M0,6,4,M0,0.1,0.6433164320547,0.643316432055,True,4,False,
group,M0,6,4,M0,0.01,0.6712619353285357,0.671261935329,True,5,False,
group,M0_SELECTED,6,4,M0,1.0,0.6402241283359256,0.640224128336,True,1,False,
group,M0,7,0,M0,0.1,0.6598103977413958,0.659810397741,True,1,True,
group,M0,7,0,M0,0.01,0.6730007824565315,0.673000782457,True,2,False,
group,M0,7,0,M0,1.0,0.6731318037707177,0.673131803771,True,3,False,
group,M0,7,0,M0,10.0,0.6787582974637959,0.678758297464,True,4,False,
group,M0,7,0,M0,100.0,0.6794516243905973,0.679451624391,True,5,False,
group,M0_SELECTED,7,0,M0,0.1,0.6598103977413958,0.659810397741,True,1,False,
group,M0,7,1,M0,1.0,0.6227497818698033,0.62274978187,True,1,True,
group,M0,7,1,M0,10.0,0.6255298391650185,0.625529839165,True,2,False,
group,M0,7,1,M0,100.0,0.6259304870891267,0.625930487089,True,3,False,
group,M0,7,1,M0,0.1,0.6271674935487017,0.627167493549,True,4,False,
group,M0,7,1,M0,0.01,0.6667268706366729,0.666726870637,True,5,False,
group,M0_SELECTED,7,1,M0,1.0,0.6227497818698033,0.62274978187,True,1,False,
group,M0,7,2,M0,1.0,0.6421231942132827,0.642123194213,True,1,True,
group,M0,7,2,M0,0.1,0.643149809998442,0.643149809998,True,2,False,
group,M0,7,2,M0,10.0,0.6442506759529681,0.644250675953,True,3,False,
group,M0,7,2,M0,100.0,0.6445341768381854,0.644534176838,True,4,False,
group,M0,7,2,M0,0.01,0.6709656209738617,0.670965620974,True,5,False,
group,M0_SELECTED,7,2,M0,1.0,0.6421231942132827,0.642123194213,True,1,False,
group,M0,7,3,M0,1.0,0.6344092875934654,0.634409287593,True,1,True,
group,M0,7,3,M0,10.0,0.6363553352425181,0.636355335243,True,2,False,
group,M0,7,3,M0,100.0,0.6366245944626948,0.636624594463,True,3,False,
group,M0,7,3,M0,0.1,0.6373124015053722,0.637312401505,True,4,False,
group,M0,7,3,M0,0.01,0.6692514841042908,0.669251484104,True,5,False,
group,M0_SELECTED,7,3,M0,1.0,0.6344092875934654,0.634409287593,True,1,False,
group,M0,7,4,M0,1.0,0.6307197150445498,0.630719715045,True,1,True,
group,M0,7,4,M0,10.0,0.6314619789885726,0.631461978989,True,2,False,
group,M0,7,4,M0,100.0,0.6315786280055289,0.631578628006,True,3,False,
group,M0,7,4,M0,0.1,0.636578284227563,0.636578284228,True,4,False,
group,M0,7,4,M0,0.01,0.6690284785413024,0.669028478541,True,5,False,
group,M0_SELECTED,7,4,M0,1.0,0.6307197150445498,0.630719715045,True,1,False,
group,M0,8,0,M0,1.0,0.6334093426889238,0.633409342689,True,1,True,
group,M0,8,0,M0,10.0,0.6348541387700187,0.63485413877,True,2,False,
group,M0,8,0,M0,100.0,0.6350602955503046,0.63506029555,True,3,False,
group,M0,8,0,M0,0.1,0.6376228757851339,0.637622875785,True,4,False,
group,M0,8,0,M0,0.01,0.6683512434645738,0.668351243465,True,5,False,
group,M0_SELECTED,8,0,M0,1.0,0.6334093426889238,0.633409342689,True,1,False,
group,M0,8,1,M0,0.1,0.6560621392635089,0.656062139264,True,1,True,
group,M0,8,1,M0,1.0,0.6571262070053143,0.657126207005,True,2,False,
group,M0,8,1,M0,10.0,0.6588507719472024,0.658850771947,True,3,False,
group,M0,8,1,M0,100.0,0.6590694029458518,0.659069402946,True,4,False,
group,M0,8,1,M0,0.01,0.6745248664949194,0.674524866495,True,5,False,
group,M0_SELECTED,8,1,M0,0.1,0.6560621392635089,0.656062139264,True,1,False,
group,M0,8,2,M0,1.0,0.6083514632286249,0.608351463229,True,1,True,
group,M0,8,2,M0,0.1,0.6095061089147679,0.609506108915,True,2,False,
group,M0,8,2,M0,10.0,0.6141701271407977,0.614170127141,True,3,False,
group,M0,8,2,M0,100.0,0.615002674208143,0.615002674208,True,4,False,
group,M0,8,2,M0,0.01,0.6604857572694722,0.660485757269,True,5,False,
group,M0_SELECTED,8,2,M0,1.0,0.6083514632286249,0.608351463229,True,1,False,
group,M0,8,3,M0,0.1,0.6513017754263529,0.651301775426,True,1,True,
group,M0,8,3,M0,1.0,0.6683091489205496,0.668309148921,True,2,False,
group,M0,8,3,M0,0.01,0.6711368406524212,0.671136840652,True,3,False,
group,M0,8,3,M0,10.0,0.6763969907876928,0.676396990788,True,4,False,
group,M0,8,3,M0,100.0,0.6774292216186707,0.677429221619,True,5,False,
group,M0_SELECTED,8,3,M0,0.1,0.6513017754263529,0.651301775426,True,1,False,
group,M0,8,4,M0,1.0,0.6477306631224442,0.647730663122,True,1,True,
group,M0,8,4,M0,10.0,0.6488360198042442,0.648836019804,True,2,False,
group,M0,8,4,M0,100.0,0.6489986195381849,0.648998619538,True,3,False,
group,M0,8,4,M0,0.1,0.6514591683009677,0.651459168301,True,4,False,
group,M0,8,4,M0,0.01,0.6743170954366645,0.674317095437,True,5,False,
group,M0_SELECTED,8,4,M0,1.0,0.6477306631224442,0.647730663122,True,1,False,
group,M0,9,0,M0,0.1,0.6706725416160509,0.670672541616,True,1,True,
group,M0,9,0,M0,1.0,0.6760777496887649,0.676077749689,True,2,False,
group,M0,9,0,M0,0.01,0.6773037982536385,0.677303798254,True,3,False,
group,M0,9,0,M0,10.0,0.678212914428595,0.678212914429,True,4,False,
group,M0,9,0,M0,100.0,0.6784688423034901,0.678468842303,True,5,False,
group,M0_SELECTED,9,0,M0,0.1,0.6706725416160509,0.670672541616,True,1,False,
group,M0,9,1,M0,1.0,0.5840446071645178,0.584044607165,True,1,True,
group,M0,9,1,M0,10.0,0.5864979759216661,0.586497975922,True,2,False,
group,M0,9,1,M0,100.0,0.5869132590915054,0.586913259092,True,3,False,
group,M0,9,1,M0,0.1,0.5966924516993464,0.596692451699,True,4,False,
group,M0,9,1,M0,0.01,0.6577455113358724,0.657745511336,True,5,False,
group,M0_SELECTED,9,1,M0,1.0,0.5840446071645178,0.584044607165,True,1,False,
group,M0,9,2,M0,0.1,0.6498375266160287,0.649837526616,True,1,True,
group,M0,9,2,M0,1.0,0.6513794157656346,0.651379415766,True,2,False,
group,M0,9,2,M0,10.0,0.6537863176027463,0.653786317603,True,3,False,
group,M0,9,2,M0,100.0,0.6540963086454442,0.654096308645,True,4,False,
group,M0,9,2,M0,0.01,0.672571689678524,0.672571689679,True,5,False,
group,M0_SELECTED,9,2,M0,0.1,0.6498375266160287,0.649837526616,True,1,False,
group,M0,9,3,M0,1.0,0.6163910742427539,0.616391074243,True,1,True,
group,M0,9,3,M0,10.0,0.618803821092629,0.618803821093,True,2,False,
group,M0,9,3,M0,100.0,0.6191597640034424,0.619159764003,True,3,False,
group,M0,9,3,M0,0.1,0.6226772009825635,0.622677200983,True,4,False,
group,M0,9,3,M0,0.01,0.6655603617968148,0.665560361797,True,5,False,
group,M0_SELECTED,9,3,M0,1.0,0.6163910742427539,0.616391074243,True,1,False,
group,M0,9,4,M0,1.0,0.640002133610929,0.640002133611,True,1,True,
group,M0,9,4,M0,0.1,0.6408247486052766,0.640824748605,True,2,False,
group,M0,9,4,M0,10.0,0.6421515225285928,0.642151522529,True,3,False,
group,M0,9,4,M0,100.0,0.6424358420493665,0.642435842049,True,4,False,
group,M0,9,4,M0,0.01,0.6699096879347641,0.669909687935,True,5,False,
group,M0_SELECTED,9,4,M0,1.0,0.640002133610929,0.640002133611,True,1,False,
group,M1,0,0,M1,1.0,0.5554760282201121,0.55547602822,True,1,True,
group,M1,0,0,M1,0.1,0.5642926977020726,0.564292697702,True,2,False,
group,M1,0,0,M1,10.0,0.5913363274740829,0.591336327474,True,3,False,
group,M1,0,0,M1,100.0,0.6056231946753495,0.605623194675,True,4,False,
group,M1,0,0,M1,0.01,0.6369247366307594,0.636924736631,True,5,False,
group,M1_SELECTED,0,0,M1,1.0,0.5554760282201121,0.55547602822,True,1,False,
group,M1,0,1,M1,0.1,0.6401830676733228,0.640183067673,True,1,True,
group,M1,0,1,M1,1.0,0.6480811773058573,0.648081177306,True,2,False,
group,M1,0,1,M1,0.01,0.6654759124137319,0.665475912414,True,3,False,
group,M1,0,1,M1,10.0,0.6725427731855459,0.672542773186,True,4,False,
group,M1,0,1,M1,100.0,0.6808478466713217,0.680847846671,True,5,False,
group,M1_SELECTED,0,1,M1,0.1,0.6401830676733228,0.640183067673,True,1,False,
group,M1,0,2,M1,0.1,0.6477236652190329,0.647723665219,True,1,True,
group,M1,0,2,M1,0.01,0.6683879672862747,0.668387967286,True,2,False,
group,M1,0,2,M1,1.0,0.6883604447563764,0.688360444756,True,3,False,
group,M1,0,2,M1,10.0,0.7178464683307643,0.717846468331,True,4,False,
group,M1,0,2,M1,100.0,0.7229662762782051,0.722966276278,True,5,False,
group,M1_SELECTED,0,2,M1,0.1,0.6477236652190329,0.647723665219,True,1,False,
group,M1,0,3,M1,0.1,0.6239198309518779,0.623919830952,True,1,True,
group,M1,0,3,M1,1.0,0.6305864992040795,0.630586499204,True,2,False,
group,M1,0,3,M1,10.0,0.6448770389244042,0.644877038924,True,3,False,
group,M1,0,3,M1,100.0,0.6478199397077831,0.647819939708,True,4,False,
group,M1,0,3,M1,0.01,0.662261150732963,0.662261150733,True,5,False,
group,M1_SELECTED,0,3,M1,0.1,0.6239198309518779,0.623919830952,True,1,False,
group,M1,0,4,M1,1.0,0.6039846153561644,0.603984615356,True,1,True,
group,M1,0,4,M1,0.1,0.6057707700847069,0.605770770085,True,2,False,
group,M1,0,4,M1,10.0,0.6192104366647406,0.619210436665,True,3,False,
group,M1,0,4,M1,100.0,0.6229439509566239,0.622943950957,True,4,False,
group,M1,0,4,M1,0.01,0.6559741381857049,0.655974138186,True,5,False,
group,M1_SELECTED,0,4,M1,1.0,0.6039846153561644,0.603984615356,True,1,False,
group,M1,1,0,M1,0.1,0.6084138831396849,0.60841388314,True,1,True,
group,M1,1,0,M1,1.0,0.6172446347428163,0.617244634743,True,2,False,
group,M1,1,0,M1,10.0,0.645178216553996,0.645178216554,True,3,False,
group,M1,1,0,M1,100.0,0.6524476265526511,0.652447626553,True,4,False,
group,M1,1,0,M1,0.01,0.6562536369590425,0.656253636959,True,5,False,
group,M1_SELECTED,1,0,M1,0.1,0.6084138831396849,0.60841388314,True,1,False,
group,M1,1,1,M1,0.1,0.6212836114508788,0.621283611451,True,1,True,
group,M1,1,1,M1,1.0,0.628212037799054,0.628212037799,True,2,False,
group,M1,1,1,M1,10.0,0.6516157726649475,0.651615772665,True,3,False,
group,M1,1,1,M1,100.0,0.6574710335149843,0.657471033515,True,4,False,
group,M1,1,1,M1,0.01,0.6606644271791952,0.660664427179,True,5,False,
group,M1_SELECTED,1,1,M1,0.1,0.6212836114508788,0.621283611451,True,1,False,
group,M1,1,2,M1,0.1,0.6082676226513523,0.608267622651,True,1,True,
group,M1,1,2,M1,1.0,0.6196387014510407,0.619638701451,True,2,False,
group,M1,1,2,M1,10.0,0.6370236036687421,0.637023603669,True,3,False,
group,M1,1,2,M1,100.0,0.6402720492310582,0.640272049231,True,4,False,
group,M1,1,2,M1,0.01,0.6545852278240515,0.654585227824,True,5,False,
group,M1_SELECTED,1,2,M1,0.1,0.6082676226513523,0.608267622651,True,1,False,
group,M1,1,3,M1,0.1,0.6310403587281332,0.631040358728,True,1,True,
group,M1,1,3,M1,1.0,0.651120104768005,0.651120104768,True,2,False,
group,M1,1,3,M1,0.01,0.6609638027880492,0.660963802788,True,3,False,
group,M1,1,3,M1,10.0,0.6793497764552564,0.679349776455,True,4,False,
group,M1,1,3,M1,100.0,0.6861775287506272,0.686177528751,True,5,False,
group,M1_SELECTED,1,3,M1,0.1,0.6310403587281332,0.631040358728,True,1,False,
group,M1,1,4,M1,0.1,0.6138008500404688,0.61380085004,True,1,True,
group,M1,1,4,M1,1.0,0.6442297484021857,0.644229748402,True,2,False,
group,M1,1,4,M1,0.01,0.6560216057155847,0.656021605716,True,3,False,
group,M1,1,4,M1,10.0,0.6953813587461658,0.695381358746,True,4,False,
group,M1,1,4,M1,100.0,0.7094406121379008,0.709440612138,True,5,False,
group,M1_SELECTED,1,4,M1,0.1,0.6138008500404688,0.61380085004,True,1,False,
group,M1,2,0,M1,10.0,0.5450154013418878,0.545015401342,True,1,True,
group,M1,2,0,M1,1.0,0.5460336761465348,0.546033676147,True,2,False,
group,M1,2,0,M1,100.0,0.5476927986596489,0.54769279866,True,3,False,
group,M1,2,0,M1,0.1,0.5780023424124054,0.578002342412,True,4,False,
group,M1,2,0,M1,0.01,0.6449903017611046,0.644990301761,True,5,False,
group,M1_SELECTED,2,0,M1,10.0,0.5450154013418878,0.545015401342,True,1,False,
group,M1,2,1,M1,0.1,0.6044823223379457,0.604482322338,True,1,True,
group,M1,2,1,M1,1.0,0.6092278224903648,0.60922782249,True,2,False,
group,M1,2,1,M1,10.0,0.6382614397180294,0.638261439718,True,3,False,
group,M1,2,1,M1,100.0,0.6458273186538506,0.645827318654,True,4,False,
group,M1,2,1,M1,0.01,0.6556395580895604,0.65563955809,True,5,False,
group,M1_SELECTED,2,1,M1,0.1,0.6044823223379457,0.604482322338,True,1,False,
group,M1,2,2,M1,0.1,0.6167085782115217,0.616708578212,True,1,True,
group,M1,2,2,M1,1.0,0.6232281403822486,0.623228140382,True,2,False,
group,M1,2,2,M1,10.0,0.6358258086202094,0.63582580862,True,3,False,
group,M1,2,2,M1,100.0,0.6380941217311401,0.638094121731,True,4,False,
group,M1,2,2,M1,0.01,0.6602315424502238,0.66023154245,True,5,False,
group,M1_SELECTED,2,2,M1,0.1,0.6167085782115217,0.616708578212,True,1,False,
group,M1,2,3,M1,0.1,0.6431964041722482,0.643196404172,True,1,True,
group,M1,2,3,M1,0.01,0.6648445904540394,0.664844590454,True,2,False,
group,M1,2,3,M1,1.0,0.6944309696024514,0.694430969602,True,3,False,
group,M1,2,3,M1,10.0,0.7480510138289541,0.748051013829,True,4,False,
group,M1,2,3,M1,100.0,0.7604965342937248,0.760496534294,True,5,False,
group,M1_SELECTED,2,3,M1,0.1,0.6431964041722482,0.643196404172,True,1,False,
group,M1,2,4,M1,0.1,0.6299148908802608,0.62991489088,True,1,True,
group,M1,2,4,M1,1.0,0.634369907365421,0.634369907365,True,2,False,
group,M1,2,4,M1,10.0,0.6479488345299403,0.64794883453,True,3,False,
group,M1,2,4,M1,100.0,0.6509193474717091,0.650919347472,True,4,False,
group,M1,2,4,M1,0.01,0.6656618385891793,0.665661838589,True,5,False,
group,M1_SELECTED,2,4,M1,0.1,0.6299148908802608,0.62991489088,True,1,False,
group,M1,3,0,M1,0.1,0.6295650047910711,0.629565004791,True,1,True,
group,M1,3,0,M1,1.0,0.6437327963592416,0.643732796359,True,2,False,
group,M1,3,0,M1,0.01,0.6623925966209567,0.662392596621,True,3,False,
group,M1,3,0,M1,10.0,0.6688535621829402,0.668853562183,True,4,False,
group,M1,3,0,M1,100.0,0.6742104105198826,0.67421041052,True,5,False,
group,M1_SELECTED,3,0,M1,0.1,0.6295650047910711,0.629565004791,True,1,False,
group,M1,3,1,M1,0.1,0.6050892412648267,0.605089241265,True,1,True,
group,M1,3,1,M1,1.0,0.6378922871301349,0.63789228713,True,2,False,
group,M1,3,1,M1,0.01,0.6571331598059745,0.657133159806,True,3,False,
group,M1,3,1,M1,10.0,0.6784722416006853,0.678472241601,True,4,False,
group,M1,3,1,M1,100.0,0.6867790334521829,0.686779033452,True,5,False,
group,M1_SELECTED,3,1,M1,0.1,0.6050892412648267,0.605089241265,True,1,False,
group,M1,3,2,M1,0.1,0.5903136371874486,0.590313637187,True,1,True,
group,M1,3,2,M1,1.0,0.602332545318937,0.602332545319,True,2,False,
group,M1,3,2,M1,10.0,0.6363180361978561,0.636318036198,True,3,False,
group,M1,3,2,M1,100.0,0.6442610249699421,0.64426102497,True,4,False,
group,M1,3,2,M1,0.01,0.6502346644748495,0.650234664475,True,5,False,
group,M1_SELECTED,3,2,M1,0.1,0.5903136371874486,0.590313637187,True,1,False,
group,M1,3,3,M1,1.0,0.61628245987375,0.616282459874,True,1,True,
group,M1,3,3,M1,0.1,0.6235260275744121,0.623526027574,True,2,False,
group,M1,3,3,M1,10.0,0.6293189152355091,0.629318915236,True,3,False,
group,M1,3,3,M1,100.0,0.6338320772630841,0.633832077263,True,4,False,
group,M1,3,3,M1,0.01,0.660872507671602,0.660872507672,True,5,False,
group,M1_SELECTED,3,3,M1,1.0,0.61628245987375,0.616282459874,True,1,False,
group,M1,3,4,M1,1.0,0.6037334366232132,0.603733436623,True,1,True,
group,M1,3,4,M1,0.1,0.6068047086294206,0.606804708629,True,2,False,
group,M1,3,4,M1,10.0,0.6088603440751545,0.608860344075,True,3,False,
group,M1,3,4,M1,100.0,0.6107884466260157,0.610788446626,True,4,False,
group,M1,3,4,M1,0.01,0.6476883166871512,0.647688316687,True,5,False,
group,M1_SELECTED,3,4,M1,1.0,0.6037334366232132,0.603733436623,True,1,False,
group,M1,4,0,M1,0.1,0.5979180231396075,0.59791802314,True,1,True,
group,M1,4,0,M1,1.0,0.6266557864846399,0.626655786485,True,2,False,
group,M1,4,0,M1,0.01,0.6494415233142624,0.649441523314,True,3,False,
group,M1,4,0,M1,10.0,0.6720730782683609,0.672073078268,True,4,False,
group,M1,4,0,M1,100.0,0.6830671680802378,0.68306716808,True,5,False,
group,M1_SELECTED,4,0,M1,0.1,0.5979180231396075,0.59791802314,True,1,False,
group,M1,4,1,M1,0.1,0.6023970678141717,0.602397067814,True,1,True,
group,M1,4,1,M1,1.0,0.6035943693443343,0.603594369344,True,2,False,
group,M1,4,1,M1,10.0,0.6312765224268148,0.631276522427,True,3,False,
group,M1,4,1,M1,100.0,0.6401847105534428,0.640184710553,True,4,False,
group,M1,4,1,M1,0.01,0.6530787575842918,0.653078757584,True,5,False,
group,M1_SELECTED,4,1,M1,0.1,0.6023970678141717,0.602397067814,True,1,False,
group,M1,4,2,M1,0.1,0.6569054774561174,0.656905477456,True,1,True,
group,M1,4,2,M1,0.01,0.6681282486698983,0.66812824867,True,2,False,
group,M1,4,2,M1,1.0,0.7023562386194956,0.702356238619,True,3,False,
group,M1,4,2,M1,10.0,0.7540723717050006,0.754072371705,True,4,False,
group,M1,4,2,M1,100.0,0.7660718475563276,0.766071847556,True,5,False,
group,M1_SELECTED,4,2,M1,0.1,0.6569054774561174,0.656905477456,True,1,False,
group,M1,4,3,M1,1.0,0.587204624328411,0.587204624328,True,1,True,
group,M1,4,3,M1,0.1,0.5917959539665812,0.591795953967,True,2,False,
group,M1,4,3,M1,10.0,0.6058306909202215,0.60583069092,True,3,False,
group,M1,4,3,M1,100.0,0.6114990249315404,0.611499024932,True,4,False,
group,M1,4,3,M1,0.01,0.6523501522709225,0.652350152271,True,5,False,
group,M1_SELECTED,4,3,M1,1.0,0.587204624328411,0.587204624328,True,1,False,
group,M1,4,4,M1,0.1,0.633777064186247,0.633777064186,True,1,True,
group,M1,4,4,M1,1.0,0.6468397577400633,0.64683975774,True,2,False,
group,M1,4,4,M1,0.01,0.665957019745711,0.665957019746,True,3,False,
group,M1,4,4,M1,10.0,0.6708682696619721,0.670868269662,True,4,False,
group,M1,4,4,M1,100.0,0.6766542960874053,0.676654296087,True,5,False,
group,M1_SELECTED,4,4,M1,0.1,0.633777064186247,0.633777064186,True,1,False,
group,M1,5,0,M1,1.0,0.6325722901686596,0.632572290169,True,1,True,
group,M1,5,0,M1,10.0,0.6374026112440688,0.637402611244,True,2,False,
group,M1,5,0,M1,0.1,0.637586011778129,0.637586011778,True,3,False,
group,M1,5,0,M1,100.0,0.6392266241487828,0.639226624149,True,4,False,
group,M1,5,0,M1,0.01,0.6638867674241888,0.663886767424,True,5,False,
group,M1_SELECTED,5,0,M1,1.0,0.6325722901686596,0.632572290169,True,1,False,
group,M1,5,1,M1,1.0,0.5238499616710915,0.523849961671,True,1,True,
group,M1,5,1,M1,0.1,0.5469307510503942,0.54693075105,True,2,False,
group,M1,5,1,M1,10.0,0.567800307549012,0.567800307549,True,3,False,
group,M1,5,1,M1,100.0,0.5879674135554732,0.587967413555,True,4,False,
group,M1,5,1,M1,0.01,0.6406997436695541,0.64069974367,True,5,False,
group,M1_SELECTED,5,1,M1,1.0,0.5238499616710915,0.523849961671,True,1,False,
group,M1,5,2,M1,0.1,0.6130268839826285,0.613026883983,True,1,True,
group,M1,5,2,M1,1.0,0.630688768330347,0.63068876833,True,2,False,
group,M1,5,2,M1,0.01,0.6562296704925294,0.656229670493,True,3,False,
group,M1,5,2,M1,10.0,0.6677177019783063,0.667717701978,True,4,False,
group,M1,5,2,M1,100.0,0.6777311637814339,0.677731163781,True,5,False,
group,M1_SELECTED,5,2,M1,0.1,0.6130268839826285,0.613026883983,True,1,False,
group,M1,5,3,M1,0.1,0.6412111158705216,0.641211115871,True,1,True,
group,M1,5,3,M1,1.0,0.6591705430058996,0.659170543006,True,2,False,
group,M1,5,3,M1,0.01,0.6677263557580548,0.667726355758,True,3,False,
group,M1,5,3,M1,10.0,0.6839871086903815,0.68398710869,True,4,False,
group,M1,5,3,M1,100.0,0.6892903276779349,0.689290327678,True,5,False,
group,M1_SELECTED,5,3,M1,0.1,0.6412111158705216,0.641211115871,True,1,False,
group,M1,5,4,M1,0.1,0.6223211564786733,0.622321156479,True,1,True,
group,M1,5,4,M1,0.01,0.6533439862951398,0.653343986295,True,2,False,
group,M1,5,4,M1,1.0,0.6747716253217221,0.674771625322,True,3,False,
group,M1,5,4,M1,10.0,0.715791121053692,0.715791121054,True,4,False,
group,M1,5,4,M1,100.0,0.7236596801654489,0.723659680165,True,5,False,
group,M1_SELECTED,5,4,M1,0.1,0.6223211564786733,0.622321156479,True,1,False,
group,M1,6,0,M1,0.1,0.6434330017268756,0.643433001727,True,1,True,
group,M1,6,0,M1,0.01,0.6602143993755447,0.660214399376,True,2,False,
group,M1,6,0,M1,1.0,0.6847787387132609,0.684778738713,True,3,False,
group,M1,6,0,M1,10.0,0.7411160883273368,0.741116088327,True,4,False,
group,M1,6,0,M1,100.0,0.7587771210844978,0.758777121084,True,5,False,
group,M1_SELECTED,6,0,M1,0.1,0.6434330017268756,0.643433001727,True,1,False,
group,M1,6,1,M1,0.1,0.6163719215708111,0.616371921571,True,1,True,
group,M1,6,1,M1,1.0,0.6205944392253772,0.620594439225,True,2,False,
group,M1,6,1,M1,10.0,0.6331695700010228,0.633169570001,True,3,False,
group,M1,6,1,M1,100.0,0.6357914640318575,0.635791464032,True,4,False,
group,M1,6,1,M1,0.01,0.6598177144470002,0.659817714447,True,5,False,
group,M1_SELECTED,6,1,M1,0.1,0.6163719215708111,0.616371921571,True,1,False,
group,M1,6,2,M1,0.1,0.6385762071615736,0.638576207162,True,1,True,
group,M1,6,2,M1,0.01,0.6623071890742384,0.662307189074,True,2,False,
group,M1,6,2,M1,1.0,0.6831441853427038,0.683144185343,True,3,False,
group,M1,6,2,M1,10.0,0.7190969196347446,0.719096919635,True,4,False,
group,M1,6,2,M1,100.0,0.7258431464340398,0.725843146434,True,5,False,
group,M1_SELECTED,6,2,M1,0.1,0.6385762071615736,0.638576207162,True,1,False,
group,M1,6,3,M1,1.0,0.5556745053919597,0.555674505392,True,1,True,
group,M1,6,3,M1,0.1,0.5675184510941094,0.567518451094,True,2,False,
group,M1,6,3,M1,10.0,0.5758559191125668,0.575855919113,True,3,False,
group,M1,6,3,M1,100.0,0.5814691390412128,0.581469139041,True,4,False,
group,M1,6,3,M1,0.01,0.6433995949368134,0.643399594937,True,5,False,
group,M1_SELECTED,6,3,M1,1.0,0.5556745053919597,0.555674505392,True,1,False,
group,M1,6,4,M1,1.0,0.5919915335104093,0.59199153351,True,1,True,
group,M1,6,4,M1,10.0,0.6061612530911309,0.606161253091,True,2,False,
group,M1,6,4,M1,0.1,0.6090758674996539,0.6090758675,True,3,False,
group,M1,6,4,M1,100.0,0.6123461663680269,0.612346166368,True,4,False,
group,M1,6,4,M1,0.01,0.6583883250837859,0.658388325084,True,5,False,
group,M1_SELECTED,6,4,M1,1.0,0.5919915335104093,0.59199153351,True,1,False,
group,M1,7,0,M1,0.1,0.6255013067167517,0.625501306717,True,1,True,
group,M1,7,0,M1,1.0,0.635047662696678,0.635047662697,True,2,False,
group,M1,7,0,M1,10.0,0.6581384095351979,0.658138409535,True,3,False,
group,M1,7,0,M1,0.01,0.6611263282815755,0.661126328282,True,4,False,
group,M1,7,0,M1,100.0,0.6650546293667824,0.665054629367,True,5,False,
group,M1_SELECTED,7,0,M1,0.1,0.6255013067167517,0.625501306717,True,1,False,
group,M1,7,1,M1,1.0,0.5833222739319586,0.583322273932,True,1,True,
group,M1,7,1,M1,0.1,0.5850653511898996,0.58506535119,True,2,False,
group,M1,7,1,M1,10.0,0.6212239219855559,0.621223921986,True,3,False,
group,M1,7,1,M1,100.0,0.6344560799506297,0.634456079951,True,4,False,
group,M1,7,1,M1,0.01,0.6491805156097735,0.64918051561,True,5,False,
group,M1_SELECTED,7,1,M1,1.0,0.5833222739319586,0.583322273932,True,1,False,
group,M1,7,2,M1,0.1,0.6098137341694466,0.609813734169,True,1,True,
group,M1,7,2,M1,1.0,0.6184055468629798,0.618405546863,True,2,False,
group,M1,7,2,M1,0.01,0.6583075277439281,0.658307527744,True,3,False,
group,M1,7,2,M1,10.0,0.6685531587916346,0.668553158792,True,4,False,
group,M1,7,2,M1,100.0,0.6850150429840601,0.685015042984,True,5,False,
group,M1_SELECTED,7,2,M1,0.1,0.6098137341694466,0.609813734169,True,1,False,
group,M1,7,3,M1,0.1,0.613299819883198,0.613299819883,True,1,True,
group,M1,7,3,M1,1.0,0.6150548111174696,0.615054811117,True,2,False,
group,M1,7,3,M1,10.0,0.6320489018081117,0.632048901808,True,3,False,
group,M1,7,3,M1,100.0,0.6359116911494859,0.635911691149,True,4,False,
group,M1,7,3,M1,0.01,0.6590861966775764,0.659086196678,True,5,False,
group,M1_SELECTED,7,3,M1,0.1,0.613299819883198,0.613299819883,True,1,False,
group,M1,7,4,M1,0.1,0.6248527594212177,0.624852759421,True,1,True,
group,M1,7,4,M1,1.0,0.6435560152131389,0.643556015213,True,2,False,
group,M1,7,4,M1,0.01,0.6585538766782366,0.658553876678,True,3,False,
group,M1,7,4,M1,10.0,0.6737330978273088,0.673733097827,True,4,False,
group,M1,7,4,M1,100.0,0.6811959866847921,0.681195986685,True,5,False,
group,M1_SELECTED,7,4,M1,0.1,0.6248527594212177,0.624852759421,True,1,False,
group,M1,8,0,M1,1.0,0.5934278428429697,0.593427842843,True,1,True,
group,M1,8,0,M1,0.1,0.5957118025122741,0.595711802512,True,2,False,
group,M1,8,0,M1,10.0,0.6081338059655432,0.608133805966,True,3,False,
group,M1,8,0,M1,100.0,0.6117061891401593,0.61170618914,True,4,False,
group,M1,8,0,M1,0.01,0.6507374253515357,0.650737425352,True,5,False,
group,M1_SELECTED,8,0,M1,1.0,0.5934278428429697,0.593427842843,True,1,False,
group,M1,8,1,M1,0.1,0.6374033723870096,0.637403372387,True,1,True,
group,M1,8,1,M1,1.0,0.649250794966522,0.649250794967,True,2,False,
group,M1,8,1,M1,10.0,0.6638199670416792,0.663819967042,True,3,False,
group,M1,8,1,M1,0.01,0.6648187924308481,0.664818792431,True,4,False,
group,M1,8,1,M1,100.0,0.6668394559344155,0.666839455934,True,5,False,
group,M1_SELECTED,8,1,M1,0.1,0.6374033723870096,0.637403372387,True,1,False,
group,M1,8,2,M1,0.1,0.5799862224167969,0.579986222417,True,1,True,
group,M1,8,2,M1,1.0,0.5876466259959718,0.587646625996,True,2,False,
group,M1,8,2,M1,10.0,0.6284833238374659,0.628483323837,True,3,False,
group,M1,8,2,M1,100.0,0.6401242595037494,0.640124259504,True,4,False,
group,M1,8,2,M1,0.01,0.6470091633632697,0.647009163363,True,5,False,
group,M1_SELECTED,8,2,M1,0.1,0.5799862224167969,0.579986222417,True,1,False,
group,M1,8,3,M1,0.1,0.6456499899343883,0.645649989934,True,1,True,
group,M1,8,3,M1,0.01,0.6654465457144403,0.665446545714,True,2,False,
group,M1,8,3,M1,1.0,0.6734217669037179,0.673421766904,True,3,False,
group,M1,8,3,M1,10.0,0.7082709063492789,0.708270906349,True,4,False,
group,M1,8,3,M1,100.0,0.7174644599367186,0.717464459937,True,5,False,
group,M1_SELECTED,8,3,M1,0.1,0.6456499899343883,0.645649989934,True,1,False,
group,M1,8,4,M1,0.1,0.6248668632227887,0.624866863223,True,1,True,
group,M1,8,4,M1,1.0,0.6467928073104822,0.64679280731,True,2,False,
group,M1,8,4,M1,0.01,0.6614660359224601,0.661466035922,True,3,False,
group,M1,8,4,M1,10.0,0.6842104774974722,0.684210477497,True,4,False,
group,M1,8,4,M1,100.0,0.6950145057022635,0.695014505702,True,5,False,
group,M1_SELECTED,8,4,M1,0.1,0.6248668632227887,0.624866863223,True,1,False,
group,M1,9,0,M1,0.1,0.6506931178266917,0.650693117827,True,1,True,
group,M1,9,0,M1,0.01,0.6692178200192016,0.669217820019,True,2,False,
group,M1,9,0,M1,1.0,0.6757236265819242,0.675723626582,True,3,False,
group,M1,9,0,M1,10.0,0.7037927165890716,0.703792716589,True,4,False,
group,M1,9,0,M1,100.0,0.7099355887584471,0.709935588758,True,5,False,
group,M1_SELECTED,9,0,M1,0.1,0.6506931178266917,0.650693117827,True,1,False,
group,M1,9,1,M1,1.0,0.5359498177862578,0.535949817786,True,1,True,
group,M1,9,1,M1,0.1,0.5594955838453292,0.559495583845,True,2,False,
group,M1,9,1,M1,10.0,0.5628059639704882,0.56280596397,True,3,False,
group,M1,9,1,M1,100.0,0.5731304596294133,0.573130459629,True,4,False,
group,M1,9,1,M1,0.01,0.6427717303534399,0.642771730353,True,5,False,
group,M1_SELECTED,9,1,M1,1.0,0.5359498177862578,0.535949817786,True,1,False,
group,M1,9,2,M1,0.1,0.6267719738984708,0.626771973898,True,1,True,
group,M1,9,2,M1,1.0,0.6567365569352763,0.656736556935,True,2,False,
group,M1,9,2,M1,0.01,0.6607449264930623,0.660744926493,True,3,False,
group,M1,9,2,M1,10.0,0.7080073834727253,0.708007383473,True,4,False,
group,M1,9,2,M1,100.0,0.7223775358118416,0.722377535812,True,5,False,
group,M1_SELECTED,9,2,M1,0.1,0.6267719738984708,0.626771973898,True,1,False,
group,M1,9,3,M1,0.1,0.6150650131501015,0.61506501315,True,1,True,
group,M1,9,3,M1,1.0,0.6356360100961761,0.635636010096,True,2,False,
group,M1,9,3,M1,0.01,0.6565189039885948,0.656518903989,True,3,False,
group,M1,9,3,M1,10.0,0.6799092848028659,0.679909284803,True,4,False,
group,M1,9,3,M1,100.0,0.6939839647380103,0.693983964738,True,5,False,
group,M1_SELECTED,9,3,M1,0.1,0.6150650131501015,0.61506501315,True,1,False,
group,M1,9,4,M1,0.1,0.6287143861662378,0.628714386166,True,1,True,
group,M1,9,4,M1,0.01,0.6576812224317176,0.657681222432,True,2,False,
group,M1,9,4,M1,1.0,0.6785943764746697,0.678594376475,True,3,False,
group,M1,9,4,M1,10.0,0.7129275040814607,0.712927504081,True,4,False,
group,M1,9,4,M1,100.0,0.7185320062962675,0.718532006296,True,5,False,
group,M1_SELECTED,9,4,M1,0.1,0.6287143861662378,0.628714386166,True,1,False,
group,M2,0,0,M2,1.0,0.539882192287769,0.539882192288,True,1,True,
group,M2,0,0,M2,0.1,0.5595310044845266,0.559531004485,True,2,False,
group,M2,0,0,M2,10.0,0.5901245183217831,0.590124518322,True,3,False,
group,M2,0,0,M2,100.0,0.6146098207019659,0.614609820702,True,4,False,
group,M2,0,0,M2,0.01,0.6387690617961856,0.638769061796,True,5,False,
group,M2_SELECTED,0,0,M2,1.0,0.539882192287769,0.539882192288,True,1,False,
group,M2,0,1,M2,1.0,0.6491787947551146,0.649178794755,True,1,True,
group,M2,0,1,M2,0.1,0.649800521529947,0.64980052153,True,2,False,
group,M2,0,1,M2,0.01,0.6692234871594438,0.669223487159,True,3,False,
group,M2,0,1,M2,10.0,0.6749899977499153,0.67498999775,True,4,False,
group,M2,0,1,M2,100.0,0.6842342618543724,0.684234261854,True,5,False,
group,M2_SELECTED,0,1,M2,1.0,0.6491787947551146,0.649178794755,True,1,False,
group,M2,0,2,M2,0.1,0.6667664480948043,0.666766448095,True,1,True,
group,M2,0,2,M2,0.01,0.6770289834091734,0.677028983409,True,2,False,
group,M2,0,2,M2,1.0,0.7080315299050499,0.708031529905,True,3,False,
group,M2,0,2,M2,10.0,0.7571484887659297,0.757148488766,True,4,False,
group,M2,0,2,M2,100.0,0.7673133725514975,0.767313372551,True,5,False,
group,M2_SELECTED,0,2,M2,0.1,0.6667664480948043,0.666766448095,True,1,False,
group,M2,0,3,M2,0.1,0.632764986823751,0.632764986824,True,1,True,
group,M2,0,3,M2,1.0,0.6335215751375955,0.633521575138,True,2,False,
group,M2,0,3,M2,10.0,0.6527900406370519,0.652790040637,True,3,False,
group,M2,0,3,M2,100.0,0.6576256358902792,0.65762563589,True,4,False,
group,M2,0,3,M2,0.01,0.6668632226255595,0.666863222626,True,5,False,
group,M2_SELECTED,0,3,M2,0.1,0.632764986823751,0.632764986824,True,1,False,
group,M2,0,4,M2,1.0,0.6100216500457678,0.610021650046,True,1,True,
group,M2,0,4,M2,0.1,0.6132561504009051,0.613256150401,True,2,False,
group,M2,0,4,M2,10.0,0.6275315219604671,0.62753152196,True,3,False,
group,M2,0,4,M2,100.0,0.6323526037806106,0.632352603781,True,4,False,
group,M2,0,4,M2,0.01,0.6592251419814997,0.659225141981,True,5,False,
group,M2_SELECTED,0,4,M2,1.0,0.6100216500457678,0.610021650046,True,1,False,
group,M2,1,0,M2,0.1,0.6087104933852402,0.608710493385,True,1,True,
group,M2,1,0,M2,1.0,0.6105902588071048,0.610590258807,True,2,False,
group,M2,1,0,M2,10.0,0.6438819614312754,0.643881961431,True,3,False,
group,M2,1,0,M2,100.0,0.6533570729066591,0.653357072907,True,4,False,
group,M2,1,0,M2,0.01,0.6573339487009031,0.657333948701,True,5,False,
group,M2_SELECTED,1,0,M2,0.1,0.6087104933852402,0.608710493385,True,1,False,
group,M2,1,1,M2,0.1,0.6247512684973667,0.624751268497,True,1,True,
group,M2,1,1,M2,1.0,0.6369498148677001,0.636949814868,True,2,False,
group,M2,1,1,M2,0.01,0.6620280700208896,0.662028070021,True,3,False,
group,M2,1,1,M2,10.0,0.6716177327222979,0.671617732722,True,4,False,
group,M2,1,1,M2,100.0,0.6809446026634792,0.680944602663,True,5,False,
group,M2_SELECTED,1,1,M2,0.1,0.6247512684973667,0.624751268497,True,1,False,
group,M2,1,2,M2,0.1,0.606450640865954,0.606450640866,True,1,True,
group,M2,1,2,M2,1.0,0.6259609919539723,0.625960991954,True,2,False,
group,M2,1,2,M2,0.01,0.6547409441806973,0.654740944181,True,3,False,
group,M2,1,2,M2,10.0,0.6757538691025237,0.675753869103,True,4,False,
group,M2,1,2,M2,100.0,0.6877257079863583,0.687725707986,True,5,False,
group,M2_SELECTED,1,2,M2,0.1,0.606450640865954,0.606450640866,True,1,False,
group,M2,1,3,M2,0.1,0.6289761491444528,0.628976149144,True,1,True,
group,M2,1,3,M2,1.0,0.647974991692801,0.647974991693,True,2,False,
group,M2,1,3,M2,0.01,0.6618384328325163,0.661838432833,True,3,False,
group,M2,1,3,M2,10.0,0.6876277446674633,0.687627744667,True,4,False,
group,M2,1,3,M2,100.0,0.6979122048266688,0.697912204827,True,5,False,
group,M2_SELECTED,1,3,M2,0.1,0.6289761491444528,0.628976149144,True,1,False,
group,M2,1,4,M2,0.1,0.608641743649031,0.608641743649,True,1,True,
group,M2,1,4,M2,1.0,0.6293181496079867,0.629318149608,True,2,False,
group,M2,1,4,M2,0.01,0.6564298284328932,0.656429828433,True,3,False,
group,M2,1,4,M2,10.0,0.6935075044754255,0.693507504475,True,4,False,
group,M2,1,4,M2,100.0,0.7128590718692119,0.712859071869,True,5,False,
group,M2_SELECTED,1,4,M2,0.1,0.608641743649031,0.608641743649,True,1,False,
group,M2,2,0,M2,1.0,0.5615196596643156,0.561519659664,True,1,True,
group,M2,2,0,M2,10.0,0.5711712150531015,0.571171215053,True,2,False,
group,M2,2,0,M2,100.0,0.5789733780143456,0.578973378014,True,3,False,
group,M2,2,0,M2,0.1,0.5960832100902569,0.59608321009,True,4,False,
group,M2,2,0,M2,0.01,0.6532594304080371,0.653259430408,True,5,False,
group,M2_SELECTED,2,0,M2,1.0,0.5615196596643156,0.561519659664,True,1,False,
group,M2,2,1,M2,0.1,0.6065173668846799,0.606517366885,True,1,True,
group,M2,2,1,M2,1.0,0.6229635493200012,0.62296354932,True,2,False,
group,M2,2,1,M2,0.01,0.6578464226720083,0.657846422672,True,3,False,
group,M2,2,1,M2,10.0,0.7059606331976735,0.705960633198,True,4,False,
group,M2,2,1,M2,100.0,0.7380239069393356,0.738023906939,True,5,False,
group,M2_SELECTED,2,1,M2,0.1,0.6065173668846799,0.606517366885,True,1,False,
group,M2,2,2,M2,0.1,0.6196519023399643,0.61965190234,True,1,True,
group,M2,2,2,M2,1.0,0.6276395627265405,0.627639562727,True,2,False,
group,M2,2,2,M2,10.0,0.6602851123700899,0.66028511237,True,3,False,
group,M2,2,2,M2,0.01,0.6637993773265787,0.663799377327,True,4,False,
group,M2,2,2,M2,100.0,0.6683559756162671,0.668355975616,True,5,False,
group,M2_SELECTED,2,2,M2,0.1,0.6196519023399643,0.61965190234,True,1,False,
group,M2,2,3,M2,0.1,0.6559570524224365,0.655957052422,True,1,True,
group,M2,2,3,M2,0.01,0.6680344440258759,0.668034444026,True,2,False,
group,M2,2,3,M2,1.0,0.6996700278734803,0.699670027873,True,3,False,
group,M2,2,3,M2,10.0,0.7457507506069821,0.745750750607,True,4,False,
group,M2,2,3,M2,100.0,0.7591003909630801,0.759100390963,True,5,False,
group,M2_SELECTED,2,3,M2,0.1,0.6559570524224365,0.655957052422,True,1,False,
group,M2,2,4,M2,0.1,0.6371088105256826,0.637108810526,True,1,True,
group,M2,2,4,M2,1.0,0.647434651630154,0.64743465163,True,2,False,
group,M2,2,4,M2,0.01,0.6695073414772432,0.669507341477,True,3,False,
group,M2,2,4,M2,10.0,0.6783683644061284,0.678368364406,True,4,False,
group,M2,2,4,M2,100.0,0.6863730044931511,0.686373004493,True,5,False,
group,M2_SELECTED,2,4,M2,0.1,0.6371088105256826,0.637108810526,True,1,False,
group,M2,3,0,M2,0.1,0.6374687975275027,0.637468797528,True,1,True,
group,M2,3,0,M2,1.0,0.6578557065095822,0.65785570651,True,2,False,
group,M2,3,0,M2,0.01,0.6654279684114496,0.665427968411,True,3,False,
group,M2,3,0,M2,10.0,0.70001357552983,0.70001357553,True,4,False,
group,M2,3,0,M2,100.0,0.710431274510184,0.71043127451,True,5,False,
group,M2_SELECTED,3,0,M2,0.1,0.6374687975275027,0.637468797528,True,1,False,
group,M2,3,1,M2,0.1,0.606581122577709,0.606581122578,True,1,True,
group,M2,3,1,M2,1.0,0.6353512553659546,0.635351255366,True,2,False,
group,M2,3,1,M2,0.01,0.6575980576814072,0.657598057681,True,3,False,
group,M2,3,1,M2,10.0,0.6792964814503227,0.67929648145,True,4,False,
group,M2,3,1,M2,100.0,0.6895614373300917,0.68956143733,True,5,False,
group,M2_SELECTED,3,1,M2,0.1,0.606581122577709,0.606581122578,True,1,False,
group,M2,3,2,M2,0.1,0.5877205939551353,0.587720593955,True,1,True,
group,M2,3,2,M2,1.0,0.6024485687162339,0.602448568716,True,2,False,
group,M2,3,2,M2,0.01,0.6514376487434027,0.651437648743,True,3,False,
group,M2,3,2,M2,10.0,0.6566695897864778,0.656669589786,True,4,False,
group,M2,3,2,M2,100.0,0.6701324699785329,0.670132469979,True,5,False,
group,M2_SELECTED,3,2,M2,0.1,0.5877205939551353,0.587720593955,True,1,False,
group,M2,3,3,M2,0.1,0.6415119983877612,0.641511998388,True,1,True,
group,M2,3,3,M2,1.0,0.6533631868631002,0.653363186863,True,2,False,
group,M2,3,3,M2,0.01,0.666812091883197,0.666812091883,True,3,False,
group,M2,3,3,M2,10.0,0.6992849347696937,0.69928493477,True,4,False,
group,M2,3,3,M2,100.0,0.7147552337532602,0.714755233753,True,5,False,
group,M2_SELECTED,3,3,M2,0.1,0.6415119983877612,0.641511998388,True,1,False,
group,M2,3,4,M2,1.0,0.5965189179450703,0.596518917945,True,1,True,
group,M2,3,4,M2,0.1,0.6019209030476834,0.601920903048,True,2,False,
group,M2,3,4,M2,10.0,0.6128386788161982,0.612838678816,True,3,False,
group,M2,3,4,M2,100.0,0.6183761274037759,0.618376127404,True,4,False,
group,M2,3,4,M2,0.01,0.6467809251932198,0.646780925193,True,5,False,
group,M2_SELECTED,3,4,M2,1.0,0.5965189179450703,0.596518917945,True,1,False,
group,M2,4,0,M2,0.1,0.608678506236959,0.608678506237,True,1,True,
group,M2,4,0,M2,0.01,0.6527065740502228,0.65270657405,True,2,False,
group,M2,4,0,M2,1.0,0.6595246668996624,0.6595246669,True,3,False,
group,M2,4,0,M2,10.0,0.7532413877511178,0.753241387751,True,4,False,
group,M2,4,0,M2,100.0,0.7788960971165597,0.778896097117,True,5,False,
group,M2_SELECTED,4,0,M2,0.1,0.608678506236959,0.608678506237,True,1,False,
group,M2,4,1,M2,1.0,0.600207376825879,0.600207376826,True,1,True,
group,M2,4,1,M2,0.1,0.6017742573627957,0.601774257363,True,2,False,
group,M2,4,1,M2,10.0,0.635186113485399,0.635186113485,True,3,False,
group,M2,4,1,M2,100.0,0.6480993731238605,0.648099373124,True,4,False,
group,M2,4,1,M2,0.01,0.6549239362013088,0.654923936201,True,5,False,
group,M2_SELECTED,4,1,M2,1.0,0.600207376825879,0.600207376826,True,1,False,
group,M2,4,2,M2,0.1,0.6646079689102702,0.66460796891,True,1,True,
group,M2,4,2,M2,0.01,0.6730707405930796,0.673070740593,True,2,False,
group,M2,4,2,M2,1.0,0.7233712008928317,0.723371200893,True,3,False,
group,M2,4,2,M2,10.0,0.8109657222886295,0.810965722289,True,4,False,
group,M2,4,2,M2,100.0,0.8333640327241163,0.833364032724,True,5,False,
group,M2_SELECTED,4,2,M2,0.1,0.6646079689102702,0.66460796891,True,1,False,
group,M2,4,3,M2,1.0,0.5728918089089442,0.572891808909,True,1,True,
group,M2,4,3,M2,0.1,0.5843466894512882,0.584346689451,True,2,False,
group,M2,4,3,M2,10.0,0.5952327076180424,0.595232707618,True,3,False,
group,M2,4,3,M2,100.0,0.6036537396477987,0.603653739648,True,4,False,
group,M2,4,3,M2,0.01,0.650279984737241,0.650279984737,True,5,False,
group,M2_SELECTED,4,3,M2,1.0,0.5728918089089442,0.572891808909,True,1,False,
group,M2,4,4,M2,0.1,0.6322506099891374,0.632250609989,True,1,True,
group,M2,4,4,M2,1.0,0.6430176097512665,0.643017609751,True,2,False,
group,M2,4,4,M2,0.01,0.6673934647030673,0.667393464703,True,3,False,
group,M2,4,4,M2,10.0,0.6805343517248925,0.680534351725,True,4,False,
group,M2,4,4,M2,100.0,0.6908406239408438,0.690840623941,True,5,False,
group,M2_SELECTED,4,4,M2,0.1,0.6322506099891374,0.632250609989,True,1,False,
group,M2,5,0,M2,0.1,0.6601115164270399,0.660111516427,True,1,True,
group,M2,5,0,M2,0.01,0.6691437455046062,0.669143745505,True,2,False,
group,M2,5,0,M2,1.0,0.6706913653481277,0.670691365348,True,3,False,
group,M2,5,0,M2,10.0,0.6814237306103005,0.68142373061,True,4,False,
group,M2,5,0,M2,100.0,0.6846224009234173,0.684622400923,True,5,False,
group,M2_SELECTED,5,0,M2,0.1,0.6601115164270399,0.660111516427,True,1,False,
group,M2,5,1,M2,1.0,0.5373785809307497,0.537378580931,True,1,True,
group,M2,5,1,M2,0.1,0.5515592081379457,0.551559208138,True,2,False,
group,M2,5,1,M2,10.0,0.5933762211384932,0.593376221138,True,3,False,
group,M2,5,1,M2,100.0,0.6175572574205253,0.617557257421,True,4,False,
group,M2,5,1,M2,0.01,0.6430287699992955,0.643028769999,True,5,False,
group,M2_SELECTED,5,1,M2,1.0,0.5373785809307497,0.537378580931,True,1,False,
group,M2,5,2,M2,0.1,0.6217286441548888,0.621728644155,True,1,True,
group,M2,5,2,M2,1.0,0.6512078877035218,0.651207887704,True,2,False,
group,M2,5,2,M2,0.01,0.658261823932959,0.658261823933,True,3,False,
group,M2,5,2,M2,10.0,0.7041742922191592,0.704174292219,True,4,False,
group,M2,5,2,M2,100.0,0.7193624808294407,0.719362480829,True,5,False,
group,M2_SELECTED,5,2,M2,0.1,0.6217286441548888,0.621728644155,True,1,False,
group,M2,5,3,M2,0.1,0.6459959053535295,0.645995905354,True,1,True,
group,M2,5,3,M2,1.0,0.6628412173235989,0.662841217324,True,2,False,
group,M2,5,3,M2,0.01,0.6707096700179016,0.670709670018,True,3,False,
group,M2,5,3,M2,10.0,0.6938648566367649,0.693864856637,True,4,False,
group,M2,5,3,M2,100.0,0.7011464884098993,0.70114648841,True,5,False,
group,M2_SELECTED,5,3,M2,0.1,0.6459959053535295,0.645995905354,True,1,False,
group,M2,5,4,M2,0.1,0.6136928994586394,0.613692899459,True,1,True,
group,M2,5,4,M2,1.0,0.6382609555246244,0.638260955525,True,2,False,
group,M2,5,4,M2,0.01,0.6538838540976298,0.653883854098,True,3,False,
group,M2,5,4,M2,10.0,0.6816511941617793,0.681651194162,True,4,False,
group,M2,5,4,M2,100.0,0.6923477172994249,0.692347717299,True,5,False,
group,M2_SELECTED,5,4,M2,0.1,0.6136928994586394,0.613692899459,True,1,False,
group,M2,6,0,M2,0.1,0.6485521486287884,0.648552148629,True,1,True,
group,M2,6,0,M2,0.01,0.6624217967635492,0.662421796764,True,2,False,
group,M2,6,0,M2,1.0,0.6960072315195204,0.69600723152,True,3,False,
group,M2,6,0,M2,10.0,0.7619598761346378,0.761959876135,True,4,False,
group,M2,6,0,M2,100.0,0.7818363624059383,0.781836362406,True,5,False,
group,M2_SELECTED,6,0,M2,0.1,0.6485521486287884,0.648552148629,True,1,False,
group,M2,6,1,M2,0.1,0.6180390848854824,0.618039084885,True,1,True,
group,M2,6,1,M2,1.0,0.6289696152381492,0.628969615238,True,2,False,
group,M2,6,1,M2,0.01,0.6605711331285152,0.660571133129,True,3,False,
group,M2,6,1,M2,10.0,0.6627794354933424,0.662779435493,True,4,False,
group,M2,6,1,M2,100.0,0.6706031673201478,0.67060316732,True,5,False,
group,M2_SELECTED,6,1,M2,0.1,0.6180390848854824,0.618039084885,True,1,False,
group,M2,6,2,M2,0.1,0.6418060273136305,0.641806027314,True,1,True,
group,M2,6,2,M2,1.0,0.6524470997621571,0.652447099762,True,2,False,
group,M2,6,2,M2,0.01,0.6668259898869006,0.666825989887,True,3,False,
group,M2,6,2,M2,10.0,0.6812942490989293,0.681294249099,True,4,False,
group,M2,6,2,M2,100.0,0.6884833392985336,0.688483339299,True,5,False,
group,M2_SELECTED,6,2,M2,0.1,0.6418060273136305,0.641806027314,True,1,False,
group,M2,6,3,M2,1.0,0.5536362823276793,0.553636282328,True,1,True,
group,M2,6,3,M2,0.1,0.5659706413590083,0.565970641359,True,2,False,
group,M2,6,3,M2,10.0,0.583199357702061,0.583199357702,True,3,False,
group,M2,6,3,M2,100.0,0.5919192808426038,0.591919280843,True,4,False,
group,M2,6,3,M2,0.01,0.6434205595247191,0.643420559525,True,5,False,
group,M2_SELECTED,6,3,M2,1.0,0.5536362823276793,0.553636282328,True,1,False,
group,M2,6,4,M2,1.0,0.5923733142738865,0.592373314274,True,1,True,
group,M2,6,4,M2,10.0,0.6067362828036674,0.606736282804,True,2,False,
group,M2,6,4,M2,100.0,0.6145932151840541,0.614593215184,True,3,False,
group,M2,6,4,M2,0.1,0.6169647177793091,0.616964717779,True,4,False,
group,M2,6,4,M2,0.01,0.6629900177646368,0.662990017765,True,5,False,
group,M2_SELECTED,6,4,M2,1.0,0.5923733142738865,0.592373314274,True,1,False,
group,M2,7,0,M2,1.0,0.5912984299850317,0.591298429985,True,1,True,
group,M2,7,0,M2,0.1,0.6108261746423095,0.610826174642,True,2,False,
group,M2,7,0,M2,10.0,0.6152844456072271,0.615284445607,True,3,False,
group,M2,7,0,M2,100.0,0.6272327940374683,0.627232794037,True,4,False,
group,M2,7,0,M2,0.01,0.6595458936048217,0.659545893605,True,5,False,
group,M2_SELECTED,7,0,M2,1.0,0.5912984299850317,0.591298429985,True,1,False,
group,M2,7,1,M2,0.1,0.5968744131991985,0.596874413199,True,1,True,
group,M2,7,1,M2,1.0,0.6022356807473469,0.602235680747,True,2,False,
group,M2,7,1,M2,10.0,0.6507027147552994,0.650702714755,True,3,False,
group,M2,7,1,M2,0.01,0.6545627028217845,0.654562702822,True,4,False,
group,M2,7,1,M2,100.0,0.6667958256617076,0.666795825662,True,5,False,
group,M2_SELECTED,7,1,M2,0.1,0.5968744131991985,0.596874413199,True,1,False,
group,M2,7,2,M2,0.1,0.6201484682901875,0.62014846829,True,1,True,
group,M2,7,2,M2,1.0,0.6290542788956742,0.629054278896,True,2,False,
group,M2,7,2,M2,0.01,0.6615028758434768,0.661502875843,True,3,False,
group,M2,7,2,M2,10.0,0.6833402866781569,0.683340286678,True,4,False,
group,M2,7,2,M2,100.0,0.7014914819479687,0.701491481948,True,5,False,
group,M2_SELECTED,7,2,M2,0.1,0.6201484682901875,0.62014846829,True,1,False,
group,M2,7,3,M2,1.0,0.5929986120063069,0.592998612006,True,1,True,
group,M2,7,3,M2,0.1,0.6049358711407755,0.604935871141,True,2,False,
group,M2,7,3,M2,10.0,0.6085547488674996,0.608554748867,True,3,False,
group,M2,7,3,M2,100.0,0.6131796113776529,0.613179611378,True,4,False,
group,M2,7,3,M2,0.01,0.6589528581764955,0.658952858176,True,5,False,
group,M2_SELECTED,7,3,M2,1.0,0.5929986120063069,0.592998612006,True,1,False,
group,M2,7,4,M2,0.1,0.6299449134046359,0.629944913405,True,1,True,
group,M2,7,4,M2,1.0,0.6479299642719948,0.647929964272,True,2,False,
group,M2,7,4,M2,0.01,0.6618213262569247,0.661821326257,True,3,False,
group,M2,7,4,M2,10.0,0.6886500189734468,0.688650018973,True,4,False,
group,M2,7,4,M2,100.0,0.6996974309647946,0.699697430965,True,5,False,
group,M2_SELECTED,7,4,M2,0.1,0.6299449134046359,0.629944913405,True,1,False,
group,M2,8,0,M2,1.0,0.5828605167687297,0.582860516769,True,1,True,
group,M2,8,0,M2,0.1,0.5934253698478356,0.593425369848,True,2,False,
group,M2,8,0,M2,10.0,0.602088029693518,0.602088029694,True,3,False,
group,M2,8,0,M2,100.0,0.6080179235309712,0.608017923531,True,4,False,
group,M2,8,0,M2,0.01,0.6515998215637776,0.651599821564,True,5,False,
group,M2_SELECTED,8,0,M2,1.0,0.5828605167687297,0.582860516769,True,1,False,
group,M2,8,1,M2,0.1,0.6595324185598219,0.65953241856,True,1,True,
group,M2,8,1,M2,0.01,0.6719962500054765,0.671996250005,True,2,False,
group,M2,8,1,M2,1.0,0.7018418222460127,0.701841822246,True,3,False,
group,M2,8,1,M2,10.0,0.7689063294150517,0.768906329415,True,4,False,
group,M2,8,1,M2,100.0,0.7866436996428002,0.786643699643,True,5,False,
group,M2_SELECTED,8,1,M2,0.1,0.6595324185598219,0.65953241856,True,1,False,
group,M2,8,2,M2,0.1,0.5917006460115175,0.591700646012,True,1,True,
group,M2,8,2,M2,1.0,0.6128124494390598,0.612812449439,True,2,False,
group,M2,8,2,M2,0.01,0.6499575075541852,0.649957507554,True,3,False,
group,M2,8,2,M2,10.0,0.6780933043005827,0.678093304301,True,4,False,
group,M2,8,2,M2,100.0,0.7019787774330118,0.701978777433,True,5,False,
group,M2_SELECTED,8,2,M2,0.1,0.5917006460115175,0.591700646012,True,1,False,
group,M2,8,3,M2,0.1,0.6448458023887412,0.644845802389,True,1,True,
group,M2,8,3,M2,0.01,0.6661094278039725,0.666109427804,True,2,False,
group,M2,8,3,M2,1.0,0.6669697850645626,0.666969785065,True,3,False,
group,M2,8,3,M2,10.0,0.7037336211902641,0.70373362119,True,4,False,
group,M2,8,3,M2,100.0,0.714104858670338,0.71410485867,True,5,False,
group,M2_SELECTED,8,3,M2,0.1,0.6448458023887412,0.644845802389,True,1,False,
group,M2,8,4,M2,0.1,0.6225958269785716,0.622595826979,True,1,True,
group,M2,8,4,M2,1.0,0.6454979890565099,0.645497989057,True,2,False,
group,M2,8,4,M2,0.01,0.6636668104117025,0.663666810412,True,3,False,
group,M2,8,4,M2,10.0,0.7133624739865019,0.713362473987,True,4,False,
group,M2,8,4,M2,100.0,0.7352313480666823,0.735231348067,True,5,False,
group,M2_SELECTED,8,4,M2,0.1,0.6225958269785716,0.622595826979,True,1,False,
group,M2,9,0,M2,0.1,0.6361554569202589,0.63615545692,True,1,True,
group,M2,9,0,M2,1.0,0.6540874838412943,0.654087483841,True,2,False,
group,M2,9,0,M2,0.01,0.6685274906178528,0.668527490618,True,3,False,
group,M2,9,0,M2,10.0,0.7275868025905414,0.727586802591,True,4,False,
group,M2,9,0,M2,100.0,0.7569067765092174,0.756906776509,True,5,False,
group,M2_SELECTED,9,0,M2,0.1,0.6361554569202589,0.63615545692,True,1,False,
group,M2,9,1,M2,1.0,0.5345424251400849,0.53454242514,True,1,True,
group,M2,9,1,M2,0.1,0.5644119768391878,0.564411976839,True,2,False,
group,M2,9,1,M2,10.0,0.5701690408548458,0.570169040855,True,3,False,
group,M2,9,1,M2,100.0,0.5869372638817313,0.586937263882,True,4,False,
group,M2,9,1,M2,0.01,0.6449232775409752,0.644923277541,True,5,False,
group,M2_SELECTED,9,1,M2,1.0,0.5345424251400849,0.53454242514,True,1,False,
group,M2,9,2,M2,0.1,0.6287282410059554,0.628728241006,True,1,True,
group,M2,9,2,M2,1.0,0.6502300035377332,0.650230003538,True,2,False,
group,M2,9,2,M2,0.01,0.662457348613361,0.662457348613,True,3,False,
group,M2,9,2,M2,10.0,0.7031019801958391,0.703101980196,True,4,False,
group,M2,9,2,M2,100.0,0.7194000155114392,0.719400015511,True,5,False,
group,M2_SELECTED,9,2,M2,0.1,0.6287282410059554,0.628728241006,True,1,False,
group,M2,9,3,M2,0.1,0.6083560305101863,0.60835603051,True,1,True,
group,M2,9,3,M2,1.0,0.6116006793814658,0.611600679381,True,2,False,
group,M2,9,3,M2,0.01,0.65595032039677,0.655950320397,True,3,False,
group,M2,9,3,M2,10.0,0.6745625284282255,0.674562528428,True,4,False,
group,M2,9,3,M2,100.0,0.7035310260536862,0.703531026054,True,5,False,
group,M2_SELECTED,9,3,M2,0.1,0.6083560305101863,0.60835603051,True,1,False,
group,M2,9,4,M2,0.1,0.6448695830899449,0.64486958309,True,1,True,
group,M2,9,4,M2,0.01,0.6625495988861246,0.662549598886,True,2,False,
group,M2,9,4,M2,1.0,0.6985394660783394,0.698539466078,True,3,False,
group,M2,9,4,M2,10.0,0.744417381170646,0.744417381171,True,4,False,
group,M2,9,4,M2,100.0,0.7539138200724418,0.753913820072,True,5,False,
group,M2_SELECTED,9,4,M2,0.1,0.6448695830899449,0.64486958309,True,1,False,
group,adaptive_M3,0,0,E0,0.1,0.6118582045029658,0.611858204503,True,1,True,
group,adaptive_M3,0,0,E0,0.01,0.6355735956945977,0.635573595695,True,2,False,
group,adaptive_M3,0,0,E2,0.01,0.6357178501227564,0.635717850123,True,3,False,
group,adaptive_M3,0,0,E1,0.01,0.6462415351684854,0.646241535168,True,4,False,
group,adaptive_M3,0,0,E2,0.1,0.673732965361336,0.673732965361,True,5,False,
group,adaptive_M3,0,0,E0,1.0,0.6829114346690122,0.682911434669,True,6,False,
group,adaptive_M3,0,0,E1,0.1,0.683533920901639,0.683533920902,True,7,False,
group,adaptive_M3,0,0,E1,1.0,0.8288625003207577,0.828862500321,True,8,False,
group,adaptive_M3,0,0,E2,1.0,0.871695236839633,0.87169523684,True,9,False,
group,adaptive_M3,0,0,E0,10.0,0.9665416909030115,0.966541690903,True,10,False,
group,adaptive_M3,0,0,E1,10.0,1.3578346681141606,1.357834668114,True,11,False,
group,adaptive_M3,0,0,E2,10.0,1.5042809259484922,1.504280925948,True,12,False,
group,adaptive_M3,0,0,E0,100.0,1.6856894714947985,1.685689471495,True,13,False,
group,adaptive_M3,0,0,E1,100.0,2.510419322891501,2.510419322892,True,14,False,
group,adaptive_M3,0,0,E2,100.0,2.529137086475945,2.529137086476,True,15,False,
group,adaptive_M3_SELECTED,0,0,E0,0.1,0.6118582045029658,0.611858204503,True,1,False,
group,adaptive_M3,0,1,E2,0.01,0.642196762535596,0.642196762536,True,1,True,
group,adaptive_M3,0,1,E0,0.1,0.6427577898802119,0.64275778988,True,2,False,
group,adaptive_M3,0,1,E0,0.01,0.652816907583252,0.652816907583,True,3,False,
group,adaptive_M3,0,1,E1,0.01,0.6533652046251388,0.653365204625,True,4,False,
group,adaptive_M3,0,1,E2,0.1,0.6662454407090399,0.666245440709,True,5,False,
group,adaptive_M3,0,1,E1,0.1,0.6730933700650525,0.673093370065,True,6,False,
group,adaptive_M3,0,1,E0,1.0,0.7160098999721692,0.716009899972,True,7,False,
group,adaptive_M3,0,1,E1,1.0,0.7771528120283251,0.777152812028,True,8,False,
group,adaptive_M3,0,1,E2,1.0,0.8146624381215101,0.814662438122,True,9,False,
group,adaptive_M3,0,1,E0,10.0,1.0298569689493202,1.029856968949,True,10,False,
group,adaptive_M3,0,1,E1,10.0,1.165009726158418,1.165009726158,True,11,False,
group,adaptive_M3,0,1,E2,10.0,1.3307230494959297,1.330723049496,True,12,False,
group,adaptive_M3,0,1,E0,100.0,1.839264061387042,1.839264061387,True,13,False,
group,adaptive_M3,0,1,E1,100.0,1.9959629066917188,1.995962906692,True,14,False,
group,adaptive_M3,0,1,E2,100.0,2.2005998866260863,2.200599886626,True,15,False,
group,adaptive_M3_SELECTED,0,1,E2,0.01,0.642196762535596,0.642196762536,True,1,False,
group,adaptive_M3,0,2,E2,0.1,0.6039962604445603,0.603996260445,True,1,True,
group,adaptive_M3,0,2,E2,0.01,0.6260943364005784,0.626094336401,True,2,False,
group,adaptive_M3,0,2,E0,0.1,0.6405769173545959,0.640576917355,True,3,False,
group,adaptive_M3,0,2,E1,0.1,0.6458793420048742,0.645879342005,True,4,False,
group,adaptive_M3,0,2,E1,0.01,0.6512107519400837,0.65121075194,True,5,False,
group,adaptive_M3,0,2,E0,0.01,0.6655285639679492,0.665528563968,True,6,False,
group,adaptive_M3,0,2,E0,1.0,0.6711192991431175,0.671119299143,True,7,False,
group,adaptive_M3,0,2,E2,1.0,0.7521892623235438,0.752189262324,True,8,False,
group,adaptive_M3,0,2,E1,1.0,0.8109028946776569,0.810902894678,True,9,False,
group,adaptive_M3,0,2,E0,10.0,0.8929258787893882,0.892925878789,True,10,False,
group,adaptive_M3,0,2,E0,100.0,1.3501765866891802,1.350176586689,True,11,False,
group,adaptive_M3,0,2,E2,10.0,1.4067945049377502,1.406794504938,True,12,False,
group,adaptive_M3,0,2,E1,10.0,1.4485708339211825,1.448570833921,True,13,False,
group,adaptive_M3,0,2,E2,100.0,2.424466699688322,2.424466699688,True,14,False,
group,adaptive_M3,0,2,E1,100.0,2.680277556574699,2.680277556575,True,15,False,
group,adaptive_M3_SELECTED,0,2,E2,0.1,0.6039962604445603,0.603996260445,True,1,False,
group,adaptive_M3,0,3,E2,0.01,0.6496226525532164,0.649622652553,True,1,True,
group,adaptive_M3,0,3,E0,0.01,0.6545635322699331,0.65456353227,True,2,False,
group,adaptive_M3,0,3,E1,0.01,0.6567931788224799,0.656793178822,True,3,False,
group,adaptive_M3,0,3,E0,0.1,0.6618447969214708,0.661844796921,True,4,False,
group,adaptive_M3,0,3,E2,0.1,0.7094668291374765,0.709466829137,True,5,False,
group,adaptive_M3,0,3,E1,0.1,0.7213491775498493,0.72134917755,True,6,False,
group,adaptive_M3,0,3,E0,1.0,0.7656970894655442,0.765697089466,True,7,False,
group,adaptive_M3,0,3,E2,1.0,1.019799500365676,1.019799500366,True,8,False,
group,adaptive_M3,0,3,E1,1.0,1.0396629367813062,1.039662936781,True,9,False,
group,adaptive_M3,0,3,E0,10.0,1.0610216397611811,1.061021639761,True,10,False,
group,adaptive_M3,0,3,E0,100.0,1.4739071462515625,1.473907146252,True,11,False,
group,adaptive_M3,0,3,E2,10.0,2.063319791211028,2.063319791211,True,12,False,
group,adaptive_M3,0,3,E1,10.0,2.1796342170207312,2.179634217021,True,13,False,
group,adaptive_M3,0,3,E2,100.0,3.5838932618127104,3.583893261813,True,14,False,
group,adaptive_M3,0,3,E1,100.0,3.740659799937349,3.740659799937,True,15,False,
group,adaptive_M3_SELECTED,0,3,E2,0.01,0.6496226525532164,0.649622652553,True,1,False,
group,adaptive_M3,0,4,E0,0.1,0.5755706476666961,0.575570647667,True,1,True,
group,adaptive_M3,0,4,E0,1.0,0.6118933003110559,0.611893300311,True,2,False,
group,adaptive_M3,0,4,E2,0.01,0.6218283523761929,0.621828352376,True,3,False,
group,adaptive_M3,0,4,E0,0.01,0.6283528417216215,0.628352841722,True,4,False,
group,adaptive_M3,0,4,E1,0.01,0.6287224606290199,0.628722460629,True,5,False,
group,adaptive_M3,0,4,E1,0.1,0.6523241618544012,0.652324161854,True,6,False,
group,adaptive_M3,0,4,E2,0.1,0.6562316927334119,0.656231692733,True,7,False,
group,adaptive_M3,0,4,E0,10.0,0.8113234375792617,0.811323437579,True,8,False,
group,adaptive_M3,0,4,E1,1.0,0.9021871645225978,0.902187164523,True,9,False,
group,adaptive_M3,0,4,E2,1.0,0.9567757605823696,0.956775760582,True,10,False,
group,adaptive_M3,0,4,E0,100.0,0.9907562204722835,0.990756220472,True,11,False,
group,adaptive_M3,0,4,E1,10.0,1.7040437950782905,1.704043795078,True,12,False,
group,adaptive_M3,0,4,E2,10.0,1.775764446796905,1.775764446797,True,13,False,
group,adaptive_M3,0,4,E2,100.0,2.951000548283834,2.951000548284,True,14,False,
group,adaptive_M3,0,4,E1,100.0,3.048472601591644,3.048472601592,True,15,False,
group,adaptive_M3_SELECTED,0,4,E0,0.1,0.5755706476666961,0.575570647667,True,1,False,
group,adaptive_M3,1,0,E0,0.1,0.631062607850558,0.631062607851,True,1,True,
group,adaptive_M3,1,0,E2,0.01,0.64142577114636,0.641425771146,True,2,False,
group,adaptive_M3,1,0,E0,0.01,0.6451216219802196,0.64512162198,True,3,False,
group,adaptive_M3,1,0,E1,0.01,0.6504735879369755,0.650473587937,True,4,False,
group,adaptive_M3,1,0,E1,0.1,0.7175704466227032,0.717570446623,True,5,False,
group,adaptive_M3,1,0,E0,1.0,0.7276314827807683,0.727631482781,True,6,False,
group,adaptive_M3,1,0,E2,0.1,0.7283781019329753,0.728378101933,True,7,False,
group,adaptive_M3,1,0,E1,1.0,1.0381077079201708,1.03810770792,True,8,False,
group,adaptive_M3,1,0,E0,10.0,1.061996880499264,1.061996880499,True,9,False,
group,adaptive_M3,1,0,E2,1.0,1.0867067106761925,1.086706710676,True,10,False,
group,adaptive_M3,1,0,E0,100.0,1.572751621070731,1.572751621071,True,11,False,
group,adaptive_M3,1,0,E1,10.0,1.894636068308162,1.894636068308,True,12,False,
group,adaptive_M3,1,0,E2,10.0,1.9371723400926333,1.937172340093,True,13,False,
group,adaptive_M3,1,0,E2,100.0,2.9256562672714446,2.925656267271,True,14,False,
group,adaptive_M3,1,0,E1,100.0,2.980819391361882,2.980819391362,True,15,False,
group,adaptive_M3_SELECTED,1,0,E0,0.1,0.631062607850558,0.631062607851,True,1,False,
group,adaptive_M3,1,1,E0,0.1,0.6098906127643737,0.609890612764,True,1,True,
group,adaptive_M3,1,1,E2,0.01,0.6249561908299589,0.62495619083,True,2,False,
group,adaptive_M3,1,1,E2,0.1,0.6324243100179642,0.632424310018,True,3,False,
group,adaptive_M3,1,1,E1,0.01,0.6363485310120586,0.636348531012,True,4,False,
group,adaptive_M3,1,1,E0,0.01,0.6381665588816033,0.638166558882,True,5,False,
group,adaptive_M3,1,1,E1,0.1,0.6577128086888284,0.657712808689,True,6,False,
group,adaptive_M3,1,1,E0,1.0,0.6857743509609779,0.685774350961,True,7,False,
group,adaptive_M3,1,1,E2,1.0,0.8275456347494352,0.827545634749,True,8,False,
group,adaptive_M3,1,1,E1,1.0,0.8422870191761093,0.842287019176,True,9,False,
group,adaptive_M3,1,1,E0,10.0,0.910260009825845,0.910260009826,True,10,False,
group,adaptive_M3,1,1,E0,100.0,1.1292270782221823,1.129227078222,True,11,False,
group,adaptive_M3,1,1,E1,10.0,1.3635245741090456,1.363524574109,True,12,False,
group,adaptive_M3,1,1,E2,10.0,1.537526852132264,1.537526852132,True,13,False,
group,adaptive_M3,1,1,E1,100.0,2.3995477554062408,2.399547755406,True,14,False,
group,adaptive_M3,1,1,E2,100.0,2.7478734182238185,2.747873418224,True,15,False,
group,adaptive_M3_SELECTED,1,1,E0,0.1,0.6098906127643737,0.609890612764,True,1,False,
group,adaptive_M3,1,2,E2,0.1,0.6005901542528008,0.600590154253,True,1,True,
group,adaptive_M3,1,2,E0,0.1,0.6165226382003196,0.6165226382,True,2,False,
group,adaptive_M3,1,2,E1,0.1,0.6222444610294902,0.622244461029,True,3,False,
group,adaptive_M3,1,2,E2,0.01,0.6250548715689412,0.625054871569,True,4,False,
group,adaptive_M3,1,2,E1,0.01,0.6318085928283389,0.631808592828,True,5,False,
group,adaptive_M3,1,2,E0,0.01,0.6390769598732751,0.639076959873,True,6,False,
group,adaptive_M3,1,2,E2,1.0,0.768942343170411,0.76894234317,True,7,False,
group,adaptive_M3,1,2,E0,1.0,0.7772467341086989,0.777246734109,True,8,False,
group,adaptive_M3,1,2,E1,1.0,0.816686995685716,0.816686995686,True,9,False,
group,adaptive_M3,1,2,E2,10.0,1.3105178854141686,1.310517885414,True,10,False,
group,adaptive_M3,1,2,E0,10.0,1.3833199144819641,1.383319914482,True,11,False,
group,adaptive_M3,1,2,E1,10.0,1.54875926285374,1.548759262854,True,12,False,
group,adaptive_M3,1,2,E2,100.0,2.1399278577178342,2.139927857718,True,13,False,
group,adaptive_M3,1,2,E0,100.0,2.284326349902507,2.284326349903,True,14,False,
group,adaptive_M3,1,2,E1,100.0,3.1026705782597244,3.10267057826,True,15,False,
group,adaptive_M3_SELECTED,1,2,E2,0.1,0.6005901542528008,0.600590154253,True,1,False,
group,adaptive_M3,1,3,E2,0.01,0.6293469806736188,0.629346980674,True,1,True,
group,adaptive_M3,1,3,E1,0.01,0.6394134095690507,0.639413409569,True,2,False,
group,adaptive_M3,1,3,E0,0.1,0.641611319526065,0.641611319526,True,3,False,
group,adaptive_M3,1,3,E0,0.01,0.6459350760542152,0.645935076054,True,4,False,
group,adaptive_M3,1,3,E2,0.1,0.6494624938064117,0.649462493806,True,5,False,
group,adaptive_M3,1,3,E1,0.1,0.6596024223857998,0.659602422386,True,6,False,
group,adaptive_M3,1,3,E0,1.0,0.6995638561049439,0.699563856105,True,7,False,
group,adaptive_M3,1,3,E2,1.0,0.746329336408022,0.746329336408,True,8,False,
group,adaptive_M3,1,3,E1,1.0,0.7978734189192667,0.797873418919,True,9,False,
group,adaptive_M3,1,3,E0,10.0,0.8443212650615237,0.844321265062,True,10,False,
group,adaptive_M3,1,3,E0,100.0,0.968268190560175,0.96826819056,True,11,False,
group,adaptive_M3,1,3,E2,10.0,1.1616341195544133,1.161634119554,True,12,False,
group,adaptive_M3,1,3,E1,10.0,1.1887816725700142,1.18878167257,True,13,False,
group,adaptive_M3,1,3,E2,100.0,1.9433747337985472,1.943374733799,True,14,False,
group,adaptive_M3,1,3,E1,100.0,2.05020913314825,2.050209133148,True,15,False,
group,adaptive_M3_SELECTED,1,3,E2,0.01,0.6293469806736188,0.629346980674,True,1,False,
group,adaptive_M3,1,4,E2,0.1,0.5848861797548527,0.584886179755,True,1,True,
group,adaptive_M3,1,4,E0,0.1,0.6000581744948673,0.600058174495,True,2,False,
group,adaptive_M3,1,4,E1,0.1,0.6110863396691496,0.611086339669,True,3,False,
group,adaptive_M3,1,4,E2,0.01,0.6138331527855228,0.613833152786,True,4,False,
group,adaptive_M3,1,4,E1,0.01,0.6334753747513783,0.633475374751,True,5,False,
group,adaptive_M3,1,4,E0,0.01,0.6382967467369746,0.638296746737,True,6,False,
group,adaptive_M3,1,4,E0,1.0,0.6474857930189265,0.647485793019,True,7,False,
group,adaptive_M3,1,4,E2,1.0,0.7233904806708957,0.723390480671,True,8,False,
group,adaptive_M3,1,4,E1,1.0,0.7634833448020989,0.763483344802,True,9,False,
group,adaptive_M3,1,4,E0,10.0,0.7954039034328683,0.795403903433,True,10,False,
group,adaptive_M3,1,4,E0,100.0,1.0705554860368571,1.070555486037,True,11,False,
group,adaptive_M3,1,4,E1,10.0,1.3167087392674368,1.316708739267,True,12,False,
group,adaptive_M3,1,4,E2,10.0,1.330345176930524,1.330345176931,True,13,False,
group,adaptive_M3,1,4,E2,100.0,2.241113131391141,2.241113131391,True,14,False,
group,adaptive_M3,1,4,E1,100.0,2.4334706258013195,2.433470625801,True,15,False,
group,adaptive_M3_SELECTED,1,4,E2,0.1,0.5848861797548527,0.584886179755,True,1,False,
group,adaptive_M3,2,0,E2,0.1,0.5648295821747957,0.564829582175,True,1,True,
group,adaptive_M3,2,0,E1,0.1,0.5671275153116214,0.567127515312,True,2,False,
group,adaptive_M3,2,0,E0,0.1,0.5941391146586131,0.594139114659,True,3,False,
group,adaptive_M3,2,0,E2,0.01,0.5987666687867064,0.598766668787,True,4,False,
group,adaptive_M3,2,0,E1,0.01,0.6186220288210386,0.618622028821,True,5,False,
group,adaptive_M3,2,0,E1,1.0,0.6203203852178291,0.620320385218,True,6,False,
group,adaptive_M3,2,0,E0,0.01,0.6360326386593002,0.636032638659,True,7,False,
group,adaptive_M3,2,0,E0,1.0,0.6416531224995141,0.6416531225,True,8,False,
group,adaptive_M3,2,0,E2,1.0,0.7123746543623822,0.712374654362,True,9,False,
group,adaptive_M3,2,0,E0,10.0,0.968114765301561,0.968114765302,True,10,False,
group,adaptive_M3,2,0,E1,10.0,1.0032313411091855,1.003231341109,True,11,False,
group,adaptive_M3,2,0,E2,10.0,1.1307293711674173,1.130729371167,True,12,False,
group,adaptive_M3,2,0,E2,100.0,1.7545289581532804,1.754528958153,True,13,False,
group,adaptive_M3,2,0,E0,100.0,1.7616617810686126,1.761661781069,True,14,False,
group,adaptive_M3,2,0,E1,100.0,1.8709590120172002,1.870959012017,True,15,False,
group,adaptive_M3_SELECTED,2,0,E2,0.1,0.5648295821747957,0.564829582175,True,1,False,
group,adaptive_M3,2,1,E0,0.1,0.6109543064246569,0.610954306425,True,1,True,
group,adaptive_M3,2,1,E2,0.01,0.6375402213267016,0.637540221327,True,2,False,
group,adaptive_M3,2,1,E0,0.01,0.6453067577526308,0.645306757753,True,3,False,
group,adaptive_M3,2,1,E1,0.01,0.6460073793540052,0.646007379354,True,4,False,
group,adaptive_M3,2,1,E1,0.1,0.652762636209671,0.65276263621,True,5,False,
group,adaptive_M3,2,1,E2,0.1,0.6554201968892499,0.655420196889,True,6,False,
group,adaptive_M3,2,1,E0,1.0,0.6739103995147953,0.673910399515,True,7,False,
group,adaptive_M3,2,1,E1,1.0,0.7361412425940117,0.736141242594,True,8,False,
group,adaptive_M3,2,1,E2,1.0,0.8378890156834147,0.837889015683,True,9,False,
group,adaptive_M3,2,1,E0,10.0,0.9888247271713091,0.988824727171,True,10,False,
group,adaptive_M3,2,1,E1,10.0,1.1369172680639776,1.136917268064,True,11,False,
group,adaptive_M3,2,1,E2,10.0,1.4045152128393372,1.404515212839,True,12,False,
group,adaptive_M3,2,1,E0,100.0,1.7229285326380335,1.722928532638,True,13,False,
group,adaptive_M3,2,1,E1,100.0,1.9685715798865653,1.968571579887,True,14,False,
group,adaptive_M3,2,1,E2,100.0,2.2876690613914885,2.287669061391,True,15,False,
group,adaptive_M3_SELECTED,2,1,E0,0.1,0.6109543064246569,0.610954306425,True,1,False,
group,adaptive_M3,2,2,E0,0.1,0.6105243452324101,0.610524345232,True,1,True,
group,adaptive_M3,2,2,E2,0.01,0.6435356776516646,0.643535677652,True,2,False,
group,adaptive_M3,2,2,E2,0.1,0.644910497447443,0.644910497447,True,3,False,
group,adaptive_M3,2,2,E0,0.01,0.649714375639055,0.649714375639,True,4,False,
group,adaptive_M3,2,2,E1,0.01,0.6518605989074617,0.651860598907,True,5,False,
group,adaptive_M3,2,2,E1,0.1,0.663285014250221,0.66328501425,True,6,False,
group,adaptive_M3,2,2,E0,1.0,0.701209290013374,0.701209290013,True,7,False,
group,adaptive_M3,2,2,E2,1.0,0.8402871427044274,0.840287142704,True,8,False,
group,adaptive_M3,2,2,E1,1.0,0.9059845002960426,0.905984500296,True,9,False,
group,adaptive_M3,2,2,E0,10.0,0.9792359394348142,0.979235939435,True,10,False,
group,adaptive_M3,2,2,E0,100.0,1.2936948756617288,1.293694875662,True,11,False,
group,adaptive_M3,2,2,E2,10.0,1.451863089892232,1.451863089892,True,12,False,
group,adaptive_M3,2,2,E1,10.0,1.6016352188635734,1.601635218864,True,13,False,
group,adaptive_M3,2,2,E2,100.0,2.468448790176612,2.468448790177,True,14,False,
group,adaptive_M3,2,2,E1,100.0,2.820127519698943,2.820127519699,True,15,False,
group,adaptive_M3_SELECTED,2,2,E0,0.1,0.6105243452324101,0.610524345232,True,1,False,
group,adaptive_M3,2,3,E2,0.01,0.6599659788913332,0.659965978891,True,1,True,
group,adaptive_M3,2,3,E0,0.01,0.666205414947574,0.666205414948,True,2,False,
group,adaptive_M3,2,3,E1,0.01,0.6711138283550826,0.671113828355,True,3,False,
group,adaptive_M3,2,3,E0,0.1,0.6951549582382596,0.695154958238,True,4,False,
group,adaptive_M3,2,3,E2,0.1,0.7242765672796315,0.72427656728,True,5,False,
group,adaptive_M3,2,3,E1,0.1,0.7370569388503275,0.73705693885,True,6,False,
group,adaptive_M3,2,3,E0,1.0,0.8270490701132187,0.827049070113,True,7,False,
group,adaptive_M3,2,3,E1,1.0,0.9462386436030105,0.946238643603,True,8,False,
group,adaptive_M3,2,3,E2,1.0,1.032039524903865,1.032039524904,True,9,False,
group,adaptive_M3,2,3,E0,10.0,1.137058273625767,1.137058273626,True,10,False,
group,adaptive_M3,2,3,E1,10.0,1.5929041945282891,1.592904194528,True,11,False,
group,adaptive_M3,2,3,E0,100.0,1.6261550595439973,1.626155059544,True,12,False,
group,adaptive_M3,2,3,E2,10.0,2.0933131902043787,2.093313190204,True,13,False,
group,adaptive_M3,2,3,E1,100.0,3.0600423310020277,3.060042331002,True,14,False,
group,adaptive_M3,2,3,E2,100.0,3.840129708435371,3.840129708435,True,15,False,
group,adaptive_M3_SELECTED,2,3,E2,0.01,0.6599659788913332,0.659965978891,True,1,False,
group,adaptive_M3,2,4,E2,0.01,0.6273294232363723,0.627329423236,True,1,True,
group,adaptive_M3,2,4,E0,0.1,0.6310034770014433,0.631003477001,True,2,False,
group,adaptive_M3,2,4,E1,0.01,0.6374967902970973,0.637496790297,True,3,False,
group,adaptive_M3,2,4,E0,0.01,0.6459900924726871,0.645990092473,True,4,False,
group,adaptive_M3,2,4,E2,0.1,0.6711728048630996,0.671172804863,True,5,False,
group,adaptive_M3,2,4,E1,0.1,0.6780270211611618,0.678027021161,True,6,False,
group,adaptive_M3,2,4,E0,1.0,0.7096494811390086,0.709649481139,True,7,False,
group,adaptive_M3,2,4,E1,1.0,0.8947313022562238,0.894731302256,True,8,False,
group,adaptive_M3,2,4,E2,1.0,0.9121198559619322,0.912119855962,True,9,False,
group,adaptive_M3,2,4,E0,10.0,1.0312558281963358,1.031255828196,True,10,False,
group,adaptive_M3,2,4,E1,10.0,1.4655038091108235,1.465503809111,True,11,False,
group,adaptive_M3,2,4,E2,10.0,1.591187515360802,1.591187515361,True,12,False,
group,adaptive_M3,2,4,E0,100.0,1.6048498535080136,1.604849853508,True,13,False,
group,adaptive_M3,2,4,E1,100.0,2.5689957766307474,2.568995776631,True,14,False,
group,adaptive_M3,2,4,E2,100.0,2.583981447868836,2.583981447869,True,15,False,
group,adaptive_M3_SELECTED,2,4,E2,0.01,0.6273294232363723,0.627329423236,True,1,False,
group,adaptive_M3,3,0,E2,0.01,0.6314101672098128,0.63141016721,True,1,True,
group,adaptive_M3,3,0,E0,0.1,0.6389310719914064,0.638931071991,True,2,False,
group,adaptive_M3,3,0,E1,0.01,0.6485039904208751,0.648503990421,True,3,False,
group,adaptive_M3,3,0,E0,0.01,0.6508273489656454,0.650827348966,True,4,False,
group,adaptive_M3,3,0,E2,0.1,0.6734626541451175,0.673462654145,True,5,False,
group,adaptive_M3,3,0,E1,0.1,0.6835717775834782,0.683571777583,True,6,False,
group,adaptive_M3,3,0,E0,1.0,0.7073314075920889,0.707331407592,True,7,False,
group,adaptive_M3,3,0,E1,1.0,0.899745531427647,0.899745531428,True,8,False,
group,adaptive_M3,3,0,E2,1.0,0.9593767300668915,0.959376730067,True,9,False,
group,adaptive_M3,3,0,E0,10.0,0.9667307458214571,0.966730745821,True,10,False,
group,adaptive_M3,3,0,E0,100.0,1.2413659045904823,1.24136590459,True,11,False,
group,adaptive_M3,3,0,E2,10.0,1.6465671892296183,1.64656718923,True,12,False,
group,adaptive_M3,3,0,E1,10.0,1.749810404640635,1.749810404641,True,13,False,
group,adaptive_M3,3,0,E2,100.0,2.658494636327228,2.658494636327,True,14,False,
group,adaptive_M3,3,0,E1,100.0,3.670480114035551,3.670480114036,True,15,False,
group,adaptive_M3_SELECTED,3,0,E2,0.01,0.6314101672098128,0.63141016721,True,1,False,
group,adaptive_M3,3,1,E2,0.01,0.6451686678525289,0.645168667853,True,1,True,
group,adaptive_M3,3,1,E0,0.01,0.6591066250773947,0.659106625077,True,2,False,
group,adaptive_M3,3,1,E2,0.1,0.6635794855736857,0.663579485574,True,3,False,
group,adaptive_M3,3,1,E0,0.1,0.6635858641962812,0.663585864196,True,4,False,
group,adaptive_M3,3,1,E1,0.01,0.6645317677688757,0.664531767769,True,5,False,
group,adaptive_M3,3,1,E1,0.1,0.7232197305173788,0.723219730517,True,6,False,
group,adaptive_M3,3,1,E0,1.0,0.8243689434441404,0.824368943444,True,7,False,
group,adaptive_M3,3,1,E2,1.0,0.955035279943606,0.955035279944,True,8,False,
group,adaptive_M3,3,1,E1,1.0,1.054423746119542,1.05442374612,True,9,False,
group,adaptive_M3,3,1,E0,10.0,1.2428409047722342,1.242840904772,True,10,False,
group,adaptive_M3,3,1,E2,10.0,1.8095778389451898,1.809577838945,True,11,False,
group,adaptive_M3,3,1,E0,100.0,1.9402838748146516,1.940283874815,True,12,False,
group,adaptive_M3,3,1,E1,10.0,2.0552705814499883,2.05527058145,True,13,False,
group,adaptive_M3,3,1,E2,100.0,2.9802729087141797,2.980272908714,True,14,False,
group,adaptive_M3,3,1,E1,100.0,3.4288329163843114,3.428832916384,True,15,False,
group,adaptive_M3_SELECTED,3,1,E2,0.01,0.6451686678525289,0.645168667853,True,1,False,
group,adaptive_M3,3,2,E0,0.1,0.5809717939160414,0.580971793916,True,1,True,
group,adaptive_M3,3,2,E2,0.1,0.61625451184399,0.616254511844,True,2,False,
group,adaptive_M3,3,2,E1,0.1,0.619644252788648,0.619644252789,True,3,False,
group,adaptive_M3,3,2,E2,0.01,0.6239487331346641,0.623948733135,True,4,False,
group,adaptive_M3,3,2,E1,0.01,0.6398279076376824,0.639827907638,True,5,False,
group,adaptive_M3,3,2,E0,0.01,0.6412557186454954,0.641255718645,True,6,False,
group,adaptive_M3,3,2,E0,1.0,0.6556057020906045,0.655605702091,True,7,False,
group,adaptive_M3,3,2,E1,1.0,0.7837117037597008,0.78371170376,True,8,False,
group,adaptive_M3,3,2,E2,1.0,0.8366562042472084,0.836656204247,True,9,False,
group,adaptive_M3,3,2,E0,10.0,1.0079318738852905,1.007931873885,True,10,False,
group,adaptive_M3,3,2,E1,10.0,1.4366643612998822,1.4366643613,True,11,False,
group,adaptive_M3,3,2,E2,10.0,1.4661023427075293,1.466102342708,True,12,False,
group,adaptive_M3,3,2,E0,100.0,1.5456575274163633,1.545657527416,True,13,False,
group,adaptive_M3,3,2,E2,100.0,2.4547745968599437,2.45477459686,True,14,False,
group,adaptive_M3,3,2,E1,100.0,2.5430572491078998,2.543057249108,True,15,False,
group,adaptive_M3_SELECTED,3,2,E0,0.1,0.5809717939160414,0.580971793916,True,1,False,
group,adaptive_M3,3,3,E2,0.01,0.6405256886460297,0.640525688646,True,1,True,
group,adaptive_M3,3,3,E0,0.01,0.6457952423397343,0.64579524234,True,2,False,
group,adaptive_M3,3,3,E1,0.01,0.6480930442959314,0.648093044296,True,3,False,
group,adaptive_M3,3,3,E0,0.1,0.6490595499564555,0.649059549956,True,4,False,
group,adaptive_M3,3,3,E2,0.1,0.6918784532268197,0.691878453227,True,5,False,
group,adaptive_M3,3,3,E1,0.1,0.695589607533623,0.695589607534,True,6,False,
group,adaptive_M3,3,3,E0,1.0,0.7434715891564673,0.743471589156,True,7,False,
group,adaptive_M3,3,3,E1,1.0,0.9165326829040132,0.916532682904,True,8,False,
group,adaptive_M3,3,3,E2,1.0,0.928567791579175,0.928567791579,True,9,False,
group,adaptive_M3,3,3,E0,10.0,0.9618324060904095,0.96183240609,True,10,False,
group,adaptive_M3,3,3,E0,100.0,1.264854198772493,1.264854198772,True,11,False,
group,adaptive_M3,3,3,E2,10.0,1.6356538811190762,1.635653881119,True,12,False,
group,adaptive_M3,3,3,E1,10.0,1.7865563245122436,1.786556324512,True,13,False,
group,adaptive_M3,3,3,E2,100.0,2.873569020687374,2.873569020687,True,14,False,
group,adaptive_M3,3,3,E1,100.0,3.7743192424356145,3.774319242436,True,15,False,
group,adaptive_M3_SELECTED,3,3,E2,0.01,0.6405256886460297,0.640525688646,True,1,False,
group,adaptive_M3,3,4,E0,0.1,0.5921420513115897,0.592142051312,True,1,True,
group,adaptive_M3,3,4,E2,0.01,0.6232393047738535,0.623239304774,True,2,False,
group,adaptive_M3,3,4,E1,0.01,0.6244813202872694,0.624481320287,True,3,False,
group,adaptive_M3,3,4,E0,0.01,0.6248255837880556,0.624825583788,True,4,False,
group,adaptive_M3,3,4,E0,1.0,0.6281209590082882,0.628120959008,True,5,False,
group,adaptive_M3,3,4,E2,0.1,0.6284297105169158,0.628429710517,True,6,False,
group,adaptive_M3,3,4,E1,0.1,0.6427592892316397,0.642759289232,True,7,False,
group,adaptive_M3,3,4,E2,1.0,0.668211964380624,0.668211964381,True,8,False,
group,adaptive_M3,3,4,E1,1.0,0.7136569558050305,0.713656955805,True,9,False,
group,adaptive_M3,3,4,E0,10.0,0.8216004342139643,0.821600434214,True,10,False,
group,adaptive_M3,3,4,E1,10.0,0.9301060709159211,0.930106070916,True,11,False,
group,adaptive_M3,3,4,E2,10.0,1.0454594454560069,1.045459445456,True,12,False,
group,adaptive_M3,3,4,E0,100.0,1.330816189781554,1.330816189782,True,13,False,
group,adaptive_M3,3,4,E1,100.0,1.6723367504418154,1.672336750442,True,14,False,
group,adaptive_M3,3,4,E2,100.0,1.831908047629467,1.831908047629,True,15,False,
group,adaptive_M3_SELECTED,3,4,E0,0.1,0.5921420513115897,0.592142051312,True,1,False,
group,adaptive_M3,4,0,E2,0.1,0.5497925468925314,0.549792546893,True,1,True,
group,adaptive_M3,4,0,E1,0.1,0.5792290912085483,0.579229091209,True,2,False,
group,adaptive_M3,4,0,E2,0.01,0.5975203230715559,0.597520323072,True,3,False,
group,adaptive_M3,4,0,E0,0.1,0.6154393831548056,0.615439383155,True,4,False,
group,adaptive_M3,4,0,E1,0.01,0.6207205621668079,0.620720562167,True,5,False,
group,adaptive_M3,4,0,E0,0.01,0.6375322197884995,0.637532219788,True,6,False,
group,adaptive_M3,4,0,E2,1.0,0.664834859364682,0.664834859365,True,7,False,
group,adaptive_M3,4,0,E1,1.0,0.68161015892378,0.681610158924,True,8,False,
group,adaptive_M3,4,0,E0,1.0,0.704118369409752,0.70411836941,True,9,False,
group,adaptive_M3,4,0,E0,10.0,1.0233636682495675,1.02336366825,True,10,False,
group,adaptive_M3,4,0,E2,10.0,1.1699406485962123,1.169940648596,True,11,False,
group,adaptive_M3,4,0,E1,10.0,1.2248896289164781,1.224889628916,True,12,False,
group,adaptive_M3,4,0,E0,100.0,1.3152925082484195,1.315292508248,True,13,False,
group,adaptive_M3,4,0,E2,100.0,2.005018856828354,2.005018856828,True,14,False,
group,adaptive_M3,4,0,E1,100.0,2.125109700665444,2.125109700665,True,15,False,
group,adaptive_M3_SELECTED,4,0,E2,0.1,0.5497925468925314,0.549792546893,True,1,False,
group,adaptive_M3,4,1,E0,0.1,0.6216176319951727,0.621617631995,True,1,True,
group,adaptive_M3,4,1,E2,0.1,0.6254572169643763,0.625457216964,True,2,False,
group,adaptive_M3,4,1,E2,0.01,0.6398945884033993,0.639894588403,True,3,False,
group,adaptive_M3,4,1,E0,0.01,0.6462382228591904,0.646238222859,True,4,False,
group,adaptive_M3,4,1,E1,0.01,0.6492944092695578,0.64929440927,True,5,False,
group,adaptive_M3,4,1,E1,0.1,0.6513658330615123,0.651365833062,True,6,False,
group,adaptive_M3,4,1,E0,1.0,0.7180968324458632,0.718096832446,True,7,False,
group,adaptive_M3,4,1,E2,1.0,0.8054625404832508,0.805462540483,True,8,False,
group,adaptive_M3,4,1,E1,1.0,0.8484985864526495,0.848498586453,True,9,False,
group,adaptive_M3,4,1,E0,10.0,1.0220566142542022,1.022056614254,True,10,False,
group,adaptive_M3,4,1,E2,10.0,1.3665524166419756,1.366552416642,True,11,False,
group,adaptive_M3,4,1,E1,10.0,1.4587626719761355,1.458762671976,True,12,False,
group,adaptive_M3,4,1,E0,100.0,1.6426658274691677,1.642665827469,True,13,False,
group,adaptive_M3,4,1,E2,100.0,2.1914889280088126,2.191488928009,True,14,False,
group,adaptive_M3,4,1,E1,100.0,2.430468845840861,2.430468845841,True,15,False,
group,adaptive_M3_SELECTED,4,1,E0,0.1,0.6216176319951727,0.621617631995,True,1,False,
group,adaptive_M3,4,2,E2,0.01,0.6447143594398289,0.64471435944,True,1,True,
group,adaptive_M3,4,2,E1,0.01,0.6465208448307429,0.646520844831,True,2,False,
group,adaptive_M3,4,2,E0,0.01,0.6476710386203345,0.64767103862,True,3,False,
group,adaptive_M3,4,2,E0,0.1,0.6685020840317136,0.668502084032,True,4,False,
group,adaptive_M3,4,2,E1,0.1,0.7143485451790796,0.714348545179,True,5,False,
group,adaptive_M3,4,2,E2,0.1,0.7235403410481227,0.723540341048,True,6,False,
group,adaptive_M3,4,2,E0,1.0,0.8597162613332422,0.859716261333,True,7,False,
group,adaptive_M3,4,2,E1,1.0,1.0491914719821775,1.049191471982,True,8,False,
group,adaptive_M3,4,2,E2,1.0,1.0914630634111089,1.091463063411,True,9,False,
group,adaptive_M3,4,2,E0,10.0,1.3134198330114755,1.313419833011,True,10,False,
group,adaptive_M3,4,2,E1,10.0,1.8742150857229922,1.874215085723,True,11,False,
group,adaptive_M3,4,2,E0,100.0,1.9541498239140263,1.954149823914,True,12,False,
group,adaptive_M3,4,2,E2,10.0,2.0472956241692293,2.047295624169,True,13,False,
group,adaptive_M3,4,2,E1,100.0,3.217758261987351,3.217758261987,True,14,False,
group,adaptive_M3,4,2,E2,100.0,3.4891634379722074,3.489163437972,True,15,False,
group,adaptive_M3_SELECTED,4,2,E2,0.01,0.6447143594398289,0.64471435944,True,1,False,
group,adaptive_M3,4,3,E2,1.0,0.5169915409042117,0.516991540904,True,1,True,
group,adaptive_M3,4,3,E2,0.1,0.5215712381457118,0.521571238146,True,2,False,
group,adaptive_M3,4,3,E1,0.1,0.575669625239871,0.57566962524,True,3,False,
group,adaptive_M3,4,3,E2,0.01,0.6059995667438182,0.605999566744,True,4,False,
group,adaptive_M3,4,3,E0,0.1,0.6100832660911222,0.610083266091,True,5,False,
group,adaptive_M3,4,3,E1,1.0,0.6176623804529745,0.617662380453,True,6,False,
group,adaptive_M3,4,3,E1,0.01,0.6298680308219581,0.629868030822,True,7,False,
group,adaptive_M3,4,3,E0,0.01,0.6428228165721992,0.642822816572,True,8,False,
group,adaptive_M3,4,3,E0,1.0,0.6460499076028832,0.646049907603,True,9,False,
group,adaptive_M3,4,3,E0,10.0,0.7192245563940929,0.719224556394,True,10,False,
group,adaptive_M3,4,3,E2,10.0,0.7401001318291004,0.740100131829,True,11,False,
group,adaptive_M3,4,3,E1,10.0,0.8644661315926423,0.864466131593,True,12,False,
group,adaptive_M3,4,3,E0,100.0,0.8779748241808069,0.877974824181,True,13,False,
group,adaptive_M3,4,3,E2,100.0,1.1153878400257586,1.115387840026,True,14,False,
group,adaptive_M3,4,3,E1,100.0,1.5505146055251164,1.550514605525,True,15,False,
group,adaptive_M3_SELECTED,4,3,E2,1.0,0.5169915409042117,0.516991540904,True,1,False,
group,adaptive_M3,4,4,E0,0.1,0.6487161916598265,0.64871619166,True,1,True,
group,adaptive_M3,4,4,E2,0.01,0.6581551478343305,0.658155147834,True,2,False,
group,adaptive_M3,4,4,E0,0.01,0.6598329619636346,0.659832961964,True,3,False,
group,adaptive_M3,4,4,E1,0.01,0.6667858496251073,0.666785849625,True,4,False,
group,adaptive_M3,4,4,E0,1.0,0.7081788358328873,0.708178835833,True,5,False,
group,adaptive_M3,4,4,E2,0.1,0.721715763377346,0.721715763377,True,6,False,
group,adaptive_M3,4,4,E1,0.1,0.7383321600134092,0.738332160013,True,7,False,
group,adaptive_M3,4,4,E2,1.0,0.9055288823038096,0.905528882304,True,8,False,
group,adaptive_M3,4,4,E1,1.0,0.9626311870177103,0.962631187018,True,9,False,
group,adaptive_M3,4,4,E0,10.0,0.9638072506083276,0.963807250608,True,10,False,
group,adaptive_M3,4,4,E2,10.0,1.3886353644714942,1.388635364471,True,11,False,
group,adaptive_M3,4,4,E0,100.0,1.4339542143600623,1.43395421436,True,12,False,
group,adaptive_M3,4,4,E1,10.0,1.5217623382384071,1.521762338238,True,13,False,
group,adaptive_M3,4,4,E2,100.0,2.279827237561474,2.279827237561,True,14,False,
group,adaptive_M3,4,4,E1,100.0,2.797184491349763,2.79718449135,True,15,False,
group,adaptive_M3_SELECTED,4,4,E0,0.1,0.6487161916598265,0.64871619166,True,1,False,
group,adaptive_M3,5,0,E2,0.01,0.6139380711194647,0.613938071119,True,1,True,
group,adaptive_M3,5,0,E2,0.1,0.6240676831881476,0.624067683188,True,2,False,
group,adaptive_M3,5,0,E0,0.1,0.6389512674422066,0.638951267442,True,3,False,
group,adaptive_M3,5,0,E1,0.01,0.6406799831212572,0.640679983121,True,4,False,
group,adaptive_M3,5,0,E1,0.1,0.6479007140879233,0.647900714088,True,5,False,
group,adaptive_M3,5,0,E0,0.01,0.6492612018077942,0.649261201808,True,6,False,
group,adaptive_M3,5,0,E0,1.0,0.6558146751298423,0.65581467513,True,7,False,
group,adaptive_M3,5,0,E1,1.0,0.7170850367512644,0.717085036751,True,8,False,
group,adaptive_M3,5,0,E0,10.0,0.8413807849990651,0.841380784999,True,9,False,
group,adaptive_M3,5,0,E2,1.0,0.8690094474563183,0.869009447456,True,10,False,
group,adaptive_M3,5,0,E1,10.0,0.990616884717729,0.990616884718,True,11,False,
group,adaptive_M3,5,0,E2,10.0,1.4245595871036285,1.424559587104,True,12,False,
group,adaptive_M3,5,0,E0,100.0,1.535440666923606,1.535440666924,True,13,False,
group,adaptive_M3,5,0,E1,100.0,1.7030366583386747,1.703036658339,True,14,False,
group,adaptive_M3,5,0,E2,100.0,2.222953095529944,2.22295309553,True,15,False,
group,adaptive_M3_SELECTED,5,0,E2,0.01,0.6139380711194647,0.613938071119,True,1,False,
group,adaptive_M3,5,1,E0,0.1,0.5652866087362562,0.565286608736,True,1,True,
group,adaptive_M3,5,1,E2,0.1,0.6047807545032106,0.604780754503,True,2,False,
group,adaptive_M3,5,1,E1,0.1,0.6157810263838519,0.615781026384,True,3,False,
group,adaptive_M3,5,1,E2,0.01,0.6263753501731935,0.626375350173,True,4,False,
group,adaptive_M3,5,1,E0,0.01,0.630624683064707,0.630624683065,True,5,False,
group,adaptive_M3,5,1,E1,0.01,0.6318813852229015,0.631881385223,True,6,False,
group,adaptive_M3,5,1,E0,1.0,0.6353575321338691,0.635357532134,True,7,False,
group,adaptive_M3,5,1,E2,1.0,0.7129422756066862,0.712942275607,True,8,False,
group,adaptive_M3,5,1,E1,1.0,0.7515551129697802,0.75155511297,True,9,False,
group,adaptive_M3,5,1,E0,10.0,0.9162313329543873,0.916231332954,True,10,False,
group,adaptive_M3,5,1,E2,10.0,1.1802910307689811,1.180291030769,True,11,False,
group,adaptive_M3,5,1,E0,100.0,1.1871322661092445,1.187132266109,True,12,False,
group,adaptive_M3,5,1,E1,10.0,1.3428826143917736,1.342882614392,True,13,False,
group,adaptive_M3,5,1,E2,100.0,1.982511908829946,1.98251190883,True,14,False,
group,adaptive_M3,5,1,E1,100.0,2.4578898140708465,2.457889814071,True,15,False,
group,adaptive_M3_SELECTED,5,1,E0,0.1,0.5652866087362562,0.565286608736,True,1,False,
group,adaptive_M3,5,2,E2,0.1,0.6116485147397278,0.61164851474,True,1,True,
group,adaptive_M3,5,2,E0,0.1,0.6117773025643266,0.611777302564,True,2,False,
group,adaptive_M3,5,2,E2,0.01,0.6150632264940187,0.615063226494,True,3,False,
group,adaptive_M3,5,2,E1,0.01,0.6306525809161708,0.630652580916,True,4,False,
group,adaptive_M3,5,2,E0,0.01,0.6326608846528513,0.632660884653,True,5,False,
group,adaptive_M3,5,2,E1,0.1,0.6373186157928608,0.637318615793,True,6,False,
group,adaptive_M3,5,2,E0,1.0,0.7280294832856989,0.728029483286,True,7,False,
group,adaptive_M3,5,2,E2,1.0,0.8544053008424715,0.854405300842,True,8,False,
group,adaptive_M3,5,2,E1,1.0,0.9095432513437166,0.909543251344,True,9,False,
group,adaptive_M3,5,2,E0,10.0,0.9897294452293474,0.989729445229,True,10,False,
group,adaptive_M3,5,2,E0,100.0,1.5030174371217353,1.503017437122,True,11,False,
group,adaptive_M3,5,2,E2,10.0,1.5390002458974468,1.539000245897,True,12,False,
group,adaptive_M3,5,2,E1,10.0,1.8418517790748465,1.841851779075,True,13,False,
group,adaptive_M3,5,2,E2,100.0,2.4321967713909083,2.432196771391,True,14,False,
group,adaptive_M3,5,2,E1,100.0,3.1033236129913093,3.103323612991,True,15,False,
group,adaptive_M3_SELECTED,5,2,E2,0.1,0.6116485147397278,0.61164851474,True,1,False,
group,adaptive_M3,5,3,E0,0.1,0.6489388955469484,0.648938895547,True,1,True,
group,adaptive_M3,5,3,E2,0.01,0.6600688409876471,0.660068840988,True,2,False,
group,adaptive_M3,5,3,E0,0.01,0.6629733214245161,0.662973321425,True,3,False,
group,adaptive_M3,5,3,E1,0.01,0.6723533282736075,0.672353328274,True,4,False,
group,adaptive_M3,5,3,E2,0.1,0.6814037012034793,0.681403701203,True,5,False,
group,adaptive_M3,5,3,E0,1.0,0.6936824179285669,0.693682417929,True,6,False,
group,adaptive_M3,5,3,E1,0.1,0.7264186892305393,0.726418689231,True,7,False,
group,adaptive_M3,5,3,E2,1.0,0.8054315876551721,0.805431587655,True,8,False,
group,adaptive_M3,5,3,E0,10.0,0.8897261475517743,0.889726147552,True,9,False,
group,adaptive_M3,5,3,E1,1.0,0.9178199795174049,0.917819979517,True,10,False,
group,adaptive_M3,5,3,E0,100.0,1.2505517760701914,1.25055177607,True,11,False,
group,adaptive_M3,5,3,E2,10.0,1.350781136795503,1.350781136796,True,12,False,
group,adaptive_M3,5,3,E1,10.0,1.5349955835462914,1.534995583546,True,13,False,
group,adaptive_M3,5,3,E2,100.0,2.2928374382877887,2.292837438288,True,14,False,
group,adaptive_M3,5,3,E1,100.0,2.9415317880375325,2.941531788038,True,15,False,
group,adaptive_M3_SELECTED,5,3,E0,0.1,0.6489388955469484,0.648938895547,True,1,False,
group,adaptive_M3,5,4,E0,0.1,0.6117697967363349,0.611769796736,True,1,True,
group,adaptive_M3,5,4,E2,0.01,0.6281432401205661,0.628143240121,True,2,False,
group,adaptive_M3,5,4,E0,0.01,0.6363246365082748,0.636324636508,True,3,False,
group,adaptive_M3,5,4,E1,0.01,0.6367112904235982,0.636711290424,True,4,False,
group,adaptive_M3,5,4,E2,0.1,0.6380033652492564,0.638003365249,True,5,False,
group,adaptive_M3,5,4,E1,0.1,0.6444160731924218,0.644416073192,True,6,False,
group,adaptive_M3,5,4,E0,1.0,0.6527824007769264,0.652782400777,True,7,False,
group,adaptive_M3,5,4,E2,1.0,0.8261997787164004,0.826199778716,True,8,False,
group,adaptive_M3,5,4,E1,1.0,0.8458318178438673,0.845831817844,True,9,False,
group,adaptive_M3,5,4,E0,10.0,0.8779156939527994,0.877915693953,True,10,False,
group,adaptive_M3,5,4,E0,100.0,1.2095270157583495,1.209527015758,True,11,False,
group,adaptive_M3,5,4,E2,10.0,1.4050941726369577,1.405094172637,True,12,False,
group,adaptive_M3,5,4,E1,10.0,1.470482894375067,1.470482894375,True,13,False,
group,adaptive_M3,5,4,E2,100.0,2.1431905390907673,2.143190539091,True,14,False,
group,adaptive_M3,5,4,E1,100.0,2.4380086457266588,2.438008645727,True,15,False,
group,adaptive_M3_SELECTED,5,4,E0,0.1,0.6117697967363349,0.611769796736,True,1,False,
group,adaptive_M3,6,0,E2,0.01,0.6343372048025707,0.634337204803,True,1,True,
group,adaptive_M3,6,0,E1,0.01,0.6412089729113716,0.641208972911,True,2,False,
group,adaptive_M3,6,0,E0,0.01,0.6482343641264112,0.648234364126,True,3,False,
group,adaptive_M3,6,0,E0,0.1,0.6732046350731306,0.673204635073,True,4,False,
group,adaptive_M3,6,0,E2,0.1,0.6773310239271049,0.677331023927,True,5,False,
group,adaptive_M3,6,0,E1,0.1,0.6964964978247181,0.696496497825,True,6,False,
group,adaptive_M3,6,0,E0,1.0,0.8199050075343779,0.819905007534,True,7,False,
group,adaptive_M3,6,0,E2,1.0,0.9408350195181874,0.940835019518,True,8,False,
group,adaptive_M3,6,0,E1,1.0,0.9560046981900236,0.95600469819,True,9,False,
group,adaptive_M3,6,0,E0,10.0,1.1570430177259168,1.157043017726,True,10,False,
group,adaptive_M3,6,0,E1,10.0,1.5606197805765707,1.560619780577,True,11,False,
group,adaptive_M3,6,0,E0,100.0,1.6919032133212688,1.691903213321,True,12,False,
group,adaptive_M3,6,0,E2,10.0,1.7282287056222627,1.728228705622,True,13,False,
group,adaptive_M3,6,0,E1,100.0,2.623496867192634,2.623496867193,True,14,False,
group,adaptive_M3,6,0,E2,100.0,2.779431822620929,2.779431822621,True,15,False,
group,adaptive_M3_SELECTED,6,0,E2,0.01,0.6343372048025707,0.634337204803,True,1,False,
group,adaptive_M3,6,1,E2,0.1,0.5891470601462434,0.589147060146,True,1,True,
group,adaptive_M3,6,1,E0,0.1,0.6160968757308525,0.616096875731,True,2,False,
group,adaptive_M3,6,1,E2,0.01,0.6164947239169384,0.616494723917,True,3,False,
group,adaptive_M3,6,1,E1,0.1,0.6387511533516561,0.638751153352,True,4,False,
group,adaptive_M3,6,1,E1,0.01,0.639421379551522,0.639421379552,True,5,False,
group,adaptive_M3,6,1,E0,0.01,0.6434041852703818,0.64340418527,True,6,False,
group,adaptive_M3,6,1,E0,1.0,0.6971442662287858,0.697144266229,True,7,False,
group,adaptive_M3,6,1,E2,1.0,0.7203626040785248,0.720362604079,True,8,False,
group,adaptive_M3,6,1,E1,1.0,0.759574958537634,0.759574958538,True,9,False,
group,adaptive_M3,6,1,E0,10.0,1.037420422712625,1.037420422713,True,10,False,
group,adaptive_M3,6,1,E1,10.0,1.2504306672787762,1.250430667279,True,11,False,
group,adaptive_M3,6,1,E2,10.0,1.3487279529208485,1.348727952921,True,12,False,
group,adaptive_M3,6,1,E0,100.0,1.4095195411228407,1.409519541123,True,13,False,
group,adaptive_M3,6,1,E1,100.0,2.3120224256142734,2.312022425614,True,14,False,
group,adaptive_M3,6,1,E2,100.0,2.329039890464829,2.329039890465,True,15,False,
group,adaptive_M3_SELECTED,6,1,E2,0.1,0.5891470601462434,0.589147060146,True,1,False,
group,adaptive_M3,6,2,E2,0.01,0.6394162611320127,0.639416261132,True,1,True,
group,adaptive_M3,6,2,E1,0.01,0.652824159368181,0.652824159368,True,2,False,
group,adaptive_M3,6,2,E0,0.01,0.658676262808732,0.658676262809,True,3,False,
group,adaptive_M3,6,2,E0,0.1,0.6814705325381232,0.681470532538,True,4,False,
group,adaptive_M3,6,2,E2,0.1,0.7023782696583858,0.702378269658,True,5,False,
group,adaptive_M3,6,2,E1,0.1,0.7122065557362776,0.712206555736,True,6,False,
group,adaptive_M3,6,2,E0,1.0,0.7884746993376799,0.788474699338,True,7,False,
group,adaptive_M3,6,2,E1,1.0,0.9720190934275819,0.972019093428,True,8,False,
group,adaptive_M3,6,2,E2,1.0,1.0224423973703038,1.02244239737,True,9,False,
group,adaptive_M3,6,2,E0,10.0,1.0493986764848156,1.049398676485,True,10,False,
group,adaptive_M3,6,2,E0,100.0,1.3053940030110547,1.305394003011,True,11,False,
group,adaptive_M3,6,2,E1,10.0,1.5748800002839114,1.574880000284,True,12,False,
group,adaptive_M3,6,2,E2,10.0,1.671001398850738,1.671001398851,True,13,False,
group,adaptive_M3,6,2,E1,100.0,2.57187456715188,2.571874567152,True,14,False,
group,adaptive_M3,6,2,E2,100.0,2.586231120127529,2.586231120128,True,15,False,
group,adaptive_M3_SELECTED,6,2,E2,0.01,0.6394162611320127,0.639416261132,True,1,False,
group,adaptive_M3,6,3,E0,0.1,0.5583050985354678,0.558305098535,True,1,True,
group,adaptive_M3,6,3,E0,1.0,0.5772356387418515,0.577235638742,True,2,False,
group,adaptive_M3,6,3,E2,0.1,0.6027158277149764,0.602715827715,True,3,False,
group,adaptive_M3,6,3,E1,0.1,0.6027519685739189,0.602751968574,True,4,False,
group,adaptive_M3,6,3,E2,0.01,0.6175449503945477,0.617544950395,True,5,False,
group,adaptive_M3,6,3,E1,0.01,0.6234790247090584,0.623479024709,True,6,False,
group,adaptive_M3,6,3,E0,0.01,0.6297937424113722,0.629793742411,True,7,False,
group,adaptive_M3,6,3,E1,1.0,0.793485739453702,0.793485739454,True,8,False,
group,adaptive_M3,6,3,E2,1.0,0.7962767869926886,0.796276786993,True,9,False,
group,adaptive_M3,6,3,E0,10.0,0.814327184089742,0.81432718409,True,10,False,
group,adaptive_M3,6,3,E0,100.0,1.2239858230878078,1.223985823088,True,11,False,
group,adaptive_M3,6,3,E1,10.0,1.523965234310242,1.52396523431,True,12,False,
group,adaptive_M3,6,3,E2,10.0,1.5296472910510799,1.529647291051,True,13,False,
group,adaptive_M3,6,3,E1,100.0,2.403784090717974,2.403784090718,True,14,False,
group,adaptive_M3,6,3,E2,100.0,2.503705314678615,2.503705314679,True,15,False,
group,adaptive_M3_SELECTED,6,3,E0,0.1,0.5583050985354678,0.558305098535,True,1,False,
group,adaptive_M3,6,4,E0,0.1,0.6466760560901158,0.64667605609,True,1,True,
group,adaptive_M3,6,4,E2,0.1,0.647151547900163,0.6471515479,True,2,False,
group,adaptive_M3,6,4,E2,0.01,0.6506308633000064,0.6506308633,True,3,False,
group,adaptive_M3,6,4,E0,1.0,0.6525513390748225,0.652551339075,True,4,False,
group,adaptive_M3,6,4,E1,0.01,0.6566893603456042,0.656689360346,True,5,False,
group,adaptive_M3,6,4,E0,0.01,0.6577029992358068,0.657702999236,True,6,False,
group,adaptive_M3,6,4,E1,0.1,0.6614155245348361,0.661415524535,True,7,False,
group,adaptive_M3,6,4,E2,1.0,0.8067872969720542,0.806787296972,True,8,False,
group,adaptive_M3,6,4,E1,1.0,0.8107151147536094,0.810715114754,True,9,False,
group,adaptive_M3,6,4,E0,10.0,0.9398805153068517,0.939880515307,True,10,False,
group,adaptive_M3,6,4,E1,10.0,1.2842767130306296,1.284276713031,True,11,False,
group,adaptive_M3,6,4,E2,10.0,1.353822655973824,1.353822655974,True,12,False,
group,adaptive_M3,6,4,E0,100.0,1.7425915753988617,1.742591575399,True,13,False,
group,adaptive_M3,6,4,E1,100.0,2.224639559898515,2.224639559899,True,14,False,
group,adaptive_M3,6,4,E2,100.0,2.255618190659303,2.255618190659,True,15,False,
group,adaptive_M3_SELECTED,6,4,E0,0.1,0.6466760560901158,0.64667605609,True,1,False,
group,adaptive_M3,7,0,E0,0.1,0.6398145217748736,0.639814521775,True,1,True,
group,adaptive_M3,7,0,E0,0.01,0.6607591131201399,0.66075911312,True,2,False,
group,adaptive_M3,7,0,E2,0.01,0.6677936974016778,0.667793697402,True,3,False,
group,adaptive_M3,7,0,E0,1.0,0.6691066951817563,0.669106695182,True,4,False,
group,adaptive_M3,7,0,E1,0.01,0.6742501984466637,0.674250198447,True,5,False,
group,adaptive_M3,7,0,E2,0.1,0.742600510378323,0.742600510378,True,6,False,
group,adaptive_M3,7,0,E1,0.1,0.7460177322181297,0.746017732218,True,7,False,
group,adaptive_M3,7,0,E0,10.0,0.84599822974848,0.845998229748,True,8,False,
group,adaptive_M3,7,0,E1,1.0,1.058333897133667,1.058333897134,True,9,False,
group,adaptive_M3,7,0,E2,1.0,1.0691318827961733,1.069131882796,True,10,False,
group,adaptive_M3,7,0,E0,100.0,1.5317733886300866,1.53177338863,True,11,False,
group,adaptive_M3,7,0,E2,10.0,1.7931746475178016,1.793174647518,True,12,False,
group,adaptive_M3,7,0,E1,10.0,1.8090837041080925,1.809083704108,True,13,False,
group,adaptive_M3,7,0,E2,100.0,2.689613084858115,2.689613084858,True,14,False,
group,adaptive_M3,7,0,E1,100.0,2.959628426213244,2.959628426213,True,15,False,
group,adaptive_M3_SELECTED,7,0,E0,0.1,0.6398145217748736,0.639814521775,True,1,False,
group,adaptive_M3,7,1,E2,0.01,0.626012853548473,0.626012853548,True,1,True,
group,adaptive_M3,7,1,E2,0.1,0.6431602680410108,0.643160268041,True,2,False,
group,adaptive_M3,7,1,E1,0.01,0.6465754000400682,0.64657540004,True,3,False,
group,adaptive_M3,7,1,E0,0.01,0.6552699080413542,0.655269908041,True,4,False,
group,adaptive_M3,7,1,E0,0.1,0.6737041629984154,0.673704162998,True,5,False,
group,adaptive_M3,7,1,E1,0.1,0.6772366459853534,0.677236645985,True,6,False,
group,adaptive_M3,7,1,E0,1.0,0.8398042966019161,0.839804296602,True,7,False,
group,adaptive_M3,7,1,E1,1.0,0.8693449388958934,0.869344938896,True,8,False,
group,adaptive_M3,7,1,E2,1.0,0.8747782553948728,0.874778255395,True,9,False,
group,adaptive_M3,7,1,E0,10.0,1.166623719262414,1.166623719262,True,10,False,
group,adaptive_M3,7,1,E1,10.0,1.515689601088659,1.515689601089,True,11,False,
group,adaptive_M3,7,1,E2,10.0,1.5205636829279376,1.520563682928,True,12,False,
group,adaptive_M3,7,1,E0,100.0,1.8104789594891895,1.810478959489,True,13,False,
group,adaptive_M3,7,1,E2,100.0,2.3211684065319966,2.321168406532,True,14,False,
group,adaptive_M3,7,1,E1,100.0,2.499315124893396,2.499315124893,True,15,False,
group,adaptive_M3_SELECTED,7,1,E2,0.01,0.626012853548473,0.626012853548,True,1,False,
group,adaptive_M3,7,2,E0,0.1,0.6197680115106133,0.619768011511,True,1,True,
group,adaptive_M3,7,2,E1,0.1,0.6318505180286463,0.631850518029,True,2,False,
group,adaptive_M3,7,2,E2,0.1,0.6342936957805593,0.634293695781,True,3,False,
group,adaptive_M3,7,2,E2,0.01,0.6405278903504357,0.64052789035,True,4,False,
group,adaptive_M3,7,2,E0,0.01,0.6496713252854296,0.649671325285,True,5,False,
group,adaptive_M3,7,2,E1,0.01,0.6508272671779296,0.650827267178,True,6,False,
group,adaptive_M3,7,2,E1,1.0,0.6876862281465395,0.687686228147,True,7,False,
group,adaptive_M3,7,2,E0,1.0,0.6994305820946853,0.699430582095,True,8,False,
group,adaptive_M3,7,2,E2,1.0,0.801058031943698,0.801058031944,True,9,False,
group,adaptive_M3,7,2,E1,10.0,1.0472518141318803,1.047251814132,True,10,False,
group,adaptive_M3,7,2,E0,10.0,1.1041305091830866,1.104130509183,True,11,False,
group,adaptive_M3,7,2,E2,10.0,1.3736494343776686,1.373649434378,True,12,False,
group,adaptive_M3,7,2,E1,100.0,1.6566887890743527,1.656688789074,True,13,False,
group,adaptive_M3,7,2,E0,100.0,1.7510613124719638,1.751061312472,True,14,False,
group,adaptive_M3,7,2,E2,100.0,2.272872374052707,2.272872374053,True,15,False,
group,adaptive_M3_SELECTED,7,2,E0,0.1,0.6197680115106133,0.619768011511,True,1,False,
group,adaptive_M3,7,3,E2,0.1,0.5431559678215296,0.543155967822,True,1,True,
group,adaptive_M3,7,3,E1,0.1,0.5772322268055938,0.577232226806,True,2,False,
group,adaptive_M3,7,3,E0,0.1,0.5930164194581766,0.593016419458,True,3,False,
group,adaptive_M3,7,3,E2,0.01,0.5954754988012021,0.595475498801,True,4,False,
group,adaptive_M3,7,3,E0,1.0,0.6170476755828246,0.617047675583,True,5,False,
group,adaptive_M3,7,3,E1,0.01,0.6201878959790063,0.620187895979,True,6,False,
group,adaptive_M3,7,3,E0,0.01,0.6370170432084403,0.637017043208,True,7,False,
group,adaptive_M3,7,3,E1,1.0,0.6484336669697957,0.64843366697,True,8,False,
group,adaptive_M3,7,3,E2,1.0,0.6906391628224566,0.690639162822,True,9,False,
group,adaptive_M3,7,3,E0,10.0,0.8874366611019102,0.887436661102,True,10,False,
group,adaptive_M3,7,3,E1,10.0,1.0150954738466291,1.015095473847,True,11,False,
group,adaptive_M3,7,3,E2,10.0,1.1835090889198212,1.18350908892,True,12,False,
group,adaptive_M3,7,3,E0,100.0,1.4494176835114487,1.449417683511,True,13,False,
group,adaptive_M3,7,3,E2,100.0,1.8919615153248666,1.891961515325,True,14,False,
group,adaptive_M3,7,3,E1,100.0,1.8990815335813847,1.899081533581,True,15,False,
group,adaptive_M3_SELECTED,7,3,E2,0.1,0.5431559678215296,0.543155967822,True,1,False,
group,adaptive_M3,7,4,E0,0.1,0.6108281286254434,0.610828128625,True,1,True,
group,adaptive_M3,7,4,E2,0.01,0.6284828470080286,0.628482847008,True,2,False,
group,adaptive_M3,7,4,E0,0.01,0.6369468762006903,0.636946876201,True,3,False,
group,adaptive_M3,7,4,E1,0.01,0.6369702861714238,0.636970286171,True,4,False,
group,adaptive_M3,7,4,E0,1.0,0.6484491426210192,0.648449142621,True,5,False,
group,adaptive_M3,7,4,E2,0.1,0.6578449358254027,0.657844935825,True,6,False,
group,adaptive_M3,7,4,E1,0.1,0.6713769394240979,0.671376939424,True,7,False,
group,adaptive_M3,7,4,E0,10.0,0.8245030826461188,0.824503082646,True,8,False,
group,adaptive_M3,7,4,E2,1.0,0.8582540942101458,0.85825409421,True,9,False,
group,adaptive_M3,7,4,E1,1.0,0.8887711394060906,0.888771139406,True,10,False,
group,adaptive_M3,7,4,E0,100.0,1.071267056468058,1.071267056468,True,11,False,
group,adaptive_M3,7,4,E2,10.0,1.5309444003478867,1.530944400348,True,12,False,
group,adaptive_M3,7,4,E1,10.0,1.6446983147153473,1.644698314715,True,13,False,
group,adaptive_M3,7,4,E2,100.0,2.6023144317654334,2.602314431765,True,14,False,
group,adaptive_M3,7,4,E1,100.0,2.9075583966175373,2.907558396618,True,15,False,
group,adaptive_M3_SELECTED,7,4,E0,0.1,0.6108281286254434,0.610828128625,True,1,False,
group,adaptive_M3,8,0,E0,0.1,0.5828077387332835,0.582807738733,True,1,True,
group,adaptive_M3,8,0,E0,1.0,0.6005923993817884,0.600592399382,True,2,False,
group,adaptive_M3,8,0,E2,0.1,0.6120536055003863,0.6120536055,True,3,False,
group,adaptive_M3,8,0,E1,0.1,0.6124506814237274,0.612450681424,True,4,False,
group,adaptive_M3,8,0,E2,0.01,0.6169634553985294,0.616963455399,True,5,False,
group,adaptive_M3,8,0,E1,0.01,0.6252276095543697,0.625227609554,True,6,False,
group,adaptive_M3,8,0,E0,0.01,0.6321480279258294,0.632148027926,True,7,False,
group,adaptive_M3,8,0,E1,1.0,0.7697783834839832,0.769778383484,True,8,False,
group,adaptive_M3,8,0,E2,1.0,0.8304874042537232,0.830487404254,True,9,False,
group,adaptive_M3,8,0,E0,10.0,0.8527816756215353,0.852781675622,True,10,False,
group,adaptive_M3,8,0,E0,100.0,1.2464060560854733,1.246406056085,True,11,False,
group,adaptive_M3,8,0,E1,10.0,1.497542371544182,1.497542371544,True,12,False,
group,adaptive_M3,8,0,E2,10.0,1.5233148659220697,1.523314865922,True,13,False,
group,adaptive_M3,8,0,E2,100.0,2.4981715271115505,2.498171527112,True,14,False,
group,adaptive_M3,8,0,E1,100.0,2.723414540910989,2.723414540911,True,15,False,
group,adaptive_M3_SELECTED,8,0,E0,0.1,0.5828077387332835,0.582807738733,True,1,False,
group,adaptive_M3,8,1,E2,0.01,0.6395100294936797,0.639510029494,True,1,True,
group,adaptive_M3,8,1,E2,0.1,0.6410444302900272,0.64104443029,True,2,False,
group,adaptive_M3,8,1,E1,0.01,0.6551137345366731,0.655113734537,True,3,False,
group,adaptive_M3,8,1,E0,0.1,0.6568745405147236,0.656874540515,True,4,False,
group,adaptive_M3,8,1,E0,0.01,0.6595935906880471,0.659593590688,True,5,False,
group,adaptive_M3,8,1,E1,0.1,0.6653383373713851,0.665338337371,True,6,False,
group,adaptive_M3,8,1,E0,1.0,0.7003605741928007,0.700360574193,True,7,False,
group,adaptive_M3,8,1,E1,1.0,0.831496057072042,0.831496057072,True,8,False,
group,adaptive_M3,8,1,E2,1.0,0.8321152795628477,0.832115279563,True,9,False,
group,adaptive_M3,8,1,E0,10.0,0.8926780153266769,0.892678015327,True,10,False,
group,adaptive_M3,8,1,E0,100.0,1.136534171363852,1.136534171364,True,11,False,
group,adaptive_M3,8,1,E2,10.0,1.3723022361049098,1.372302236105,True,12,False,
group,adaptive_M3,8,1,E1,10.0,1.4561151267351824,1.456115126735,True,13,False,
group,adaptive_M3,8,1,E2,100.0,2.024657529298573,2.024657529299,True,14,False,
group,adaptive_M3,8,1,E1,100.0,2.7157461626639408,2.715746162664,True,15,False,
group,adaptive_M3_SELECTED,8,1,E2,0.01,0.6395100294936797,0.639510029494,True,1,False,
group,adaptive_M3,8,2,E0,0.1,0.6170732617738998,0.617073261774,True,1,True,
group,adaptive_M3,8,2,E2,0.01,0.6349577879922358,0.634957787992,True,2,False,
group,adaptive_M3,8,2,E0,0.01,0.6393721527536067,0.639372152754,True,3,False,
group,adaptive_M3,8,2,E1,0.01,0.6434613574007624,0.643461357401,True,4,False,
group,adaptive_M3,8,2,E1,0.1,0.7017472737592519,0.701747273759,True,5,False,
group,adaptive_M3,8,2,E2,0.1,0.7139977265125783,0.713997726513,True,6,False,
group,adaptive_M3,8,2,E0,1.0,0.7160185515171813,0.716018551517,True,7,False,
group,adaptive_M3,8,2,E1,1.0,0.9774933323618127,0.977493332362,True,8,False,
group,adaptive_M3,8,2,E0,10.0,1.0110588492820016,1.011058849282,True,9,False,
group,adaptive_M3,8,2,E2,1.0,1.070470567596474,1.070470567596,True,10,False,
group,adaptive_M3,8,2,E1,10.0,1.6618428841235002,1.661842884124,True,11,False,
group,adaptive_M3,8,2,E0,100.0,1.7376624497876672,1.737662449788,True,12,False,
group,adaptive_M3,8,2,E2,10.0,1.8366873303995452,1.8366873304,True,13,False,
group,adaptive_M3,8,2,E1,100.0,2.7767533938038094,2.776753393804,True,14,False,
group,adaptive_M3,8,2,E2,100.0,2.8348597020753035,2.834859702075,True,15,False,
group,adaptive_M3_SELECTED,8,2,E0,0.1,0.6170732617738998,0.617073261774,True,1,False,
group,adaptive_M3,8,3,E2,0.01,0.6522055796185885,0.652205579619,True,1,True,
group,adaptive_M3,8,3,E0,0.01,0.6618079624770004,0.661807962477,True,2,False,
group,adaptive_M3,8,3,E1,0.01,0.6689639074015858,0.668963907402,True,3,False,
group,adaptive_M3,8,3,E0,0.1,0.6858803254354043,0.685880325435,True,4,False,
group,adaptive_M3,8,3,E2,0.1,0.6940142135071811,0.694014213507,True,5,False,
group,adaptive_M3,8,3,E1,0.1,0.7219008621430275,0.721900862143,True,6,False,
group,adaptive_M3,8,3,E0,1.0,0.8144289666198723,0.81442896662,True,7,False,
group,adaptive_M3,8,3,E1,1.0,0.8822067648660286,0.882206764866,True,8,False,
group,adaptive_M3,8,3,E2,1.0,0.8923629015552063,0.892362901555,True,9,False,
group,adaptive_M3,8,3,E0,10.0,1.1400066735899985,1.14000667359,True,10,False,
group,adaptive_M3,8,3,E2,10.0,1.5241082249684355,1.524108224968,True,11,False,
group,adaptive_M3,8,3,E0,100.0,1.5572795859628423,1.557279585963,True,12,False,
group,adaptive_M3,8,3,E1,10.0,1.5912434387527823,1.591243438753,True,13,False,
group,adaptive_M3,8,3,E2,100.0,2.4827494217249906,2.482749421725,True,14,False,
group,adaptive_M3,8,3,E1,100.0,2.929128117401576,2.929128117402,True,15,False,
group,adaptive_M3_SELECTED,8,3,E2,0.01,0.6522055796185885,0.652205579619,True,1,False,
group,adaptive_M3,8,4,E2,0.1,0.6149851653985957,0.614985165399,True,1,True,
group,adaptive_M3,8,4,E0,0.1,0.6161654813447117,0.616165481345,True,2,False,
group,adaptive_M3,8,4,E2,0.01,0.6223899035421152,0.622389903542,True,3,False,
group,adaptive_M3,8,4,E1,0.1,0.634765612245863,0.634765612246,True,4,False,
group,adaptive_M3,8,4,E1,0.01,0.6380966201876962,0.638096620188,True,5,False,
group,adaptive_M3,8,4,E0,1.0,0.6453787576846285,0.645378757685,True,6,False,
group,adaptive_M3,8,4,E0,0.01,0.6455994723983574,0.645599472398,True,7,False,
group,adaptive_M3,8,4,E1,1.0,0.7849063329033253,0.784906332903,True,8,False,
group,adaptive_M3,8,4,E2,1.0,0.8174688486182065,0.817468848618,True,9,False,
group,adaptive_M3,8,4,E0,10.0,0.8341012250204256,0.83410122502,True,10,False,
group,adaptive_M3,8,4,E0,100.0,1.2274981309759925,1.227498130976,True,11,False,
group,adaptive_M3,8,4,E1,10.0,1.4110305145094109,1.411030514509,True,12,False,
group,adaptive_M3,8,4,E2,10.0,1.493068926127711,1.493068926128,True,13,False,
group,adaptive_M3,8,4,E1,100.0,2.3805254651032515,2.380525465103,True,14,False,
group,adaptive_M3,8,4,E2,100.0,2.5088985901137333,2.508898590114,True,15,False,
group,adaptive_M3_SELECTED,8,4,E2,0.1,0.6149851653985957,0.614985165399,True,1,False,
group,adaptive_M3,9,0,E2,0.1,0.6181263134941923,0.618126313494,True,1,True,
group,adaptive_M3,9,0,E2,0.01,0.6294638793310599,0.629463879331,True,2,False,
group,adaptive_M3,9,0,E0,0.1,0.6367216802510346,0.636721680251,True,3,False,
group,adaptive_M3,9,0,E1,0.01,0.6477283238826079,0.647728323883,True,4,False,
group,adaptive_M3,9,0,E1,0.1,0.6535852369636186,0.653585236964,True,5,False,
group,adaptive_M3,9,0,E0,0.01,0.654437971819131,0.654437971819,True,6,False,
group,adaptive_M3,9,0,E0,1.0,0.6782399457407519,0.678239945741,True,7,False,
group,adaptive_M3,9,0,E1,1.0,0.7676811022883958,0.767681102288,True,8,False,
group,adaptive_M3,9,0,E2,1.0,0.8015289148668053,0.801528914867,True,9,False,
group,adaptive_M3,9,0,E0,10.0,0.8919029348390627,0.891902934839,True,10,False,
group,adaptive_M3,9,0,E0,100.0,1.113889400653621,1.113889400654,True,11,False,
group,adaptive_M3,9,0,E1,10.0,1.2499493761350084,1.249949376135,True,12,False,
group,adaptive_M3,9,0,E2,10.0,1.3746222729059134,1.374622272906,True,13,False,
group,adaptive_M3,9,0,E2,100.0,2.212413105054685,2.212413105055,True,14,False,
group,adaptive_M3,9,0,E1,100.0,2.352039597543609,2.352039597544,True,15,False,
group,adaptive_M3_SELECTED,9,0,E2,0.1,0.6181263134941923,0.618126313494,True,1,False,
group,adaptive_M3,9,1,E0,0.1,0.5747496737945029,0.574749673795,True,1,True,
group,adaptive_M3,9,1,E2,0.01,0.6172780708652946,0.617278070865,True,2,False,
group,adaptive_M3,9,1,E0,1.0,0.6238520529992974,0.623852052999,True,3,False,
group,adaptive_M3,9,1,E0,0.01,0.6268107269327443,0.626810726933,True,4,False,
group,adaptive_M3,9,1,E1,0.01,0.6309391926310216,0.630939192631,True,5,False,
group,adaptive_M3,9,1,E2,0.1,0.6381105533565643,0.638110553357,True,6,False,
group,adaptive_M3,9,1,E1,0.1,0.6671163947869814,0.667116394787,True,7,False,
group,adaptive_M3,9,1,E2,1.0,0.929860763504135,0.929860763504,True,8,False,
group,adaptive_M3,9,1,E0,10.0,0.9630036219992814,0.963003621999,True,9,False,
group,adaptive_M3,9,1,E1,1.0,0.9775125157996,0.9775125158,True,10,False,
group,adaptive_M3,9,1,E1,10.0,1.498970204837895,1.498970204838,True,11,False,
group,adaptive_M3,9,1,E2,10.0,1.5575811731907063,1.557581173191,True,12,False,
group,adaptive_M3,9,1,E0,100.0,2.008473996405552,2.008473996406,True,13,False,
group,adaptive_M3,9,1,E1,100.0,2.2203737133870924,2.220373713387,True,14,False,
group,adaptive_M3,9,1,E2,100.0,2.3735516244612946,2.373551624461,True,15,False,
group,adaptive_M3_SELECTED,9,1,E0,0.1,0.5747496737945029,0.574749673795,True,1,False,
group,adaptive_M3,9,2,E2,0.01,0.6416915146727841,0.641691514673,True,1,True,
group,adaptive_M3,9,2,E0,0.1,0.6427298296538542,0.642729829654,True,2,False,
group,adaptive_M3,9,2,E1,0.01,0.6511400032929091,0.651140003293,True,3,False,
group,adaptive_M3,9,2,E0,0.01,0.6521568496134164,0.652156849613,True,4,False,
group,adaptive_M3,9,2,E2,0.1,0.6781648799157401,0.678164879916,True,5,False,
group,adaptive_M3,9,2,E1,0.1,0.6878831642643813,0.687883164264,True,6,False,
group,adaptive_M3,9,2,E0,1.0,0.7132738764007316,0.713273876401,True,7,False,
group,adaptive_M3,9,2,E0,10.0,0.9879489724293662,0.987948972429,True,8,False,
group,adaptive_M3,9,2,E1,1.0,1.001204763696015,1.001204763696,True,9,False,
group,adaptive_M3,9,2,E2,1.0,1.0239902611606606,1.023990261161,True,10,False,
group,adaptive_M3,9,2,E0,100.0,1.4504260423101203,1.45042604231,True,11,False,
group,adaptive_M3,9,2,E1,10.0,2.1759566808391932,2.175956680839,True,12,False,
group,adaptive_M3,9,2,E2,10.0,2.1789211419964976,2.178921141996,True,13,False,
group,adaptive_M3,9,2,E2,100.0,3.562923285958442,3.562923285958,True,14,False,
group,adaptive_M3,9,2,E1,100.0,3.726115645644358,3.726115645644,True,15,False,
group,adaptive_M3_SELECTED,9,2,E2,0.01,0.6416915146727841,0.641691514673,True,1,False,
group,adaptive_M3,9,3,E0,0.1,0.597036915502581,0.597036915503,True,1,True,
group,adaptive_M3,9,3,E2,0.1,0.6129607012090702,0.612960701209,True,2,False,
group,adaptive_M3,9,3,E1,0.1,0.6236608411294088,0.623660841129,True,3,False,
group,adaptive_M3,9,3,E0,1.0,0.6256193629335716,0.625619362934,True,4,False,
group,adaptive_M3,9,3,E2,0.01,0.634775374026606,0.634775374027,True,5,False,
group,adaptive_M3,9,3,E1,0.01,0.641865096041298,0.641865096041,True,6,False,
group,adaptive_M3,9,3,E0,0.01,0.6445066150289095,0.644506615029,True,7,False,
group,adaptive_M3,9,3,E2,1.0,0.6575733136130875,0.657573313613,True,8,False,
group,adaptive_M3,9,3,E1,1.0,0.6662845568876529,0.666284556888,True,9,False,
group,adaptive_M3,9,3,E0,10.0,0.9566081423510356,0.956608142351,True,10,False,
group,adaptive_M3,9,3,E2,10.0,0.9840336716260581,0.984033671626,True,11,False,
group,adaptive_M3,9,3,E1,10.0,1.045643238813643,1.045643238814,True,12,False,
group,adaptive_M3,9,3,E2,100.0,1.5450201764288174,1.545020176429,True,13,False,
group,adaptive_M3,9,3,E1,100.0,1.8550928230016464,1.855092823002,True,14,False,
group,adaptive_M3,9,3,E0,100.0,1.9054617214031584,1.905461721403,True,15,False,
group,adaptive_M3_SELECTED,9,3,E0,0.1,0.597036915502581,0.597036915503,True,1,False,
group,adaptive_M3,9,4,E2,0.1,0.6172009328354527,0.617200932835,True,1,True,
group,adaptive_M3,9,4,E2,0.01,0.6244385228490811,0.624438522849,True,2,False,
group,adaptive_M3,9,4,E0,0.1,0.6318540596104026,0.63185405961,True,3,False,
group,adaptive_M3,9,4,E1,0.01,0.6332667196588638,0.633266719659,True,4,False,
group,adaptive_M3,9,4,E0,0.01,0.6370778464321891,0.637077846432,True,5,False,
group,adaptive_M3,9,4,E1,0.1,0.6395441764866409,0.639544176487,True,6,False,
group,adaptive_M3,9,4,E2,1.0,0.6914288083164867,0.691428808316,True,7,False,
group,adaptive_M3,9,4,E0,1.0,0.7041145044598709,0.70411450446,True,8,False,
group,adaptive_M3,9,4,E1,1.0,0.7098190494608024,0.709819049461,True,9,False,
group,adaptive_M3,9,4,E0,10.0,0.9298923792359021,0.929892379236,True,10,False,
group,adaptive_M3,9,4,E2,10.0,1.0545696587425812,1.054569658743,True,11,False,
group,adaptive_M3,9,4,E1,10.0,1.1179831761699472,1.11798317617,True,12,False,
group,adaptive_M3,9,4,E0,100.0,1.6250616061651377,1.625061606165,True,13,False,
group,adaptive_M3,9,4,E2,100.0,1.6776263400796556,1.67762634008,True,14,False,
group,adaptive_M3,9,4,E1,100.0,1.9850891452610153,1.985089145261,True,15,False,
group,adaptive_M3_SELECTED,9,4,E2,0.1,0.6172009328354527,0.617200932835,True,1,False,
group,E0,0,0,E0,0.1,0.6118582045029658,0.611858204503,True,1,True,
group,E0,0,0,E0,0.01,0.6355735956945977,0.635573595695,True,2,False,
group,E0,0,0,E0,1.0,0.6829114346690122,0.682911434669,True,3,False,
group,E0,0,0,E0,10.0,0.9665416909030115,0.966541690903,True,4,False,
group,E0,0,0,E0,100.0,1.6856894714947985,1.685689471495,True,5,False,
group,E0_SELECTED,0,0,E0,0.1,0.6118582045029658,0.611858204503,True,1,False,
group,E0,0,1,E0,0.1,0.6427577898802119,0.64275778988,True,1,True,
group,E0,0,1,E0,0.01,0.652816907583252,0.652816907583,True,2,False,
group,E0,0,1,E0,1.0,0.7160098999721692,0.716009899972,True,3,False,
group,E0,0,1,E0,10.0,1.0298569689493202,1.029856968949,True,4,False,
group,E0,0,1,E0,100.0,1.839264061387042,1.839264061387,True,5,False,
group,E0_SELECTED,0,1,E0,0.1,0.6427577898802119,0.64275778988,True,1,False,
group,E0,0,2,E0,0.1,0.6405769173545959,0.640576917355,True,1,True,
group,E0,0,2,E0,0.01,0.6655285639679492,0.665528563968,True,2,False,
group,E0,0,2,E0,1.0,0.6711192991431175,0.671119299143,True,3,False,
group,E0,0,2,E0,10.0,0.8929258787893882,0.892925878789,True,4,False,
group,E0,0,2,E0,100.0,1.3501765866891802,1.350176586689,True,5,False,
group,E0_SELECTED,0,2,E0,0.1,0.6405769173545959,0.640576917355,True,1,False,
group,E0,0,3,E0,0.01,0.6545635322699331,0.65456353227,True,1,True,
group,E0,0,3,E0,0.1,0.6618447969214708,0.661844796921,True,2,False,
group,E0,0,3,E0,1.0,0.7656970894655442,0.765697089466,True,3,False,
group,E0,0,3,E0,10.0,1.0610216397611811,1.061021639761,True,4,False,
group,E0,0,3,E0,100.0,1.4739071462515625,1.473907146252,True,5,False,
group,E0_SELECTED,0,3,E0,0.01,0.6545635322699331,0.65456353227,True,1,False,
group,E0,0,4,E0,0.1,0.5755706476666961,0.575570647667,True,1,True,
group,E0,0,4,E0,1.0,0.6118933003110559,0.611893300311,True,2,False,
group,E0,0,4,E0,0.01,0.6283528417216215,0.628352841722,True,3,False,
group,E0,0,4,E0,10.0,0.8113234375792617,0.811323437579,True,4,False,
group,E0,0,4,E0,100.0,0.9907562204722835,0.990756220472,True,5,False,
group,E0_SELECTED,0,4,E0,0.1,0.5755706476666961,0.575570647667,True,1,False,
group,E0,1,0,E0,0.1,0.631062607850558,0.631062607851,True,1,True,
group,E0,1,0,E0,0.01,0.6451216219802196,0.64512162198,True,2,False,
group,E0,1,0,E0,1.0,0.7276314827807683,0.727631482781,True,3,False,
group,E0,1,0,E0,10.0,1.061996880499264,1.061996880499,True,4,False,
group,E0,1,0,E0,100.0,1.572751621070731,1.572751621071,True,5,False,
group,E0_SELECTED,1,0,E0,0.1,0.631062607850558,0.631062607851,True,1,False,
group,E0,1,1,E0,0.1,0.6098906127643737,0.609890612764,True,1,True,
group,E0,1,1,E0,0.01,0.6381665588816033,0.638166558882,True,2,False,
group,E0,1,1,E0,1.0,0.6857743509609779,0.685774350961,True,3,False,
group,E0,1,1,E0,10.0,0.910260009825845,0.910260009826,True,4,False,
group,E0,1,1,E0,100.0,1.1292270782221823,1.129227078222,True,5,False,
group,E0_SELECTED,1,1,E0,0.1,0.6098906127643737,0.609890612764,True,1,False,
group,E0,1,2,E0,0.1,0.6165226382003196,0.6165226382,True,1,True,
group,E0,1,2,E0,0.01,0.6390769598732751,0.639076959873,True,2,False,
group,E0,1,2,E0,1.0,0.7772467341086989,0.777246734109,True,3,False,
group,E0,1,2,E0,10.0,1.3833199144819641,1.383319914482,True,4,False,
group,E0,1,2,E0,100.0,2.284326349902507,2.284326349903,True,5,False,
group,E0_SELECTED,1,2,E0,0.1,0.6165226382003196,0.6165226382,True,1,False,
group,E0,1,3,E0,0.1,0.641611319526065,0.641611319526,True,1,True,
group,E0,1,3,E0,0.01,0.6459350760542152,0.645935076054,True,2,False,
group,E0,1,3,E0,1.0,0.6995638561049439,0.699563856105,True,3,False,
group,E0,1,3,E0,10.0,0.8443212650615237,0.844321265062,True,4,False,
group,E0,1,3,E0,100.0,0.968268190560175,0.96826819056,True,5,False,
group,E0_SELECTED,1,3,E0,0.1,0.641611319526065,0.641611319526,True,1,False,
group,E0,1,4,E0,0.1,0.6000581744948673,0.600058174495,True,1,True,
group,E0,1,4,E0,0.01,0.6382967467369746,0.638296746737,True,2,False,
group,E0,1,4,E0,1.0,0.6474857930189265,0.647485793019,True,3,False,
group,E0,1,4,E0,10.0,0.7954039034328683,0.795403903433,True,4,False,
group,E0,1,4,E0,100.0,1.0705554860368571,1.070555486037,True,5,False,
group,E0_SELECTED,1,4,E0,0.1,0.6000581744948673,0.600058174495,True,1,False,
group,E0,2,0,E0,0.1,0.5941391146586131,0.594139114659,True,1,True,
group,E0,2,0,E0,0.01,0.6360326386593002,0.636032638659,True,2,False,
group,E0,2,0,E0,1.0,0.6416531224995141,0.6416531225,True,3,False,
group,E0,2,0,E0,10.0,0.968114765301561,0.968114765302,True,4,False,
group,E0,2,0,E0,100.0,1.7616617810686126,1.761661781069,True,5,False,
group,E0_SELECTED,2,0,E0,0.1,0.5941391146586131,0.594139114659,True,1,False,
group,E0,2,1,E0,0.1,0.6109543064246569,0.610954306425,True,1,True,
group,E0,2,1,E0,0.01,0.6453067577526308,0.645306757753,True,2,False,
group,E0,2,1,E0,1.0,0.6739103995147953,0.673910399515,True,3,False,
group,E0,2,1,E0,10.0,0.9888247271713091,0.988824727171,True,4,False,
group,E0,2,1,E0,100.0,1.7229285326380335,1.722928532638,True,5,False,
group,E0_SELECTED,2,1,E0,0.1,0.6109543064246569,0.610954306425,True,1,False,
group,E0,2,2,E0,0.1,0.6105243452324101,0.610524345232,True,1,True,
group,E0,2,2,E0,0.01,0.649714375639055,0.649714375639,True,2,False,
group,E0,2,2,E0,1.0,0.701209290013374,0.701209290013,True,3,False,
group,E0,2,2,E0,10.0,0.9792359394348142,0.979235939435,True,4,False,
group,E0,2,2,E0,100.0,1.2936948756617288,1.293694875662,True,5,False,
group,E0_SELECTED,2,2,E0,0.1,0.6105243452324101,0.610524345232,True,1,False,
group,E0,2,3,E0,0.01,0.666205414947574,0.666205414948,True,1,True,
group,E0,2,3,E0,0.1,0.6951549582382596,0.695154958238,True,2,False,
group,E0,2,3,E0,1.0,0.8270490701132187,0.827049070113,True,3,False,
group,E0,2,3,E0,10.0,1.137058273625767,1.137058273626,True,4,False,
group,E0,2,3,E0,100.0,1.6261550595439973,1.626155059544,True,5,False,
group,E0_SELECTED,2,3,E0,0.01,0.666205414947574,0.666205414948,True,1,False,
group,E0,2,4,E0,0.1,0.6310034770014433,0.631003477001,True,1,True,
group,E0,2,4,E0,0.01,0.6459900924726871,0.645990092473,True,2,False,
group,E0,2,4,E0,1.0,0.7096494811390086,0.709649481139,True,3,False,
group,E0,2,4,E0,10.0,1.0312558281963358,1.031255828196,True,4,False,
group,E0,2,4,E0,100.0,1.6048498535080136,1.604849853508,True,5,False,
group,E0_SELECTED,2,4,E0,0.1,0.6310034770014433,0.631003477001,True,1,False,
group,E0,3,0,E0,0.1,0.6389310719914064,0.638931071991,True,1,True,
group,E0,3,0,E0,0.01,0.6508273489656454,0.650827348966,True,2,False,
group,E0,3,0,E0,1.0,0.7073314075920889,0.707331407592,True,3,False,
group,E0,3,0,E0,10.0,0.9667307458214571,0.966730745821,True,4,False,
group,E0,3,0,E0,100.0,1.2413659045904823,1.24136590459,True,5,False,
group,E0_SELECTED,3,0,E0,0.1,0.6389310719914064,0.638931071991,True,1,False,
group,E0,3,1,E0,0.01,0.6591066250773947,0.659106625077,True,1,True,
group,E0,3,1,E0,0.1,0.6635858641962812,0.663585864196,True,2,False,
group,E0,3,1,E0,1.0,0.8243689434441404,0.824368943444,True,3,False,
group,E0,3,1,E0,10.0,1.2428409047722342,1.242840904772,True,4,False,
group,E0,3,1,E0,100.0,1.9402838748146516,1.940283874815,True,5,False,
group,E0_SELECTED,3,1,E0,0.01,0.6591066250773947,0.659106625077,True,1,False,
group,E0,3,2,E0,0.1,0.5809717939160414,0.580971793916,True,1,True,
group,E0,3,2,E0,0.01,0.6412557186454954,0.641255718645,True,2,False,
group,E0,3,2,E0,1.0,0.6556057020906045,0.655605702091,True,3,False,
group,E0,3,2,E0,10.0,1.0079318738852905,1.007931873885,True,4,False,
group,E0,3,2,E0,100.0,1.5456575274163633,1.545657527416,True,5,False,
group,E0_SELECTED,3,2,E0,0.1,0.5809717939160414,0.580971793916,True,1,False,
group,E0,3,3,E0,0.01,0.6457952423397343,0.64579524234,True,1,True,
group,E0,3,3,E0,0.1,0.6490595499564555,0.649059549956,True,2,False,
group,E0,3,3,E0,1.0,0.7434715891564673,0.743471589156,True,3,False,
group,E0,3,3,E0,10.0,0.9618324060904095,0.96183240609,True,4,False,
group,E0,3,3,E0,100.0,1.264854198772493,1.264854198772,True,5,False,
group,E0_SELECTED,3,3,E0,0.01,0.6457952423397343,0.64579524234,True,1,False,
group,E0,3,4,E0,0.1,0.5921420513115897,0.592142051312,True,1,True,
group,E0,3,4,E0,0.01,0.6248255837880556,0.624825583788,True,2,False,
group,E0,3,4,E0,1.0,0.6281209590082882,0.628120959008,True,3,False,
group,E0,3,4,E0,10.0,0.8216004342139643,0.821600434214,True,4,False,
group,E0,3,4,E0,100.0,1.330816189781554,1.330816189782,True,5,False,
group,E0_SELECTED,3,4,E0,0.1,0.5921420513115897,0.592142051312,True,1,False,
group,E0,4,0,E0,0.1,0.6154393831548056,0.615439383155,True,1,True,
group,E0,4,0,E0,0.01,0.6375322197884995,0.637532219788,True,2,False,
group,E0,4,0,E0,1.0,0.704118369409752,0.70411836941,True,3,False,
group,E0,4,0,E0,10.0,1.0233636682495675,1.02336366825,True,4,False,
group,E0,4,0,E0,100.0,1.3152925082484195,1.315292508248,True,5,False,
group,E0_SELECTED,4,0,E0,0.1,0.6154393831548056,0.615439383155,True,1,False,
group,E0,4,1,E0,0.1,0.6216176319951727,0.621617631995,True,1,True,
group,E0,4,1,E0,0.01,0.6462382228591904,0.646238222859,True,2,False,
group,E0,4,1,E0,1.0,0.7180968324458632,0.718096832446,True,3,False,
group,E0,4,1,E0,10.0,1.0220566142542022,1.022056614254,True,4,False,
group,E0,4,1,E0,100.0,1.6426658274691677,1.642665827469,True,5,False,
group,E0_SELECTED,4,1,E0,0.1,0.6216176319951727,0.621617631995,True,1,False,
group,E0,4,2,E0,0.01,0.6476710386203345,0.64767103862,True,1,True,
group,E0,4,2,E0,0.1,0.6685020840317136,0.668502084032,True,2,False,
group,E0,4,2,E0,1.0,0.8597162613332422,0.859716261333,True,3,False,
group,E0,4,2,E0,10.0,1.3134198330114755,1.313419833011,True,4,False,
group,E0,4,2,E0,100.0,1.9541498239140263,1.954149823914,True,5,False,
group,E0_SELECTED,4,2,E0,0.01,0.6476710386203345,0.64767103862,True,1,False,
group,E0,4,3,E0,0.1,0.6100832660911222,0.610083266091,True,1,True,
group,E0,4,3,E0,0.01,0.6428228165721992,0.642822816572,True,2,False,
group,E0,4,3,E0,1.0,0.6460499076028832,0.646049907603,True,3,False,
group,E0,4,3,E0,10.0,0.7192245563940929,0.719224556394,True,4,False,
group,E0,4,3,E0,100.0,0.8779748241808069,0.877974824181,True,5,False,
group,E0_SELECTED,4,3,E0,0.1,0.6100832660911222,0.610083266091,True,1,False,
group,E0,4,4,E0,0.1,0.6487161916598265,0.64871619166,True,1,True,
group,E0,4,4,E0,0.01,0.6598329619636346,0.659832961964,True,2,False,
group,E0,4,4,E0,1.0,0.7081788358328873,0.708178835833,True,3,False,
group,E0,4,4,E0,10.0,0.9638072506083276,0.963807250608,True,4,False,
group,E0,4,4,E0,100.0,1.4339542143600623,1.43395421436,True,5,False,
group,E0_SELECTED,4,4,E0,0.1,0.6487161916598265,0.64871619166,True,1,False,
group,E0,5,0,E0,0.1,0.6389512674422066,0.638951267442,True,1,True,
group,E0,5,0,E0,0.01,0.6492612018077942,0.649261201808,True,2,False,
group,E0,5,0,E0,1.0,0.6558146751298423,0.65581467513,True,3,False,
group,E0,5,0,E0,10.0,0.8413807849990651,0.841380784999,True,4,False,
group,E0,5,0,E0,100.0,1.535440666923606,1.535440666924,True,5,False,
group,E0_SELECTED,5,0,E0,0.1,0.6389512674422066,0.638951267442,True,1,False,
group,E0,5,1,E0,0.1,0.5652866087362562,0.565286608736,True,1,True,
group,E0,5,1,E0,0.01,0.630624683064707,0.630624683065,True,2,False,
group,E0,5,1,E0,1.0,0.6353575321338691,0.635357532134,True,3,False,
group,E0,5,1,E0,10.0,0.9162313329543873,0.916231332954,True,4,False,
group,E0,5,1,E0,100.0,1.1871322661092445,1.187132266109,True,5,False,
group,E0_SELECTED,5,1,E0,0.1,0.5652866087362562,0.565286608736,True,1,False,
group,E0,5,2,E0,0.1,0.6117773025643266,0.611777302564,True,1,True,
group,E0,5,2,E0,0.01,0.6326608846528513,0.632660884653,True,2,False,
group,E0,5,2,E0,1.0,0.7280294832856989,0.728029483286,True,3,False,
group,E0,5,2,E0,10.0,0.9897294452293474,0.989729445229,True,4,False,
group,E0,5,2,E0,100.0,1.5030174371217353,1.503017437122,True,5,False,
group,E0_SELECTED,5,2,E0,0.1,0.6117773025643266,0.611777302564,True,1,False,
group,E0,5,3,E0,0.1,0.6489388955469484,0.648938895547,True,1,True,
group,E0,5,3,E0,0.01,0.6629733214245161,0.662973321425,True,2,False,
group,E0,5,3,E0,1.0,0.6936824179285669,0.693682417929,True,3,False,
group,E0,5,3,E0,10.0,0.8897261475517743,0.889726147552,True,4,False,
group,E0,5,3,E0,100.0,1.2505517760701914,1.25055177607,True,5,False,
group,E0_SELECTED,5,3,E0,0.1,0.6489388955469484,0.648938895547,True,1,False,
group,E0,5,4,E0,0.1,0.6117697967363349,0.611769796736,True,1,True,
group,E0,5,4,E0,0.01,0.6363246365082748,0.636324636508,True,2,False,
group,E0,5,4,E0,1.0,0.6527824007769264,0.652782400777,True,3,False,
group,E0,5,4,E0,10.0,0.8779156939527994,0.877915693953,True,4,False,
group,E0,5,4,E0,100.0,1.2095270157583495,1.209527015758,True,5,False,
group,E0_SELECTED,5,4,E0,0.1,0.6117697967363349,0.611769796736,True,1,False,
group,E0,6,0,E0,0.01,0.6482343641264112,0.648234364126,True,1,True,
group,E0,6,0,E0,0.1,0.6732046350731306,0.673204635073,True,2,False,
group,E0,6,0,E0,1.0,0.8199050075343779,0.819905007534,True,3,False,
group,E0,6,0,E0,10.0,1.1570430177259168,1.157043017726,True,4,False,
group,E0,6,0,E0,100.0,1.6919032133212688,1.691903213321,True,5,False,
group,E0_SELECTED,6,0,E0,0.01,0.6482343641264112,0.648234364126,True,1,False,
group,E0,6,1,E0,0.1,0.6160968757308525,0.616096875731,True,1,True,
group,E0,6,1,E0,0.01,0.6434041852703818,0.64340418527,True,2,False,
group,E0,6,1,E0,1.0,0.6971442662287858,0.697144266229,True,3,False,
group,E0,6,1,E0,10.0,1.037420422712625,1.037420422713,True,4,False,
group,E0,6,1,E0,100.0,1.4095195411228407,1.409519541123,True,5,False,
group,E0_SELECTED,6,1,E0,0.1,0.6160968757308525,0.616096875731,True,1,False,
group,E0,6,2,E0,0.01,0.658676262808732,0.658676262809,True,1,True,
group,E0,6,2,E0,0.1,0.6814705325381232,0.681470532538,True,2,False,
group,E0,6,2,E0,1.0,0.7884746993376799,0.788474699338,True,3,False,
group,E0,6,2,E0,10.0,1.0493986764848156,1.049398676485,True,4,False,
group,E0,6,2,E0,100.0,1.3053940030110547,1.305394003011,True,5,False,
group,E0_SELECTED,6,2,E0,0.01,0.658676262808732,0.658676262809,True,1,False,
group,E0,6,3,E0,0.1,0.5583050985354678,0.558305098535,True,1,True,
group,E0,6,3,E0,1.0,0.5772356387418515,0.577235638742,True,2,False,
group,E0,6,3,E0,0.01,0.6297937424113722,0.629793742411,True,3,False,
group,E0,6,3,E0,10.0,0.814327184089742,0.81432718409,True,4,False,
group,E0,6,3,E0,100.0,1.2239858230878078,1.223985823088,True,5,False,
group,E0_SELECTED,6,3,E0,0.1,0.5583050985354678,0.558305098535,True,1,False,
group,E0,6,4,E0,0.1,0.6466760560901158,0.64667605609,True,1,True,
group,E0,6,4,E0,1.0,0.6525513390748225,0.652551339075,True,2,False,
group,E0,6,4,E0,0.01,0.6577029992358068,0.657702999236,True,3,False,
group,E0,6,4,E0,10.0,0.9398805153068517,0.939880515307,True,4,False,
group,E0,6,4,E0,100.0,1.7425915753988617,1.742591575399,True,5,False,
group,E0_SELECTED,6,4,E0,0.1,0.6466760560901158,0.64667605609,True,1,False,
group,E0,7,0,E0,0.1,0.6398145217748736,0.639814521775,True,1,True,
group,E0,7,0,E0,0.01,0.6607591131201399,0.66075911312,True,2,False,
group,E0,7,0,E0,1.0,0.6691066951817563,0.669106695182,True,3,False,
group,E0,7,0,E0,10.0,0.84599822974848,0.845998229748,True,4,False,
group,E0,7,0,E0,100.0,1.5317733886300866,1.53177338863,True,5,False,
group,E0_SELECTED,7,0,E0,0.1,0.6398145217748736,0.639814521775,True,1,False,
group,E0,7,1,E0,0.01,0.6552699080413542,0.655269908041,True,1,True,
group,E0,7,1,E0,0.1,0.6737041629984154,0.673704162998,True,2,False,
group,E0,7,1,E0,1.0,0.8398042966019161,0.839804296602,True,3,False,
group,E0,7,1,E0,10.0,1.166623719262414,1.166623719262,True,4,False,
group,E0,7,1,E0,100.0,1.8104789594891895,1.810478959489,True,5,False,
group,E0_SELECTED,7,1,E0,0.01,0.6552699080413542,0.655269908041,True,1,False,
group,E0,7,2,E0,0.1,0.6197680115106133,0.619768011511,True,1,True,
group,E0,7,2,E0,0.01,0.6496713252854296,0.649671325285,True,2,False,
group,E0,7,2,E0,1.0,0.6994305820946853,0.699430582095,True,3,False,
group,E0,7,2,E0,10.0,1.1041305091830866,1.104130509183,True,4,False,
group,E0,7,2,E0,100.0,1.7510613124719638,1.751061312472,True,5,False,
group,E0_SELECTED,7,2,E0,0.1,0.6197680115106133,0.619768011511,True,1,False,
group,E0,7,3,E0,0.1,0.5930164194581766,0.593016419458,True,1,True,
group,E0,7,3,E0,1.0,0.6170476755828246,0.617047675583,True,2,False,
group,E0,7,3,E0,0.01,0.6370170432084403,0.637017043208,True,3,False,
group,E0,7,3,E0,10.0,0.8874366611019102,0.887436661102,True,4,False,
group,E0,7,3,E0,100.0,1.4494176835114487,1.449417683511,True,5,False,
group,E0_SELECTED,7,3,E0,0.1,0.5930164194581766,0.593016419458,True,1,False,
group,E0,7,4,E0,0.1,0.6108281286254434,0.610828128625,True,1,True,
group,E0,7,4,E0,0.01,0.6369468762006903,0.636946876201,True,2,False,
group,E0,7,4,E0,1.0,0.6484491426210192,0.648449142621,True,3,False,
group,E0,7,4,E0,10.0,0.8245030826461188,0.824503082646,True,4,False,
group,E0,7,4,E0,100.0,1.071267056468058,1.071267056468,True,5,False,
group,E0_SELECTED,7,4,E0,0.1,0.6108281286254434,0.610828128625,True,1,False,
group,E0,8,0,E0,0.1,0.5828077387332835,0.582807738733,True,1,True,
group,E0,8,0,E0,1.0,0.6005923993817884,0.600592399382,True,2,False,
group,E0,8,0,E0,0.01,0.6321480279258294,0.632148027926,True,3,False,
group,E0,8,0,E0,10.0,0.8527816756215353,0.852781675622,True,4,False,
group,E0,8,0,E0,100.0,1.2464060560854733,1.246406056085,True,5,False,
group,E0_SELECTED,8,0,E0,0.1,0.5828077387332835,0.582807738733,True,1,False,
group,E0,8,1,E0,0.1,0.6568745405147236,0.656874540515,True,1,True,
group,E0,8,1,E0,0.01,0.6595935906880471,0.659593590688,True,2,False,
group,E0,8,1,E0,1.0,0.7003605741928007,0.700360574193,True,3,False,
group,E0,8,1,E0,10.0,0.8926780153266769,0.892678015327,True,4,False,
group,E0,8,1,E0,100.0,1.136534171363852,1.136534171364,True,5,False,
group,E0_SELECTED,8,1,E0,0.1,0.6568745405147236,0.656874540515,True,1,False,
group,E0,8,2,E0,0.1,0.6170732617738998,0.617073261774,True,1,True,
group,E0,8,2,E0,0.01,0.6393721527536067,0.639372152754,True,2,False,
group,E0,8,2,E0,1.0,0.7160185515171813,0.716018551517,True,3,False,
group,E0,8,2,E0,10.0,1.0110588492820016,1.011058849282,True,4,False,
group,E0,8,2,E0,100.0,1.7376624497876672,1.737662449788,True,5,False,
group,E0_SELECTED,8,2,E0,0.1,0.6170732617738998,0.617073261774,True,1,False,
group,E0,8,3,E0,0.01,0.6618079624770004,0.661807962477,True,1,True,
group,E0,8,3,E0,0.1,0.6858803254354043,0.685880325435,True,2,False,
group,E0,8,3,E0,1.0,0.8144289666198723,0.81442896662,True,3,False,
group,E0,8,3,E0,10.0,1.1400066735899985,1.14000667359,True,4,False,
group,E0,8,3,E0,100.0,1.5572795859628423,1.557279585963,True,5,False,
group,E0_SELECTED,8,3,E0,0.01,0.6618079624770004,0.661807962477,True,1,False,
group,E0,8,4,E0,0.1,0.6161654813447117,0.616165481345,True,1,True,
group,E0,8,4,E0,1.0,0.6453787576846285,0.645378757685,True,2,False,
group,E0,8,4,E0,0.01,0.6455994723983574,0.645599472398,True,3,False,
group,E0,8,4,E0,10.0,0.8341012250204256,0.83410122502,True,4,False,
group,E0,8,4,E0,100.0,1.2274981309759925,1.227498130976,True,5,False,
group,E0_SELECTED,8,4,E0,0.1,0.6161654813447117,0.616165481345,True,1,False,
group,E0,9,0,E0,0.1,0.6367216802510346,0.636721680251,True,1,True,
group,E0,9,0,E0,0.01,0.654437971819131,0.654437971819,True,2,False,
group,E0,9,0,E0,1.0,0.6782399457407519,0.678239945741,True,3,False,
group,E0,9,0,E0,10.0,0.8919029348390627,0.891902934839,True,4,False,
group,E0,9,0,E0,100.0,1.113889400653621,1.113889400654,True,5,False,
group,E0_SELECTED,9,0,E0,0.1,0.6367216802510346,0.636721680251,True,1,False,
group,E0,9,1,E0,0.1,0.5747496737945029,0.574749673795,True,1,True,
group,E0,9,1,E0,1.0,0.6238520529992974,0.623852052999,True,2,False,
group,E0,9,1,E0,0.01,0.6268107269327443,0.626810726933,True,3,False,
group,E0,9,1,E0,10.0,0.9630036219992814,0.963003621999,True,4,False,
group,E0,9,1,E0,100.0,2.008473996405552,2.008473996406,True,5,False,
group,E0_SELECTED,9,1,E0,0.1,0.5747496737945029,0.574749673795,True,1,False,
group,E0,9,2,E0,0.1,0.6427298296538542,0.642729829654,True,1,True,
group,E0,9,2,E0,0.01,0.6521568496134164,0.652156849613,True,2,False,
group,E0,9,2,E0,1.0,0.7132738764007316,0.713273876401,True,3,False,
group,E0,9,2,E0,10.0,0.9879489724293662,0.987948972429,True,4,False,
group,E0,9,2,E0,100.0,1.4504260423101203,1.45042604231,True,5,False,
group,E0_SELECTED,9,2,E0,0.1,0.6427298296538542,0.642729829654,True,1,False,
group,E0,9,3,E0,0.1,0.597036915502581,0.597036915503,True,1,True,
group,E0,9,3,E0,1.0,0.6256193629335716,0.625619362934,True,2,False,
group,E0,9,3,E0,0.01,0.6445066150289095,0.644506615029,True,3,False,
group,E0,9,3,E0,10.0,0.9566081423510356,0.956608142351,True,4,False,
group,E0,9,3,E0,100.0,1.9054617214031584,1.905461721403,True,5,False,
group,E0_SELECTED,9,3,E0,0.1,0.597036915502581,0.597036915503,True,1,False,
group,E0,9,4,E0,0.1,0.6318540596104026,0.63185405961,True,1,True,
group,E0,9,4,E0,0.01,0.6370778464321891,0.637077846432,True,2,False,
group,E0,9,4,E0,1.0,0.7041145044598709,0.70411450446,True,3,False,
group,E0,9,4,E0,10.0,0.9298923792359021,0.929892379236,True,4,False,
group,E0,9,4,E0,100.0,1.6250616061651377,1.625061606165,True,5,False,
group,E0_SELECTED,9,4,E0,0.1,0.6318540596104026,0.63185405961,True,1,False,
group,E1,0,0,E1,0.01,0.6462415351684854,0.646241535168,True,1,True,
group,E1,0,0,E1,0.1,0.683533920901639,0.683533920902,True,2,False,
group,E1,0,0,E1,1.0,0.8288625003207577,0.828862500321,True,3,False,
group,E1,0,0,E1,10.0,1.3578346681141606,1.357834668114,True,4,False,
group,E1,0,0,E1,100.0,2.510419322891501,2.510419322892,True,5,False,
group,E1_SELECTED,0,0,E1,0.01,0.6462415351684854,0.646241535168,True,1,False,
group,E1,0,1,E1,0.01,0.6533652046251388,0.653365204625,True,1,True,
group,E1,0,1,E1,0.1,0.6730933700650525,0.673093370065,True,2,False,
group,E1,0,1,E1,1.0,0.7771528120283251,0.777152812028,True,3,False,
group,E1,0,1,E1,10.0,1.165009726158418,1.165009726158,True,4,False,
group,E1,0,1,E1,100.0,1.9959629066917188,1.995962906692,True,5,False,
group,E1_SELECTED,0,1,E1,0.01,0.6533652046251388,0.653365204625,True,1,False,
group,E1,0,2,E1,0.1,0.6458793420048742,0.645879342005,True,1,True,
group,E1,0,2,E1,0.01,0.6512107519400837,0.65121075194,True,2,False,
group,E1,0,2,E1,1.0,0.8109028946776569,0.810902894678,True,3,False,
group,E1,0,2,E1,10.0,1.4485708339211825,1.448570833921,True,4,False,
group,E1,0,2,E1,100.0,2.680277556574699,2.680277556575,True,5,False,
group,E1_SELECTED,0,2,E1,0.1,0.6458793420048742,0.645879342005,True,1,False,
group,E1,0,3,E1,0.01,0.6567931788224799,0.656793178822,True,1,True,
group,E1,0,3,E1,0.1,0.7213491775498493,0.72134917755,True,2,False,
group,E1,0,3,E1,1.0,1.0396629367813062,1.039662936781,True,3,False,
group,E1,0,3,E1,10.0,2.1796342170207312,2.179634217021,True,4,False,
group,E1,0,3,E1,100.0,3.740659799937349,3.740659799937,True,5,False,
group,E1_SELECTED,0,3,E1,0.01,0.6567931788224799,0.656793178822,True,1,False,
group,E1,0,4,E1,0.01,0.6287224606290199,0.628722460629,True,1,True,
group,E1,0,4,E1,0.1,0.6523241618544012,0.652324161854,True,2,False,
group,E1,0,4,E1,1.0,0.9021871645225978,0.902187164523,True,3,False,
group,E1,0,4,E1,10.0,1.7040437950782905,1.704043795078,True,4,False,
group,E1,0,4,E1,100.0,3.048472601591644,3.048472601592,True,5,False,
group,E1_SELECTED,0,4,E1,0.01,0.6287224606290199,0.628722460629,True,1,False,
group,E1,1,0,E1,0.01,0.6504735879369755,0.650473587937,True,1,True,
group,E1,1,0,E1,0.1,0.7175704466227032,0.717570446623,True,2,False,
group,E1,1,0,E1,1.0,1.0381077079201708,1.03810770792,True,3,False,
group,E1,1,0,E1,10.0,1.894636068308162,1.894636068308,True,4,False,
group,E1,1,0,E1,100.0,2.980819391361882,2.980819391362,True,5,False,
group,E1_SELECTED,1,0,E1,0.01,0.6504735879369755,0.650473587937,True,1,False,
group,E1,1,1,E1,0.01,0.6363485310120586,0.636348531012,True,1,True,
group,E1,1,1,E1,0.1,0.6577128086888284,0.657712808689,True,2,False,
group,E1,1,1,E1,1.0,0.8422870191761093,0.842287019176,True,3,False,
group,E1,1,1,E1,10.0,1.3635245741090456,1.363524574109,True,4,False,
group,E1,1,1,E1,100.0,2.3995477554062408,2.399547755406,True,5,False,
group,E1_SELECTED,1,1,E1,0.01,0.6363485310120586,0.636348531012,True,1,False,
group,E1,1,2,E1,0.1,0.6222444610294902,0.622244461029,True,1,True,
group,E1,1,2,E1,0.01,0.6318085928283389,0.631808592828,True,2,False,
group,E1,1,2,E1,1.0,0.816686995685716,0.816686995686,True,3,False,
group,E1,1,2,E1,10.0,1.54875926285374,1.548759262854,True,4,False,
group,E1,1,2,E1,100.0,3.1026705782597244,3.10267057826,True,5,False,
group,E1_SELECTED,1,2,E1,0.1,0.6222444610294902,0.622244461029,True,1,False,
group,E1,1,3,E1,0.01,0.6394134095690507,0.639413409569,True,1,True,
group,E1,1,3,E1,0.1,0.6596024223857998,0.659602422386,True,2,False,
group,E1,1,3,E1,1.0,0.7978734189192667,0.797873418919,True,3,False,
group,E1,1,3,E1,10.0,1.1887816725700142,1.18878167257,True,4,False,
group,E1,1,3,E1,100.0,2.05020913314825,2.050209133148,True,5,False,
group,E1_SELECTED,1,3,E1,0.01,0.6394134095690507,0.639413409569,True,1,False,
group,E1,1,4,E1,0.1,0.6110863396691496,0.611086339669,True,1,True,
group,E1,1,4,E1,0.01,0.6334753747513783,0.633475374751,True,2,False,
group,E1,1,4,E1,1.0,0.7634833448020989,0.763483344802,True,3,False,
group,E1,1,4,E1,10.0,1.3167087392674368,1.316708739267,True,4,False,
group,E1,1,4,E1,100.0,2.4334706258013195,2.433470625801,True,5,False,
group,E1_SELECTED,1,4,E1,0.1,0.6110863396691496,0.611086339669,True,1,False,
group,E1,2,0,E1,0.1,0.5671275153116214,0.567127515312,True,1,True,
group,E1,2,0,E1,0.01,0.6186220288210386,0.618622028821,True,2,False,
group,E1,2,0,E1,1.0,0.6203203852178291,0.620320385218,True,3,False,
group,E1,2,0,E1,10.0,1.0032313411091855,1.003231341109,True,4,False,
group,E1,2,0,E1,100.0,1.8709590120172002,1.870959012017,True,5,False,
group,E1_SELECTED,2,0,E1,0.1,0.5671275153116214,0.567127515312,True,1,False,
group,E1,2,1,E1,0.01,0.6460073793540052,0.646007379354,True,1,True,
group,E1,2,1,E1,0.1,0.652762636209671,0.65276263621,True,2,False,
group,E1,2,1,E1,1.0,0.7361412425940117,0.736141242594,True,3,False,
group,E1,2,1,E1,10.0,1.1369172680639776,1.136917268064,True,4,False,
group,E1,2,1,E1,100.0,1.9685715798865653,1.968571579887,True,5,False,
group,E1_SELECTED,2,1,E1,0.01,0.6460073793540052,0.646007379354,True,1,False,
group,E1,2,2,E1,0.01,0.6518605989074617,0.651860598907,True,1,True,
group,E1,2,2,E1,0.1,0.663285014250221,0.66328501425,True,2,False,
group,E1,2,2,E1,1.0,0.9059845002960426,0.905984500296,True,3,False,
group,E1,2,2,E1,10.0,1.6016352188635734,1.601635218864,True,4,False,
group,E1,2,2,E1,100.0,2.820127519698943,2.820127519699,True,5,False,
group,E1_SELECTED,2,2,E1,0.01,0.6518605989074617,0.651860598907,True,1,False,
group,E1,2,3,E1,0.01,0.6711138283550826,0.671113828355,True,1,True,
group,E1,2,3,E1,0.1,0.7370569388503275,0.73705693885,True,2,False,
group,E1,2,3,E1,1.0,0.9462386436030105,0.946238643603,True,3,False,
group,E1,2,3,E1,10.0,1.5929041945282891,1.592904194528,True,4,False,
group,E1,2,3,E1,100.0,3.0600423310020277,3.060042331002,True,5,False,
group,E1_SELECTED,2,3,E1,0.01,0.6711138283550826,0.671113828355,True,1,False,
group,E1,2,4,E1,0.01,0.6374967902970973,0.637496790297,True,1,True,
group,E1,2,4,E1,0.1,0.6780270211611618,0.678027021161,True,2,False,
group,E1,2,4,E1,1.0,0.8947313022562238,0.894731302256,True,3,False,
group,E1,2,4,E1,10.0,1.4655038091108235,1.465503809111,True,4,False,
group,E1,2,4,E1,100.0,2.5689957766307474,2.568995776631,True,5,False,
group,E1_SELECTED,2,4,E1,0.01,0.6374967902970973,0.637496790297,True,1,False,
group,E1,3,0,E1,0.01,0.6485039904208751,0.648503990421,True,1,True,
group,E1,3,0,E1,0.1,0.6835717775834782,0.683571777583,True,2,False,
group,E1,3,0,E1,1.0,0.899745531427647,0.899745531428,True,3,False,
group,E1,3,0,E1,10.0,1.749810404640635,1.749810404641,True,4,False,
group,E1,3,0,E1,100.0,3.670480114035551,3.670480114036,True,5,False,
group,E1_SELECTED,3,0,E1,0.01,0.6485039904208751,0.648503990421,True,1,False,
group,E1,3,1,E1,0.01,0.6645317677688757,0.664531767769,True,1,True,
group,E1,3,1,E1,0.1,0.7232197305173788,0.723219730517,True,2,False,
group,E1,3,1,E1,1.0,1.054423746119542,1.05442374612,True,3,False,
group,E1,3,1,E1,10.0,2.0552705814499883,2.05527058145,True,4,False,
group,E1,3,1,E1,100.0,3.4288329163843114,3.428832916384,True,5,False,
group,E1_SELECTED,3,1,E1,0.01,0.6645317677688757,0.664531767769,True,1,False,
group,E1,3,2,E1,0.1,0.619644252788648,0.619644252789,True,1,True,
group,E1,3,2,E1,0.01,0.6398279076376824,0.639827907638,True,2,False,
group,E1,3,2,E1,1.0,0.7837117037597008,0.78371170376,True,3,False,
group,E1,3,2,E1,10.0,1.4366643612998822,1.4366643613,True,4,False,
group,E1,3,2,E1,100.0,2.5430572491078998,2.543057249108,True,5,False,
group,E1_SELECTED,3,2,E1,0.1,0.619644252788648,0.619644252789,True,1,False,
group,E1,3,3,E1,0.01,0.6480930442959314,0.648093044296,True,1,True,
group,E1,3,3,E1,0.1,0.695589607533623,0.695589607534,True,2,False,
group,E1,3,3,E1,1.0,0.9165326829040132,0.916532682904,True,3,False,
group,E1,3,3,E1,10.0,1.7865563245122436,1.786556324512,True,4,False,
group,E1,3,3,E1,100.0,3.7743192424356145,3.774319242436,True,5,False,
group,E1_SELECTED,3,3,E1,0.01,0.6480930442959314,0.648093044296,True,1,False,
group,E1,3,4,E1,0.01,0.6244813202872694,0.624481320287,True,1,True,
group,E1,3,4,E1,0.1,0.6427592892316397,0.642759289232,True,2,False,
group,E1,3,4,E1,1.0,0.7136569558050305,0.713656955805,True,3,False,
group,E1,3,4,E1,10.0,0.9301060709159211,0.930106070916,True,4,False,
group,E1,3,4,E1,100.0,1.6723367504418154,1.672336750442,True,5,False,
group,E1_SELECTED,3,4,E1,0.01,0.6244813202872694,0.624481320287,True,1,False,
group,E1,4,0,E1,0.1,0.5792290912085483,0.579229091209,True,1,True,
group,E1,4,0,E1,0.01,0.6207205621668079,0.620720562167,True,2,False,
group,E1,4,0,E1,1.0,0.68161015892378,0.681610158924,True,3,False,
group,E1,4,0,E1,10.0,1.2248896289164781,1.224889628916,True,4,False,
group,E1,4,0,E1,100.0,2.125109700665444,2.125109700665,True,5,False,
group,E1_SELECTED,4,0,E1,0.1,0.5792290912085483,0.579229091209,True,1,False,
group,E1,4,1,E1,0.01,0.6492944092695578,0.64929440927,True,1,True,
group,E1,4,1,E1,0.1,0.6513658330615123,0.651365833062,True,2,False,
group,E1,4,1,E1,1.0,0.8484985864526495,0.848498586453,True,3,False,
group,E1,4,1,E1,10.0,1.4587626719761355,1.458762671976,True,4,False,
group,E1,4,1,E1,100.0,2.430468845840861,2.430468845841,True,5,False,
group,E1_SELECTED,4,1,E1,0.01,0.6492944092695578,0.64929440927,True,1,False,
group,E1,4,2,E1,0.01,0.6465208448307429,0.646520844831,True,1,True,
group,E1,4,2,E1,0.1,0.7143485451790796,0.714348545179,True,2,False,
group,E1,4,2,E1,1.0,1.0491914719821775,1.049191471982,True,3,False,
group,E1,4,2,E1,10.0,1.8742150857229922,1.874215085723,True,4,False,
group,E1,4,2,E1,100.0,3.217758261987351,3.217758261987,True,5,False,
group,E1_SELECTED,4,2,E1,0.01,0.6465208448307429,0.646520844831,True,1,False,
group,E1,4,3,E1,0.1,0.575669625239871,0.57566962524,True,1,True,
group,E1,4,3,E1,1.0,0.6176623804529745,0.617662380453,True,2,False,
group,E1,4,3,E1,0.01,0.6298680308219581,0.629868030822,True,3,False,
group,E1,4,3,E1,10.0,0.8644661315926423,0.864466131593,True,4,False,
group,E1,4,3,E1,100.0,1.5505146055251164,1.550514605525,True,5,False,
group,E1_SELECTED,4,3,E1,0.1,0.575669625239871,0.57566962524,True,1,False,
group,E1,4,4,E1,0.01,0.6667858496251073,0.666785849625,True,1,True,
group,E1,4,4,E1,0.1,0.7383321600134092,0.738332160013,True,2,False,
group,E1,4,4,E1,1.0,0.9626311870177103,0.962631187018,True,3,False,
group,E1,4,4,E1,10.0,1.5217623382384071,1.521762338238,True,4,False,
group,E1,4,4,E1,100.0,2.797184491349763,2.79718449135,True,5,False,
group,E1_SELECTED,4,4,E1,0.01,0.6667858496251073,0.666785849625,True,1,False,
group,E1,5,0,E1,0.01,0.6406799831212572,0.640679983121,True,1,True,
group,E1,5,0,E1,0.1,0.6479007140879233,0.647900714088,True,2,False,
group,E1,5,0,E1,1.0,0.7170850367512644,0.717085036751,True,3,False,
group,E1,5,0,E1,10.0,0.990616884717729,0.990616884718,True,4,False,
group,E1,5,0,E1,100.0,1.7030366583386747,1.703036658339,True,5,False,
group,E1_SELECTED,5,0,E1,0.01,0.6406799831212572,0.640679983121,True,1,False,
group,E1,5,1,E1,0.1,0.6157810263838519,0.615781026384,True,1,True,
group,E1,5,1,E1,0.01,0.6318813852229015,0.631881385223,True,2,False,
group,E1,5,1,E1,1.0,0.7515551129697802,0.75155511297,True,3,False,
group,E1,5,1,E1,10.0,1.3428826143917736,1.342882614392,True,4,False,
group,E1,5,1,E1,100.0,2.4578898140708465,2.457889814071,True,5,False,
group,E1_SELECTED,5,1,E1,0.1,0.6157810263838519,0.615781026384,True,1,False,
group,E1,5,2,E1,0.01,0.6306525809161708,0.630652580916,True,1,True,
group,E1,5,2,E1,0.1,0.6373186157928608,0.637318615793,True,2,False,
group,E1,5,2,E1,1.0,0.9095432513437166,0.909543251344,True,3,False,
group,E1,5,2,E1,10.0,1.8418517790748465,1.841851779075,True,4,False,
group,E1,5,2,E1,100.0,3.1033236129913093,3.103323612991,True,5,False,
group,E1_SELECTED,5,2,E1,0.01,0.6306525809161708,0.630652580916,True,1,False,
group,E1,5,3,E1,0.01,0.6723533282736075,0.672353328274,True,1,True,
group,E1,5,3,E1,0.1,0.7264186892305393,0.726418689231,True,2,False,
group,E1,5,3,E1,1.0,0.9178199795174049,0.917819979517,True,3,False,
group,E1,5,3,E1,10.0,1.5349955835462914,1.534995583546,True,4,False,
group,E1,5,3,E1,100.0,2.9415317880375325,2.941531788038,True,5,False,
group,E1_SELECTED,5,3,E1,0.01,0.6723533282736075,0.672353328274,True,1,False,
group,E1,5,4,E1,0.01,0.6367112904235982,0.636711290424,True,1,True,
group,E1,5,4,E1,0.1,0.6444160731924218,0.644416073192,True,2,False,
group,E1,5,4,E1,1.0,0.8458318178438673,0.845831817844,True,3,False,
group,E1,5,4,E1,10.0,1.470482894375067,1.470482894375,True,4,False,
group,E1,5,4,E1,100.0,2.4380086457266588,2.438008645727,True,5,False,
group,E1_SELECTED,5,4,E1,0.01,0.6367112904235982,0.636711290424,True,1,False,
group,E1,6,0,E1,0.01,0.6412089729113716,0.641208972911,True,1,True,
group,E1,6,0,E1,0.1,0.6964964978247181,0.696496497825,True,2,False,
group,E1,6,0,E1,1.0,0.9560046981900236,0.95600469819,True,3,False,
group,E1,6,0,E1,10.0,1.5606197805765707,1.560619780577,True,4,False,
group,E1,6,0,E1,100.0,2.623496867192634,2.623496867193,True,5,False,
group,E1_SELECTED,6,0,E1,0.01,0.6412089729113716,0.641208972911,True,1,False,
group,E1,6,1,E1,0.1,0.6387511533516561,0.638751153352,True,1,True,
group,E1,6,1,E1,0.01,0.639421379551522,0.639421379552,True,2,False,
group,E1,6,1,E1,1.0,0.759574958537634,0.759574958538,True,3,False,
group,E1,6,1,E1,10.0,1.2504306672787762,1.250430667279,True,4,False,
group,E1,6,1,E1,100.0,2.3120224256142734,2.312022425614,True,5,False,
group,E1_SELECTED,6,1,E1,0.1,0.6387511533516561,0.638751153352,True,1,False,
group,E1,6,2,E1,0.01,0.652824159368181,0.652824159368,True,1,True,
group,E1,6,2,E1,0.1,0.7122065557362776,0.712206555736,True,2,False,
group,E1,6,2,E1,1.0,0.9720190934275819,0.972019093428,True,3,False,
group,E1,6,2,E1,10.0,1.5748800002839114,1.574880000284,True,4,False,
group,E1,6,2,E1,100.0,2.57187456715188,2.571874567152,True,5,False,
group,E1_SELECTED,6,2,E1,0.01,0.652824159368181,0.652824159368,True,1,False,
group,E1,6,3,E1,0.1,0.6027519685739189,0.602751968574,True,1,True,
group,E1,6,3,E1,0.01,0.6234790247090584,0.623479024709,True,2,False,
group,E1,6,3,E1,1.0,0.793485739453702,0.793485739454,True,3,False,
group,E1,6,3,E1,10.0,1.523965234310242,1.52396523431,True,4,False,
group,E1,6,3,E1,100.0,2.403784090717974,2.403784090718,True,5,False,
group,E1_SELECTED,6,3,E1,0.1,0.6027519685739189,0.602751968574,True,1,False,
group,E1,6,4,E1,0.01,0.6566893603456042,0.656689360346,True,1,True,
group,E1,6,4,E1,0.1,0.6614155245348361,0.661415524535,True,2,False,
group,E1,6,4,E1,1.0,0.8107151147536094,0.810715114754,True,3,False,
group,E1,6,4,E1,10.0,1.2842767130306296,1.284276713031,True,4,False,
group,E1,6,4,E1,100.0,2.224639559898515,2.224639559899,True,5,False,
group,E1_SELECTED,6,4,E1,0.01,0.6566893603456042,0.656689360346,True,1,False,
group,E1,7,0,E1,0.01,0.6742501984466637,0.674250198447,True,1,True,
group,E1,7,0,E1,0.1,0.7460177322181297,0.746017732218,True,2,False,
group,E1,7,0,E1,1.0,1.058333897133667,1.058333897134,True,3,False,
group,E1,7,0,E1,10.0,1.8090837041080925,1.809083704108,True,4,False,
group,E1,7,0,E1,100.0,2.959628426213244,2.959628426213,True,5,False,
group,E1_SELECTED,7,0,E1,0.01,0.6742501984466637,0.674250198447,True,1,False,
group,E1,7,1,E1,0.01,0.6465754000400682,0.64657540004,True,1,True,
group,E1,7,1,E1,0.1,0.6772366459853534,0.677236645985,True,2,False,
group,E1,7,1,E1,1.0,0.8693449388958934,0.869344938896,True,3,False,
group,E1,7,1,E1,10.0,1.515689601088659,1.515689601089,True,4,False,
group,E1,7,1,E1,100.0,2.499315124893396,2.499315124893,True,5,False,
group,E1_SELECTED,7,1,E1,0.01,0.6465754000400682,0.64657540004,True,1,False,
group,E1,7,2,E1,0.1,0.6318505180286463,0.631850518029,True,1,True,
group,E1,7,2,E1,0.01,0.6508272671779296,0.650827267178,True,2,False,
group,E1,7,2,E1,1.0,0.6876862281465395,0.687686228147,True,3,False,
group,E1,7,2,E1,10.0,1.0472518141318803,1.047251814132,True,4,False,
group,E1,7,2,E1,100.0,1.6566887890743527,1.656688789074,True,5,False,
group,E1_SELECTED,7,2,E1,0.1,0.6318505180286463,0.631850518029,True,1,False,
group,E1,7,3,E1,0.1,0.5772322268055938,0.577232226806,True,1,True,
group,E1,7,3,E1,0.01,0.6201878959790063,0.620187895979,True,2,False,
group,E1,7,3,E1,1.0,0.6484336669697957,0.64843366697,True,3,False,
group,E1,7,3,E1,10.0,1.0150954738466291,1.015095473847,True,4,False,
group,E1,7,3,E1,100.0,1.8990815335813847,1.899081533581,True,5,False,
group,E1_SELECTED,7,3,E1,0.1,0.5772322268055938,0.577232226806,True,1,False,
group,E1,7,4,E1,0.01,0.6369702861714238,0.636970286171,True,1,True,
group,E1,7,4,E1,0.1,0.6713769394240979,0.671376939424,True,2,False,
group,E1,7,4,E1,1.0,0.8887711394060906,0.888771139406,True,3,False,
group,E1,7,4,E1,10.0,1.6446983147153473,1.644698314715,True,4,False,
group,E1,7,4,E1,100.0,2.9075583966175373,2.907558396618,True,5,False,
group,E1_SELECTED,7,4,E1,0.01,0.6369702861714238,0.636970286171,True,1,False,
group,E1,8,0,E1,0.1,0.6124506814237274,0.612450681424,True,1,True,
group,E1,8,0,E1,0.01,0.6252276095543697,0.625227609554,True,2,False,
group,E1,8,0,E1,1.0,0.7697783834839832,0.769778383484,True,3,False,
group,E1,8,0,E1,10.0,1.497542371544182,1.497542371544,True,4,False,
group,E1,8,0,E1,100.0,2.723414540910989,2.723414540911,True,5,False,
group,E1_SELECTED,8,0,E1,0.1,0.6124506814237274,0.612450681424,True,1,False,
group,E1,8,1,E1,0.01,0.6551137345366731,0.655113734537,True,1,True,
group,E1,8,1,E1,0.1,0.6653383373713851,0.665338337371,True,2,False,
group,E1,8,1,E1,1.0,0.831496057072042,0.831496057072,True,3,False,
group,E1,8,1,E1,10.0,1.4561151267351824,1.456115126735,True,4,False,
group,E1,8,1,E1,100.0,2.7157461626639408,2.715746162664,True,5,False,
group,E1_SELECTED,8,1,E1,0.01,0.6551137345366731,0.655113734537,True,1,False,
group,E1,8,2,E1,0.01,0.6434613574007624,0.643461357401,True,1,True,
group,E1,8,2,E1,0.1,0.7017472737592519,0.701747273759,True,2,False,
group,E1,8,2,E1,1.0,0.9774933323618127,0.977493332362,True,3,False,
group,E1,8,2,E1,10.0,1.6618428841235002,1.661842884124,True,4,False,
group,E1,8,2,E1,100.0,2.7767533938038094,2.776753393804,True,5,False,
group,E1_SELECTED,8,2,E1,0.01,0.6434613574007624,0.643461357401,True,1,False,
group,E1,8,3,E1,0.01,0.6689639074015858,0.668963907402,True,1,True,
group,E1,8,3,E1,0.1,0.7219008621430275,0.721900862143,True,2,False,
group,E1,8,3,E1,1.0,0.8822067648660286,0.882206764866,True,3,False,
group,E1,8,3,E1,10.0,1.5912434387527823,1.591243438753,True,4,False,
group,E1,8,3,E1,100.0,2.929128117401576,2.929128117402,True,5,False,
group,E1_SELECTED,8,3,E1,0.01,0.6689639074015858,0.668963907402,True,1,False,
group,E1,8,4,E1,0.1,0.634765612245863,0.634765612246,True,1,True,
group,E1,8,4,E1,0.01,0.6380966201876962,0.638096620188,True,2,False,
group,E1,8,4,E1,1.0,0.7849063329033253,0.784906332903,True,3,False,
group,E1,8,4,E1,10.0,1.4110305145094109,1.411030514509,True,4,False,
group,E1,8,4,E1,100.0,2.3805254651032515,2.380525465103,True,5,False,
group,E1_SELECTED,8,4,E1,0.1,0.634765612245863,0.634765612246,True,1,False,
group,E1,9,0,E1,0.01,0.6477283238826079,0.647728323883,True,1,True,
group,E1,9,0,E1,0.1,0.6535852369636186,0.653585236964,True,2,False,
group,E1,9,0,E1,1.0,0.7676811022883958,0.767681102288,True,3,False,
group,E1,9,0,E1,10.0,1.2499493761350084,1.249949376135,True,4,False,
group,E1,9,0,E1,100.0,2.352039597543609,2.352039597544,True,5,False,
group,E1_SELECTED,9,0,E1,0.01,0.6477283238826079,0.647728323883,True,1,False,
group,E1,9,1,E1,0.01,0.6309391926310216,0.630939192631,True,1,True,
group,E1,9,1,E1,0.1,0.6671163947869814,0.667116394787,True,2,False,
group,E1,9,1,E1,1.0,0.9775125157996,0.9775125158,True,3,False,
group,E1,9,1,E1,10.0,1.498970204837895,1.498970204838,True,4,False,
group,E1,9,1,E1,100.0,2.2203737133870924,2.220373713387,True,5,False,
group,E1_SELECTED,9,1,E1,0.01,0.6309391926310216,0.630939192631,True,1,False,
group,E1,9,2,E1,0.01,0.6511400032929091,0.651140003293,True,1,True,
group,E1,9,2,E1,0.1,0.6878831642643813,0.687883164264,True,2,False,
group,E1,9,2,E1,1.0,1.001204763696015,1.001204763696,True,3,False,
group,E1,9,2,E1,10.0,2.1759566808391932,2.175956680839,True,4,False,
group,E1,9,2,E1,100.0,3.726115645644358,3.726115645644,True,5,False,
group,E1_SELECTED,9,2,E1,0.01,0.6511400032929091,0.651140003293,True,1,False,
group,E1,9,3,E1,0.1,0.6236608411294088,0.623660841129,True,1,True,
group,E1,9,3,E1,0.01,0.641865096041298,0.641865096041,True,2,False,
group,E1,9,3,E1,1.0,0.6662845568876529,0.666284556888,True,3,False,
group,E1,9,3,E1,10.0,1.045643238813643,1.045643238814,True,4,False,
group,E1,9,3,E1,100.0,1.8550928230016464,1.855092823002,True,5,False,
group,E1_SELECTED,9,3,E1,0.1,0.6236608411294088,0.623660841129,True,1,False,
group,E1,9,4,E1,0.01,0.6332667196588638,0.633266719659,True,1,True,
group,E1,9,4,E1,0.1,0.6395441764866409,0.639544176487,True,2,False,
group,E1,9,4,E1,1.0,0.7098190494608024,0.709819049461,True,3,False,
group,E1,9,4,E1,10.0,1.1179831761699472,1.11798317617,True,4,False,
group,E1,9,4,E1,100.0,1.9850891452610153,1.985089145261,True,5,False,
group,E1_SELECTED,9,4,E1,0.01,0.6332667196588638,0.633266719659,True,1,False,
group,E2,0,0,E2,0.01,0.6357178501227564,0.635717850123,True,1,True,
group,E2,0,0,E2,0.1,0.673732965361336,0.673732965361,True,2,False,
group,E2,0,0,E2,1.0,0.871695236839633,0.87169523684,True,3,False,
group,E2,0,0,E2,10.0,1.5042809259484922,1.504280925948,True,4,False,
group,E2,0,0,E2,100.0,2.529137086475945,2.529137086476,True,5,False,
group,E2_SELECTED,0,0,E2,0.01,0.6357178501227564,0.635717850123,True,1,False,
group,E2,0,1,E2,0.01,0.642196762535596,0.642196762536,True,1,True,
group,E2,0,1,E2,0.1,0.6662454407090399,0.666245440709,True,2,False,
group,E2,0,1,E2,1.0,0.8146624381215101,0.814662438122,True,3,False,
group,E2,0,1,E2,10.0,1.3307230494959297,1.330723049496,True,4,False,
group,E2,0,1,E2,100.0,2.2005998866260863,2.200599886626,True,5,False,
group,E2_SELECTED,0,1,E2,0.01,0.642196762535596,0.642196762536,True,1,False,
group,E2,0,2,E2,0.1,0.6039962604445603,0.603996260445,True,1,True,
group,E2,0,2,E2,0.01,0.6260943364005784,0.626094336401,True,2,False,
group,E2,0,2,E2,1.0,0.7521892623235438,0.752189262324,True,3,False,
group,E2,0,2,E2,10.0,1.4067945049377502,1.406794504938,True,4,False,
group,E2,0,2,E2,100.0,2.424466699688322,2.424466699688,True,5,False,
group,E2_SELECTED,0,2,E2,0.1,0.6039962604445603,0.603996260445,True,1,False,
group,E2,0,3,E2,0.01,0.6496226525532164,0.649622652553,True,1,True,
group,E2,0,3,E2,0.1,0.7094668291374765,0.709466829137,True,2,False,
group,E2,0,3,E2,1.0,1.019799500365676,1.019799500366,True,3,False,
group,E2,0,3,E2,10.0,2.063319791211028,2.063319791211,True,4,False,
group,E2,0,3,E2,100.0,3.5838932618127104,3.583893261813,True,5,False,
group,E2_SELECTED,0,3,E2,0.01,0.6496226525532164,0.649622652553,True,1,False,
group,E2,0,4,E2,0.01,0.6218283523761929,0.621828352376,True,1,True,
group,E2,0,4,E2,0.1,0.6562316927334119,0.656231692733,True,2,False,
group,E2,0,4,E2,1.0,0.9567757605823696,0.956775760582,True,3,False,
group,E2,0,4,E2,10.0,1.775764446796905,1.775764446797,True,4,False,
group,E2,0,4,E2,100.0,2.951000548283834,2.951000548284,True,5,False,
group,E2_SELECTED,0,4,E2,0.01,0.6218283523761929,0.621828352376,True,1,False,
group,E2,1,0,E2,0.01,0.64142577114636,0.641425771146,True,1,True,
group,E2,1,0,E2,0.1,0.7283781019329753,0.728378101933,True,2,False,
group,E2,1,0,E2,1.0,1.0867067106761925,1.086706710676,True,3,False,
group,E2,1,0,E2,10.0,1.9371723400926333,1.937172340093,True,4,False,
group,E2,1,0,E2,100.0,2.9256562672714446,2.925656267271,True,5,False,
group,E2_SELECTED,1,0,E2,0.01,0.64142577114636,0.641425771146,True,1,False,
group,E2,1,1,E2,0.01,0.6249561908299589,0.62495619083,True,1,True,
group,E2,1,1,E2,0.1,0.6324243100179642,0.632424310018,True,2,False,
group,E2,1,1,E2,1.0,0.8275456347494352,0.827545634749,True,3,False,
group,E2,1,1,E2,10.0,1.537526852132264,1.537526852132,True,4,False,
group,E2,1,1,E2,100.0,2.7478734182238185,2.747873418224,True,5,False,
group,E2_SELECTED,1,1,E2,0.01,0.6249561908299589,0.62495619083,True,1,False,
group,E2,1,2,E2,0.1,0.6005901542528008,0.600590154253,True,1,True,
group,E2,1,2,E2,0.01,0.6250548715689412,0.625054871569,True,2,False,
group,E2,1,2,E2,1.0,0.768942343170411,0.76894234317,True,3,False,
group,E2,1,2,E2,10.0,1.3105178854141686,1.310517885414,True,4,False,
group,E2,1,2,E2,100.0,2.1399278577178342,2.139927857718,True,5,False,
group,E2_SELECTED,1,2,E2,0.1,0.6005901542528008,0.600590154253,True,1,False,
group,E2,1,3,E2,0.01,0.6293469806736188,0.629346980674,True,1,True,
group,E2,1,3,E2,0.1,0.6494624938064117,0.649462493806,True,2,False,
group,E2,1,3,E2,1.0,0.746329336408022,0.746329336408,True,3,False,
group,E2,1,3,E2,10.0,1.1616341195544133,1.161634119554,True,4,False,
group,E2,1,3,E2,100.0,1.9433747337985472,1.943374733799,True,5,False,
group,E2_SELECTED,1,3,E2,0.01,0.6293469806736188,0.629346980674,True,1,False,
group,E2,1,4,E2,0.1,0.5848861797548527,0.584886179755,True,1,True,
group,E2,1,4,E2,0.01,0.6138331527855228,0.613833152786,True,2,False,
group,E2,1,4,E2,1.0,0.7233904806708957,0.723390480671,True,3,False,
group,E2,1,4,E2,10.0,1.330345176930524,1.330345176931,True,4,False,
group,E2,1,4,E2,100.0,2.241113131391141,2.241113131391,True,5,False,
group,E2_SELECTED,1,4,E2,0.1,0.5848861797548527,0.584886179755,True,1,False,
group,E2,2,0,E2,0.1,0.5648295821747957,0.564829582175,True,1,True,
group,E2,2,0,E2,0.01,0.5987666687867064,0.598766668787,True,2,False,
group,E2,2,0,E2,1.0,0.7123746543623822,0.712374654362,True,3,False,
group,E2,2,0,E2,10.0,1.1307293711674173,1.130729371167,True,4,False,
group,E2,2,0,E2,100.0,1.7545289581532804,1.754528958153,True,5,False,
group,E2_SELECTED,2,0,E2,0.1,0.5648295821747957,0.564829582175,True,1,False,
group,E2,2,1,E2,0.01,0.6375402213267016,0.637540221327,True,1,True,
group,E2,2,1,E2,0.1,0.6554201968892499,0.655420196889,True,2,False,
group,E2,2,1,E2,1.0,0.8378890156834147,0.837889015683,True,3,False,
group,E2,2,1,E2,10.0,1.4045152128393372,1.404515212839,True,4,False,
group,E2,2,1,E2,100.0,2.2876690613914885,2.287669061391,True,5,False,
group,E2_SELECTED,2,1,E2,0.01,0.6375402213267016,0.637540221327,True,1,False,
group,E2,2,2,E2,0.01,0.6435356776516646,0.643535677652,True,1,True,
group,E2,2,2,E2,0.1,0.644910497447443,0.644910497447,True,2,False,
group,E2,2,2,E2,1.0,0.8402871427044274,0.840287142704,True,3,False,
group,E2,2,2,E2,10.0,1.451863089892232,1.451863089892,True,4,False,
group,E2,2,2,E2,100.0,2.468448790176612,2.468448790177,True,5,False,
group,E2_SELECTED,2,2,E2,0.01,0.6435356776516646,0.643535677652,True,1,False,
group,E2,2,3,E2,0.01,0.6599659788913332,0.659965978891,True,1,True,
group,E2,2,3,E2,0.1,0.7242765672796315,0.72427656728,True,2,False,
group,E2,2,3,E2,1.0,1.032039524903865,1.032039524904,True,3,False,
group,E2,2,3,E2,10.0,2.0933131902043787,2.093313190204,True,4,False,
group,E2,2,3,E2,100.0,3.840129708435371,3.840129708435,True,5,False,
group,E2_SELECTED,2,3,E2,0.01,0.6599659788913332,0.659965978891,True,1,False,
group,E2,2,4,E2,0.01,0.6273294232363723,0.627329423236,True,1,True,
group,E2,2,4,E2,0.1,0.6711728048630996,0.671172804863,True,2,False,
group,E2,2,4,E2,1.0,0.9121198559619322,0.912119855962,True,3,False,
group,E2,2,4,E2,10.0,1.591187515360802,1.591187515361,True,4,False,
group,E2,2,4,E2,100.0,2.583981447868836,2.583981447869,True,5,False,
group,E2_SELECTED,2,4,E2,0.01,0.6273294232363723,0.627329423236,True,1,False,
group,E2,3,0,E2,0.01,0.6314101672098128,0.63141016721,True,1,True,
group,E2,3,0,E2,0.1,0.6734626541451175,0.673462654145,True,2,False,
group,E2,3,0,E2,1.0,0.9593767300668915,0.959376730067,True,3,False,
group,E2,3,0,E2,10.0,1.6465671892296183,1.64656718923,True,4,False,
group,E2,3,0,E2,100.0,2.658494636327228,2.658494636327,True,5,False,
group,E2_SELECTED,3,0,E2,0.01,0.6314101672098128,0.63141016721,True,1,False,
group,E2,3,1,E2,0.01,0.6451686678525289,0.645168667853,True,1,True,
group,E2,3,1,E2,0.1,0.6635794855736857,0.663579485574,True,2,False,
group,E2,3,1,E2,1.0,0.955035279943606,0.955035279944,True,3,False,
group,E2,3,1,E2,10.0,1.8095778389451898,1.809577838945,True,4,False,
group,E2,3,1,E2,100.0,2.9802729087141797,2.980272908714,True,5,False,
group,E2_SELECTED,3,1,E2,0.01,0.6451686678525289,0.645168667853,True,1,False,
group,E2,3,2,E2,0.1,0.61625451184399,0.616254511844,True,1,True,
group,E2,3,2,E2,0.01,0.6239487331346641,0.623948733135,True,2,False,
group,E2,3,2,E2,1.0,0.8366562042472084,0.836656204247,True,3,False,
group,E2,3,2,E2,10.0,1.4661023427075293,1.466102342708,True,4,False,
group,E2,3,2,E2,100.0,2.4547745968599437,2.45477459686,True,5,False,
group,E2_SELECTED,3,2,E2,0.1,0.61625451184399,0.616254511844,True,1,False,
group,E2,3,3,E2,0.01,0.6405256886460297,0.640525688646,True,1,True,
group,E2,3,3,E2,0.1,0.6918784532268197,0.691878453227,True,2,False,
group,E2,3,3,E2,1.0,0.928567791579175,0.928567791579,True,3,False,
group,E2,3,3,E2,10.0,1.6356538811190762,1.635653881119,True,4,False,
group,E2,3,3,E2,100.0,2.873569020687374,2.873569020687,True,5,False,
group,E2_SELECTED,3,3,E2,0.01,0.6405256886460297,0.640525688646,True,1,False,
group,E2,3,4,E2,0.01,0.6232393047738535,0.623239304774,True,1,True,
group,E2,3,4,E2,0.1,0.6284297105169158,0.628429710517,True,2,False,
group,E2,3,4,E2,1.0,0.668211964380624,0.668211964381,True,3,False,
group,E2,3,4,E2,10.0,1.0454594454560069,1.045459445456,True,4,False,
group,E2,3,4,E2,100.0,1.831908047629467,1.831908047629,True,5,False,
group,E2_SELECTED,3,4,E2,0.01,0.6232393047738535,0.623239304774,True,1,False,
group,E2,4,0,E2,0.1,0.5497925468925314,0.549792546893,True,1,True,
group,E2,4,0,E2,0.01,0.5975203230715559,0.597520323072,True,2,False,
group,E2,4,0,E2,1.0,0.664834859364682,0.664834859365,True,3,False,
group,E2,4,0,E2,10.0,1.1699406485962123,1.169940648596,True,4,False,
group,E2,4,0,E2,100.0,2.005018856828354,2.005018856828,True,5,False,
group,E2_SELECTED,4,0,E2,0.1,0.5497925468925314,0.549792546893,True,1,False,
group,E2,4,1,E2,0.1,0.6254572169643763,0.625457216964,True,1,True,
group,E2,4,1,E2,0.01,0.6398945884033993,0.639894588403,True,2,False,
group,E2,4,1,E2,1.0,0.8054625404832508,0.805462540483,True,3,False,
group,E2,4,1,E2,10.0,1.3665524166419756,1.366552416642,True,4,False,
group,E2,4,1,E2,100.0,2.1914889280088126,2.191488928009,True,5,False,
group,E2_SELECTED,4,1,E2,0.1,0.6254572169643763,0.625457216964,True,1,False,
group,E2,4,2,E2,0.01,0.6447143594398289,0.64471435944,True,1,True,
group,E2,4,2,E2,0.1,0.7235403410481227,0.723540341048,True,2,False,
group,E2,4,2,E2,1.0,1.0914630634111089,1.091463063411,True,3,False,
group,E2,4,2,E2,10.0,2.0472956241692293,2.047295624169,True,4,False,
group,E2,4,2,E2,100.0,3.4891634379722074,3.489163437972,True,5,False,
group,E2_SELECTED,4,2,E2,0.01,0.6447143594398289,0.64471435944,True,1,False,
group,E2,4,3,E2,1.0,0.5169915409042117,0.516991540904,True,1,True,
group,E2,4,3,E2,0.1,0.5215712381457118,0.521571238146,True,2,False,
group,E2,4,3,E2,0.01,0.6059995667438182,0.605999566744,True,3,False,
group,E2,4,3,E2,10.0,0.7401001318291004,0.740100131829,True,4,False,
group,E2,4,3,E2,100.0,1.1153878400257586,1.115387840026,True,5,False,
group,E2_SELECTED,4,3,E2,1.0,0.5169915409042117,0.516991540904,True,1,False,
group,E2,4,4,E2,0.01,0.6581551478343305,0.658155147834,True,1,True,
group,E2,4,4,E2,0.1,0.721715763377346,0.721715763377,True,2,False,
group,E2,4,4,E2,1.0,0.9055288823038096,0.905528882304,True,3,False,
group,E2,4,4,E2,10.0,1.3886353644714942,1.388635364471,True,4,False,
group,E2,4,4,E2,100.0,2.279827237561474,2.279827237561,True,5,False,
group,E2_SELECTED,4,4,E2,0.01,0.6581551478343305,0.658155147834,True,1,False,
group,E2,5,0,E2,0.01,0.6139380711194647,0.613938071119,True,1,True,
group,E2,5,0,E2,0.1,0.6240676831881476,0.624067683188,True,2,False,
group,E2,5,0,E2,1.0,0.8690094474563183,0.869009447456,True,3,False,
group,E2,5,0,E2,10.0,1.4245595871036285,1.424559587104,True,4,False,
group,E2,5,0,E2,100.0,2.222953095529944,2.22295309553,True,5,False,
group,E2_SELECTED,5,0,E2,0.01,0.6139380711194647,0.613938071119,True,1,False,
group,E2,5,1,E2,0.1,0.6047807545032106,0.604780754503,True,1,True,
group,E2,5,1,E2,0.01,0.6263753501731935,0.626375350173,True,2,False,
group,E2,5,1,E2,1.0,0.7129422756066862,0.712942275607,True,3,False,
group,E2,5,1,E2,10.0,1.1802910307689811,1.180291030769,True,4,False,
group,E2,5,1,E2,100.0,1.982511908829946,1.98251190883,True,5,False,
group,E2_SELECTED,5,1,E2,0.1,0.6047807545032106,0.604780754503,True,1,False,
group,E2,5,2,E2,0.1,0.6116485147397278,0.61164851474,True,1,True,
group,E2,5,2,E2,0.01,0.6150632264940187,0.615063226494,True,2,False,
group,E2,5,2,E2,1.0,0.8544053008424715,0.854405300842,True,3,False,
group,E2,5,2,E2,10.0,1.5390002458974468,1.539000245897,True,4,False,
group,E2,5,2,E2,100.0,2.4321967713909083,2.432196771391,True,5,False,
group,E2_SELECTED,5,2,E2,0.1,0.6116485147397278,0.61164851474,True,1,False,
group,E2,5,3,E2,0.01,0.6600688409876471,0.660068840988,True,1,True,
group,E2,5,3,E2,0.1,0.6814037012034793,0.681403701203,True,2,False,
group,E2,5,3,E2,1.0,0.8054315876551721,0.805431587655,True,3,False,
group,E2,5,3,E2,10.0,1.350781136795503,1.350781136796,True,4,False,
group,E2,5,3,E2,100.0,2.2928374382877887,2.292837438288,True,5,False,
group,E2_SELECTED,5,3,E2,0.01,0.6600688409876471,0.660068840988,True,1,False,
group,E2,5,4,E2,0.01,0.6281432401205661,0.628143240121,True,1,True,
group,E2,5,4,E2,0.1,0.6380033652492564,0.638003365249,True,2,False,
group,E2,5,4,E2,1.0,0.8261997787164004,0.826199778716,True,3,False,
group,E2,5,4,E2,10.0,1.4050941726369577,1.405094172637,True,4,False,
group,E2,5,4,E2,100.0,2.1431905390907673,2.143190539091,True,5,False,
group,E2_SELECTED,5,4,E2,0.01,0.6281432401205661,0.628143240121,True,1,False,
group,E2,6,0,E2,0.01,0.6343372048025707,0.634337204803,True,1,True,
group,E2,6,0,E2,0.1,0.6773310239271049,0.677331023927,True,2,False,
group,E2,6,0,E2,1.0,0.9408350195181874,0.940835019518,True,3,False,
group,E2,6,0,E2,10.0,1.7282287056222627,1.728228705622,True,4,False,
group,E2,6,0,E2,100.0,2.779431822620929,2.779431822621,True,5,False,
group,E2_SELECTED,6,0,E2,0.01,0.6343372048025707,0.634337204803,True,1,False,
group,E2,6,1,E2,0.1,0.5891470601462434,0.589147060146,True,1,True,
group,E2,6,1,E2,0.01,0.6164947239169384,0.616494723917,True,2,False,
group,E2,6,1,E2,1.0,0.7203626040785248,0.720362604079,True,3,False,
group,E2,6,1,E2,10.0,1.3487279529208485,1.348727952921,True,4,False,
group,E2,6,1,E2,100.0,2.329039890464829,2.329039890465,True,5,False,
group,E2_SELECTED,6,1,E2,0.1,0.5891470601462434,0.589147060146,True,1,False,
group,E2,6,2,E2,0.01,0.6394162611320127,0.639416261132,True,1,True,
group,E2,6,2,E2,0.1,0.7023782696583858,0.702378269658,True,2,False,
group,E2,6,2,E2,1.0,1.0224423973703038,1.02244239737,True,3,False,
group,E2,6,2,E2,10.0,1.671001398850738,1.671001398851,True,4,False,
group,E2,6,2,E2,100.0,2.586231120127529,2.586231120128,True,5,False,
group,E2_SELECTED,6,2,E2,0.01,0.6394162611320127,0.639416261132,True,1,False,
group,E2,6,3,E2,0.1,0.6027158277149764,0.602715827715,True,1,True,
group,E2,6,3,E2,0.01,0.6175449503945477,0.617544950395,True,2,False,
group,E2,6,3,E2,1.0,0.7962767869926886,0.796276786993,True,3,False,
group,E2,6,3,E2,10.0,1.5296472910510799,1.529647291051,True,4,False,
group,E2,6,3,E2,100.0,2.503705314678615,2.503705314679,True,5,False,
group,E2_SELECTED,6,3,E2,0.1,0.6027158277149764,0.602715827715,True,1,False,
group,E2,6,4,E2,0.1,0.647151547900163,0.6471515479,True,1,True,
group,E2,6,4,E2,0.01,0.6506308633000064,0.6506308633,True,2,False,
group,E2,6,4,E2,1.0,0.8067872969720542,0.806787296972,True,3,False,
group,E2,6,4,E2,10.0,1.353822655973824,1.353822655974,True,4,False,
group,E2,6,4,E2,100.0,2.255618190659303,2.255618190659,True,5,False,
group,E2_SELECTED,6,4,E2,0.1,0.647151547900163,0.6471515479,True,1,False,
group,E2,7,0,E2,0.01,0.6677936974016778,0.667793697402,True,1,True,
group,E2,7,0,E2,0.1,0.742600510378323,0.742600510378,True,2,False,
group,E2,7,0,E2,1.0,1.0691318827961733,1.069131882796,True,3,False,
group,E2,7,0,E2,10.0,1.7931746475178016,1.793174647518,True,4,False,
group,E2,7,0,E2,100.0,2.689613084858115,2.689613084858,True,5,False,
group,E2_SELECTED,7,0,E2,0.01,0.6677936974016778,0.667793697402,True,1,False,
group,E2,7,1,E2,0.01,0.626012853548473,0.626012853548,True,1,True,
group,E2,7,1,E2,0.1,0.6431602680410108,0.643160268041,True,2,False,
group,E2,7,1,E2,1.0,0.8747782553948728,0.874778255395,True,3,False,
group,E2,7,1,E2,10.0,1.5205636829279376,1.520563682928,True,4,False,
group,E2,7,1,E2,100.0,2.3211684065319966,2.321168406532,True,5,False,
group,E2_SELECTED,7,1,E2,0.01,0.626012853548473,0.626012853548,True,1,False,
group,E2,7,2,E2,0.1,0.6342936957805593,0.634293695781,True,1,True,
group,E2,7,2,E2,0.01,0.6405278903504357,0.64052789035,True,2,False,
group,E2,7,2,E2,1.0,0.801058031943698,0.801058031944,True,3,False,
group,E2,7,2,E2,10.0,1.3736494343776686,1.373649434378,True,4,False,
group,E2,7,2,E2,100.0,2.272872374052707,2.272872374053,True,5,False,
group,E2_SELECTED,7,2,E2,0.1,0.6342936957805593,0.634293695781,True,1,False,
group,E2,7,3,E2,0.1,0.5431559678215296,0.543155967822,True,1,True,
group,E2,7,3,E2,0.01,0.5954754988012021,0.595475498801,True,2,False,
group,E2,7,3,E2,1.0,0.6906391628224566,0.690639162822,True,3,False,
group,E2,7,3,E2,10.0,1.1835090889198212,1.18350908892,True,4,False,
group,E2,7,3,E2,100.0,1.8919615153248666,1.891961515325,True,5,False,
group,E2_SELECTED,7,3,E2,0.1,0.5431559678215296,0.543155967822,True,1,False,
group,E2,7,4,E2,0.01,0.6284828470080286,0.628482847008,True,1,True,
group,E2,7,4,E2,0.1,0.6578449358254027,0.657844935825,True,2,False,
group,E2,7,4,E2,1.0,0.8582540942101458,0.85825409421,True,3,False,
group,E2,7,4,E2,10.0,1.5309444003478867,1.530944400348,True,4,False,
group,E2,7,4,E2,100.0,2.6023144317654334,2.602314431765,True,5,False,
group,E2_SELECTED,7,4,E2,0.01,0.6284828470080286,0.628482847008,True,1,False,
group,E2,8,0,E2,0.1,0.6120536055003863,0.6120536055,True,1,True,
group,E2,8,0,E2,0.01,0.6169634553985294,0.616963455399,True,2,False,
group,E2,8,0,E2,1.0,0.8304874042537232,0.830487404254,True,3,False,
group,E2,8,0,E2,10.0,1.5233148659220697,1.523314865922,True,4,False,
group,E2,8,0,E2,100.0,2.4981715271115505,2.498171527112,True,5,False,
group,E2_SELECTED,8,0,E2,0.1,0.6120536055003863,0.6120536055,True,1,False,
group,E2,8,1,E2,0.01,0.6395100294936797,0.639510029494,True,1,True,
group,E2,8,1,E2,0.1,0.6410444302900272,0.64104443029,True,2,False,
group,E2,8,1,E2,1.0,0.8321152795628477,0.832115279563,True,3,False,
group,E2,8,1,E2,10.0,1.3723022361049098,1.372302236105,True,4,False,
group,E2,8,1,E2,100.0,2.024657529298573,2.024657529299,True,5,False,
group,E2_SELECTED,8,1,E2,0.01,0.6395100294936797,0.639510029494,True,1,False,
group,E2,8,2,E2,0.01,0.6349577879922358,0.634957787992,True,1,True,
group,E2,8,2,E2,0.1,0.7139977265125783,0.713997726513,True,2,False,
group,E2,8,2,E2,1.0,1.070470567596474,1.070470567596,True,3,False,
group,E2,8,2,E2,10.0,1.8366873303995452,1.8366873304,True,4,False,
group,E2,8,2,E2,100.0,2.8348597020753035,2.834859702075,True,5,False,
group,E2_SELECTED,8,2,E2,0.01,0.6349577879922358,0.634957787992,True,1,False,
group,E2,8,3,E2,0.01,0.6522055796185885,0.652205579619,True,1,True,
group,E2,8,3,E2,0.1,0.6940142135071811,0.694014213507,True,2,False,
group,E2,8,3,E2,1.0,0.8923629015552063,0.892362901555,True,3,False,
group,E2,8,3,E2,10.0,1.5241082249684355,1.524108224968,True,4,False,
group,E2,8,3,E2,100.0,2.4827494217249906,2.482749421725,True,5,False,
group,E2_SELECTED,8,3,E2,0.01,0.6522055796185885,0.652205579619,True,1,False,
group,E2,8,4,E2,0.1,0.6149851653985957,0.614985165399,True,1,True,
group,E2,8,4,E2,0.01,0.6223899035421152,0.622389903542,True,2,False,
group,E2,8,4,E2,1.0,0.8174688486182065,0.817468848618,True,3,False,
group,E2,8,4,E2,10.0,1.493068926127711,1.493068926128,True,4,False,
group,E2,8,4,E2,100.0,2.5088985901137333,2.508898590114,True,5,False,
group,E2_SELECTED,8,4,E2,0.1,0.6149851653985957,0.614985165399,True,1,False,
group,E2,9,0,E2,0.1,0.6181263134941923,0.618126313494,True,1,True,
group,E2,9,0,E2,0.01,0.6294638793310599,0.629463879331,True,2,False,
group,E2,9,0,E2,1.0,0.8015289148668053,0.801528914867,True,3,False,
group,E2,9,0,E2,10.0,1.3746222729059134,1.374622272906,True,4,False,
group,E2,9,0,E2,100.0,2.212413105054685,2.212413105055,True,5,False,
group,E2_SELECTED,9,0,E2,0.1,0.6181263134941923,0.618126313494,True,1,False,
group,E2,9,1,E2,0.01,0.6172780708652946,0.617278070865,True,1,True,
group,E2,9,1,E2,0.1,0.6381105533565643,0.638110553357,True,2,False,
group,E2,9,1,E2,1.0,0.929860763504135,0.929860763504,True,3,False,
group,E2,9,1,E2,10.0,1.5575811731907063,1.557581173191,True,4,False,
group,E2,9,1,E2,100.0,2.3735516244612946,2.373551624461,True,5,False,
group,E2_SELECTED,9,1,E2,0.01,0.6172780708652946,0.617278070865,True,1,False,
group,E2,9,2,E2,0.01,0.6416915146727841,0.641691514673,True,1,True,
group,E2,9,2,E2,0.1,0.6781648799157401,0.678164879916,True,2,False,
group,E2,9,2,E2,1.0,1.0239902611606606,1.023990261161,True,3,False,
group,E2,9,2,E2,10.0,2.1789211419964976,2.178921141996,True,4,False,
group,E2,9,2,E2,100.0,3.562923285958442,3.562923285958,True,5,False,
group,E2_SELECTED,9,2,E2,0.01,0.6416915146727841,0.641691514673,True,1,False,
group,E2,9,3,E2,0.1,0.6129607012090702,0.612960701209,True,1,True,
group,E2,9,3,E2,0.01,0.634775374026606,0.634775374027,True,2,False,
group,E2,9,3,E2,1.0,0.6575733136130875,0.657573313613,True,3,False,
group,E2,9,3,E2,10.0,0.9840336716260581,0.984033671626,True,4,False,
group,E2,9,3,E2,100.0,1.5450201764288174,1.545020176429,True,5,False,
group,E2_SELECTED,9,3,E2,0.1,0.6129607012090702,0.612960701209,True,1,False,
group,E2,9,4,E2,0.1,0.6172009328354527,0.617200932835,True,1,True,
group,E2,9,4,E2,0.01,0.6244385228490811,0.624438522849,True,2,False,
group,E2,9,4,E2,1.0,0.6914288083164867,0.691428808316,True,3,False,
group,E2,9,4,E2,10.0,1.0545696587425812,1.054569658743,True,4,False,
group,E2,9,4,E2,100.0,1.6776263400796556,1.67762634008,True,5,False,
group,E2_SELECTED,9,4,E2,0.1,0.6172009328354527,0.617200932835,True,1,False,
