model,repeat,outer_fold,C,inner_logloss,selected
E0_D,0,0,0.01,0.63485132006038059,False
E0_D,0,0,0.10000000000000001,0.61678666908785407,True
E0_D,0,0,1,0.70755992653095956,False
E0_D,0,0,10,1.0378425921901626,False
E0_D,0,0,100,1.8509198676723053,False
E0_D,0,1,0.01,0.64618140305112493,False
E0_D,0,1,0.10000000000000001,0.62918237543568489,True
E0_D,0,1,1,0.69768074879906672,False
E0_D,0,1,10,1.0067266232611241,False
E0_D,0,1,100,1.8120176113081374,False
E0_D,0,2,0.01,0.65215521519891673,False
E0_D,0,2,0.10000000000000001,0.6125892582625716,True
E0_D,0,2,1,0.66526802058497059,False
E0_D,0,2,10,0.93344803733454262,False
E0_D,0,2,100,1.5898558076946874,False
E0_D,0,3,0.01,0.65080821125652466,False
E0_D,0,3,0.10000000000000001,0.65033712533802934,True
E0_D,0,3,1,0.7646469209906086,False
E0_D,0,3,10,1.1009468838610266,False
E0_D,0,3,100,1.5473690183317625,False
E0_D,0,4,0.01,0.62115760974737466,False
E0_D,0,4,0.10000000000000001,0.55697134635084278,True
E0_D,0,4,1,0.59013222268565035,False
E0_D,0,4,10,0.79183714498908941,False
E0_D,0,4,100,0.97938204142211105,False
E0_D,1,0,0.01,0.6420028877529681,False
E0_D,1,0,0.10000000000000001,0.62647623699004873,True
E0_D,1,0,1,0.71987790459755652,False
E0_D,1,0,10,1.0927570753874716,False
E0_D,1,0,100,1.9229694094649692,False
E0_D,1,1,0.01,0.63344968438804572,False
E0_D,1,1,0.10000000000000001,0.60509145696881084,True
E0_D,1,1,1,0.69690295191327845,False
E0_D,1,1,10,0.94323660651720276,False
E0_D,1,1,100,1.2355747424181216,False
E0_D,1,2,0.01,0.63367548502431736,False
E0_D,1,2,0.10000000000000001,0.60492551418026153,True
E0_D,1,2,1,0.77458232048589126,False
E0_D,1,2,10,1.393339187145904,False
E0_D,1,2,100,2.3141278584383436,False
E0_D,1,3,0.01,0.63700455289208158,False
E0_D,1,3,0.10000000000000001,0.61680960191438794,True
E0_D,1,3,1,0.66459031649945011,False
E0_D,1,3,10,0.82028555468558939,False
E0_D,1,3,100,0.97595244190215447,False
E0_D,1,4,0.01,0.63210898029525697,False
E0_D,1,4,0.10000000000000001,0.58983834901527854,True
E0_D,1,4,1,0.65930289013612264,False
E0_D,1,4,10,0.82239983415954354,False
E0_D,1,4,100,1.1165973880659339,False
E0_D,2,0,0.01,0.62685496927674922,False
E0_D,2,0,0.10000000000000001,0.56433859097756767,True
E0_D,2,0,1,0.5927337112642459,False
E0_D,2,0,10,0.89614443867724125,False
E0_D,2,0,100,1.6444876296063464,False
E0_D,2,1,0.01,0.64242934977922872,False
E0_D,2,1,0.10000000000000001,0.6108744946327771,True
E0_D,2,1,1,0.681781206054902,False
E0_D,2,1,10,1.0414463277264461,False
E0_D,2,1,100,2.041986214490461,False
E0_D,2,2,0.01,0.64377130116589176,False
E0_D,2,2,0.10000000000000001,0.60178814207280107,True
E0_D,2,2,1,0.71056486844496169,False
E0_D,2,2,10,1.0075427793534988,False
E0_D,2,2,100,1.3258009551107226,False
E0_D,2,3,0.01,0.65889654385480412,True
E0_D,2,3,0.10000000000000001,0.67035026747340576,False
E0_D,2,3,1,0.82092800801126342,False
E0_D,2,3,10,1.2581616386800039,False
E0_D,2,3,100,1.8756821530274357,False
E0_D,2,4,0.01,0.64040183353195257,False
E0_D,2,4,0.10000000000000001,0.6267088183653865,True
E0_D,2,4,1,0.74709830787898868,False
E0_D,2,4,10,1.107780046699099,False
E0_D,2,4,100,1.725545771729146,False
E0_D,3,0,0.01,0.63900242774487881,False
E0_D,3,0,0.10000000000000001,0.61001218580568728,True
E0_D,3,0,1,0.69072802071973838,False
E0_D,3,0,10,1.0587667888113135,False
E0_D,3,0,100,1.6595990968779981,False
E0_D,3,1,0.01,0.65487918496834052,True
E0_D,3,1,0.10000000000000001,0.66065695086993925,False
E0_D,3,1,1,0.86139521268835073,False
E0_D,3,1,10,1.3531436166982378,False
E0_D,3,1,100,2.0752302779247014,False
E0_D,3,2,0.01,0.6375694615374945,False
E0_D,3,2,0.10000000000000001,0.57646758438607104,True
E0_D,3,2,1,0.65834420500642388,False
E0_D,3,2,10,1.053715933394046,False
E0_D,3,2,100,1.716011571017787,False
E0_D,3,3,0.01,0.64247094047236675,True
E0_D,3,3,0.10000000000000001,0.6451148882668627,False
E0_D,3,3,1,0.75930214650843886,False
E0_D,3,3,10,0.99755966321843048,False
E0_D,3,3,100,1.3283945638403896,False
E0_D,3,4,0.01,0.62387177426422624,False
E0_D,3,4,0.10000000000000001,0.61616614617407017,True
E0_D,3,4,1,0.70474371891116061,False
E0_D,3,4,10,0.91800042591144182,False
E0_D,3,4,100,1.5002005214729812,False
E0_D,4,0,0.01,0.62255872481883667,False
E0_D,4,0,0.10000000000000001,0.57386132415671631,True
E0_D,4,0,1,0.64313936252114845,False
E0_D,4,0,10,0.98153916686819676,False
E0_D,4,0,100,1.4821998193356487,False
E0_D,4,1,0.01,0.64586621422786872,False
E0_D,4,1,0.10000000000000001,0.62839533462077712,True
E0_D,4,1,1,0.74887508927674362,False
E0_D,4,1,10,1.1052083114947773,False
E0_D,4,1,100,1.8442827945523543,False
E0_D,4,2,0.01,0.64560481707966499,True
E0_D,4,2,0.10000000000000001,0.6761579275546733,False
E0_D,4,2,1,0.90927094287317067,False
E0_D,4,2,10,1.4299614043976314,False
E0_D,4,2,100,2.175548805659075,False
E0_D,4,3,0.01,0.63587389606678058,False
E0_D,4,3,0.10000000000000001,0.59985741113124813,True
E0_D,4,3,1,0.66446726234895692,False
E0_D,4,3,10,0.77713685920759723,False
E0_D,4,3,100,1.0276232617788477,False
E0_D,4,4,0.01,0.6548555110266705,False
E0_D,4,4,0.10000000000000001,0.63504727225139634,True
E0_D,4,4,1,0.70615879411734472,False
E0_D,4,4,10,0.98163034187300491,False
E0_D,4,4,100,1.5075538829372688,False
E0_D,5,0,0.01,0.64298045790111014,False
E0_D,5,0,0.10000000000000001,0.63060788101009368,True
E0_D,5,0,1,0.66580753815770999,False
E0_D,5,0,10,0.8664566888168288,False
E0_D,5,0,100,1.6729847985940705,False
E0_D,5,1,0.01,0.62952153050740689,False
E0_D,5,1,0.10000000000000001,0.56718061778884643,True
E0_D,5,1,1,0.63301262474797015,False
E0_D,5,1,10,0.91834800687380558,False
E0_D,5,1,100,1.2398688103158164,False
E0_D,5,2,0.01,0.61953792002178332,False
E0_D,5,2,0.10000000000000001,0.57022519292746054,True
E0_D,5,2,1,0.68848736339201722,False
E0_D,5,2,10,1.0609339583387902,False
E0_D,5,2,100,1.7702303003889526,False
E0_D,5,3,0.01,0.65852910928801034,False
E0_D,5,3,0.10000000000000001,0.63955903923025226,True
E0_D,5,3,1,0.68874517036228233,False
E0_D,5,3,10,0.91020649222687366,False
E0_D,5,3,100,1.4484115371100936,False
E0_D,5,4,0.01,0.62821857853299357,False
E0_D,5,4,0.10000000000000001,0.59307969785435555,True
E0_D,5,4,1,0.63887698760420852,False
E0_D,5,4,10,0.87563791406419211,False
E0_D,5,4,100,1.2729994207807793,False
E0_D,6,0,0.01,0.6422054576403472,True
E0_D,6,0,0.10000000000000001,0.65437608802172376,False
E0_D,6,0,1,0.80018015995423608,False
E0_D,6,0,10,1.1627339355709538,False
E0_D,6,0,100,1.8069262251204605,False
E0_D,6,1,0.01,0.63904803772165042,False
E0_D,6,1,0.10000000000000001,0.61799509048662837,True
E0_D,6,1,1,0.75547853539917775,False
E0_D,6,1,10,1.229621260720144,False
E0_D,6,1,100,1.8664550778543736,False
E0_D,6,2,0.01,0.64740781739099185,True
E0_D,6,2,0.10000000000000001,0.65048373402602089,False
E0_D,6,2,1,0.7763791683141541,False
E0_D,6,2,10,1.0380684028354485,False
E0_D,6,2,100,1.2518414052430686,False
E0_D,6,3,0.01,0.62593784671420671,False
E0_D,6,3,0.10000000000000001,0.55788039888760221,True
E0_D,6,3,1,0.60799233702399691,False
E0_D,6,3,10,0.87019044790364031,False
E0_D,6,3,100,1.5243023473575577,False
E0_D,6,4,0.01,0.65369525614280399,False
E0_D,6,4,0.10000000000000001,0.64524277333052849,True
E0_D,6,4,1,0.6643614496658945,False
E0_D,6,4,10,0.94375541707930766,False
E0_D,6,4,100,1.8131150287638353,False
E0_D,7,0,0.01,0.64661762805616008,False
E0_D,7,0,0.10000000000000001,0.58619531549963588,True
E0_D,7,0,1,0.59044302618118005,False
E0_D,7,0,10,0.81217699167109236,False
E0_D,7,0,100,1.7903575719449301,False
E0_D,7,1,0.01,0.65144611394673568,True
E0_D,7,1,0.10000000000000001,0.68219727321315538,False
E0_D,7,1,1,0.90761252559369376,False
E0_D,7,1,10,1.3123193301300784,False
E0_D,7,1,100,2.0056846163923954,False
E0_D,7,2,0.01,0.64430629305294262,False
E0_D,7,2,0.10000000000000001,0.60363722575519474,True
E0_D,7,2,1,0.65932214427087521,False
E0_D,7,2,10,1.0338824391579475,False
E0_D,7,2,100,1.7218466720276442,False
E0_D,7,3,0.01,0.62848436573749245,False
E0_D,7,3,0.10000000000000001,0.58732563809822402,True
E0_D,7,3,1,0.651311977428778,False
E0_D,7,3,10,0.9821716667518775,False
E0_D,7,3,100,1.5555466645842926,False
E0_D,7,4,0.01,0.6351389065113584,False
E0_D,7,4,0.10000000000000001,0.61711001565041712,True
E0_D,7,4,1,0.66415962740904788,False
E0_D,7,4,10,0.82305933464911962,False
E0_D,7,4,100,1.0900373194568538,False
E0_D,8,0,0.01,0.62805325118655653,False
E0_D,8,0,0.10000000000000001,0.57927244968776048,True
E0_D,8,0,1,0.63373144623092947,False
E0_D,8,0,10,0.95653021678874017,False
E0_D,8,0,100,1.4795884053443449,False
E0_D,8,1,0.01,0.65364225171789503,True
E0_D,8,1,0.10000000000000001,0.65542947259224082,False
E0_D,8,1,1,0.75881121627463854,False
E0_D,8,1,10,1.0540728595297946,False
E0_D,8,1,100,1.4182376410133213,False
E0_D,8,2,0.01,0.63393696197280036,False
E0_D,8,2,0.10000000000000001,0.60353510880780625,True
E0_D,8,2,1,0.70314949609420885,False
E0_D,8,2,10,1.0234585999586971,False
E0_D,8,2,100,1.9147457380345432,False
E0_D,8,3,0.01,0.6584961041474624,True
E0_D,8,3,0.10000000000000001,0.68320862612195754,False
E0_D,8,3,1,0.82615516967455671,False
E0_D,8,3,10,1.1978002821569436,False
E0_D,8,3,100,1.6930981941164729,False
E0_D,8,4,0.01,0.63365659290880161,False
E0_D,8,4,0.10000000000000001,0.58441461681930962,True
E0_D,8,4,1,0.63647205803003792,False
E0_D,8,4,10,0.86862069952867649,False
E0_D,8,4,100,1.3203232620695478,False
E0_D,9,0,0.01,0.64601963730023249,False
E0_D,9,0,0.10000000000000001,0.60848693307084056,True
E0_D,9,0,1,0.66642441829937593,False
E0_D,9,0,10,0.96276777769395461,False
E0_D,9,0,100,1.2825396893196432,False
E0_D,9,1,0.01,0.61773506877042306,False
E0_D,9,1,0.10000000000000001,0.57230638692547697,True
E0_D,9,1,1,0.70022537263960405,False
E0_D,9,1,10,1.2595366502153136,False
E0_D,9,1,100,2.9859797702790449,False
E0_D,9,2,0.01,0.6473776527231786,False
E0_D,9,2,0.10000000000000001,0.63622940063148359,True
E0_D,9,2,1,0.72372094888120042,False
E0_D,9,2,10,1.0229681782028475,False
E0_D,9,2,100,1.5470873127747538,False
E0_D,9,3,0.01,0.64194523299524586,False
E0_D,9,3,0.10000000000000001,0.59977271858605496,True
E0_D,9,3,1,0.646170987402092,False
E0_D,9,3,10,1.0199041220938747,False
E0_D,9,3,100,2.2226841824054899,False
E0_D,9,4,0.01,0.63072710555746492,False
E0_D,9,4,0.10000000000000001,0.62115161275311681,True
E0_D,9,4,1,0.70014994526552532,False
E0_D,9,4,10,0.91938376019855417,False
E0_D,9,4,100,1.6649961567675815,False
E0_DQ,0,0,0.01,0.64024777252563236,True
E0_DQ,0,0,0.10000000000000001,0.65022442804194136,False
E0_DQ,0,0,1,0.81543845597578868,False
E0_DQ,0,0,10,1.3371573889319246,False
E0_DQ,0,0,100,2.8290555798299111,False
E0_DQ,0,1,0.01,0.64684826074556601,False
E0_DQ,0,1,0.10000000000000001,0.63398187381985782,True
E0_DQ,0,1,1,0.6981831093644687,False
E0_DQ,0,1,10,1.0424608520150769,False
E0_DQ,0,1,100,2.2161893160717026,False
E0_DQ,0,2,0.01,0.65744344633307583,True
E0_DQ,0,2,0.10000000000000001,0.66045859333089096,False
E0_DQ,0,2,1,0.79835993037688135,False
E0_DQ,0,2,10,1.180315740608274,False
E0_DQ,0,2,100,2.1567281992802632,False
E0_DQ,0,3,0.01,0.65492111230135008,True
E0_DQ,0,3,0.10000000000000001,0.67292459184974318,False
E0_DQ,0,3,1,0.80855183438372003,False
E0_DQ,0,3,10,1.2194744723388071,False
E0_DQ,0,3,100,2.2525195448426496,False
E0_DQ,0,4,0.01,0.62156560525120164,False
E0_DQ,0,4,0.10000000000000001,0.57225773521208034,True
E0_DQ,0,4,1,0.6340229815424353,False
E0_DQ,0,4,10,0.89274627386938876,False
E0_DQ,0,4,100,1.2108609518521585,False
E0_DQ,1,0,0.01,0.6469163271223306,True
E0_DQ,1,0,0.10000000000000001,0.64896959184927783,False
E0_DQ,1,0,1,0.80271864389740033,False
E0_DQ,1,0,10,1.3594473797365503,False
E0_DQ,1,0,100,2.6471139529774699,False
E0_DQ,1,1,0.01,0.63660270212578141,False
E0_DQ,1,1,0.10000000000000001,0.6188151972064756,True
E0_DQ,1,1,1,0.72155560045551492,False
E0_DQ,1,1,10,0.99747958754288779,False
E0_DQ,1,1,100,1.5373179249016247,False
E0_DQ,1,2,0.01,0.63413869035427495,False
E0_DQ,1,2,0.10000000000000001,0.6148070122567868,True
E0_DQ,1,2,1,0.81577673940283679,False
E0_DQ,1,2,10,1.4974384999113328,False
E0_DQ,1,2,100,2.7537840182071092,False
E0_DQ,1,3,0.01,0.63659757495501912,False
E0_DQ,1,3,0.10000000000000001,0.62157616296091467,True
E0_DQ,1,3,1,0.67632870222661645,False
E0_DQ,1,3,10,0.82636731219594128,False
E0_DQ,1,3,100,1.0314764460579284,False
E0_DQ,1,4,0.01,0.63420824801163878,False
E0_DQ,1,4,0.10000000000000001,0.60642804303709896,True
E0_DQ,1,4,1,0.71174603119972646,False
E0_DQ,1,4,10,0.95308624702758571,False
E0_DQ,1,4,100,1.5316614382810263,False
E0_DQ,2,0,0.01,0.62858266500869631,False
E0_DQ,2,0,0.10000000000000001,0.58057530048477446,True
E0_DQ,2,0,1,0.63993859286716792,False
E0_DQ,2,0,10,1.0129786787654982,False
E0_DQ,2,0,100,2.1343335676757449,False
E0_DQ,2,1,0.01,0.64495273593606772,False
E0_DQ,2,1,0.10000000000000001,0.62695583032386837,True
E0_DQ,2,1,1,0.71208052072623418,False
E0_DQ,2,1,10,1.0641078557124253,False
E0_DQ,2,1,100,2.0534981693017986,False
E0_DQ,2,2,0.01,0.64747535412093005,False
E0_DQ,2,2,0.10000000000000001,0.63226515576902609,True
E0_DQ,2,2,1,0.80977009347611906,False
E0_DQ,2,2,10,1.2070039206030609,False
E0_DQ,2,2,100,1.7700789833459512,False
E0_DQ,2,3,0.01,0.65945848718634459,True
E0_DQ,2,3,0.10000000000000001,0.68650313860559398,False
E0_DQ,2,3,1,0.89722181002438439,False
E0_DQ,2,3,10,1.4548774023984712,False
E0_DQ,2,3,100,2.4738548784238534,False
E0_DQ,2,4,0.01,0.64153472390382227,True
E0_DQ,2,4,0.10000000000000001,0.64157749284304821,False
E0_DQ,2,4,1,0.79819063827708625,False
E0_DQ,2,4,10,1.1853831954317082,False
E0_DQ,2,4,100,1.8818283719318496,False
E0_DQ,3,0,0.01,0.64305027839199758,False
E0_DQ,3,0,0.10000000000000001,0.64124748913674867,True
E0_DQ,3,0,1,0.77167885891807864,False
E0_DQ,3,0,10,1.1727700947074708,False
E0_DQ,3,0,100,1.9690373276922901,False
E0_DQ,3,1,0.01,0.65583733150698753,True
E0_DQ,3,1,0.10000000000000001,0.67388384682027203,False
E0_DQ,3,1,1,0.9018806605543177,False
E0_DQ,3,1,10,1.4318474321382937,False
E0_DQ,3,1,100,2.1556261472590723,False
E0_DQ,3,2,0.01,0.63848208904538728,False
E0_DQ,3,2,0.10000000000000001,0.58672453641427957,True
E0_DQ,3,2,1,0.70276245479223709,False
E0_DQ,3,2,10,1.2332546098270991,False
E0_DQ,3,2,100,2.3665163827432578,False
E0_DQ,3,3,0.01,0.64478757031909861,True
E0_DQ,3,3,0.10000000000000001,0.65987965530351644,False
E0_DQ,3,3,1,0.79030439431948085,False
E0_DQ,3,3,10,1.0403413147996696,False
E0_DQ,3,3,100,1.4500376190959678,False
E0_DQ,3,4,0.01,0.62689041679577284,False
E0_DQ,3,4,0.10000000000000001,0.62258491216681777,True
E0_DQ,3,4,1,0.71474709356136934,False
E0_DQ,3,4,10,0.93824743229568541,False
E0_DQ,3,4,100,1.7347790804522849,False
E0_DQ,4,0,0.01,0.62289971385146969,False
E0_DQ,4,0,0.10000000000000001,0.58042989256288735,True
E0_DQ,4,0,1,0.6507402286578654,False
E0_DQ,4,0,10,0.99031617052045429,False
E0_DQ,4,0,100,1.88999668733812,False
E0_DQ,4,1,0.01,0.64644604149394957,False
E0_DQ,4,1,0.10000000000000001,0.63947373148270237,True
E0_DQ,4,1,1,0.78691707429011226,False
E0_DQ,4,1,10,1.250337941664976,False
E0_DQ,4,1,100,2.3967704875429288,False
E0_DQ,4,2,0.01,0.64687870756893273,True
E0_DQ,4,2,0.10000000000000001,0.68749349642759727,False
E0_DQ,4,2,1,0.95680120441677485,False
E0_DQ,4,2,10,1.6137851695601571,False
E0_DQ,4,2,100,2.9178762152235307,False
E0_DQ,4,3,0.01,0.63985072557032519,False
E0_DQ,4,3,0.10000000000000001,0.61971337528007386,True
E0_DQ,4,3,1,0.71982509722936794,False
E0_DQ,4,3,10,0.82848704354718261,False
E0_DQ,4,3,100,1.2138364015198229,False
E0_DQ,4,4,0.01,0.65544386633109508,False
E0_DQ,4,4,0.10000000000000001,0.64728145076796184,True
E0_DQ,4,4,1,0.75797831761171086,False
E0_DQ,4,4,10,1.0910381501281954,False
E0_DQ,4,4,100,1.7151977741198574,False
E0_DQ,5,0,0.01,0.64124352556923736,False
E0_DQ,5,0,0.10000000000000001,0.63548662294702218,True
E0_DQ,5,0,1,0.69888087246331254,False
E0_DQ,5,0,10,0.90274783099900069,False
E0_DQ,5,0,100,1.7217027486147682,False
E0_DQ,5,1,0.01,0.63111315331868134,False
E0_DQ,5,1,0.10000000000000001,0.58017651890744881,True
E0_DQ,5,1,1,0.65544092099694917,False
E0_DQ,5,1,10,0.94310210443634201,False
E0_DQ,5,1,100,1.596562689588098,False
E0_DQ,5,2,0.01,0.62011892019804415,False
E0_DQ,5,2,0.10000000000000001,0.58485258214910041,True
E0_DQ,5,2,1,0.74520887243593048,False
E0_DQ,5,2,10,1.1498348950627733,False
E0_DQ,5,2,100,2.071873630118426,False
E0_DQ,5,3,0.01,0.6589250408017272,False
E0_DQ,5,3,0.10000000000000001,0.64476223325333171,True
E0_DQ,5,3,1,0.7081654562917874,False
E0_DQ,5,3,10,0.9482889782623104,False
E0_DQ,5,3,100,1.7213694099205528,False
E0_DQ,5,4,0.01,0.63014619598112398,False
E0_DQ,5,4,0.10000000000000001,0.6045725268172909,True
E0_DQ,5,4,1,0.6712815681921811,False
E0_DQ,5,4,10,0.95426729914635966,False
E0_DQ,5,4,100,1.4779437175165926,False
E0_DQ,6,0,0.01,0.64471499298014434,True
E0_DQ,6,0,0.10000000000000001,0.66950984367464494,False
E0_DQ,6,0,1,0.85427422562147748,False
E0_DQ,6,0,10,1.2808025449875868,False
E0_DQ,6,0,100,2.1436888555731333,False
E0_DQ,6,1,0.01,0.64158852112398812,False
E0_DQ,6,1,0.10000000000000001,0.62576312710930804,True
E0_DQ,6,1,1,0.78057344331753564,False
E0_DQ,6,1,10,1.3156847280833412,False
E0_DQ,6,1,100,2.3793550920125117,False
E0_DQ,6,2,0.01,0.64671813570241221,True
E0_DQ,6,2,0.10000000000000001,0.66298175275561,False
E0_DQ,6,2,1,0.82236806493817949,False
E0_DQ,6,2,10,1.0943594825022673,False
E0_DQ,6,2,100,1.3433027432789622,False
E0_DQ,6,3,0.01,0.62802210439999417,False
E0_DQ,6,3,0.10000000000000001,0.56670592952046428,True
E0_DQ,6,3,1,0.6210574808606405,False
E0_DQ,6,3,10,0.92895014850833524,False
E0_DQ,6,3,100,1.9641559390576355,False
E0_DQ,6,4,0.01,0.65409581416205087,True
E0_DQ,6,4,0.10000000000000001,0.65843950676940999,False
E0_DQ,6,4,1,0.71545889593778755,False
E0_DQ,6,4,10,1.0113699448942279,False
E0_DQ,6,4,100,2.0258799390449913,False
E0_DQ,7,0,0.01,0.64521226315322944,False
E0_DQ,7,0,0.10000000000000001,0.59682373368576425,True
E0_DQ,7,0,1,0.65178884924186131,False
E0_DQ,7,0,10,1.016857815028666,False
E0_DQ,7,0,100,2.1309267934024576,False
E0_DQ,7,1,0.01,0.65250792980290495,True
E0_DQ,7,1,0.10000000000000001,0.69127056734994918,False
E0_DQ,7,1,1,0.94581835722163299,False
E0_DQ,7,1,10,1.4484612077312875,False
E0_DQ,7,1,100,2.2905959763284978,False
E0_DQ,7,2,0.01,0.64774842911713515,False
E0_DQ,7,2,0.10000000000000001,0.61838085210165639,True
E0_DQ,7,2,1,0.65824172422016702,False
E0_DQ,7,2,10,0.98520960385110634,False
E0_DQ,7,2,100,1.965972675563098,False
E0_DQ,7,3,0.01,0.63231336890709922,False
E0_DQ,7,3,0.10000000000000001,0.60242434225374886,True
E0_DQ,7,3,1,0.67185018724957735,False
E0_DQ,7,3,10,1.0269694042914883,False
E0_DQ,7,3,100,1.6619561388434942,False
E0_DQ,7,4,0.01,0.64198576018733422,True
E0_DQ,7,4,0.10000000000000001,0.65428507989734375,False
E0_DQ,7,4,1,0.75022670984133577,False
E0_DQ,7,4,10,0.97422235706946236,False
E0_DQ,7,4,100,1.4308987113360117,False
E0_DQ,8,0,0.01,0.63065591818824707,False
E0_DQ,8,0,0.10000000000000001,0.59495353338503865,True
E0_DQ,8,0,1,0.67814961660027362,False
E0_DQ,8,0,10,1.0351999814682606,False
E0_DQ,8,0,100,1.9429322201559065,False
E0_DQ,8,1,0.01,0.65444471949109284,True
E0_DQ,8,1,0.10000000000000001,0.67016665977379009,False
E0_DQ,8,1,1,0.80416977413515822,False
E0_DQ,8,1,10,1.1633666291240687,False
E0_DQ,8,1,100,1.7780370185994996,False
E0_DQ,8,2,0.01,0.6349422651939266,False
E0_DQ,8,2,0.10000000000000001,0.60903588016763166,True
E0_DQ,8,2,1,0.71152341291071997,False
E0_DQ,8,2,10,1.1196519703108625,False
E0_DQ,8,2,100,2.4854607632291046,False
E0_DQ,8,3,0.01,0.65829335868558758,True
E0_DQ,8,3,0.10000000000000001,0.68911133397099644,False
E0_DQ,8,3,1,0.85917538221601342,False
E0_DQ,8,3,10,1.24796255256327,False
E0_DQ,8,3,100,1.925795239095651,False
E0_DQ,8,4,0.01,0.63476716289541002,False
E0_DQ,8,4,0.10000000000000001,0.59804965456699744,True
E0_DQ,8,4,1,0.67766969140228839,False
E0_DQ,8,4,10,0.95408217544416563,False
E0_DQ,8,4,100,1.7441671397240592,False
E0_DQ,9,0,0.01,0.65164175031770866,False
E0_DQ,9,0,0.10000000000000001,0.63435218132383253,True
E0_DQ,9,0,1,0.7197499536925277,False
E0_DQ,9,0,10,1.0701317277804516,False
E0_DQ,9,0,100,1.5569646165519588,False
E0_DQ,9,1,0.01,0.61712541638463347,False
E0_DQ,9,1,0.10000000000000001,0.57610345551889197,True
E0_DQ,9,1,1,0.68748452167481844,False
E0_DQ,9,1,10,1.1539241706272221,False
E0_DQ,9,1,100,2.8017371896451007,False
E0_DQ,9,2,0.01,0.64822757686692201,True
E0_DQ,9,2,0.10000000000000001,0.64923566166338698,False
E0_DQ,9,2,1,0.77962687983765688,False
E0_DQ,9,2,10,1.1482697831621012,False
E0_DQ,9,2,100,2.0649597556222314,False
E0_DQ,9,3,0.01,0.64517198537429155,False
E0_DQ,9,3,0.10000000000000001,0.61221639461084099,True
E0_DQ,9,3,1,0.67083651267290689,False
E0_DQ,9,3,10,1.0644468958004754,False
E0_DQ,9,3,100,2.2469961371702252,False
E0_DQ,9,4,0.01,0.63090179680809044,False
E0_DQ,9,4,0.10000000000000001,0.62968592059722728,True
E0_DQ,9,4,1,0.71990735122177518,False
E0_DQ,9,4,10,0.93099008621742563,False
E0_DQ,9,4,100,1.7627225462569232,False
E0_PCA9,0,0,0.01,0.63407701801879401,False
E0_PCA9,0,0,0.10000000000000001,0.62183200585389276,True
E0_PCA9,0,0,1,0.82450235033647434,False
E0_PCA9,0,0,10,1.2072131359809195,False
E0_PCA9,0,0,100,1.8756454168647385,False
E0_PCA9,0,1,0.01,0.65762755844279563,True
E0_PCA9,0,1,0.10000000000000001,0.66561759610560856,False
E0_PCA9,0,1,1,0.88095152027613055,False
E0_PCA9,0,1,10,1.3017688765479145,False
E0_PCA9,0,1,100,1.6787304224992903,False
E0_PCA9,0,2,0.01,0.66316313803919558,False
E0_PCA9,0,2,0.10000000000000001,0.64615889021881334,True
E0_PCA9,0,2,1,0.7362650679544942,False
E0_PCA9,0,2,10,0.85566575188358185,False
E0_PCA9,0,2,100,0.89195176715091484,False
E0_PCA9,0,3,0.01,0.66018008268958617,False
E0_PCA9,0,3,0.10000000000000001,0.65033841632302936,True
E0_PCA9,0,3,1,0.78653185245659152,False
E0_PCA9,0,3,10,0.96289145244970742,False
E0_PCA9,0,3,100,1.0199196650089188,False
E0_PCA9,0,4,0.01,0.64072169710198046,False
E0_PCA9,0,4,0.10000000000000001,0.5695385665429179,True
E0_PCA9,0,4,1,0.6068967137934359,False
E0_PCA9,0,4,10,0.72252907999662586,False
E0_PCA9,0,4,100,0.77175225382063151,False
E0_PCA9,1,0,0.01,0.64634646444399235,False
E0_PCA9,1,0,0.10000000000000001,0.63300930908344988,True
E0_PCA9,1,0,1,0.80983423411796485,False
E0_PCA9,1,0,10,1.0730900122807412,False
E0_PCA9,1,0,100,1.1903711085785853,False
E0_PCA9,1,1,0.01,0.65208240247309612,False
E0_PCA9,1,1,0.10000000000000001,0.6319834841076194,True
E0_PCA9,1,1,1,0.74570317909827455,False
E0_PCA9,1,1,10,0.90922298285127678,False
E0_PCA9,1,1,100,0.96684778343342781,False
E0_PCA9,1,2,0.01,0.64328001793191258,False
E0_PCA9,1,2,0.10000000000000001,0.62592445981033795,True
E0_PCA9,1,2,1,0.85672835217777243,False
E0_PCA9,1,2,10,1.4447215451191848,False
E0_PCA9,1,2,100,2.1071513751968287,False
E0_PCA9,1,3,0.01,0.64929557339462485,False
E0_PCA9,1,3,0.10000000000000001,0.62986997682886503,True
E0_PCA9,1,3,1,0.72784251974116132,False
E0_PCA9,1,3,10,0.86011847372498229,False
E0_PCA9,1,3,100,0.90904523521478198,False
E0_PCA9,1,4,0.01,0.64855825446900406,False
E0_PCA9,1,4,0.10000000000000001,0.61503382160303344,True
E0_PCA9,1,4,1,0.72019607634040017,False
E0_PCA9,1,4,10,0.94194761176299313,False
E0_PCA9,1,4,100,1.058106082140694,False
E0_PCA9,2,0,0.01,0.64241531893873405,False
E0_PCA9,2,0,0.10000000000000001,0.61239730255343472,True
E0_PCA9,2,0,1,0.73117127286187744,False
E0_PCA9,2,0,10,0.96091795496873866,False
E0_PCA9,2,0,100,1.0874418377933532,False
E0_PCA9,2,1,0.01,0.64128032452589789,False
E0_PCA9,2,1,0.10000000000000001,0.59489087722524736,True
E0_PCA9,2,1,1,0.71945534546833922,False
E0_PCA9,2,1,10,1.0466405045657701,False
E0_PCA9,2,1,100,1.3873127976126771,False
E0_PCA9,2,2,0.01,0.65273747750240274,False
E0_PCA9,2,2,0.10000000000000001,0.61984412501937025,True
E0_PCA9,2,2,1,0.75468255901048298,False
E0_PCA9,2,2,10,0.94124696651289763,False
E0_PCA9,2,2,100,1.0049984359626809,False
E0_PCA9,2,3,0.01,0.65929655194166892,True
E0_PCA9,2,3,0.10000000000000001,0.67976672969596397,False
E0_PCA9,2,3,1,0.91505303309500396,False
E0_PCA9,2,3,10,1.2072311808724359,False
E0_PCA9,2,3,100,1.3655051335023463,False
E0_PCA9,2,4,0.01,0.66214294313285726,False
E0_PCA9,2,4,0.10000000000000001,0.65967304185778963,True
E0_PCA9,2,4,1,0.85107718256391007,False
E0_PCA9,2,4,10,1.2555853535153458,False
E0_PCA9,2,4,100,1.6529618863916149,False
E0_PCA9,3,0,0.01,0.65419817947263714,False
E0_PCA9,3,0,0.10000000000000001,0.63933296823664121,True
E0_PCA9,3,0,1,0.74699563035502847,False
E0_PCA9,3,0,10,0.92516182225616195,False
E0_PCA9,3,0,100,1.0345790589688781,False
E0_PCA9,3,1,0.01,0.65565018258513275,True
E0_PCA9,3,1,0.10000000000000001,0.66581902913007363,False
E0_PCA9,3,1,1,0.89647442525102139,False
E0_PCA9,3,1,10,1.2205170601419444,False
E0_PCA9,3,1,100,1.4422533403647719,False
E0_PCA9,3,2,0.01,0.63670187862420013,False
E0_PCA9,3,2,0.10000000000000001,0.56667436913355684,True
E0_PCA9,3,2,1,0.68980923674925498,False
E0_PCA9,3,2,10,1.0784372463610021,False
E0_PCA9,3,2,100,1.4011896600700806,False
E0_PCA9,3,3,0.01,0.65670706286424052,True
E0_PCA9,3,3,0.10000000000000001,0.65714792653078702,False
E0_PCA9,3,3,1,0.7945113893738398,False
E0_PCA9,3,3,10,1.012615361454472,False
E0_PCA9,3,3,100,1.1209456898401371,False
E0_PCA9,3,4,0.01,0.63617577458789942,False
E0_PCA9,3,4,0.10000000000000001,0.60183216523183114,True
E0_PCA9,3,4,1,0.67729064907785863,False
E0_PCA9,3,4,10,0.8341147279732094,False
E0_PCA9,3,4,100,0.93355655090591039,False
E0_PCA9,4,0,0.01,0.63825334231083042,False
E0_PCA9,4,0,0.10000000000000001,0.58708173325384705,True
E0_PCA9,4,0,1,0.69062194346832129,False
E0_PCA9,4,0,10,0.95693548274835016,False
E0_PCA9,4,0,100,1.1104559887247296,False
E0_PCA9,4,1,0.01,0.64562915129027754,False
E0_PCA9,4,1,0.10000000000000001,0.6200824879401704,True
E0_PCA9,4,1,1,0.75454906334516925,False
E0_PCA9,4,1,10,1.0877169275831766,False
E0_PCA9,4,1,100,1.3515301288880333,False
E0_PCA9,4,2,0.01,0.6635594385037864,True
E0_PCA9,4,2,0.10000000000000001,0.68952258434545755,False
E0_PCA9,4,2,1,0.96051978034119667,False
E0_PCA9,4,2,10,1.4643734403632158,False
E0_PCA9,4,2,100,1.7596815529238343,False
E0_PCA9,4,3,0.01,0.64109348300988445,False
E0_PCA9,4,3,0.10000000000000001,0.60339907764504985,True
E0_PCA9,4,3,1,0.70023205304543079,False
E0_PCA9,4,3,10,0.78842428063668035,False
E0_PCA9,4,3,100,0.82372933111429048,False
E0_PCA9,4,4,0.01,0.66038072326804664,False
E0_PCA9,4,4,0.10000000000000001,0.64493862200541219,True
E0_PCA9,4,4,1,0.75674894448173546,False
E0_PCA9,4,4,10,0.93654436070761149,False
E0_PCA9,4,4,100,1.0449775374242443,False
E0_PCA9,5,0,0.01,0.65297200564298652,False
E0_PCA9,5,0,0.10000000000000001,0.64735427251872546,True
E0_PCA9,5,0,1,0.78996849123687563,False
E0_PCA9,5,0,10,1.0568159594555437,False
E0_PCA9,5,0,100,1.4533216311884998,False
E0_PCA9,5,1,0.01,0.64074787603539407,False
E0_PCA9,5,1,0.10000000000000001,0.57757959321408814,True
E0_PCA9,5,1,1,0.64345725925506281,False
E0_PCA9,5,1,10,0.85253912002928423,False
E0_PCA9,5,1,100,0.98141166500613919,False
E0_PCA9,5,2,0.01,0.644711931741203,False
E0_PCA9,5,2,0.10000000000000001,0.60749089465871464,True
E0_PCA9,5,2,1,0.74509152141404955,False
E0_PCA9,5,2,10,1.0147572579716595,False
E0_PCA9,5,2,100,1.2140021615411232,False
E0_PCA9,5,3,0.01,0.65461405475913292,False
E0_PCA9,5,3,0.10000000000000001,0.62110896459546294,True
E0_PCA9,5,3,1,0.72652673816352253,False
E0_PCA9,5,3,10,0.86201061673068302,False
E0_PCA9,5,3,100,0.90973132871604834,False
E0_PCA9,5,4,0.01,0.63989639114942787,False
E0_PCA9,5,4,0.10000000000000001,0.59940276452084396,True
E0_PCA9,5,4,1,0.68089640873300039,False
E0_PCA9,5,4,10,0.84010845300911308,False
E0_PCA9,5,4,100,0.90642708782191084,False
E0_PCA9,6,0,0.01,0.65165051846481159,True
E0_PCA9,6,0,0.10000000000000001,0.65829178928753762,False
E0_PCA9,6,0,1,0.84972169818198362,False
E0_PCA9,6,0,10,1.1189151576184351,False
E0_PCA9,6,0,100,1.228087550963844,False
E0_PCA9,6,1,0.01,0.65131573996626868,False
E0_PCA9,6,1,0.10000000000000001,0.62817857897025753,True
E0_PCA9,6,1,1,0.76020000321346992,False
E0_PCA9,6,1,10,0.99492839805648969,False
E0_PCA9,6,1,100,1.0942178750882698,False
E0_PCA9,6,2,0.01,0.65133059502044743,False
E0_PCA9,6,2,0.10000000000000001,0.63155993573318037,True
E0_PCA9,6,2,1,0.77556720871908158,False
E0_PCA9,6,2,10,0.98491845616331131,False
E0_PCA9,6,2,100,1.0675114982450424,False
E0_PCA9,6,3,0.01,0.63837026278511422,False
E0_PCA9,6,3,0.10000000000000001,0.57833053927753353,True
E0_PCA9,6,3,1,0.63218351274585061,False
E0_PCA9,6,3,10,0.78475167711287497,False
E0_PCA9,6,3,100,0.90101415084183933,False
E0_PCA9,6,4,0.01,0.64927866973773873,False
E0_PCA9,6,4,0.10000000000000001,0.60930660516831403,True
E0_PCA9,6,4,1,0.66612258595775975,False
E0_PCA9,6,4,10,0.93826772873768038,False
E0_PCA9,6,4,100,1.1694067089211506,False
E0_PCA9,7,0,0.01,0.65383483945913878,False
E0_PCA9,7,0,0.10000000000000001,0.6288131828179474,True
E0_PCA9,7,0,1,0.74428822926270832,False
E0_PCA9,7,0,10,1.0169907715373023,False
E0_PCA9,7,0,100,1.3462534610835395,False
E0_PCA9,7,1,0.01,0.66385367604323597,True
E0_PCA9,7,1,0.10000000000000001,0.70404004261465347,False
E0_PCA9,7,1,1,0.93319033444626953,False
E0_PCA9,7,1,10,1.17826092899408,False
E0_PCA9,7,1,100,1.2720599763892149,False
E0_PCA9,7,2,0.01,0.64944193456010557,False
E0_PCA9,7,2,0.10000000000000001,0.59801640578980697,True
E0_PCA9,7,2,1,0.68436458042543924,False
E0_PCA9,7,2,10,0.97247136074347584,False
E0_PCA9,7,2,100,1.1901168462427023,False
E0_PCA9,7,3,0.01,0.64255576234873468,False
E0_PCA9,7,3,0.10000000000000001,0.59607832592273191,True
E0_PCA9,7,3,1,0.71891380686726325,False
E0_PCA9,7,3,10,1.0101225664251567,False
E0_PCA9,7,3,100,1.1959791400994308,False
E0_PCA9,7,4,0.01,0.63906782167379739,False
E0_PCA9,7,4,0.10000000000000001,0.60483267584901035,True
E0_PCA9,7,4,1,0.69089170223090923,False
E0_PCA9,7,4,10,0.80478487124670783,False
E0_PCA9,7,4,100,0.85236203062588822,False
E0_PCA9,8,0,0.01,0.63420186449502503,False
E0_PCA9,8,0,0.10000000000000001,0.56293159959052164,True
E0_PCA9,8,0,1,0.63990853667808045,False
E0_PCA9,8,0,10,0.86108347163035115,False
E0_PCA9,8,0,100,0.9914973275866984,False
E0_PCA9,8,1,0.01,0.66115316325982443,False
E0_PCA9,8,1,0.10000000000000001,0.65313272150226154,True
E0_PCA9,8,1,1,0.78111018641988617,False
E0_PCA9,8,1,10,0.98681602911296595,False
E0_PCA9,8,1,100,1.0909367742213798,False
E0_PCA9,8,2,0.01,0.64189154684148531,False
E0_PCA9,8,2,0.10000000000000001,0.62302580890581372,True
E0_PCA9,8,2,1,0.81125817863327254,False
E0_PCA9,8,2,10,1.1592788196086885,False
E0_PCA9,8,2,100,1.4358279854141875,False
E0_PCA9,8,3,0.01,0.66684162067289265,True
E0_PCA9,8,3,0.10000000000000001,0.69490258697841922,False
E0_PCA9,8,3,1,0.8716672485245871,False
E0_PCA9,8,3,10,1.0447078162764838,False
E0_PCA9,8,3,100,1.0975779148163778,False
E0_PCA9,8,4,0.01,0.65452109695785554,False
E0_PCA9,8,4,0.10000000000000001,0.62402284328874991,True
E0_PCA9,8,4,1,0.67781300013690826,False
E0_PCA9,8,4,10,0.8612223526675884,False
E0_PCA9,8,4,100,1.0102149109575476,False
E0_PCA9,9,0,0.01,0.65444623719534656,False
E0_PCA9,9,0,0.10000000000000001,0.6087047736175325,True
E0_PCA9,9,0,1,0.67459128473701602,False
E0_PCA9,9,0,10,0.83448588102637911,False
E0_PCA9,9,0,100,0.90864694892347397,False
E0_PCA9,9,1,0.01,0.64017509965144781,False
E0_PCA9,9,1,0.10000000000000001,0.59722211029302463,True
E0_PCA9,9,1,1,0.70503517682704353,False
E0_PCA9,9,1,10,1.0735066401799391,False
E0_PCA9,9,1,100,1.5496066745981929,False
E0_PCA9,9,2,0.01,0.6514968561573522,False
E0_PCA9,9,2,0.10000000000000001,0.62685933017226536,True
E0_PCA9,9,2,1,0.7393795420363376,False
E0_PCA9,9,2,10,0.93019898754349351,False
E0_PCA9,9,2,100,1.001890437824744,False
E0_PCA9,9,3,0.01,0.65044519408407497,False
E0_PCA9,9,3,0.10000000000000001,0.61840429006049247,True
E0_PCA9,9,3,1,0.75091694033014411,False
E0_PCA9,9,3,10,1.1512681747686127,False
E0_PCA9,9,3,100,1.5922581075587012,False
E0_PCA9,9,4,0.01,0.63578494985624345,False
E0_PCA9,9,4,0.10000000000000001,0.59436853261139599,True
E0_PCA9,9,4,1,0.72542618318376195,False
E0_PCA9,9,4,10,0.88097459135134781,False
E0_PCA9,9,4,100,0.93193267655511347,False
E0_relative9,0,0,0.01,0.63644924709878037,False
E0_relative9,0,0,0.10000000000000001,0.59378352776449383,True
E0_relative9,0,0,1,0.6216149580175967,False
E0_relative9,0,0,10,0.75432283337438311,False
E0_relative9,0,0,100,1.0079182112453307,False
E0_relative9,0,1,0.01,0.65464297055969334,False
E0_relative9,0,1,0.10000000000000001,0.63127515687763835,True
E0_relative9,0,1,1,0.65246175464481426,False
E0_relative9,0,1,10,0.82511669710912372,False
E0_relative9,0,1,100,1.0940669986607765,False
E0_relative9,0,2,0.01,0.66687893052369274,False
E0_relative9,0,2,0.10000000000000001,0.63866112145268328,True
E0_relative9,0,2,1,0.65469168975484215,False
E0_relative9,0,2,10,0.74956182044770969,False
E0_relative9,0,2,100,0.83516264118254924,False
E0_relative9,0,3,0.01,0.65180739107771324,False
E0_relative9,0,3,0.10000000000000001,0.65076173197384501,True
E0_relative9,0,3,1,0.75646056665022188,False
E0_relative9,0,3,10,0.96917764423429087,False
E0_relative9,0,3,100,1.127156177225429,False
E0_relative9,0,4,0.01,0.62741758002551284,False
E0_relative9,0,4,0.10000000000000001,0.56148989936071425,True
E0_relative9,0,4,1,0.57882334467004837,False
E0_relative9,0,4,10,0.72790225768210981,False
E0_relative9,0,4,100,0.83959652031849119,False
E0_relative9,1,0,0.01,0.64764535433750092,False
E0_relative9,1,0,0.10000000000000001,0.6191294025436187,True
E0_relative9,1,0,1,0.67641068440452368,False
E0_relative9,1,0,10,0.94669722076665341,False
E0_relative9,1,0,100,1.2648452894751632,False
E0_relative9,1,1,0.01,0.63660200701936032,False
E0_relative9,1,1,0.10000000000000001,0.60188507955417725,True
E0_relative9,1,1,1,0.65981384600340043,False
E0_relative9,1,1,10,0.83052024610944175,False
E0_relative9,1,1,100,0.94354330594580582,False
E0_relative9,1,2,0.01,0.64323596816218986,False
E0_relative9,1,2,0.10000000000000001,0.60742922898957841,True
E0_relative9,1,2,1,0.70910572221064172,False
E0_relative9,1,2,10,1.0188844758916673,False
E0_relative9,1,2,100,1.2584156171361671,False
E0_relative9,1,3,0.01,0.64458055724002628,False
E0_relative9,1,3,0.10000000000000001,0.62849982074612343,True
E0_relative9,1,3,1,0.67402580368345089,False
E0_relative9,1,3,10,0.78272553407089029,False
E0_relative9,1,3,100,0.86459889658056788,False
E0_relative9,1,4,0.01,0.63754920617364208,False
E0_relative9,1,4,0.10000000000000001,0.59888310867991035,True
E0_relative9,1,4,1,0.64873897785624524,False
E0_relative9,1,4,10,0.81088318877540089,False
E0_relative9,1,4,100,0.987968282133172,False
E0_relative9,2,0,0.01,0.63888244868840804,False
E0_relative9,2,0,0.10000000000000001,0.58278952264197148,False
E0_relative9,2,0,1,0.57390276808356122,True
E0_relative9,2,0,10,0.69760696551288104,False
E0_relative9,2,0,100,0.84478714797883603,False
E0_relative9,2,1,0.01,0.64335388949016259,False
E0_relative9,2,1,0.10000000000000001,0.60795101042660482,True
E0_relative9,2,1,1,0.65588676495725062,False
E0_relative9,2,1,10,0.84979250592803934,False
E0_relative9,2,1,100,1.0548224342219807,False
E0_relative9,2,2,0.01,0.64904027464702352,False
E0_relative9,2,2,0.10000000000000001,0.60801785296348532,True
E0_relative9,2,2,1,0.67963842152629428,False
E0_relative9,2,2,10,0.87008522655276543,False
E0_relative9,2,2,100,1.0223791080679685,False
E0_relative9,2,3,0.01,0.66626538769700938,True
E0_relative9,2,3,0.10000000000000001,0.67917284423812119,False
E0_relative9,2,3,1,0.78874144228681542,False
E0_relative9,2,3,10,1.0141819669465029,False
E0_relative9,2,3,100,1.2373584153634412,False
E0_relative9,2,4,0.01,0.64419044749940746,False
E0_relative9,2,4,0.10000000000000001,0.61333398463410638,True
E0_relative9,2,4,1,0.64537327507612507,False
E0_relative9,2,4,10,0.81218416494529022,False
E0_relative9,2,4,100,0.98569979415525877,False
E0_relative9,3,0,0.01,0.65339575304881015,False
E0_relative9,3,0,0.10000000000000001,0.63081373840014676,True
E0_relative9,3,0,1,0.677607380646291,False
E0_relative9,3,0,10,0.85420131849710457,False
E0_relative9,3,0,100,1.0033513591652956,False
E0_relative9,3,1,0.01,0.66184709291720922,True
E0_relative9,3,1,0.10000000000000001,0.66525050753219506,False
E0_relative9,3,1,1,0.79874367112411859,False
E0_relative9,3,1,10,1.1562046547715639,False
E0_relative9,3,1,100,1.7600910509763221,False
E0_relative9,3,2,0.01,0.64152131742626595,False
E0_relative9,3,2,0.10000000000000001,0.59037152989359631,True
E0_relative9,3,2,1,0.65462092731742216,False
E0_relative9,3,2,10,0.87363872108085994,False
E0_relative9,3,2,100,1.0362522396115899,False
E0_relative9,3,3,0.01,0.64578381001754392,False
E0_relative9,3,3,0.10000000000000001,0.63659845746975185,True
E0_relative9,3,3,1,0.71770230205374252,False
E0_relative9,3,3,10,0.89263004218344322,False
E0_relative9,3,3,100,1.0454522570019886,False
E0_relative9,3,4,0.01,0.62584330168780944,False
E0_relative9,3,4,0.10000000000000001,0.58158732837304583,True
E0_relative9,3,4,1,0.61022919916342011,False
E0_relative9,3,4,10,0.79376153394054749,False
E0_relative9,3,4,100,1.0874959487348912,False
E0_relative9,4,0,0.01,0.63677099498789158,False
E0_relative9,4,0,0.10000000000000001,0.60850960519197739,True
E0_relative9,4,0,1,0.68599753418042486,False
E0_relative9,4,0,10,0.91893607841882419,False
E0_relative9,4,0,100,1.1085141886588381,False
E0_relative9,4,1,0.01,0.65131032676470269,False
E0_relative9,4,1,0.10000000000000001,0.62054989539320282,True
E0_relative9,4,1,1,0.69054079036947491,False
E0_relative9,4,1,10,0.93496400142361658,False
E0_relative9,4,1,100,1.2651742630092069,False
E0_relative9,4,2,0.01,0.64782936222152321,True
E0_relative9,4,2,0.10000000000000001,0.6633300314289321,False
E0_relative9,4,2,1,0.84744304597950837,False
E0_relative9,4,2,10,1.1752349071236303,False
E0_relative9,4,2,100,1.4687981675946338,False
E0_relative9,4,3,0.01,0.64088572767638352,False
E0_relative9,4,3,0.10000000000000001,0.57863597908138753,False
E0_relative9,4,3,1,0.55190273716526128,True
E0_relative9,4,3,10,0.59433048200213645,False
E0_relative9,4,3,100,0.66663008982331506,False
E0_relative9,4,4,0.01,0.65197298366506895,False
E0_relative9,4,4,0.10000000000000001,0.61582054519762841,True
E0_relative9,4,4,1,0.6334214260278469,False
E0_relative9,4,4,10,0.82320504462836896,False
E0_relative9,4,4,100,1.0843124614640991,False
E0_relative9,5,0,0.01,0.65204276604468348,False
E0_relative9,5,0,0.10000000000000001,0.64142624336958531,True
E0_relative9,5,0,1,0.65053781855398163,False
E0_relative9,5,0,10,0.72708221456943922,False
E0_relative9,5,0,100,0.88584320815347606,False
E0_relative9,5,1,0.01,0.62931334822530394,False
E0_relative9,5,1,0.10000000000000001,0.56051802458494371,True
E0_relative9,5,1,1,0.62141826830623914,False
E0_relative9,5,1,10,0.86700338727398274,False
E0_relative9,5,1,100,1.0880654428561283,False
E0_relative9,5,2,0.01,0.63025720317833922,False
E0_relative9,5,2,0.10000000000000001,0.59305690603143502,True
E0_relative9,5,2,1,0.64887988444053424,False
E0_relative9,5,2,10,0.8033363153821067,False
E0_relative9,5,2,100,1.017932434098584,False
E0_relative9,5,3,0.01,0.66614488464963195,False
E0_relative9,5,3,0.10000000000000001,0.64974006709330245,True
E0_relative9,5,3,1,0.70164606517697781,False
E0_relative9,5,3,10,0.88297850027160563,False
E0_relative9,5,3,100,1.0963643576252451,False
E0_relative9,5,4,0.01,0.63946585192123695,False
E0_relative9,5,4,0.10000000000000001,0.60712558740733402,True
E0_relative9,5,4,1,0.6316199632220405,False
E0_relative9,5,4,10,0.74761222218478285,False
E0_relative9,5,4,100,0.89895614296267001,False
E0_relative9,6,0,0.01,0.64750203417904273,True
E0_relative9,6,0,0.10000000000000001,0.66231426700474505,False
E0_relative9,6,0,1,0.78678203008232717,False
E0_relative9,6,0,10,1.0546721181913021,False
E0_relative9,6,0,100,1.3031766445257786,False
E0_relative9,6,1,0.01,0.64752052578575447,False
E0_relative9,6,1,0.10000000000000001,0.62023562874788851,True
E0_relative9,6,1,1,0.71936435139450694,False
E0_relative9,6,1,10,1.0381190301327983,False
E0_relative9,6,1,100,1.3255699415594895,False
E0_relative9,6,2,0.01,0.65726323196890679,True
E0_relative9,6,2,0.10000000000000001,0.66921940104586086,False
E0_relative9,6,2,1,0.73719663450728612,False
E0_relative9,6,2,10,0.89078090046807046,False
E0_relative9,6,2,100,1.0212689463958671,False
E0_relative9,6,3,0.01,0.62719585724892346,False
E0_relative9,6,3,0.10000000000000001,0.54006518802848247,False
E0_relative9,6,3,1,0.53512585776917065,True
E0_relative9,6,3,10,0.66686102568782313,False
E0_relative9,6,3,100,0.85352252757307134,False
E0_relative9,6,4,0.01,0.65492617486612403,False
E0_relative9,6,4,0.10000000000000001,0.63781224603559583,True
E0_relative9,6,4,1,0.67911620704417852,False
E0_relative9,6,4,10,1.0091418240398542,False
E0_relative9,6,4,100,1.5645553345113679,False
E0_relative9,7,0,0.01,0.66310812987561141,False
E0_relative9,7,0,0.10000000000000001,0.6347671346365702,True
E0_relative9,7,0,1,0.65851585679446256,False
E0_relative9,7,0,10,0.78681786030846301,False
E0_relative9,7,0,100,0.9247069726970093,False
E0_relative9,7,1,0.01,0.65135273881495714,False
E0_relative9,7,1,0.10000000000000001,0.65030129744042187,True
E0_relative9,7,1,1,0.75677140715679703,False
E0_relative9,7,1,10,0.89733405633128849,False
E0_relative9,7,1,100,1.0109386194353784,False
E0_relative9,7,2,0.01,0.64715264109711756,False
E0_relative9,7,2,0.10000000000000001,0.62866322185411805,True
E0_relative9,7,2,1,0.71187905172710919,False
E0_relative9,7,2,10,1.0555632959922101,False
E0_relative9,7,2,100,1.4518630577197871,False
E0_relative9,7,3,0.01,0.63937337016410811,False
E0_relative9,7,3,0.10000000000000001,0.58969143222976994,True
E0_relative9,7,3,1,0.60646770154702112,False
E0_relative9,7,3,10,0.74935171403749234,False
E0_relative9,7,3,100,0.87807731353767449,False
E0_relative9,7,4,0.01,0.64112072247516549,False
E0_relative9,7,4,0.10000000000000001,0.60502629344429026,True
E0_relative9,7,4,1,0.61178129593584696,False
E0_relative9,7,4,10,0.69918657624085123,False
E0_relative9,7,4,100,0.80504209334158727,False
E0_relative9,8,0,0.01,0.63147138638252265,False
E0_relative9,8,0,0.10000000000000001,0.57430865351285132,True
E0_relative9,8,0,1,0.58483766789080038,False
E0_relative9,8,0,10,0.75692950455575814,False
E0_relative9,8,0,100,0.91556782746676457,False
E0_relative9,8,1,0.01,0.66264778095311805,False
E0_relative9,8,1,0.10000000000000001,0.65982510707562769,True
E0_relative9,8,1,1,0.71727438757494799,False
E0_relative9,8,1,10,0.90648702596298847,False
E0_relative9,8,1,100,1.0785001414859545,False
E0_relative9,8,2,0.01,0.63669004053482992,False
E0_relative9,8,2,0.10000000000000001,0.60752141636612222,True
E0_relative9,8,2,1,0.66063164365043592,False
E0_relative9,8,2,10,0.80601837050799774,False
E0_relative9,8,2,100,1.0524707686969117,False
E0_relative9,8,3,0.01,0.66702010736057427,True
E0_relative9,8,3,0.10000000000000001,0.68509092883191103,False
E0_relative9,8,3,1,0.79864489907826852,False
E0_relative9,8,3,10,1.0096004372579002,False
E0_relative9,8,3,100,1.2003470278667419,False
E0_relative9,8,4,0.01,0.64210814952657636,False
E0_relative9,8,4,0.10000000000000001,0.60177266762813209,True
E0_relative9,8,4,1,0.62279277711967029,False
E0_relative9,8,4,10,0.74794694800022077,False
E0_relative9,8,4,100,0.88360983516981695,False
E0_relative9,9,0,0.01,0.65029835391534307,False
E0_relative9,9,0,0.10000000000000001,0.62634688113391934,True
E0_relative9,9,0,1,0.66674302274834518,False
E0_relative9,9,0,10,0.83834194018575947,False
E0_relative9,9,0,100,0.97829940513384051,False
E0_relative9,9,1,0.01,0.6290700422176162,False
E0_relative9,9,1,0.10000000000000001,0.56836986604214179,True
E0_relative9,9,1,1,0.5983183579014032,False
E0_relative9,9,1,10,0.80022908339333954,False
E0_relative9,9,1,100,1.139806707566815,False
E0_relative9,9,2,0.01,0.65715077115269527,False
E0_relative9,9,2,0.10000000000000001,0.64183239193785868,True
E0_relative9,9,2,1,0.69108685827355909,False
E0_relative9,9,2,10,0.88298021543422534,False
E0_relative9,9,2,100,1.1775899914054497,False
E0_relative9,9,3,0.01,0.64387391983939823,False
E0_relative9,9,3,0.10000000000000001,0.59811655224108573,True
E0_relative9,9,3,1,0.60747082091393179,False
E0_relative9,9,3,10,0.76772418572401047,False
E0_relative9,9,3,100,1.1905000092991032,False
E0_relative9,9,4,0.01,0.64016082259810192,False
E0_relative9,9,4,0.10000000000000001,0.62182884182655873,True
E0_relative9,9,4,1,0.67718128324161853,False
E0_relative9,9,4,10,0.92744586726203881,False
E0_relative9,9,4,100,1.3483863780145426,False
E1_D,0,0,0.01,0.64615839468764336,True
E1_D,0,0,0.10000000000000001,0.69549725108537996,False
E1_D,0,0,1,0.89119146331677535,False
E1_D,0,0,10,1.5158459969031022,False
E1_D,0,0,100,2.7937813952537938,False
E1_D,0,1,0.01,0.64749643862155937,True
E1_D,0,1,0.10000000000000001,0.65974121421465415,False
E1_D,0,1,1,0.75398940393931624,False
E1_D,0,1,10,1.12562133776518,False
E1_D,0,1,100,1.9897754777363006,False
E1_D,0,2,0.01,0.6396937310672195,False
E1_D,0,2,0.10000000000000001,0.62172970432166685,True
E1_D,0,2,1,0.81339385293351718,False
E1_D,0,2,10,1.5753170906508236,False
E1_D,0,2,100,2.9144985820011571,False
E1_D,0,3,0.01,0.65309694416218333,True
E1_D,0,3,0.10000000000000001,0.71507808586003108,False
E1_D,0,3,1,1.0510821113193241,False
E1_D,0,3,10,2.2551664864939878,False
E1_D,0,3,100,3.9022399144786926,False
E1_D,0,4,0.01,0.62255704951763213,True
E1_D,0,4,0.10000000000000001,0.63349642267451611,False
E1_D,0,4,1,0.85189772999786706,False
E1_D,0,4,10,1.6821878437468254,False
E1_D,0,4,100,3.0396088788439619,False
E1_D,1,0,0.01,0.64769930163655021,True
E1_D,1,0,0.10000000000000001,0.71360105713273214,False
E1_D,1,0,1,1.0417933906615222,False
E1_D,1,0,10,1.8739374035379912,False
E1_D,1,0,100,2.8740567364048033,False
E1_D,1,1,0.01,0.63276390491260159,True
E1_D,1,1,0.10000000000000001,0.65951559327359499,False
E1_D,1,1,1,0.90526297936634226,False
E1_D,1,1,10,1.5885173399267936,False
E1_D,1,1,100,2.7862248400576579,False
E1_D,1,2,0.01,0.62650987535842795,False
E1_D,1,2,0.10000000000000001,0.60393417877260103,True
E1_D,1,2,1,0.80520957122526948,False
E1_D,1,2,10,1.6051830611168743,False
E1_D,1,2,100,3.2072238473435051,False
E1_D,1,3,0.01,0.63159289401241514,True
E1_D,1,3,0.10000000000000001,0.6389965411258165,False
E1_D,1,3,1,0.78201945623763736,False
E1_D,1,3,10,1.2779094265119257,False
E1_D,1,3,100,2.2486091148875826,False
E1_D,1,4,0.01,0.62821656300807249,False
E1_D,1,4,0.10000000000000001,0.60634999831828951,True
E1_D,1,4,1,0.76795212862685602,False
E1_D,1,4,10,1.3750842699425492,False
E1_D,1,4,100,2.5597819619954985,False
E1_D,2,0,0.01,0.61114636121838262,False
E1_D,2,0,0.10000000000000001,0.55251009638836546,True
E1_D,2,0,1,0.62423653053607531,False
E1_D,2,0,10,1.0880803225653082,False
E1_D,2,0,100,2.0654670398081172,False
E1_D,2,1,0.01,0.64378883130974507,True
E1_D,2,1,0.10000000000000001,0.65605915307784668,False
E1_D,2,1,1,0.75461832687886321,False
E1_D,2,1,10,1.1541992831261552,False
E1_D,2,1,100,1.9252854957919368,False
E1_D,2,2,0.01,0.64702740805620218,True
E1_D,2,2,0.10000000000000001,0.65792303204958347,False
E1_D,2,2,1,0.90266360311311977,False
E1_D,2,2,10,1.6260531013203972,False
E1_D,2,2,100,2.782149684644641,False
E1_D,2,3,0.01,0.66388709893565034,True
E1_D,2,3,0.10000000000000001,0.70796226642171611,False
E1_D,2,3,1,0.90871240154629762,False
E1_D,2,3,10,1.6001986238016661,False
E1_D,2,3,100,3.0467025390796456,False
E1_D,2,4,0.01,0.63238599375292404,True
E1_D,2,4,0.10000000000000001,0.67453595106808295,False
E1_D,2,4,1,0.92989920031122053,False
E1_D,2,4,10,1.5921710058608822,False
E1_D,2,4,100,2.7951134639656949,False
E1_D,3,0,0.01,0.63794858182245417,True
E1_D,3,0,0.10000000000000001,0.65823334473960482,False
E1_D,3,0,1,0.9101988376126342,False
E1_D,3,0,10,1.8829646321468774,False
E1_D,3,0,100,3.7919642752290246,False
E1_D,3,1,0.01,0.660296222544278,True
E1_D,3,1,0.10000000000000001,0.7132243799103567,False
E1_D,3,1,1,1.0469710220935413,False
E1_D,3,1,10,2.0587557032651982,False
E1_D,3,1,100,3.43553964382258,False
E1_D,3,2,0.01,0.63691904288859524,False
E1_D,3,2,0.10000000000000001,0.6221065883147936,True
E1_D,3,2,1,0.81390814263670996,False
E1_D,3,2,10,1.533723715913059,False
E1_D,3,2,100,2.6757220194934908,False
E1_D,3,3,0.01,0.64562099636308301,True
E1_D,3,3,0.10000000000000001,0.69748975512467104,False
E1_D,3,3,1,0.93886833634212041,False
E1_D,3,3,10,1.814819768669593,False
E1_D,3,3,100,3.786642829254478,False
E1_D,3,4,0.01,0.62415845169379458,True
E1_D,3,4,0.10000000000000001,0.66341528353997958,False
E1_D,3,4,1,0.82740219748763832,False
E1_D,3,4,10,1.1913213346615221,False
E1_D,3,4,100,2.028826945863071,False
E1_D,4,0,0.01,0.60801293819422719,False
E1_D,4,0,0.10000000000000001,0.55363064619499769,True
E1_D,4,0,1,0.66821683306775448,False
E1_D,4,0,10,1.2919471990087212,False
E1_D,4,0,100,2.4273733229106269,False
E1_D,4,1,0.01,0.64901422838248568,True
E1_D,4,1,0.10000000000000001,0.65533785839530512,False
E1_D,4,1,1,0.87678430911140548,False
E1_D,4,1,10,1.5667967167169379,False
E1_D,4,1,100,2.6755877302868138,False
E1_D,4,2,0.01,0.64514504983150189,True
E1_D,4,2,0.10000000000000001,0.72627303028805401,False
E1_D,4,2,1,1.1438367804999297,False
E1_D,4,2,10,2.1213164740932147,False
E1_D,4,2,100,3.5758753528747129,False
E1_D,4,3,0.01,0.62366961418064359,False
E1_D,4,3,0.10000000000000001,0.56825395800440981,True
E1_D,4,3,1,0.64639387581468388,False
E1_D,4,3,10,0.95436600216557943,False
E1_D,4,3,100,1.74691777987387,False
E1_D,4,4,0.01,0.66253182715163905,True
E1_D,4,4,0.10000000000000001,0.72747392292889057,False
E1_D,4,4,1,0.94572724866951852,False
E1_D,4,4,10,1.574972037102967,False
E1_D,4,4,100,2.852474432864506,False
E1_D,5,0,0.01,0.63554728441056652,True
E1_D,5,0,0.10000000000000001,0.64331620579346516,False
E1_D,5,0,1,0.72412560504935619,False
E1_D,5,0,10,0.97706439177578297,False
E1_D,5,0,100,1.6602428438367844,False
E1_D,5,1,0.01,0.63109201396001025,False
E1_D,5,1,0.10000000000000001,0.61570900833136888,True
E1_D,5,1,1,0.7587069480754689,False
E1_D,5,1,10,1.404105510406555,False
E1_D,5,1,100,2.6327750463659823,False
E1_D,5,2,0.01,0.61954941239386641,False
E1_D,5,2,0.10000000000000001,0.61536457532994282,True
E1_D,5,2,1,0.92033103797049542,False
E1_D,5,2,10,1.9405568592803479,False
E1_D,5,2,100,3.2157710642697048,False
E1_D,5,3,0.01,0.66814814318724036,True
E1_D,5,3,0.10000000000000001,0.71488158953896752,False
E1_D,5,3,1,0.92793996653266442,False
E1_D,5,3,10,1.6747420378145055,False
E1_D,5,3,100,3.1371875427511564,False
E1_D,5,4,0.01,0.62944789751937869,False
E1_D,5,4,0.10000000000000001,0.62811198983649696,True
E1_D,5,4,1,0.84329566756587659,False
E1_D,5,4,10,1.5109086875960176,False
E1_D,5,4,100,2.5034411112819397,False
E1_D,6,0,0.01,0.63603264414856053,True
E1_D,6,0,0.10000000000000001,0.68380650573653645,False
E1_D,6,0,1,0.95201820224111078,False
E1_D,6,0,10,1.6568618215057285,False
E1_D,6,0,100,2.7232966855881977,False
E1_D,6,1,0.01,0.63544806986631908,True
E1_D,6,1,0.10000000000000001,0.63781327436415713,False
E1_D,6,1,1,0.81493442749794587,False
E1_D,6,1,10,1.5339238524340426,False
E1_D,6,1,100,2.9437389445302036,False
E1_D,6,2,0.01,0.64353505896836727,True
E1_D,6,2,0.10000000000000001,0.69899262232479686,False
E1_D,6,2,1,1.0086520416192484,False
E1_D,6,2,10,1.697000746607022,False
E1_D,6,2,100,2.7659516409238583,False
E1_D,6,3,0.01,0.62044360521693331,False
E1_D,6,3,0.10000000000000001,0.60617058292607906,True
E1_D,6,3,1,0.82600715771883004,False
E1_D,6,3,10,1.5845375971610347,False
E1_D,6,3,100,2.614682827456031,False
E1_D,6,4,0.01,0.6540905151652936,True
E1_D,6,4,0.10000000000000001,0.6751293269298746,False
E1_D,6,4,1,0.86093813764396754,False
E1_D,6,4,10,1.3344923343725923,False
E1_D,6,4,100,2.4123793933359292,False
E1_D,7,0,0.01,0.66232861424805056,True
E1_D,7,0,0.10000000000000001,0.71845936912100272,False
E1_D,7,0,1,1.0173433636882365,False
E1_D,7,0,10,1.7143790715356548,False
E1_D,7,0,100,2.9586847259488005,False
E1_D,7,1,0.01,0.6435658483385589,True
E1_D,7,1,0.10000000000000001,0.68452730282209096,False
E1_D,7,1,1,0.91727290194204159,False
E1_D,7,1,10,1.6175612216370803,False
E1_D,7,1,100,2.6832776447787698,False
E1_D,7,2,0.01,0.64586094349533241,False
E1_D,7,2,0.10000000000000001,0.6196071601208567,True
E1_D,7,2,1,0.676989835824792,False
E1_D,7,2,10,1.0604425057529114,False
E1_D,7,2,100,1.7180773761886912,False
E1_D,7,3,0.01,0.61323858636037165,False
E1_D,7,3,0.10000000000000001,0.57430781416756593,True
E1_D,7,3,1,0.67798143255080434,False
E1_D,7,3,10,1.1487146522052341,False
E1_D,7,3,100,2.2264658425824395,False
E1_D,7,4,0.01,0.6357039450699502,True
E1_D,7,4,0.10000000000000001,0.67458274340706337,False
E1_D,7,4,1,0.8906689863351922,False
E1_D,7,4,10,1.6339841632541718,False
E1_D,7,4,100,2.8611579357905508,False
E1_D,8,0,0.01,0.62173824228862395,False
E1_D,8,0,0.10000000000000001,0.60475728954681285,True
E1_D,8,0,1,0.76630856307105377,False
E1_D,8,0,10,1.5218787447810642,False
E1_D,8,0,100,2.778548089423551,False
E1_D,8,1,0.01,0.65067188754074401,True
E1_D,8,1,0.10000000000000001,0.67767074681347972,False
E1_D,8,1,1,0.94526025581660111,False
E1_D,8,1,10,1.7252582075995759,False
E1_D,8,1,100,3.1216833492843787,False
E1_D,8,2,0.01,0.63840214929035199,True
E1_D,8,2,0.10000000000000001,0.68714026835764952,False
E1_D,8,2,1,0.987473217049184,False
E1_D,8,2,10,1.8641354561248051,False
E1_D,8,2,100,3.2200465532150813,False
E1_D,8,3,0.01,0.66578321039867183,True
E1_D,8,3,0.10000000000000001,0.71749749989995049,False
E1_D,8,3,1,0.89284412018973569,False
E1_D,8,3,10,1.6593780366535584,False
E1_D,8,3,100,2.991469834644199,False
E1_D,8,4,0.01,0.62764122056672045,False
E1_D,8,4,0.10000000000000001,0.60149852106366186,True
E1_D,8,4,1,0.736599648283779,False
E1_D,8,4,10,1.4809926514855214,False
E1_D,8,4,100,2.6667187908260805,False
E1_D,9,0,0.01,0.64044631901489601,False
E1_D,9,0,0.10000000000000001,0.6279985583397486,True
E1_D,9,0,1,0.75297138750298354,False
E1_D,9,0,10,1.4002913512300268,False
E1_D,9,0,100,2.7305297724481874,False
E1_D,9,1,0.01,0.62339143499306759,True
E1_D,9,1,0.10000000000000001,0.66852041355465119,False
E1_D,9,1,1,1.0440157381529813,False
E1_D,9,1,10,1.7368166145989472,False
E1_D,9,1,100,2.5391300398263073,False
E1_D,9,2,0.01,0.64749471026450733,True
E1_D,9,2,0.10000000000000001,0.68891888249840838,False
E1_D,9,2,1,1.0299737398488173,False
E1_D,9,2,10,2.2652086697447951,False
E1_D,9,2,100,3.9438898763763124,False
E1_D,9,3,0.01,0.64006357716235684,False
E1_D,9,3,0.10000000000000001,0.62961808418577603,True
E1_D,9,3,1,0.6954067985157979,False
E1_D,9,3,10,1.1127676175601811,False
E1_D,9,3,100,1.9274697954294429,False
E1_D,9,4,0.01,0.62716552110439161,False
E1_D,9,4,0.10000000000000001,0.62648949922428654,True
E1_D,9,4,1,0.73027556708283381,False
E1_D,9,4,10,1.2220944487821779,False
E1_D,9,4,100,2.181824996576875,False
E1_DQ,0,0,0.01,0.65137968391774748,True
E1_DQ,0,0,0.10000000000000001,0.72708344346618914,False
E1_DQ,0,0,1,1.0008511273773151,False
E1_DQ,0,0,10,1.7872431316109028,False
E1_DQ,0,0,100,3.3075358028746709,False
E1_DQ,0,1,0.01,0.64826896389270949,True
E1_DQ,0,1,0.10000000000000001,0.66566780562236616,False
E1_DQ,0,1,1,0.77299702117369806,False
E1_DQ,0,1,10,1.1533391353369076,False
E1_DQ,0,1,100,1.9835792612183607,False
E1_DQ,0,2,0.01,0.64449444006450773,True
E1_DQ,0,2,0.10000000000000001,0.65478241392068226,False
E1_DQ,0,2,1,0.84765820729660835,False
E1_DQ,0,2,10,1.5138016890955217,False
E1_DQ,0,2,100,2.7079907432902237,False
E1_DQ,0,3,0.01,0.65674138920672853,True
E1_DQ,0,3,0.10000000000000001,0.73296334140122832,False
E1_DQ,0,3,1,1.0835532853377172,False
E1_DQ,0,3,10,2.2361695703345554,False
E1_DQ,0,3,100,3.7819350239821707,False
E1_DQ,0,4,0.01,0.62241207399344722,True
E1_DQ,0,4,0.10000000000000001,0.6386528952143512,False
E1_DQ,0,4,1,0.84926202927833072,False
E1_DQ,0,4,10,1.6579859240118182,False
E1_DQ,0,4,100,2.967965754408588,False
E1_DQ,1,0,0.01,0.65241168100753955,True
E1_DQ,1,0,0.10000000000000001,0.74230623383337113,False
E1_DQ,1,0,1,1.1577959702678016,False
E1_DQ,1,0,10,2.1273769673294476,False
E1_DQ,1,0,100,3.2131901960011349,False
E1_DQ,1,1,0.01,0.63562388073863185,True
E1_DQ,1,1,0.10000000000000001,0.6710169496675733,False
E1_DQ,1,1,1,0.93574352638916114,False
E1_DQ,1,1,10,1.6908114842691291,False
E1_DQ,1,1,100,2.9779349402373296,False
E1_DQ,1,2,0.01,0.62686470767883962,False
E1_DQ,1,2,0.10000000000000001,0.61223833176750775,True
E1_DQ,1,2,1,0.83113858566868881,False
E1_DQ,1,2,10,1.6034693445123915,False
E1_DQ,1,2,100,3.1394187513328697,False
E1_DQ,1,3,0.01,0.63034550324298488,False
E1_DQ,1,3,0.10000000000000001,0.62979911903599362,True
E1_DQ,1,3,1,0.76104147306148606,False
E1_DQ,1,3,10,1.2186739352620037,False
E1_DQ,1,3,100,2.1345661297335621,False
E1_DQ,1,4,0.01,0.63008423276261649,False
E1_DQ,1,4,0.10000000000000001,0.62200114543046514,True
E1_DQ,1,4,1,0.81349369629953183,False
E1_DQ,1,4,10,1.3368556389799173,False
E1_DQ,1,4,100,2.3615398711086963,False
E1_DQ,2,0,0.01,0.61241977070000031,False
E1_DQ,2,0,0.10000000000000001,0.55993648156908138,True
E1_DQ,2,0,1,0.64926712164316569,False
E1_DQ,2,0,10,1.1935230222759998,False
E1_DQ,2,0,100,2.1855259913954668,False
E1_DQ,2,1,0.01,0.64630388043810272,True
E1_DQ,2,1,0.10000000000000001,0.67441939541648122,False
E1_DQ,2,1,1,0.8201317291581246,False
E1_DQ,2,1,10,1.2911943380558049,False
E1_DQ,2,1,100,2.0974101727397558,False
E1_DQ,2,2,0.01,0.65046166514207615,True
E1_DQ,2,2,0.10000000000000001,0.67968031520083372,False
E1_DQ,2,2,1,0.93643454934224213,False
E1_DQ,2,2,10,1.7189977604622635,False
E1_DQ,2,2,100,3.0233674924808915,False
E1_DQ,2,3,0.01,0.66436264566642289,True
E1_DQ,2,3,0.10000000000000001,0.72112999386374488,False
E1_DQ,2,3,1,0.95604178490599168,False
E1_DQ,2,3,10,1.5677917676514688,False
E1_DQ,2,3,100,2.6827551420571392,False
E1_DQ,2,4,0.01,0.63295671879809168,True
E1_DQ,2,4,0.10000000000000001,0.68356646273984922,False
E1_DQ,2,4,1,0.96138446118394383,False
E1_DQ,2,4,10,1.6187428614941739,False
E1_DQ,2,4,100,2.7194394514347682,False
E1_DQ,3,0,0.01,0.64145871488514894,True
E1_DQ,3,0,0.10000000000000001,0.68173288095404971,False
E1_DQ,3,0,1,0.98453721868136468,False
E1_DQ,3,0,10,1.8183171775235862,False
E1_DQ,3,0,100,3.3783919272215863,False
E1_DQ,3,1,0.01,0.66066337502845518,True
E1_DQ,3,1,0.10000000000000001,0.71793176567247019,False
E1_DQ,3,1,1,1.0509223546360229,False
E1_DQ,3,1,10,2.0136750531163932,False
E1_DQ,3,1,100,3.4083938319407729,False
E1_DQ,3,2,0.01,0.63751291695935397,False
E1_DQ,3,2,0.10000000000000001,0.62868498621893953,True
E1_DQ,3,2,1,0.8443651668886949,False
E1_DQ,3,2,10,1.5224796436821373,False
E1_DQ,3,2,100,2.6038534292885749,False
E1_DQ,3,3,0.01,0.64801997700231795,True
E1_DQ,3,3,0.10000000000000001,0.7180848524871325,False
E1_DQ,3,3,1,1.0324933593951697,False
E1_DQ,3,3,10,2.0109989111299718,False
E1_DQ,3,3,100,3.6832197943751974,False
E1_DQ,3,4,0.01,0.62711192077386235,True
E1_DQ,3,4,0.10000000000000001,0.67117267495742017,False
E1_DQ,3,4,1,0.84801703570546227,False
E1_DQ,3,4,10,1.2224832083274688,False
E1_DQ,3,4,100,2.0921631847542708,False
E1_DQ,4,0,0.01,0.60808503607933828,False
E1_DQ,4,0,0.10000000000000001,0.55699573653192358,True
E1_DQ,4,0,1,0.67578392910465002,False
E1_DQ,4,0,10,1.2485676059678807,False
E1_DQ,4,0,100,2.2254743056964092,False
E1_DQ,4,1,0.01,0.64924730150079923,True
E1_DQ,4,1,0.10000000000000001,0.66070805663983367,False
E1_DQ,4,1,1,0.9108231239550707,False
E1_DQ,4,1,10,1.6816275905597255,False
E1_DQ,4,1,100,2.8110034202186029,False
E1_DQ,4,2,0.01,0.64609186475286051,True
E1_DQ,4,2,0.10000000000000001,0.73594122204916201,False
E1_DQ,4,2,1,1.2221009924700299,False
E1_DQ,4,2,10,2.4014312486125555,False
E1_DQ,4,2,100,3.955751153363686,False
E1_DQ,4,3,0.01,0.62747243085517601,False
E1_DQ,4,3,0.10000000000000001,0.58488219552323018,True
E1_DQ,4,3,1,0.69747329409780445,False
E1_DQ,4,3,10,1.1090746909353031,False
E1_DQ,4,3,100,1.8802683600472303,False
E1_DQ,4,4,0.01,0.6629927291929677,True
E1_DQ,4,4,0.10000000000000001,0.73584055609424526,False
E1_DQ,4,4,1,0.9713201524352717,False
E1_DQ,4,4,10,1.5480833327555776,False
E1_DQ,4,4,100,2.5584700160786111,False
E1_DQ,5,0,0.01,0.63383283289357994,True
E1_DQ,5,0,0.10000000000000001,0.64887160597054072,False
E1_DQ,5,0,1,0.79126718635073756,False
E1_DQ,5,0,10,1.1344603633734498,False
E1_DQ,5,0,100,1.7853211993832609,False
E1_DQ,5,1,0.01,0.63224836019010433,False
E1_DQ,5,1,0.10000000000000001,0.62677103002744128,True
E1_DQ,5,1,1,0.77958210253476201,False
E1_DQ,5,1,10,1.3249476805575009,False
E1_DQ,5,1,100,2.2378487676615655,False
E1_DQ,5,2,0.01,0.62019906891706023,True
E1_DQ,5,2,0.10000000000000001,0.62460313993496241,False
E1_DQ,5,2,1,0.90483041999015446,False
E1_DQ,5,2,10,1.8591142302870836,False
E1_DQ,5,2,100,3.0456515739195216,False
E1_DQ,5,3,0.01,0.66838910401552332,True
E1_DQ,5,3,0.10000000000000001,0.71944709294470899,False
E1_DQ,5,3,1,0.95239796401591881,False
E1_DQ,5,3,10,1.6510126186309191,False
E1_DQ,5,3,100,2.9065349306237396,False
E1_DQ,5,4,0.01,0.63136852173326996,True
E1_DQ,5,4,0.10000000000000001,0.6426330945908334,False
E1_DQ,5,4,1,0.8837717794189105,False
E1_DQ,5,4,10,1.6009223162744715,False
E1_DQ,5,4,100,2.665765599567874,False
E1_DQ,6,0,0.01,0.63835846284159459,True
E1_DQ,6,0,0.10000000000000001,0.69980168852510571,False
E1_DQ,6,0,1,1.0137653643258464,False
E1_DQ,6,0,10,1.8124587844144069,False
E1_DQ,6,0,100,3.0040254111378313,False
E1_DQ,6,1,0.01,0.63726428420327519,True
E1_DQ,6,1,0.10000000000000001,0.63917656817931434,False
E1_DQ,6,1,1,0.82203605406452651,False
E1_DQ,6,1,10,1.4949262248546322,False
E1_DQ,6,1,100,2.6917319743556041,False
E1_DQ,6,2,0.01,0.64289829582469749,True
E1_DQ,6,2,0.10000000000000001,0.70632495637794257,False
E1_DQ,6,2,1,1.0394215848615156,False
E1_DQ,6,2,10,1.7759834503768677,False
E1_DQ,6,2,100,2.8799533909847517,False
E1_DQ,6,3,0.01,0.62232913776543364,False
E1_DQ,6,3,0.10000000000000001,0.61267346814175916,True
E1_DQ,6,3,1,0.82700424607261336,False
E1_DQ,6,3,10,1.474073455374034,False
E1_DQ,6,3,100,2.3644938405345397,False
E1_DQ,6,4,0.01,0.6546216240706576,True
E1_DQ,6,4,0.10000000000000001,0.69150858874414345,False
E1_DQ,6,4,1,0.92563101580188623,False
E1_DQ,6,4,10,1.4973834542786373,False
E1_DQ,6,4,100,2.6824063838955565,False
E1_DQ,7,0,0.01,0.66039822559093164,True
E1_DQ,7,0,0.10000000000000001,0.71142800610842161,False
E1_DQ,7,0,1,1.0537102070393574,False
E1_DQ,7,0,10,2.039040957525275,False
E1_DQ,7,0,100,3.4991040335390955,False
E1_DQ,7,1,0.01,0.64443884872736512,True
E1_DQ,7,1,0.10000000000000001,0.68740018621399834,False
E1_DQ,7,1,1,0.93506768153810682,False
E1_DQ,7,1,10,1.7037792482695042,False
E1_DQ,7,1,100,2.8083510059080785,False
E1_DQ,7,2,0.01,0.64929801586042912,False
E1_DQ,7,2,0.10000000000000001,0.63272151191325088,True
E1_DQ,7,2,1,0.69018086446876048,False
E1_DQ,7,2,10,1.0760365031943024,False
E1_DQ,7,2,100,1.8209154690198268,False
E1_DQ,7,3,0.01,0.61618401834035252,False
E1_DQ,7,3,0.10000000000000001,0.5791982470100443,True
E1_DQ,7,3,1,0.6471542037317719,False
E1_DQ,7,3,10,0.96223764089359087,False
E1_DQ,7,3,100,1.614074464804655,False
E1_DQ,7,4,0.01,0.64223849742684513,True
E1_DQ,7,4,0.10000000000000001,0.70593280024992922,False
E1_DQ,7,4,1,0.97210817041890074,False
E1_DQ,7,4,10,1.7812880492279231,False
E1_DQ,7,4,100,3.1342570569626447,False
E1_DQ,8,0,0.01,0.62440249278574234,False
E1_DQ,8,0,0.10000000000000001,0.62110229938181183,True
E1_DQ,8,0,1,0.82205177091859427,False
E1_DQ,8,0,10,1.5229447619222765,False
E1_DQ,8,0,100,2.5864255261057729,False
E1_DQ,8,1,0.01,0.65112426872019702,True
E1_DQ,8,1,0.10000000000000001,0.68454826926085954,False
E1_DQ,8,1,1,0.96611632708465978,False
E1_DQ,8,1,10,1.7908579361585164,False
E1_DQ,8,1,100,3.0447020659731083,False
E1_DQ,8,2,0.01,0.63905348280343144,True
E1_DQ,8,2,0.10000000000000001,0.68886573464259671,False
E1_DQ,8,2,1,1.0170231095993105,False
E1_DQ,8,2,10,1.8718512842365178,False
E1_DQ,8,2,100,3.1195517672228057,False
E1_DQ,8,3,0.01,0.66492473627985405,True
E1_DQ,8,3,0.10000000000000001,0.71970099076375327,False
E1_DQ,8,3,1,0.93773846398554628,False
E1_DQ,8,3,10,1.7295913217504648,False
E1_DQ,8,3,100,2.9482890069095617,False
E1_DQ,8,4,0.01,0.62817867659386473,False
E1_DQ,8,4,0.10000000000000001,0.61193459607389444,True
E1_DQ,8,4,1,0.79874515492598219,False
E1_DQ,8,4,10,1.5579485820349108,False
E1_DQ,8,4,100,2.7670862201142881,False
E1_DQ,9,0,0.01,0.64611174227106605,True
E1_DQ,9,0,0.10000000000000001,0.65738104587118951,False
E1_DQ,9,0,1,0.83855806161081803,False
E1_DQ,9,0,10,1.5716193167568977,False
E1_DQ,9,0,100,2.8932224686127999,False
E1_DQ,9,1,0.01,0.62231086466317631,True
E1_DQ,9,1,0.10000000000000001,0.66645621386868303,False
E1_DQ,9,1,1,1.0187099915242173,False
E1_DQ,9,1,10,1.681562002821138,False
E1_DQ,9,1,100,2.393452379595888,False
E1_DQ,9,2,0.01,0.64837405515927593,True
E1_DQ,9,2,0.10000000000000001,0.6985394110388774,False
E1_DQ,9,2,1,1.0659034848767948,False
E1_DQ,9,2,10,2.2594550084262179,False
E1_DQ,9,2,100,3.7749819893781753,False
E1_DQ,9,3,0.01,0.64266888048080373,False
E1_DQ,9,3,0.10000000000000001,0.63753678949388037,True
E1_DQ,9,3,1,0.71490386397950967,False
E1_DQ,9,3,10,1.1917640538260872,False
E1_DQ,9,3,100,2.0710063701148034,False
E1_DQ,9,4,0.01,0.62745645946473372,True
E1_DQ,9,4,0.10000000000000001,0.63617419003348685,False
E1_DQ,9,4,1,0.76357511420234958,False
E1_DQ,9,4,10,1.3181165662077072,False
E1_DQ,9,4,100,2.3366495577195416,False
E2_D,0,0,0.01,0.63635340807304819,True
E2_D,0,0,0.10000000000000001,0.68887077016761822,False
E2_D,0,0,1,0.93126651867768639,False
E2_D,0,0,10,1.6119540858689596,False
E2_D,0,0,100,2.6532695862121476,False
E2_D,0,1,0.01,0.63718730679930746,True
E2_D,0,1,0.10000000000000001,0.65864377812180563,False
E2_D,0,1,1,0.80310115511926305,False
E2_D,0,1,10,1.3108726931107237,False
E2_D,0,1,100,2.1783489256808166,False
E2_D,0,2,0.01,0.61768026943819909,False
E2_D,0,2,0.10000000000000001,0.59851102755742869,True
E2_D,0,2,1,0.78378788655798792,False
E2_D,0,2,10,1.4640176388726851,False
E2_D,0,2,100,2.488244896528534,False
E2_D,0,3,0.01,0.64634815402945145,True
E2_D,0,3,0.10000000000000001,0.70647298281735338,False
E2_D,0,3,1,1.0442425097833632,False
E2_D,0,3,10,2.1384676724035261,False
E2_D,0,3,100,3.6925272415413457,False
E2_D,0,4,0.01,0.61648379253155838,True
E2_D,0,4,0.10000000000000001,0.64586080041377625,False
E2_D,0,4,1,0.94219897225359239,False
E2_D,0,4,10,1.7448097982053967,False
E2_D,0,4,100,2.8663918690527828,False
E2_D,1,0,0.01,0.63940416625235807,True
E2_D,1,0,0.10000000000000001,0.72762432226091978,False
E2_D,1,0,1,1.087219665398542,False
E2_D,1,0,10,1.9115995008938607,False
E2_D,1,0,100,2.8618351521855825,False
E2_D,1,1,0.01,0.62208030185571306,True
E2_D,1,1,0.10000000000000001,0.63805046588835823,False
E2_D,1,1,1,0.88545642863379681,False
E2_D,1,1,10,1.7072352124632091,False
E2_D,1,1,100,3.0512320237860586,False
E2_D,1,2,0.01,0.62026194335361207,False
E2_D,1,2,0.10000000000000001,0.59034998445413389,True
E2_D,1,2,1,0.77474411922826181,False
E2_D,1,2,10,1.3719408275251195,False
E2_D,1,2,100,2.2872499827149633,False
E2_D,1,3,0.01,0.62264989873584908,True
E2_D,1,3,0.10000000000000001,0.63507585321529014,False
E2_D,1,3,1,0.73413333500006961,False
E2_D,1,3,10,1.1462656813335574,False
E2_D,1,3,100,1.8961647016991736,False
E2_D,1,4,0.01,0.60981400014904108,False
E2_D,1,4,0.10000000000000001,0.58320933960265753,True
E2_D,1,4,1,0.72480102236977806,False
E2_D,1,4,10,1.2680643095781321,False
E2_D,1,4,100,2.0535217715523384,False
E2_D,2,0,0.01,0.5925914170147637,False
E2_D,2,0,0.10000000000000001,0.55627160503685469,True
E2_D,2,0,1,0.73802787551859295,False
E2_D,2,0,10,1.2353984940859783,False
E2_D,2,0,100,1.9649017580784627,False
E2_D,2,1,0.01,0.63601396635338225,True
E2_D,2,1,0.10000000000000001,0.66051557774377334,False
E2_D,2,1,1,0.84956311176354071,False
E2_D,2,1,10,1.4128099357762647,False
E2_D,2,1,100,2.2891386708436432,False
E2_D,2,2,0.01,0.63945299045945603,True
E2_D,2,2,0.10000000000000001,0.64304556633860521,False
E2_D,2,2,1,0.84345657921380646,False
E2_D,2,2,10,1.4831476374973738,False
E2_D,2,2,100,2.568651080447502,False
E2_D,2,3,0.01,0.65450611061897335,True
E2_D,2,3,0.10000000000000001,0.71466858413047718,False
E2_D,2,3,1,1.0474032368045809,False
E2_D,2,3,10,2.1584453856807531,False
E2_D,2,3,100,3.9086786334822117,False
E2_D,2,4,0.01,0.62317008758698089,True
E2_D,2,4,0.10000000000000001,0.67325126035969607,False
E2_D,2,4,1,0.95309558535860994,False
E2_D,2,4,10,1.6649320607048641,False
E2_D,2,4,100,2.7676507214091584,False
E2_D,3,0,0.01,0.62294536231118902,True
E2_D,3,0,0.10000000000000001,0.65915504477436648,False
E2_D,3,0,1,0.97584649813258562,False
E2_D,3,0,10,1.7261021213646315,False
E2_D,3,0,100,2.7929511177904303,False
E2_D,3,1,0.01,0.64165108282916805,True
E2_D,3,1,0.10000000000000001,0.6593696480119241,False
E2_D,3,1,1,0.95679239974248109,False
E2_D,3,1,10,1.8193768177318572,False
E2_D,3,1,100,2.986952537532789,False
E2_D,3,2,0.01,0.62147341796896904,False
E2_D,3,2,0.10000000000000001,0.61689679217859184,True
E2_D,3,2,1,0.85380326635401627,False
E2_D,3,2,10,1.4911109037016026,False
E2_D,3,2,100,2.4253055616082673,False
E2_D,3,3,0.01,0.63871571697228446,True
E2_D,3,3,0.10000000000000001,0.69718769230126665,False
E2_D,3,3,1,0.94413851580935304,False
E2_D,3,3,10,1.6261341890734602,False
E2_D,3,3,100,2.8194476917040845,False
E2_D,3,4,0.01,0.62322098708147766,True
E2_D,3,4,0.10000000000000001,0.65020999406855107,False
E2_D,3,4,1,0.76210365673734071,False
E2_D,3,4,10,1.141976228933256,False
E2_D,3,4,100,1.9298281510990414,False
E2_D,4,0,0.01,0.58770639215455178,False
E2_D,4,0,0.10000000000000001,0.53663711545984571,True
E2_D,4,0,1,0.66970362730348088,False
E2_D,4,0,10,1.2147688786376332,False
E2_D,4,0,100,2.0668503835060004,False
E2_D,4,1,0.01,0.64055329453616772,False
E2_D,4,1,0.10000000000000001,0.63938857485674128,True
E2_D,4,1,1,0.85874196647404843,False
E2_D,4,1,10,1.4645173539983711,False
E2_D,4,1,100,2.3231968092494673,False
E2_D,4,2,0.01,0.64383672166034767,True
E2_D,4,2,0.10000000000000001,0.73525022730943834,False
E2_D,4,2,1,1.1662185605637703,False
E2_D,4,2,10,2.2550494094941169,False
E2_D,4,2,100,3.8445991143969267,False
E2_D,4,3,0.01,0.60124328891844647,False
E2_D,4,3,0.10000000000000001,0.52282711834417994,True
E2_D,4,3,1,0.56023094875605051,False
E2_D,4,3,10,0.82292706001654781,False
E2_D,4,3,100,1.2535945864488913,False
E2_D,4,4,0.01,0.65446730017176347,True
E2_D,4,4,0.10000000000000001,0.7144484211939508,False
E2_D,4,4,1,0.88760105740984241,False
E2_D,4,4,10,1.4281825205420569,False
E2_D,4,4,100,2.3819972633924418,False
E2_D,5,0,0.01,0.61115535383441855,True
E2_D,5,0,0.10000000000000001,0.62731413645539458,False
E2_D,5,0,1,0.87230691895802515,False
E2_D,5,0,10,1.4231600764649002,False
E2_D,5,0,100,2.2226881558136276,False
E2_D,5,1,0.01,0.62561188264727485,False
E2_D,5,1,0.10000000000000001,0.60609917216146192,True
E2_D,5,1,1,0.71450217925268089,False
E2_D,5,1,10,1.1875385197265611,False
E2_D,5,1,100,1.9751219249554939,False
E2_D,5,2,0.01,0.60572714322444454,False
E2_D,5,2,0.10000000000000001,0.59826741090317881,True
E2_D,5,2,1,0.87636648240761617,False
E2_D,5,2,10,1.6454443136926995,False
E2_D,5,2,100,2.6489631024222806,False
E2_D,5,3,0.01,0.65665944657781161,True
E2_D,5,3,0.10000000000000001,0.67898682974559921,False
E2_D,5,3,1,0.83115879375834134,False
E2_D,5,3,10,1.4022046740531264,False
E2_D,5,3,100,2.3230296814052114,False
E2_D,5,4,0.01,0.62224958092433003,True
E2_D,5,4,0.10000000000000001,0.62610698870515846,False
E2_D,5,4,1,0.82552896378931129,False
E2_D,5,4,10,1.44313166978114,False
E2_D,5,4,100,2.2418739949428916,False
E2_D,6,0,0.01,0.63061812213208501,True
E2_D,6,0,0.10000000000000001,0.6775665067021458,False
E2_D,6,0,1,0.97820251464581665,False
E2_D,6,0,10,1.8774871313770163,False
E2_D,6,0,100,3.137092443854979,False
E2_D,6,1,0.01,0.6131999694261,False
E2_D,6,1,0.10000000000000001,0.59046896208126143,True
E2_D,6,1,1,0.76442627282043141,False
E2_D,6,1,10,1.4326207056233877,False
E2_D,6,1,100,2.4409841511599248,False
E2_D,6,2,0.01,0.63235220523093516,True
E2_D,6,2,0.10000000000000001,0.70218990515047808,False
E2_D,6,2,1,1.0583495731086094,False
E2_D,6,2,10,1.7236897049987878,False
E2_D,6,2,100,2.6728130807948247,False
E2_D,6,3,0.01,0.61503607340464284,False
E2_D,6,3,0.10000000000000001,0.60932661980488378,True
E2_D,6,3,1,0.83742481666851054,False
E2_D,6,3,10,1.5678757381477595,False
E2_D,6,3,100,2.527716374988056,False
E2_D,6,4,0.01,0.64928705390691177,True
E2_D,6,4,0.10000000000000001,0.66384770164145179,False
E2_D,6,4,1,0.80360251962350515,False
E2_D,6,4,10,1.2000732449442146,False
E2_D,6,4,100,1.9357226183810403,False
E2_D,7,0,0.01,0.6577421701092423,True
E2_D,7,0,0.10000000000000001,0.72991235006729049,False
E2_D,7,0,1,1.0934842454932436,False
E2_D,7,0,10,1.8545481646686195,False
E2_D,7,0,100,2.7696271763345841,False
E2_D,7,1,0.01,0.62443635384738616,True
E2_D,7,1,0.10000000000000001,0.65958414167232815,False
E2_D,7,1,1,0.94842530959720328,False
E2_D,7,1,10,1.7162602968888325,False
E2_D,7,1,100,2.7192950555395408,False
E2_D,7,2,0.01,0.63646593341553248,False
E2_D,7,2,0.10000000000000001,0.62830134235043689,True
E2_D,7,2,1,0.7970163160614222,False
E2_D,7,2,10,1.3718791884716464,False
E2_D,7,2,100,2.2551093885840694,False
E2_D,7,3,0.01,0.59042349328379551,False
E2_D,7,3,0.10000000000000001,0.54596183135670495,True
E2_D,7,3,1,0.7372159089438326,False
E2_D,7,3,10,1.3058350208203147,False
E2_D,7,3,100,2.0736018988564973,False
E2_D,7,4,0.01,0.62764030475813604,True
E2_D,7,4,0.10000000000000001,0.66440726562899832,False
E2_D,7,4,1,0.87057019793109802,False
E2_D,7,4,10,1.5179665172660468,False
E2_D,7,4,100,2.5810714312068379,False
E2_D,8,0,0.01,0.61411694880040169,False
E2_D,8,0,0.10000000000000001,0.60785483811520613,True
E2_D,8,0,1,0.8356316211817445,False
E2_D,8,0,10,1.5357404267010033,False
E2_D,8,0,100,2.5034574895933859,False
E2_D,8,1,0.01,0.63610512135229846,True
E2_D,8,1,0.10000000000000001,0.65097294607314504,False
E2_D,8,1,1,0.89602567336034211,False
E2_D,8,1,10,1.5272515523842405,False
E2_D,8,1,100,2.325266668000741,False
E2_D,8,2,0.01,0.630375895279497,True
E2_D,8,2,0.10000000000000001,0.70180185830036601,False
E2_D,8,2,1,1.0562232739638675,False
E2_D,8,2,10,1.8526806125997395,False
E2_D,8,2,100,2.8842283130709054,False
E2_D,8,3,0.01,0.65035597441707227,True
E2_D,8,3,0.10000000000000001,0.6968096179239005,False
E2_D,8,3,1,0.90426704126819013,False
E2_D,8,3,10,1.5622923312576511,False
E2_D,8,3,100,2.539716560507006,False
E2_D,8,4,0.01,0.613542181825247,False
E2_D,8,4,0.10000000000000001,0.59622154587551401,True
E2_D,8,4,1,0.80009346963965533,False
E2_D,8,4,10,1.509960662961328,False
E2_D,8,4,100,2.5109443035514865,False
E2_D,9,0,0.01,0.62424082087823596,False
E2_D,9,0,0.10000000000000001,0.61030439697622363,True
E2_D,9,0,1,0.82836992626478423,False
E2_D,9,0,10,1.5067948864391889,False
E2_D,9,0,100,2.497414073383458,False
E2_D,9,1,0.01,0.61156809806269941,True
E2_D,9,1,0.10000000000000001,0.64773999790433623,False
E2_D,9,1,1,1.0005274166012239,False
E2_D,9,1,10,1.7385328811807133,False
E2_D,9,1,100,2.6142659435092197,False
E2_D,9,2,0.01,0.63899680739675824,True
E2_D,9,2,0.10000000000000001,0.68331021048651441,False
E2_D,9,2,1,1.0481716157163008,False
E2_D,9,2,10,2.2156335107418967,False
E2_D,9,2,100,3.5451515591593794,False
E2_D,9,3,0.01,0.63327843321354815,False
E2_D,9,3,0.10000000000000001,0.6154731400488801,True
E2_D,9,3,1,0.66073156239603481,False
E2_D,9,3,10,0.98292303425771754,False
E2_D,9,3,100,1.5504447705630531,False
E2_D,9,4,0.01,0.61880350663954631,False
E2_D,9,4,0.10000000000000001,0.61026907601951286,True
E2_D,9,4,1,0.73388875979681167,False
E2_D,9,4,10,1.1797546332183564,False
E2_D,9,4,100,1.8909591422340573,False
E2_DQ,0,0,0.01,0.64048740461388209,True
E2_DQ,0,0,0.10000000000000001,0.7076305576111519,False
E2_DQ,0,0,1,0.97363049101203891,False
E2_DQ,0,0,10,1.630910878468985,False
E2_DQ,0,0,100,2.5975424547168462,False
E2_DQ,0,1,0.01,0.6379617931496594,True
E2_DQ,0,1,0.10000000000000001,0.66343612842570654,False
E2_DQ,0,1,1,0.81805525709887938,False
E2_DQ,0,1,10,1.3285777324251919,False
E2_DQ,0,1,100,2.1079810826887608,False
E2_DQ,0,2,0.01,0.62230440956349464,True
E2_DQ,0,2,0.10000000000000001,0.63308974526459116,False
E2_DQ,0,2,1,0.88099240442656201,False
E2_DQ,0,2,10,1.6750027229542803,False
E2_DQ,0,2,100,2.7675493852827384,False
E2_DQ,0,3,0.01,0.6492266962486164,True
E2_DQ,0,3,0.10000000000000001,0.71757556556290969,False
E2_DQ,0,3,1,1.0787940841209192,False
E2_DQ,0,3,10,2.2549027461962874,False
E2_DQ,0,3,100,3.8396402457939249,False
E2_DQ,0,4,0.01,0.61532654355424132,True
E2_DQ,0,4,0.10000000000000001,0.64096211723355756,False
E2_DQ,0,4,1,0.92188098265683394,False
E2_DQ,0,4,10,1.6669493276790763,False
E2_DQ,0,4,100,2.6398759647234797,False
E2_DQ,1,0,0.01,0.6439260439376433,True
E2_DQ,1,0,0.10000000000000001,0.75258981237999556,False
E2_DQ,1,0,1,1.1803696867584101,False
E2_DQ,1,0,10,2.112732918255714,False
E2_DQ,1,0,100,3.1652738418153197,False
E2_DQ,1,1,0.01,0.62418003980801728,True
E2_DQ,1,1,0.10000000000000001,0.64843258236476919,False
E2_DQ,1,1,1,0.94705464468802714,False
E2_DQ,1,1,10,1.8779923063947555,False
E2_DQ,1,1,100,3.3328062654366724,False
E2_DQ,1,2,0.01,0.62035752182663351,False
E2_DQ,1,2,0.10000000000000001,0.59687200556633802,True
E2_DQ,1,2,1,0.80284450965171672,False
E2_DQ,1,2,10,1.4282159783321657,False
E2_DQ,1,2,100,2.3579901174923692,False
E2_DQ,1,3,0.01,0.62053425859885536,False
E2_DQ,1,3,0.10000000000000001,0.62004106737222819,True
E2_DQ,1,3,1,0.71599193537095829,False
E2_DQ,1,3,10,1.1515975112188614,False
E2_DQ,1,3,100,1.941419415062249,False
E2_DQ,1,4,0.01,0.61138959751603705,False
E2_DQ,1,4,0.10000000000000001,0.59664287892850354,True
E2_DQ,1,4,1,0.7810125731188583,False
E2_DQ,1,4,10,1.3831785637433343,False
E2_DQ,1,4,100,2.2524132257697747,False
E2_DQ,2,0,0.01,0.59300455282673692,False
E2_DQ,2,0,0.10000000000000001,0.55729012017820445,True
E2_DQ,2,0,1,0.75248943253561407,False
E2_DQ,2,0,10,1.3078204443773143,False
E2_DQ,2,0,100,2.0922882588588463,False
E2_DQ,2,1,0.01,0.6379857837370001,True
E2_DQ,2,1,0.10000000000000001,0.672717475287397,False
E2_DQ,2,1,1,0.89403246306355322,False
E2_DQ,2,1,10,1.5301718110988198,False
E2_DQ,2,1,100,2.4858421804675581,False
E2_DQ,2,2,0.01,0.64191371846852918,True
E2_DQ,2,2,0.10000000000000001,0.65424255806549658,False
E2_DQ,2,2,1,0.85923125355368968,False
E2_DQ,2,2,10,1.5365414337785133,False
E2_DQ,2,2,100,2.697808026714362,False
E2_DQ,2,3,0.01,0.655238285866383,True
E2_DQ,2,3,0.10000000000000001,0.72310321058160898,False
E2_DQ,2,3,1,1.0360175437855934,False
E2_DQ,2,3,10,1.8949506354006986,False
E2_DQ,2,3,100,3.2597146418840808,False
E2_DQ,2,4,0.01,0.62293175801832268,True
E2_DQ,2,4,0.10000000000000001,0.67203556541063192,False
E2_DQ,2,4,1,0.9551241178374309,False
E2_DQ,2,4,10,1.7232727307503635,False
E2_DQ,2,4,100,2.8038314713307226,False
E2_DQ,3,0,0.01,0.62633163728535879,True
E2_DQ,3,0,0.10000000000000001,0.68171812249679642,False
E2_DQ,3,0,1,1.0575155575653663,False
E2_DQ,3,0,10,1.8745783583729909,False
E2_DQ,3,0,100,2.8987026999933736,False
E2_DQ,3,1,0.01,0.64123953074789242,True
E2_DQ,3,1,0.10000000000000001,0.65806272206194494,False
E2_DQ,3,1,1,0.9693090005792907,False
E2_DQ,3,1,10,1.8028128753677404,False
E2_DQ,3,1,100,2.901551103899159,False
E2_DQ,3,2,0.01,0.62126201159772387,False
E2_DQ,3,2,0.10000000000000001,0.62079881376385049,True
E2_DQ,3,2,1,0.88000558625312675,False
E2_DQ,3,2,10,1.4958541809721699,False
E2_DQ,3,2,100,2.3449268377487686,False
E2_DQ,3,3,0.01,0.64060844353540025,True
E2_DQ,3,3,0.10000000000000001,0.71681156145679348,False
E2_DQ,3,3,1,1.029903361752055,False
E2_DQ,3,3,10,1.8686460847553445,False
E2_DQ,3,3,100,3.2164015181456427,False
E2_DQ,3,4,0.01,0.62589845556302304,True
E2_DQ,3,4,0.10000000000000001,0.6599314160870644,False
E2_DQ,3,4,1,0.79731791956492704,False
E2_DQ,3,4,10,1.1632235615929019,False
E2_DQ,3,4,100,1.8370620895641898,False
E2_DQ,4,0,0.01,0.58721176612150483,False
E2_DQ,4,0,0.10000000000000001,0.53786240856523226,True
E2_DQ,4,0,1,0.70456269911424618,False
E2_DQ,4,0,10,1.33085527572808,False
E2_DQ,4,0,100,2.2100145668931503,False
E2_DQ,4,1,0.01,0.63991124032850077,False
E2_DQ,4,1,0.10000000000000001,0.63457678459491984,True
E2_DQ,4,1,1,0.85930677545815703,False
E2_DQ,4,1,10,1.4851443950706977,False
E2_DQ,4,1,100,2.3308414778673003,False
E2_DQ,4,2,0.01,0.64416118121121724,True
E2_DQ,4,2,0.10000000000000001,0.73918381772552388,False
E2_DQ,4,2,1,1.2288525482583883,False
E2_DQ,4,2,10,2.4912440616799736,False
E2_DQ,4,2,100,4.1041287418876573,False
E2_DQ,4,3,0.01,0.60454899345756963,False
E2_DQ,4,3,0.10000000000000001,0.53423601346198579,True
E2_DQ,4,3,1,0.59522575483911988,False
E2_DQ,4,3,10,0.94607378601271463,False
E2_DQ,4,3,100,1.4826057425145434,False
E2_DQ,4,4,0.01,0.65473670110294946,True
E2_DQ,4,4,0.10000000000000001,0.72048363698816531,False
E2_DQ,4,4,1,0.91542194952667633,False
E2_DQ,4,4,10,1.5085651772854383,False
E2_DQ,4,4,100,2.4888667288066908,False
E2_DQ,5,0,0.01,0.6099468230152385,True
E2_DQ,5,0,0.10000000000000001,0.63032999225332931,False
E2_DQ,5,0,1,0.9166099362328598,False
E2_DQ,5,0,10,1.5524297863740999,False
E2_DQ,5,0,100,2.3191946283642357,False
E2_DQ,5,1,0.01,0.62629804398001865,False
E2_DQ,5,1,0.10000000000000001,0.61124775595632774,True
E2_DQ,5,1,1,0.72195991366794054,False
E2_DQ,5,1,10,1.2076250632260896,False
E2_DQ,5,1,100,2.0261286139675785,False
E2_DQ,5,2,0.01,0.60533301938946571,False
E2_DQ,5,2,0.10000000000000001,0.60370370938875229,True
E2_DQ,5,2,1,0.88609708399479081,False
E2_DQ,5,2,10,1.6916930990850441,False
E2_DQ,5,2,100,2.7763519733200863,False
E2_DQ,5,3,0.01,0.65679378572049929,True
E2_DQ,5,3,0.10000000000000001,0.6844936926981765,False
E2_DQ,5,3,1,0.86284813882593103,False
E2_DQ,5,3,10,1.4496877999994857,False
E2_DQ,5,3,100,2.4793467215280356,False
E2_DQ,5,4,0.01,0.62364185133159311,True
E2_DQ,5,4,0.10000000000000001,0.63482719341205707,False
E2_DQ,5,4,1,0.85464316667599893,False
E2_DQ,5,4,10,1.5293060227999704,False
E2_DQ,5,4,100,2.3801205268889403,False
E2_DQ,6,0,0.01,0.63214555379692439,True
E2_DQ,6,0,0.10000000000000001,0.68465570955512955,False
E2_DQ,6,0,1,1.0035445805465644,False
E2_DQ,6,0,10,1.922899309306985,False
E2_DQ,6,0,100,3.1375427390132211,False
E2_DQ,6,1,0.01,0.6138873505507062,False
E2_DQ,6,1,0.10000000000000001,0.58941478132086056,True
E2_DQ,6,1,1,0.77872979269507181,False
E2_DQ,6,1,10,1.4217573532478538,False
E2_DQ,6,1,100,2.2749224314628496,False
E2_DQ,6,2,0.01,0.63109055891549748,True
E2_DQ,6,2,0.10000000000000001,0.70685664416636562,False
E2_DQ,6,2,1,1.099535567559603,False
E2_DQ,6,2,10,1.8684357024818437,False
E2_DQ,6,2,100,2.8686783011187771,False
E2_DQ,6,3,0.01,0.61659753561505615,False
E2_DQ,6,3,0.10000000000000001,0.61602663758258258,True
E2_DQ,6,3,1,0.85802833540065404,False
E2_DQ,6,3,10,1.5181119776292951,False
E2_DQ,6,3,100,2.4427259499934553,False
E2_DQ,6,4,0.01,0.64969397921565175,True
E2_DQ,6,4,0.10000000000000001,0.67658120275844635,False
E2_DQ,6,4,1,0.81914410409273009,False
E2_DQ,6,4,10,1.195179780524688,False
E2_DQ,6,4,100,1.9306224827929428,False
E2_DQ,7,0,0.01,0.65473386453218319,True
E2_DQ,7,0,0.10000000000000001,0.7187848305742266,False
E2_DQ,7,0,1,1.1220728516693705,False
E2_DQ,7,0,10,1.9716561698686605,False
E2_DQ,7,0,100,2.9970771871394786,False
E2_DQ,7,1,0.01,0.62556137706521353,True
E2_DQ,7,1,0.10000000000000001,0.6595374116736028,False
E2_DQ,7,1,1,0.95525932524408608,False
E2_DQ,7,1,10,1.7745076528812234,False
E2_DQ,7,1,100,2.7721998244739985,False
E2_DQ,7,2,0.01,0.6398421950994343,True
E2_DQ,7,2,0.10000000000000001,0.64063728658255836,False
E2_DQ,7,2,1,0.81029216075642363,False
E2_DQ,7,2,10,1.3970304783350811,False
E2_DQ,7,2,100,2.3847607295345905,False
E2_DQ,7,3,0.01,0.59323763903369575,False
E2_DQ,7,3,0.10000000000000001,0.56061771693020968,True
E2_DQ,7,3,1,0.77668273420262124,False
E2_DQ,7,3,10,1.3740342793157372,False
E2_DQ,7,3,100,2.137332575490571,False
E2_DQ,7,4,0.01,0.63326407266103568,True
E2_DQ,7,4,0.10000000000000001,0.68593282871776351,False
E2_DQ,7,4,1,0.9271156414343783,False
E2_DQ,7,4,10,1.7087179323456152,False
E2_DQ,7,4,100,2.9219333567118708,False
E2_DQ,8,0,0.01,0.61665432383921792,True
E2_DQ,8,0,0.10000000000000001,0.62064021175239825,False
E2_DQ,8,0,1,0.87183468258927643,False
E2_DQ,8,0,10,1.5527241712428994,False
E2_DQ,8,0,100,2.4531444897351147,False
E2_DQ,8,1,0.01,0.63512391239514787,True
E2_DQ,8,1,0.10000000000000001,0.64731091253709472,False
E2_DQ,8,1,1,0.88620500609003083,False
E2_DQ,8,1,10,1.503318903207481,False
E2_DQ,8,1,100,2.2590637378168741,False
E2_DQ,8,2,0.01,0.63040946651880625,True
E2_DQ,8,2,0.10000000000000001,0.69876723814874431,False
E2_DQ,8,2,1,1.0811017251042567,False
E2_DQ,8,2,10,1.9639549807910135,False
E2_DQ,8,2,100,3.0501119614343453,False
E2_DQ,8,3,0.01,0.65041217081798097,True
E2_DQ,8,3,0.10000000000000001,0.70374742865365847,False
E2_DQ,8,3,1,0.98657213126012011,False
E2_DQ,8,3,10,1.8061522666739498,False
E2_DQ,8,3,100,2.8991510567674963,False
E2_DQ,8,4,0.01,0.61340593622561013,False
E2_DQ,8,4,0.10000000000000001,0.60241713239805128,True
E2_DQ,8,4,1,0.89118786588031296,False
E2_DQ,8,4,10,1.7456190213395353,False
E2_DQ,8,4,100,2.7864275427183944,False
E2_DQ,9,0,0.01,0.62966382648901509,True
E2_DQ,9,0,0.10000000000000001,0.63647682353503188,False
E2_DQ,9,0,1,0.92242406210894767,False
E2_DQ,9,0,10,1.696792781681167,False
E2_DQ,9,0,100,2.7882016369934211,False
E2_DQ,9,1,0.01,0.60987519229566334,True
E2_DQ,9,1,0.10000000000000001,0.64488383636333269,False
E2_DQ,9,1,1,1.0090889060657264,False
E2_DQ,9,1,10,1.7451721196982963,False
E2_DQ,9,1,100,2.6521074792793611,False
E2_DQ,9,2,0.01,0.63958508998384445,True
E2_DQ,9,2,0.10000000000000001,0.68995692042886436,False
E2_DQ,9,2,1,1.0818634942628542,False
E2_DQ,9,2,10,2.2675827134964388,False
E2_DQ,9,2,100,3.6752851518259182,False
E2_DQ,9,3,0.01,0.63494389632762449,False
E2_DQ,9,3,0.10000000000000001,0.61963666533245887,True
E2_DQ,9,3,1,0.67354702700627445,False
E2_DQ,9,3,10,1.0012026148017417,False
E2_DQ,9,3,100,1.5858913953378162,False
E2_DQ,9,4,0.01,0.61883040777299336,False
E2_DQ,9,4,0.10000000000000001,0.61830818471837246,True
E2_DQ,9,4,1,0.77753866541995909,False
E2_DQ,9,4,10,1.3415438091889123,False
E2_DQ,9,4,100,2.2355183245219172,False
E4,0,0,0.01,0.61691666400064915,False
E4,0,0,0.10000000000000001,0.56619106063501223,True
E4,0,0,1,0.6129190782735886,False
E4,0,0,10,0.72633568245036284,False
E4,0,0,100,0.79288813990474583,False
E4,0,1,0.01,0.63559161504592643,False
E4,0,1,0.10000000000000001,0.6082987534548191,True
E4,0,1,1,0.66094277983933369,False
E4,0,1,10,0.78709036393605314,False
E4,0,1,100,0.90868148699828444,False
E4,0,2,0.01,0.65113343989324002,False
E4,0,2,0.10000000000000001,0.61444404323562751,True
E4,0,2,1,0.65620748906654003,False
E4,0,2,10,0.82425189956749922,False
E4,0,2,100,1.0086886513245246,False
E4,0,3,0.01,0.62563214506526632,False
E4,0,3,0.10000000000000001,0.60107516172122366,True
E4,0,3,1,0.65140642885655642,False
E4,0,3,10,0.72117288146223923,False
E4,0,3,100,0.79471187153447109,False
E4,0,4,0.01,0.61728135745656498,False
E4,0,4,0.10000000000000001,0.55580669369383207,True
E4,0,4,1,0.58005088711684116,False
E4,0,4,10,0.68269241885051857,False
E4,0,4,100,0.7888034534871029,False
E4,1,0,0.01,0.63351095174021099,False
E4,1,0,0.10000000000000001,0.6179406165306004,True
E4,1,0,1,0.71834337353303979,False
E4,1,0,10,0.89609768827030956,False
E4,1,0,100,1.0239005022306162,False
E4,1,1,0.01,0.62742427862537231,False
E4,1,1,0.10000000000000001,0.59330966711263411,True
E4,1,1,1,0.64922362755021334,False
E4,1,1,10,0.78610326706561084,False
E4,1,1,100,0.8973672354906731,False
E4,1,2,0.01,0.62884814689828983,False
E4,1,2,0.10000000000000001,0.60146166500584908,True
E4,1,2,1,0.70893080967583666,False
E4,1,2,10,0.9210382020895439,False
E4,1,2,100,1.1428329321424679,False
E4,1,3,0.01,0.63006867662083577,False
E4,1,3,0.10000000000000001,0.61104142181750465,True
E4,1,3,1,0.67276324018401201,False
E4,1,3,10,0.76464894023851104,False
E4,1,3,100,0.8505838178989874,False
E4,1,4,0.01,0.6276921919928391,False
E4,1,4,0.10000000000000001,0.58693242257020861,True
E4,1,4,1,0.67473156073689522,False
E4,1,4,10,0.85982371304858141,False
E4,1,4,100,1.0162396254211485,False
E4,2,0,0.01,0.6280261423625747,False
E4,2,0,0.10000000000000001,0.58749825348575391,True
E4,2,0,1,0.6231597108944239,False
E4,2,0,10,0.7385130039583625,False
E4,2,0,100,0.90964525737265101,False
E4,2,1,0.01,0.63808970492114958,False
E4,2,1,0.10000000000000001,0.61834662028528964,True
E4,2,1,1,0.73390326155772401,False
E4,2,1,10,0.9881997848973938,False
E4,2,1,100,1.3611447885500882,False
E4,2,2,0.01,0.63761583300455327,False
E4,2,2,0.10000000000000001,0.59006969628599548,True
E4,2,2,1,0.63029726533986252,False
E4,2,2,10,0.70892051656486965,False
E4,2,2,100,0.74554096392061564,False
E4,2,3,0.01,0.64431090144414815,False
E4,2,3,0.10000000000000001,0.62917667493858276,True
E4,2,3,1,0.70162061608838044,False
E4,2,3,10,0.84908955979066869,False
E4,2,3,100,1.0666941401253636,False
E4,2,4,0.01,0.62097282575863355,False
E4,2,4,0.10000000000000001,0.60164529633692709,True
E4,2,4,1,0.68706330300824281,False
E4,2,4,10,0.88027824487530015,False
E4,2,4,100,1.0588043681159789,False
E4,3,0,0.01,0.63489978898408095,False
E4,3,0,0.10000000000000001,0.60793633301000449,True
E4,3,0,1,0.70571459678041604,False
E4,3,0,10,0.93241672785962326,False
E4,3,0,100,1.1368753899843178,False
E4,3,1,0.01,0.64519209205547945,False
E4,3,1,0.10000000000000001,0.63515053906593122,True
E4,3,1,1,0.751504090198997,False
E4,3,1,10,0.86559373609499091,False
E4,3,1,100,0.93319024304551257,False
E4,3,2,0.01,0.62649172036256928,False
E4,3,2,0.10000000000000001,0.56586201790933977,True
E4,3,2,1,0.60707645638092922,False
E4,3,2,10,0.78284190543145171,False
E4,3,2,100,0.91235347422074975,False
E4,3,3,0.01,0.62853280744331197,False
E4,3,3,0.10000000000000001,0.61246929880880463,True
E4,3,3,1,0.69920508305260864,False
E4,3,3,10,0.83816373721186455,False
E4,3,3,100,0.96622114775885215,False
E4,3,4,0.01,0.60805398102428254,False
E4,3,4,0.10000000000000001,0.54976415066411954,True
E4,3,4,1,0.55809100321644067,False
E4,3,4,10,0.63623169734715646,False
E4,3,4,100,0.68871777513725529,False
E4,4,0,0.01,0.6261128423420822,False
E4,4,0,0.10000000000000001,0.60011669988989391,True
E4,4,0,1,0.73575079477102978,False
E4,4,0,10,0.99065601851965912,False
E4,4,0,100,1.1459523853379487,False
E4,4,1,0.01,0.63670139505603529,False
E4,4,1,0.10000000000000001,0.60174383185678637,True
E4,4,1,1,0.69053279962775627,False
E4,4,1,10,0.93203562319971123,False
E4,4,1,100,1.1166799201484612,False
E4,4,2,0.01,0.63202961104561972,True
E4,4,2,0.10000000000000001,0.64691398622373342,False
E4,4,2,1,0.83862046318615713,False
E4,4,2,10,1.1536109989919818,False
E4,4,2,100,1.4108777601278648,False
E4,4,3,0.01,0.63129213229402137,False
E4,4,3,0.10000000000000001,0.58000111412482158,True
E4,4,3,1,0.61950953344628246,False
E4,4,3,10,0.75655878284354017,False
E4,4,3,100,0.88897195525548989,False
E4,4,4,0.01,0.62711698199074695,False
E4,4,4,0.10000000000000001,0.58388823453294891,True
E4,4,4,1,0.62967213052257631,False
E4,4,4,10,0.71600472518825586,False
E4,4,4,100,0.76862495058521074,False
E4,5,0,0.01,0.62694826664929881,False
E4,5,0,0.10000000000000001,0.60195273338780797,True
E4,5,0,1,0.6497643526416601,False
E4,5,0,10,0.84259445955079781,False
E4,5,0,100,1.1539271462602414,False
E4,5,1,0.01,0.61334661549235159,False
E4,5,1,0.10000000000000001,0.54185461686967518,True
E4,5,1,1,0.56687226641329491,False
E4,5,1,10,0.71365741972898533,False
E4,5,1,100,0.88720239146938085,False
E4,5,2,0.01,0.63309860400782647,False
E4,5,2,0.10000000000000001,0.59969974885168187,True
E4,5,2,1,0.66716711001578421,False
E4,5,2,10,0.83914158971077357,False
E4,5,2,100,1.0260367228081351,False
E4,5,3,0.01,0.64804071345220327,False
E4,5,3,0.10000000000000001,0.62459481468863787,True
E4,5,3,1,0.70022734437186673,False
E4,5,3,10,0.82818203514073463,False
E4,5,3,100,0.88260960257715504,False
E4,5,4,0.01,0.62155875033327246,False
E4,5,4,0.10000000000000001,0.59343782937923562,True
E4,5,4,1,0.66280758455580857,False
E4,5,4,10,0.83819454982685326,False
E4,5,4,100,1.0966349438988063,False
E4,6,0,0.01,0.62501369988018651,False
E4,6,0,0.10000000000000001,0.62493134422588192,True
E4,6,0,1,0.73523087190488057,False
E4,6,0,10,0.89522944150632444,False
E4,6,0,100,1.1031057104958861,False
E4,6,1,0.01,0.63196424752074798,False
E4,6,1,0.10000000000000001,0.59249239273950238,True
E4,6,1,1,0.65359398098997312,False
E4,6,1,10,0.7655649559432981,False
E4,6,1,100,0.8469623172542694,False
E4,6,2,0.01,0.63804931798694553,False
E4,6,2,0.10000000000000001,0.62787178541302968,True
E4,6,2,1,0.73635764042560248,False
E4,6,2,10,0.90085162161706034,False
E4,6,2,100,1.02639022724096,False
E4,6,3,0.01,0.60597406239571328,False
E4,6,3,0.10000000000000001,0.52547443701203078,True
E4,6,3,1,0.54825326856840195,False
E4,6,3,10,0.68948590301126633,False
E4,6,3,100,0.82574589594282222,False
E4,6,4,0.01,0.64359505174514908,False
E4,6,4,0.10000000000000001,0.62693141885483805,True
E4,6,4,1,0.68590417479793142,False
E4,6,4,10,0.82156414020082513,False
E4,6,4,100,0.88810383527589309,False
E4,7,0,0.01,0.64064738255360221,False
E4,7,0,0.10000000000000001,0.60315490445705933,True
E4,7,0,1,0.71137555775106809,False
E4,7,0,10,0.9772279812026361,False
E4,7,0,100,1.1858570707717304,False
E4,7,1,0.01,0.61756704649644489,False
E4,7,1,0.10000000000000001,0.58939395987682752,True
E4,7,1,1,0.65036294337752876,False
E4,7,1,10,0.81044635051414138,False
E4,7,1,100,1.0907591745081031,False
E4,7,2,0.01,0.64804604935573507,False
E4,7,2,0.10000000000000001,0.63866957420685666,True
E4,7,2,1,0.68237391250615209,False
E4,7,2,10,0.76976421885455393,False
E4,7,2,100,0.86123709573636331,False
E4,7,3,0.01,0.62269732496288999,False
E4,7,3,0.10000000000000001,0.558813211336461,True
E4,7,3,1,0.56774429553242234,False
E4,7,3,10,0.65019569662782239,False
E4,7,3,100,0.72633465939180275,False
E4,7,4,0.01,0.63154536029214148,False
E4,7,4,0.10000000000000001,0.62037476480369247,True
E4,7,4,1,0.72706411821511863,False
E4,7,4,10,0.9057064741851425,False
E4,7,4,100,1.0348509248624873,False
E4,8,0,0.01,0.62593073245478126,False
E4,8,0,0.10000000000000001,0.59063315560433816,True
E4,8,0,1,0.66121455780099692,False
E4,8,0,10,0.78151097311665896,False
E4,8,0,100,0.839233271005698,False
E4,8,1,0.01,0.64383172738020389,False
E4,8,1,0.10000000000000001,0.63679584702953362,True
E4,8,1,1,0.7323503211991389,False
E4,8,1,10,0.89743915935763474,False
E4,8,1,100,1.0500667149003757,False
E4,8,2,0.01,0.60721624231217686,False
E4,8,2,0.10000000000000001,0.55291751249358445,True
E4,8,2,1,0.62348797371650921,False
E4,8,2,10,0.76888252997778206,False
E4,8,2,100,0.89322211899284676,False
E4,8,3,0.01,0.63630432790986979,False
E4,8,3,0.10000000000000001,0.62278428462675883,True
E4,8,3,1,0.68834781359461206,False
E4,8,3,10,0.81646096971509985,False
E4,8,3,100,0.94221367629875985,False
E4,8,4,0.01,0.63399115135559492,False
E4,8,4,0.10000000000000001,0.59254580182488403,True
E4,8,4,1,0.65703466987195047,False
E4,8,4,10,0.79223999311662974,False
E4,8,4,100,0.860710571751099,False
E4,9,0,0.01,0.63678015485677719,False
E4,9,0,0.10000000000000001,0.61634001128186533,True
E4,9,0,1,0.70363249419698159,False
E4,9,0,10,0.9145317132050379,False
E4,9,0,100,1.0749965781081565,False
E4,9,1,0.01,0.60787942576434062,False
E4,9,1,0.10000000000000001,0.54579474390203664,True
E4,9,1,1,0.61532170819245802,False
E4,9,1,10,0.82725493206146128,False
E4,9,1,100,0.96877012280561481,False
E4,9,2,0.01,0.64137127989663889,False
E4,9,2,0.10000000000000001,0.62137229007299966,True
E4,9,2,1,0.71203341410788146,False
E4,9,2,10,0.87605111086164911,False
E4,9,2,100,0.99835175948159327,False
E4,9,3,0.01,0.62256406640470818,False
E4,9,3,0.10000000000000001,0.56667152200051696,True
E4,9,3,1,0.61921538327279213,False
E4,9,3,10,0.82619497853875667,False
E4,9,3,100,1.0199458138607687,False
E4,9,4,0.01,0.63479591312552364,True
E4,9,4,0.10000000000000001,0.63690900029144792,False
E4,9,4,1,0.75172249473951724,False
E4,9,4,10,0.89084304870577602,False
E4,9,4,100,1.0316401272553999,False
E4_D,0,0,0.01,0.61641579824777626,False
E4_D,0,0,0.10000000000000001,0.57296677693428433,True
E4_D,0,0,1,0.62660730764541517,False
E4_D,0,0,10,0.74423821756019226,False
E4_D,0,0,100,0.82204200680959005,False
E4_D,0,1,0.01,0.62958421447430302,False
E4_D,0,1,0.10000000000000001,0.60127438903504837,True
E4_D,0,1,1,0.67063962123905019,False
E4_D,0,1,10,0.81099536904327485,False
E4_D,0,1,100,0.9528099411638844,False
E4_D,0,2,0.01,0.63861044330590921,False
E4_D,0,2,0.10000000000000001,0.59090071104017916,True
E4_D,0,2,1,0.66000011297527394,False
E4_D,0,2,10,0.88236468000013779,False
E4_D,0,2,100,1.1479151638915788,False
E4_D,0,3,0.01,0.62275757260851372,False
E4_D,0,3,0.10000000000000001,0.59947140627856876,True
E4_D,0,3,1,0.66499254237124106,False
E4_D,0,3,10,0.76414097270012971,False
E4_D,0,3,100,0.88408135031844848,False
E4_D,0,4,0.01,0.61089578226905994,False
E4_D,0,4,0.10000000000000001,0.54161152810089852,True
E4_D,0,4,1,0.56922771049879117,False
E4_D,0,4,10,0.6860005129293395,False
E4_D,0,4,100,0.78441422371219172,False
E4_D,1,0,0.01,0.63047736160852241,False
E4_D,1,0,0.10000000000000001,0.61618445689660339,True
E4_D,1,0,1,0.71853647559330358,False
E4_D,1,0,10,0.89701039161253193,False
E4_D,1,0,100,1.0259968141664002,False
E4_D,1,1,0.01,0.62372380066556266,False
E4_D,1,1,0.10000000000000001,0.59375856468055499,True
E4_D,1,1,1,0.67278595066605895,False
E4_D,1,1,10,0.90064244812065697,False
E4_D,1,1,100,1.1901792180667023,False
E4_D,1,2,0.01,0.62398384026519815,False
E4_D,1,2,0.10000000000000001,0.59283746010136562,True
E4_D,1,2,1,0.69828101591340896,False
E4_D,1,2,10,0.91266379192368996,False
E4_D,1,2,100,1.1607864699656449,False
E4_D,1,3,0.01,0.62264424826463405,False
E4_D,1,3,0.10000000000000001,0.5964269546967641,True
E4_D,1,3,1,0.6665074882023585,False
E4_D,1,3,10,0.78690781863360171,False
E4_D,1,3,100,0.87098944354276997,False
E4_D,1,4,0.01,0.62211123194414575,False
E4_D,1,4,0.10000000000000001,0.58181162678777909,True
E4_D,1,4,1,0.70524752213429054,False
E4_D,1,4,10,0.92967390208826295,False
E4_D,1,4,100,1.1175132020405989,False
E4_D,2,0,0.01,0.62038522941969843,False
E4_D,2,0,0.10000000000000001,0.57007248882706596,True
E4_D,2,0,1,0.60436899240998976,False
E4_D,2,0,10,0.74825184780835774,False
E4_D,2,0,100,1.0050297999906077,False
E4_D,2,1,0.01,0.63510375743652503,False
E4_D,2,1,0.10000000000000001,0.61710369152788647,True
E4_D,2,1,1,0.7355391388570004,False
E4_D,2,1,10,1.0152760318102763,False
E4_D,2,1,100,1.5246203055922261,False
E4_D,2,2,0.01,0.63251460497328349,False
E4_D,2,2,0.10000000000000001,0.5861850958295779,True
E4_D,2,2,1,0.64800961171486604,False
E4_D,2,2,10,0.74631667870002416,False
E4_D,2,2,100,0.79182258058806598,False
E4_D,2,3,0.01,0.63764173021209303,False
E4_D,2,3,0.10000000000000001,0.61259099058791955,True
E4_D,2,3,1,0.68594722637394845,False
E4_D,2,3,10,0.85198887598711315,False
E4_D,2,3,100,1.1297885878295433,False
E4_D,2,4,0.01,0.61518368053424133,False
E4_D,2,4,0.10000000000000001,0.58679830814472866,True
E4_D,2,4,1,0.6734267426507422,False
E4_D,2,4,10,0.88912653434076805,False
E4_D,2,4,100,1.0908868191162198,False
E4_D,3,0,0.01,0.62434715442043165,False
E4_D,3,0,0.10000000000000001,0.58456291209491074,True
E4_D,3,0,1,0.68452316126301571,False
E4_D,3,0,10,0.99060599047332243,False
E4_D,3,0,100,1.3464815209199414,False
E4_D,3,1,0.01,0.640708372670029,False
E4_D,3,1,0.10000000000000001,0.6267957784767102,True
E4_D,3,1,1,0.75971447380992962,False
E4_D,3,1,10,0.93418600508508098,False
E4_D,3,1,100,1.0285605083403968,False
E4_D,3,2,0.01,0.62372884226636593,False
E4_D,3,2,0.10000000000000001,0.56587660094516679,True
E4_D,3,2,1,0.61548010343049009,False
E4_D,3,2,10,0.79902063906853982,False
E4_D,3,2,100,0.94294060870147389,False
E4_D,3,3,0.01,0.62572068718039786,False
E4_D,3,3,0.10000000000000001,0.6094797694659253,True
E4_D,3,3,1,0.70733905322630697,False
E4_D,3,3,10,0.85868498914137759,False
E4_D,3,3,100,0.99603925713630725,False
E4_D,3,4,0.01,0.6071552563553424,False
E4_D,3,4,0.10000000000000001,0.56665717213848199,True
E4_D,3,4,1,0.59435180485607841,False
E4_D,3,4,10,0.67743838006847001,False
E4_D,3,4,100,0.73723116948622225,False
E4_D,4,0,0.01,0.61231383023869201,False
E4_D,4,0,0.10000000000000001,0.56199566016520719,True
E4_D,4,0,1,0.6650054348601383,False
E4_D,4,0,10,0.90799526613009718,False
E4_D,4,0,100,1.0802551292439373,False
E4_D,4,1,0.01,0.6363330379103016,False
E4_D,4,1,0.10000000000000001,0.60853043271466978,True
E4_D,4,1,1,0.72356262231347934,False
E4_D,4,1,10,1.0747472902307631,False
E4_D,4,1,100,1.5345956542849548,False
E4_D,4,2,0.01,0.63013575707566016,True
E4_D,4,2,0.10000000000000001,0.65392908818557582,False
E4_D,4,2,1,0.86198585593415122,False
E4_D,4,2,10,1.1977233697161771,False
E4_D,4,2,100,1.4607101574882682,False
E4_D,4,3,0.01,0.62467655757281626,False
E4_D,4,3,0.10000000000000001,0.57323911702769725,True
E4_D,4,3,1,0.64851041522364894,False
E4_D,4,3,10,0.83111120556041818,False
E4_D,4,3,100,0.98568200045375276,False
E4_D,4,4,0.01,0.62342499147002484,False
E4_D,4,4,0.10000000000000001,0.57602484193974124,True
E4_D,4,4,1,0.61883915630949593,False
E4_D,4,4,10,0.71170741060353437,False
E4_D,4,4,100,0.80262376774865107,False
E4_D,5,0,0.01,0.62194368453010218,False
E4_D,5,0,0.10000000000000001,0.59746972108034579,True
E4_D,5,0,1,0.65905557488250421,False
E4_D,5,0,10,0.86326153041716036,False
E4_D,5,0,100,1.1779966715886023,False
E4_D,5,1,0.01,0.6126207073972757,False
E4_D,5,1,0.10000000000000001,0.5452189523274461,True
E4_D,5,1,1,0.57158777065218791,False
E4_D,5,1,10,0.72448979193665131,False
E4_D,5,1,100,0.92757958174363142,False
E4_D,5,2,0.01,0.6203672311940478,False
E4_D,5,2,0.10000000000000001,0.56221042973557322,True
E4_D,5,2,1,0.60595422246456077,False
E4_D,5,2,10,0.78496138757086231,False
E4_D,5,2,100,1.1866240020906473,False
E4_D,5,3,0.01,0.64368596520362797,False
E4_D,5,3,0.10000000000000001,0.61405195986848249,True
E4_D,5,3,1,0.68160554389977157,False
E4_D,5,3,10,0.7955563925238619,False
E4_D,5,3,100,0.84383884341839932,False
E4_D,5,4,0.01,0.61388247993854694,False
E4_D,5,4,0.10000000000000001,0.57610626569523338,True
E4_D,5,4,1,0.64454521056383907,False
E4_D,5,4,10,0.82354992848576436,False
E4_D,5,4,100,1.1141280952168726,False
E4_D,6,0,0.01,0.61944758293333146,False
E4_D,6,0,0.10000000000000001,0.60966594291341247,True
E4_D,6,0,1,0.71811461030448864,False
E4_D,6,0,10,0.90052762559952548,False
E4_D,6,0,100,1.1202008494537636,False
E4_D,6,1,0.01,0.62763319485678726,False
E4_D,6,1,0.10000000000000001,0.59387422725316574,True
E4_D,6,1,1,0.68954175079344271,False
E4_D,6,1,10,0.87251513996011454,False
E4_D,6,1,100,1.0145784511702423,False
E4_D,6,2,0.01,0.62835996759444201,False
E4_D,6,2,0.10000000000000001,0.60837868991658839,True
E4_D,6,2,1,0.74047478803272782,False
E4_D,6,2,10,0.92440629676077779,False
E4_D,6,2,100,1.0420631936473714,False
E4_D,6,3,0.01,0.60279230000101247,False
E4_D,6,3,0.10000000000000001,0.52568814534680297,True
E4_D,6,3,1,0.56245936341532277,False
E4_D,6,3,10,0.73125585610392929,False
E4_D,6,3,100,0.92242359417661657,False
E4_D,6,4,0.01,0.63999164022859689,False
E4_D,6,4,0.10000000000000001,0.62450691127221647,True
E4_D,6,4,1,0.68921657883154563,False
E4_D,6,4,10,0.82206829184998553,False
E4_D,6,4,100,0.91493352828671293,False
E4_D,7,0,0.01,0.62775475312330864,False
E4_D,7,0,0.10000000000000001,0.56260550496254824,True
E4_D,7,0,1,0.64968102189971422,False
E4_D,7,0,10,0.9868231713712684,False
E4_D,7,0,100,1.4060049349842243,False
E4_D,7,1,0.01,0.61390878913065672,False
E4_D,7,1,0.10000000000000001,0.59190077153237408,True
E4_D,7,1,1,0.68669090005956501,False
E4_D,7,1,10,0.95684441276545507,False
E4_D,7,1,100,1.5760881858682545,False
E4_D,7,2,0.01,0.64326840116798578,False
E4_D,7,2,0.10000000000000001,0.62843161733902897,True
E4_D,7,2,1,0.67312789611643042,False
E4_D,7,2,10,0.80467228665910273,False
E4_D,7,2,100,1.032980156968661,False
E4_D,7,3,0.01,0.61441996167990642,False
E4_D,7,3,0.10000000000000001,0.55308973547641582,True
E4_D,7,3,1,0.59733028531853172,False
E4_D,7,3,10,0.72238692527689763,False
E4_D,7,3,100,0.83576602308317327,False
E4_D,7,4,0.01,0.62993197272739498,False
E4_D,7,4,0.10000000000000001,0.62825283887575079,True
E4_D,7,4,1,0.75436010269803944,False
E4_D,7,4,10,0.94439462465380908,False
E4_D,7,4,100,1.0789797467380362,False
E4_D,8,0,0.01,0.62205590456696525,False
E4_D,8,0,0.10000000000000001,0.58659775388813351,True
E4_D,8,0,1,0.68575081657851356,False
E4_D,8,0,10,0.89169851508172004,False
E4_D,8,0,100,1.0060386635678018,False
E4_D,8,1,0.01,0.63849494559209341,False
E4_D,8,1,0.10000000000000001,0.63719890328702533,True
E4_D,8,1,1,0.760671262254488,False
E4_D,8,1,10,0.95971870275214233,False
E4_D,8,1,100,1.1577610735337147,False
E4_D,8,2,0.01,0.60301689601839215,False
E4_D,8,2,0.10000000000000001,0.54763120690600708,True
E4_D,8,2,1,0.62147431521806951,False
E4_D,8,2,10,0.77964484077002216,False
E4_D,8,2,100,0.92388085151829247,False
E4_D,8,3,0.01,0.63333933025987743,False
E4_D,8,3,0.10000000000000001,0.62515114558187279,True
E4_D,8,3,1,0.70558791534715171,False
E4_D,8,3,10,0.84974850563894222,False
E4_D,8,3,100,0.99624602253870165,False
E4_D,8,4,0.01,0.6230519323254643,False
E4_D,8,4,0.10000000000000001,0.56562604064236099,True
E4_D,8,4,1,0.63679377719754382,False
E4_D,8,4,10,0.78282764104193159,False
E4_D,8,4,100,0.81861822023310138,False
E4_D,9,0,0.01,0.62924264496682358,False
E4_D,9,0,0.10000000000000001,0.59278734908637498,True
E4_D,9,0,1,0.68145419648496475,False
E4_D,9,0,10,0.94655244733661859,False
E4_D,9,0,100,1.1888023479574088,False
E4_D,9,1,0.01,0.59960343793123261,False
E4_D,9,1,0.10000000000000001,0.53768639293697784,True
E4_D,9,1,1,0.6175947852717395,False
E4_D,9,1,10,0.85877628102976833,False
E4_D,9,1,100,1.0563695033674787,False
E4_D,9,2,0.01,0.63663216296378589,False
E4_D,9,2,0.10000000000000001,0.61792231875204651,True
E4_D,9,2,1,0.72843634241337474,False
E4_D,9,2,10,0.89743028531194724,False
E4_D,9,2,100,1.0132157494601619,False
E4_D,9,3,0.01,0.62104096109691198,False
E4_D,9,3,0.10000000000000001,0.57568308382907374,True
E4_D,9,3,1,0.64980281553147734,False
E4_D,9,3,10,0.87487060615307632,False
E4_D,9,3,100,1.1292648287180984,False
E4_D,9,4,0.01,0.62823377820346138,False
E4_D,9,4,0.10000000000000001,0.62284436309310198,True
E4_D,9,4,1,0.73737756533122356,False
E4_D,9,4,10,0.88612798817493488,False
E4_D,9,4,100,1.042191835953465,False
E4_DQ,0,0,0.01,0.6211818336666115,False
E4_DQ,0,0,0.10000000000000001,0.60631518375193938,True
E4_DQ,0,0,1,0.74654733511032934,False
E4_DQ,0,0,10,0.96400145714485996,False
E4_DQ,0,0,100,1.159910235975641,False
E4_DQ,0,1,0.01,0.62996945565071027,False
E4_DQ,0,1,0.10000000000000001,0.60367367816389639,True
E4_DQ,0,1,1,0.6869909402369242,False
E4_DQ,0,1,10,0.93308639993434095,False
E4_DQ,0,1,100,1.3767683426338848,False
E4_DQ,0,2,0.01,0.64349800919495193,False
E4_DQ,0,2,0.10000000000000001,0.6329907725517121,True
E4_DQ,0,2,1,0.76365536589559335,False
E4_DQ,0,2,10,0.99360381914126727,False
E4_DQ,0,2,100,1.2330492390655288,False
E4_DQ,0,3,0.01,0.62544098041039209,False
E4_DQ,0,3,0.10000000000000001,0.60830774223128947,True
E4_DQ,0,3,1,0.68160241529629984,False
E4_DQ,0,3,10,0.78510285024219395,False
E4_DQ,0,3,100,0.91479469396915003,False
E4_DQ,0,4,0.01,0.61100858451801621,False
E4_DQ,0,4,0.10000000000000001,0.5562337521774734,True
E4_DQ,0,4,1,0.6186137255554407,False
E4_DQ,0,4,10,0.77883674018335247,False
E4_DQ,0,4,100,0.96153796668039748,False
E4_DQ,1,0,0.01,0.63492550467949271,True
E4_DQ,1,0,0.10000000000000001,0.63614911418455455,False
E4_DQ,1,0,1,0.78303543040310175,False
E4_DQ,1,0,10,1.0772118483786735,False
E4_DQ,1,0,100,1.3396825818742457,False
E4_DQ,1,1,0.01,0.62655405349574989,False
E4_DQ,1,1,0.10000000000000001,0.60320333485924049,True
E4_DQ,1,1,1,0.6991221932028634,False
E4_DQ,1,1,10,0.98597995750621992,False
E4_DQ,1,1,100,1.4161555019488064,False
E4_DQ,1,2,0.01,0.6242589815895051,False
E4_DQ,1,2,0.10000000000000001,0.60033359787294782,True
E4_DQ,1,2,1,0.72835069908604999,False
E4_DQ,1,2,10,1.0049882803700423,False
E4_DQ,1,2,100,1.3727800666828631,False
E4_DQ,1,3,0.01,0.62223863318658879,False
E4_DQ,1,3,0.10000000000000001,0.60062043958143485,True
E4_DQ,1,3,1,0.68821651529250583,False
E4_DQ,1,3,10,0.83241390750388244,False
E4_DQ,1,3,100,0.92370337118949342,False
E4_DQ,1,4,0.01,0.62391639698402745,False
E4_DQ,1,4,0.10000000000000001,0.59559651335898345,True
E4_DQ,1,4,1,0.74832646799523284,False
E4_DQ,1,4,10,0.98856524243490218,False
E4_DQ,1,4,100,1.1622983519723378,False
E4_DQ,2,0,0.01,0.62179473964427123,False
E4_DQ,2,0,0.10000000000000001,0.58215174275176673,True
E4_DQ,2,0,1,0.65111177243109741,False
E4_DQ,2,0,10,0.88451279332855282,False
E4_DQ,2,0,100,1.2959634810160978,False
E4_DQ,2,1,0.01,0.63715668616904719,False
E4_DQ,2,1,0.10000000000000001,0.63049778628756936,True
E4_DQ,2,1,1,0.76488298486846107,False
E4_DQ,2,1,10,1.0704436096761314,False
E4_DQ,2,1,100,1.5998912164728263,False
E4_DQ,2,2,0.01,0.63562034204891715,False
E4_DQ,2,2,0.10000000000000001,0.60876854580717021,True
E4_DQ,2,2,1,0.71200938452858464,False
E4_DQ,2,2,10,0.85053705551352643,False
E4_DQ,2,2,100,0.92737197833133012,False
E4_DQ,2,3,0.01,0.63812569464976954,False
E4_DQ,2,3,0.10000000000000001,0.62389108464505383,True
E4_DQ,2,3,1,0.74226078165619158,False
E4_DQ,2,3,10,1.0413862951612896,False
E4_DQ,2,3,100,1.4707045585109761,False
E4_DQ,2,4,0.01,0.61558916896624516,False
E4_DQ,2,4,0.10000000000000001,0.59677417085259521,True
E4_DQ,2,4,1,0.72944314397546028,False
E4_DQ,2,4,10,1.0107935825281806,False
E4_DQ,2,4,100,1.2741770733014353,False
E4_DQ,3,0,0.01,0.62782811993957743,False
E4_DQ,3,0,0.10000000000000001,0.60784831192096822,True
E4_DQ,3,0,1,0.74308624117834088,False
E4_DQ,3,0,10,1.0823208714457084,False
E4_DQ,3,0,100,1.5101478270298678,False
E4_DQ,3,1,0.01,0.64128744739714627,False
E4_DQ,3,1,0.10000000000000001,0.63688652537892676,True
E4_DQ,3,1,1,0.79453772153729574,False
E4_DQ,3,1,10,0.98313342214059651,False
E4_DQ,3,1,100,1.087371203361031,False
E4_DQ,3,2,0.01,0.62454647315505252,False
E4_DQ,3,2,0.10000000000000001,0.57514087088153965,True
E4_DQ,3,2,1,0.65420702538643938,False
E4_DQ,3,2,10,0.87931463002459098,False
E4_DQ,3,2,100,1.0667938647446642,False
E4_DQ,3,3,0.01,0.62795313597361058,False
E4_DQ,3,3,0.10000000000000001,0.62510744551447728,True
E4_DQ,3,3,1,0.74203494374381185,False
E4_DQ,3,3,10,0.92325851735324316,False
E4_DQ,3,3,100,1.0982878723334386,False
E4_DQ,3,4,0.01,0.60992242632802007,False
E4_DQ,3,4,0.10000000000000001,0.57017452717722494,True
E4_DQ,3,4,1,0.59920298323789334,False
E4_DQ,3,4,10,0.70695947350300703,False
E4_DQ,3,4,100,0.78735806664326347,False
E4_DQ,4,0,0.01,0.61214464620418285,False
E4_DQ,4,0,0.10000000000000001,0.56393856113222218,True
E4_DQ,4,0,1,0.67457984932262571,False
E4_DQ,4,0,10,0.94655246416106642,False
E4_DQ,4,0,100,1.180915398884316,False
E4_DQ,4,1,0.01,0.63644954727786152,False
E4_DQ,4,1,0.10000000000000001,0.61878926265318057,True
E4_DQ,4,1,1,0.76635884162116963,False
E4_DQ,4,1,10,1.1638496356371562,False
E4_DQ,4,1,100,1.6683170774310079,False
E4_DQ,4,2,0.01,0.63130488878613766,True
E4_DQ,4,2,0.10000000000000001,0.66732832385301166,False
E4_DQ,4,2,1,0.93125802580472861,False
E4_DQ,4,2,10,1.3936263844828649,False
E4_DQ,4,2,100,1.7506513636886949,False
E4_DQ,4,3,0.01,0.62830562585618466,False
E4_DQ,4,3,0.10000000000000001,0.58745679119084704,True
E4_DQ,4,3,1,0.67778470238882826,False
E4_DQ,4,3,10,0.91237888941202494,False
E4_DQ,4,3,100,1.1740656186856404,False
E4_DQ,4,4,0.01,0.6239235892311511,False
E4_DQ,4,4,0.10000000000000001,0.5863418927496995,True
E4_DQ,4,4,1,0.66678692209493429,False
E4_DQ,4,4,10,0.82031847758835497,False
E4_DQ,4,4,100,0.9762733933731117,False
E4_DQ,5,0,0.01,0.62023678849307728,False
E4_DQ,5,0,0.10000000000000001,0.59960506429485394,True
E4_DQ,5,0,1,0.67255442013163513,False
E4_DQ,5,0,10,0.88061807565754513,False
E4_DQ,5,0,100,1.2654895566003572,False
E4_DQ,5,1,0.01,0.61379108023350404,False
E4_DQ,5,1,0.10000000000000001,0.55736564586420778,True
E4_DQ,5,1,1,0.60538755255380072,False
E4_DQ,5,1,10,0.80282580306484508,False
E4_DQ,5,1,100,1.0808234215202419,False
E4_DQ,5,2,0.01,0.62031089085297408,False
E4_DQ,5,2,0.10000000000000001,0.57335938320384816,True
E4_DQ,5,2,1,0.64929328291476629,False
E4_DQ,5,2,10,0.8646929284320588,False
E4_DQ,5,2,100,1.2760423264124103,False
E4_DQ,5,3,0.01,0.64403578931717942,False
E4_DQ,5,3,0.10000000000000001,0.62101080247627616,True
E4_DQ,5,3,1,0.71308463577804659,False
E4_DQ,5,3,10,0.86988362227722282,False
E4_DQ,5,3,100,0.96247470899191334,False
E4_DQ,5,4,0.01,0.61548708348858205,False
E4_DQ,5,4,0.10000000000000001,0.58690634903361161,True
E4_DQ,5,4,1,0.67701790266612061,False
E4_DQ,5,4,10,0.87755421510252596,False
E4_DQ,5,4,100,1.2093306675278781,False
E4_DQ,6,0,0.01,0.62206456243140951,True
E4_DQ,6,0,0.10000000000000001,0.62787352582389777,False
E4_DQ,6,0,1,0.7761522592776734,False
E4_DQ,6,0,10,1.000045818047965,False
E4_DQ,6,0,100,1.2452580914637279,False
E4_DQ,6,1,0.01,0.63036972357748122,False
E4_DQ,6,1,0.10000000000000001,0.60164521938437965,True
E4_DQ,6,1,1,0.71031943852858259,False
E4_DQ,6,1,10,0.90338892107263902,False
E4_DQ,6,1,100,1.0499535860860183,False
E4_DQ,6,2,0.01,0.62762753098175694,False
E4_DQ,6,2,0.10000000000000001,0.61941298732256778,True
E4_DQ,6,2,1,0.78558431727492917,False
E4_DQ,6,2,10,1.0045088703361771,False
E4_DQ,6,2,100,1.1803212087414097,False
E4_DQ,6,3,0.01,0.60484183841621175,False
E4_DQ,6,3,0.10000000000000001,0.53591724175666777,True
E4_DQ,6,3,1,0.58721364734038584,False
E4_DQ,6,3,10,0.81131959295586498,False
E4_DQ,6,3,100,1.2693915221037197,False
E4_DQ,6,4,0.01,0.63986956773865722,False
E4_DQ,6,4,0.10000000000000001,0.6369922361001743,True
E4_DQ,6,4,1,0.73134044262665776,False
E4_DQ,6,4,10,0.87360409708645426,False
E4_DQ,6,4,100,0.97594239349822975,False
E4_DQ,7,0,0.01,0.62697640239208408,False
E4_DQ,7,0,0.10000000000000001,0.57557125172932155,True
E4_DQ,7,0,1,0.70300827807227528,False
E4_DQ,7,0,10,1.1434239031819997,False
E4_DQ,7,0,100,2.1145276089188592,False
E4_DQ,7,1,0.01,0.61492142941507544,False
E4_DQ,7,1,0.10000000000000001,0.59974545880715802,True
E4_DQ,7,1,1,0.73206214180326712,False
E4_DQ,7,1,10,1.1389969656704777,False
E4_DQ,7,1,100,2.1774321726569323,False
E4_DQ,7,2,0.01,0.64635700545152652,False
E4_DQ,7,2,0.10000000000000001,0.64008187748047207,True
E4_DQ,7,2,1,0.69416432640628722,False
E4_DQ,7,2,10,0.83206219667276704,False
E4_DQ,7,2,100,1.0563506264072946,False
E4_DQ,7,3,0.01,0.61804033977120199,False
E4_DQ,7,3,0.10000000000000001,0.57242102508262671,True
E4_DQ,7,3,1,0.65137127852292764,False
E4_DQ,7,3,10,0.82974635438865008,False
E4_DQ,7,3,100,1.0060334433599618,False
E4_DQ,7,4,0.01,0.63629796837757102,True
E4_DQ,7,4,0.10000000000000001,0.66099754658777377,False
E4_DQ,7,4,1,0.85814127128815931,False
E4_DQ,7,4,10,1.1244374575545832,False
E4_DQ,7,4,100,1.2882462395109615,False
E4_DQ,8,0,0.01,0.62453191814399978,False
E4_DQ,8,0,0.10000000000000001,0.60061940719895968,True
E4_DQ,8,0,1,0.72369237382319329,False
E4_DQ,8,0,10,0.95100118119766497,False
E4_DQ,8,0,100,1.0915099469184393,False
E4_DQ,8,1,0.01,0.639422711016985,True
E4_DQ,8,1,0.10000000000000001,0.65254516383575401,False
E4_DQ,8,1,1,0.81077166694338876,False
E4_DQ,8,1,10,1.054297356875834,False
E4_DQ,8,1,100,1.2810467377311214,False
E4_DQ,8,2,0.01,0.6037880689657652,False
E4_DQ,8,2,0.10000000000000001,0.55481834343346925,True
E4_DQ,8,2,1,0.66084221546496102,False
E4_DQ,8,2,10,0.90625444712704606,False
E4_DQ,8,2,100,1.2079415460009753,False
E4_DQ,8,3,0.01,0.63356428521513952,True
E4_DQ,8,3,0.10000000000000001,0.63651145024658129,False
E4_DQ,8,3,1,0.76022972676642131,False
E4_DQ,8,3,10,0.9464255481059094,False
E4_DQ,8,3,100,1.105504577293428,False
E4_DQ,8,4,0.01,0.62342477111568673,False
E4_DQ,8,4,0.10000000000000001,0.57335745946733396,True
E4_DQ,8,4,1,0.67262032019488871,False
E4_DQ,8,4,10,0.87831846822586601,False
E4_DQ,8,4,100,0.97400801808221249,False
E4_DQ,9,0,0.01,0.63432680266333985,False
E4_DQ,9,0,0.10000000000000001,0.61535139850465881,True
E4_DQ,9,0,1,0.73519770002349971,False
E4_DQ,9,0,10,1.0140725217891273,False
E4_DQ,9,0,100,1.2773371241554938,False
E4_DQ,9,1,0.01,0.59846520770017253,False
E4_DQ,9,1,0.10000000000000001,0.53880311026890115,True
E4_DQ,9,1,1,0.65091000710633762,False
E4_DQ,9,1,10,1.067168917334977,False
E4_DQ,9,1,100,1.8421077935257857,False
E4_DQ,9,2,0.01,0.6373913995207825,False
E4_DQ,9,2,0.10000000000000001,0.62794355839760285,True
E4_DQ,9,2,1,0.77305728116978945,False
E4_DQ,9,2,10,1.015514134318388,False
E4_DQ,9,2,100,1.2051745612506608,False
E4_DQ,9,3,0.01,0.62448714623277712,False
E4_DQ,9,3,0.10000000000000001,0.591441473923081,True
E4_DQ,9,3,1,0.68382965754636305,False
E4_DQ,9,3,10,0.92722445108659224,False
E4_DQ,9,3,100,1.2212132938910258,False
E4_DQ,9,4,0.01,0.62803502353049778,True
E4_DQ,9,4,0.10000000000000001,0.63166003960747719,False
E4_DQ,9,4,1,0.77518175025151814,False
E4_DQ,9,4,10,0.95090799265815396,False
E4_DQ,9,4,100,1.1258998105293889,False
E4_only_hjorth_complexity,0,0,0.01,0.63780393951392922,False
E4_only_hjorth_complexity,0,0,0.10000000000000001,0.57426936590547528,True
E4_only_hjorth_complexity,0,0,1,0.58937848092926093,False
E4_only_hjorth_complexity,0,0,10,0.66710740114937095,False
E4_only_hjorth_complexity,0,0,100,0.70072804127236588,False
E4_only_hjorth_complexity,0,1,0.01,0.66433876941716552,False
E4_only_hjorth_complexity,0,1,0.10000000000000001,0.6418701182237968,True
E4_only_hjorth_complexity,0,1,1,0.64948869276603594,False
E4_only_hjorth_complexity,0,1,10,0.70677832885123681,False
E4_only_hjorth_complexity,0,1,100,0.72815127131813207,False
E4_only_hjorth_complexity,0,2,0.01,0.67103076829805397,False
E4_only_hjorth_complexity,0,2,0.10000000000000001,0.64821413497006064,True
E4_only_hjorth_complexity,0,2,1,0.67685330831334722,False
E4_only_hjorth_complexity,0,2,10,0.73660055670603797,False
E4_only_hjorth_complexity,0,2,100,0.75170938609895621,False
E4_only_hjorth_complexity,0,3,0.01,0.65685040903379865,False
E4_only_hjorth_complexity,0,3,0.10000000000000001,0.61897457323923999,True
E4_only_hjorth_complexity,0,3,1,0.65136124284043029,False
E4_only_hjorth_complexity,0,3,10,0.70254035718439056,False
E4_only_hjorth_complexity,0,3,100,0.71528366183348602,False
E4_only_hjorth_complexity,0,4,0.01,0.6506861735164513,False
E4_only_hjorth_complexity,0,4,0.10000000000000001,0.59830357784006349,True
E4_only_hjorth_complexity,0,4,1,0.60133677146114051,False
E4_only_hjorth_complexity,0,4,10,0.62911397544123693,False
E4_only_hjorth_complexity,0,4,100,0.63642492386402894,False
E4_only_hjorth_complexity,1,0,0.01,0.65213027103262167,False
E4_only_hjorth_complexity,1,0,0.10000000000000001,0.61523810964209358,True
E4_only_hjorth_complexity,1,0,1,0.67382174977303566,False
E4_only_hjorth_complexity,1,0,10,0.78765656180142052,False
E4_only_hjorth_complexity,1,0,100,0.82509402899378903,False
E4_only_hjorth_complexity,1,1,0.01,0.65254610173049332,False
E4_only_hjorth_complexity,1,1,0.10000000000000001,0.61388702702850728,True
E4_only_hjorth_complexity,1,1,1,0.6341717077861635,False
E4_only_hjorth_complexity,1,1,10,0.69267791997191352,False
E4_only_hjorth_complexity,1,1,100,0.71296080622039004,False
E4_only_hjorth_complexity,1,2,0.01,0.65632143528165932,False
E4_only_hjorth_complexity,1,2,0.10000000000000001,0.62816878794926589,True
E4_only_hjorth_complexity,1,2,1,0.69646421656704272,False
E4_only_hjorth_complexity,1,2,10,0.79702529577577153,False
E4_only_hjorth_complexity,1,2,100,0.82309785588557227,False
E4_only_hjorth_complexity,1,3,0.01,0.65650554593956179,False
E4_only_hjorth_complexity,1,3,0.10000000000000001,0.63103313647198911,True
E4_only_hjorth_complexity,1,3,1,0.68108540093757763,False
E4_only_hjorth_complexity,1,3,10,0.75123835318203602,False
E4_only_hjorth_complexity,1,3,100,0.77103936082471369,False
E4_only_hjorth_complexity,1,4,0.01,0.65082216754250688,False
E4_only_hjorth_complexity,1,4,0.10000000000000001,0.6059438234896305,True
E4_only_hjorth_complexity,1,4,1,0.64416669582716135,False
E4_only_hjorth_complexity,1,4,10,0.72541938319485599,False
E4_only_hjorth_complexity,1,4,100,0.75023495812277197,False
E4_only_hjorth_complexity,2,0,0.01,0.64880725246435111,False
E4_only_hjorth_complexity,2,0,0.10000000000000001,0.59217442566023804,False
E4_only_hjorth_complexity,2,0,1,0.56169767199829901,True
E4_only_hjorth_complexity,2,0,10,0.5909583108076405,False
E4_only_hjorth_complexity,2,0,100,0.61119684301875521,False
E4_only_hjorth_complexity,2,1,0.01,0.65341302276990565,False
E4_only_hjorth_complexity,2,1,0.10000000000000001,0.61203561528335926,True
E4_only_hjorth_complexity,2,1,1,0.67466474553160682,False
E4_only_hjorth_complexity,2,1,10,0.85157724405248736,False
E4_only_hjorth_complexity,2,1,100,0.97113693942440571,False
E4_only_hjorth_complexity,2,2,0.01,0.66213304849791343,False
E4_only_hjorth_complexity,2,2,0.10000000000000001,0.62294388721565663,True
E4_only_hjorth_complexity,2,2,1,0.64813027704680215,False
E4_only_hjorth_complexity,2,2,10,0.69812001821622394,False
E4_only_hjorth_complexity,2,2,100,0.71108170907905632,False
E4_only_hjorth_complexity,2,3,0.01,0.66470208465961844,False
E4_only_hjorth_complexity,2,3,0.10000000000000001,0.658466077967092,True
E4_only_hjorth_complexity,2,3,1,0.73166518435525985,False
E4_only_hjorth_complexity,2,3,10,0.82352668628514036,False
E4_only_hjorth_complexity,2,3,100,0.85675605178777203,False
E4_only_hjorth_complexity,2,4,0.01,0.65638848135468209,False
E4_only_hjorth_complexity,2,4,0.10000000000000001,0.62096714095698258,True
E4_only_hjorth_complexity,2,4,1,0.65167788725856923,False
E4_only_hjorth_complexity,2,4,10,0.70751360493596438,False
E4_only_hjorth_complexity,2,4,100,0.72318861006659219,False
E4_only_hjorth_complexity,3,0,0.01,0.66113565014339959,False
E4_only_hjorth_complexity,3,0,0.10000000000000001,0.632131846152998,True
E4_only_hjorth_complexity,3,0,1,0.67625673037401102,False
E4_only_hjorth_complexity,3,0,10,0.75376732030409133,False
E4_only_hjorth_complexity,3,0,100,0.77349892527878483,False
E4_only_hjorth_complexity,3,1,0.01,0.65959629365589978,False
E4_only_hjorth_complexity,3,1,0.10000000000000001,0.63502106238902389,True
E4_only_hjorth_complexity,3,1,1,0.72791239912635919,False
E4_only_hjorth_complexity,3,1,10,0.81179846253575938,False
E4_only_hjorth_complexity,3,1,100,0.83006383914852877,False
E4_only_hjorth_complexity,3,2,0.01,0.64776659700831052,False
E4_only_hjorth_complexity,3,2,0.10000000000000001,0.59188451850160462,True
E4_only_hjorth_complexity,3,2,1,0.62071183419461751,False
E4_only_hjorth_complexity,3,2,10,0.69710871303206245,False
E4_only_hjorth_complexity,3,2,100,0.71884135745985278,False
E4_only_hjorth_complexity,3,3,0.01,0.66156165145152535,False
E4_only_hjorth_complexity,3,3,0.10000000000000001,0.6518755053377201,True
E4_only_hjorth_complexity,3,3,1,0.70403563880727837,False
E4_only_hjorth_complexity,3,3,10,0.77571661544486803,False
E4_only_hjorth_complexity,3,3,100,0.80089197068886542,False
E4_only_hjorth_complexity,3,4,0.01,0.63471270095383703,False
E4_only_hjorth_complexity,3,4,0.10000000000000001,0.57831244751152611,False
E4_only_hjorth_complexity,3,4,1,0.55545443998466881,True
E4_only_hjorth_complexity,3,4,10,0.56793680169444039,False
E4_only_hjorth_complexity,3,4,100,0.57438160770091418,False
E4_only_hjorth_complexity,4,0,0.01,0.64688472818137299,False
E4_only_hjorth_complexity,4,0,0.10000000000000001,0.61231294951183979,True
E4_only_hjorth_complexity,4,0,1,0.68907189412330483,False
E4_only_hjorth_complexity,4,0,10,0.84134961486918081,False
E4_only_hjorth_complexity,4,0,100,0.90217429873246557,False
E4_only_hjorth_complexity,4,1,0.01,0.65600082648591906,False
E4_only_hjorth_complexity,4,1,0.10000000000000001,0.61592768506853901,True
E4_only_hjorth_complexity,4,1,1,0.64737840988647755,False
E4_only_hjorth_complexity,4,1,10,0.72368839647371397,False
E4_only_hjorth_complexity,4,1,100,0.7531362587312892,False
E4_only_hjorth_complexity,4,2,0.01,0.66192367358359872,False
E4_only_hjorth_complexity,4,2,0.10000000000000001,0.66059743652606773,True
E4_only_hjorth_complexity,4,2,1,0.77345798331877269,False
E4_only_hjorth_complexity,4,2,10,0.9183958595410906,False
E4_only_hjorth_complexity,4,2,100,0.95787948901183384,False
E4_only_hjorth_complexity,4,3,0.01,0.64638968472487912,False
E4_only_hjorth_complexity,4,3,0.10000000000000001,0.58703286289498935,True
E4_only_hjorth_complexity,4,3,1,0.59121318424324987,False
E4_only_hjorth_complexity,4,3,10,0.63127569682533891,False
E4_only_hjorth_complexity,4,3,100,0.64655295784570299,False
E4_only_hjorth_complexity,4,4,0.01,0.66185385699147126,False
E4_only_hjorth_complexity,4,4,0.10000000000000001,0.62290628404845638,True
E4_only_hjorth_complexity,4,4,1,0.64115603790523623,False
E4_only_hjorth_complexity,4,4,10,0.69096731346390206,False
E4_only_hjorth_complexity,4,4,100,0.70516067099262891,False
E4_only_hjorth_complexity,5,0,0.01,0.65978727392633563,False
E4_only_hjorth_complexity,5,0,0.10000000000000001,0.63847764393579276,False
E4_only_hjorth_complexity,5,0,1,0.6383369090305735,True
E4_only_hjorth_complexity,5,0,10,0.65549960061296397,False
E4_only_hjorth_complexity,5,0,100,0.66154237462682774,False
E4_only_hjorth_complexity,5,1,0.01,0.63590607611593941,False
E4_only_hjorth_complexity,5,1,0.10000000000000001,0.55590549602318384,True
E4_only_hjorth_complexity,5,1,1,0.57630228614012702,False
E4_only_hjorth_complexity,5,1,10,0.66819759140133572,False
E4_only_hjorth_complexity,5,1,100,0.7016503348816614,False
E4_only_hjorth_complexity,5,2,0.01,0.65925960744232037,False
E4_only_hjorth_complexity,5,2,0.10000000000000001,0.64332231284331232,True
E4_only_hjorth_complexity,5,2,1,0.7087520732830358,False
E4_only_hjorth_complexity,5,2,10,0.79430088401044763,False
E4_only_hjorth_complexity,5,2,100,0.82126032964555418,False
E4_only_hjorth_complexity,5,3,0.01,0.66960502652841614,False
E4_only_hjorth_complexity,5,3,0.10000000000000001,0.65129114996593629,True
E4_only_hjorth_complexity,5,3,1,0.70703904551613805,False
E4_only_hjorth_complexity,5,3,10,0.77418190225974048,False
E4_only_hjorth_complexity,5,3,100,0.78928102423443103,False
E4_only_hjorth_complexity,5,4,0.01,0.64923990993098157,False
E4_only_hjorth_complexity,5,4,0.10000000000000001,0.61411982123764619,True
E4_only_hjorth_complexity,5,4,1,0.63652040741061022,False
E4_only_hjorth_complexity,5,4,10,0.69287322360792636,False
E4_only_hjorth_complexity,5,4,100,0.71187971087194768,False
E4_only_hjorth_complexity,6,0,0.01,0.65610249607824511,False
E4_only_hjorth_complexity,6,0,0.10000000000000001,0.64872174585533504,True
E4_only_hjorth_complexity,6,0,1,0.72549150891296765,False
E4_only_hjorth_complexity,6,0,10,0.82279207536958321,False
E4_only_hjorth_complexity,6,0,100,0.85292238922400021,False
E4_only_hjorth_complexity,6,1,0.01,0.65677064939801721,False
E4_only_hjorth_complexity,6,1,0.10000000000000001,0.61762241870913404,True
E4_only_hjorth_complexity,6,1,1,0.63967413875226464,False
E4_only_hjorth_complexity,6,1,10,0.68636524666311349,False
E4_only_hjorth_complexity,6,1,100,0.69771647396362069,False
E4_only_hjorth_complexity,6,2,0.01,0.664521606184726,False
E4_only_hjorth_complexity,6,2,0.10000000000000001,0.64159318415837863,True
E4_only_hjorth_complexity,6,2,1,0.6782485434374329,False
E4_only_hjorth_complexity,6,2,10,0.74465087249813411,False
E4_only_hjorth_complexity,6,2,100,0.76172644963596503,False
E4_only_hjorth_complexity,6,3,0.01,0.631864928135218,False
E4_only_hjorth_complexity,6,3,0.10000000000000001,0.55070804761139991,True
E4_only_hjorth_complexity,6,3,1,0.56491946469301513,False
E4_only_hjorth_complexity,6,3,10,0.63971944368583411,False
E4_only_hjorth_complexity,6,3,100,0.66445530800114672,False
E4_only_hjorth_complexity,6,4,0.01,0.65784503793572668,False
E4_only_hjorth_complexity,6,4,0.10000000000000001,0.62043545633396824,True
E4_only_hjorth_complexity,6,4,1,0.62128616970055239,False
E4_only_hjorth_complexity,6,4,10,0.67658437003733185,False
E4_only_hjorth_complexity,6,4,100,0.6997103109976599,False
E4_only_hjorth_complexity,7,0,0.01,0.66281401659860684,False
E4_only_hjorth_complexity,7,0,0.10000000000000001,0.6323088025757998,True
E4_only_hjorth_complexity,7,0,1,0.67253710964214575,False
E4_only_hjorth_complexity,7,0,10,0.7863864546591065,False
E4_only_hjorth_complexity,7,0,100,0.83578347686234433,False
E4_only_hjorth_complexity,7,1,0.01,0.64538509675209743,False
E4_only_hjorth_complexity,7,1,0.10000000000000001,0.6075282496636264,True
E4_only_hjorth_complexity,7,1,1,0.67299916065751797,False
E4_only_hjorth_complexity,7,1,10,0.77609101210761944,False
E4_only_hjorth_complexity,7,1,100,0.81042010207977444,False
E4_only_hjorth_complexity,7,2,0.01,0.65954525935606167,False
E4_only_hjorth_complexity,7,2,0.10000000000000001,0.64405008625321758,True
E4_only_hjorth_complexity,7,2,1,0.68724994287037811,False
E4_only_hjorth_complexity,7,2,10,0.77645142363027386,False
E4_only_hjorth_complexity,7,2,100,0.81731843244466906,False
E4_only_hjorth_complexity,7,3,0.01,0.65303276424915857,False
E4_only_hjorth_complexity,7,3,0.10000000000000001,0.60228956172903048,True
E4_only_hjorth_complexity,7,3,1,0.61405781889419597,False
E4_only_hjorth_complexity,7,3,10,0.65109235038463087,False
E4_only_hjorth_complexity,7,3,100,0.66069828377955941,False
E4_only_hjorth_complexity,7,4,0.01,0.65987672500884353,False
E4_only_hjorth_complexity,7,4,0.10000000000000001,0.63941276309637596,True
E4_only_hjorth_complexity,7,4,1,0.6872460216762365,False
E4_only_hjorth_complexity,7,4,10,0.76429042345027531,False
E4_only_hjorth_complexity,7,4,100,0.78989738111969254,False
E4_only_hjorth_complexity,8,0,0.01,0.64549941700759206,False
E4_only_hjorth_complexity,8,0,0.10000000000000001,0.58978418012967959,True
E4_only_hjorth_complexity,8,0,1,0.5903934636755972,False
E4_only_hjorth_complexity,8,0,10,0.62751443660317729,False
E4_only_hjorth_complexity,8,0,100,0.63976475570396274,False
E4_only_hjorth_complexity,8,1,0.01,0.6674761032564458,False
E4_only_hjorth_complexity,8,1,0.10000000000000001,0.65812637350981174,True
E4_only_hjorth_complexity,8,1,1,0.70890629271224292,False
E4_only_hjorth_complexity,8,1,10,0.79048980685428416,False
E4_only_hjorth_complexity,8,1,100,0.8142768498059888,False
E4_only_hjorth_complexity,8,2,0.01,0.64401331539965312,False
E4_only_hjorth_complexity,8,2,0.10000000000000001,0.60205937847615743,True
E4_only_hjorth_complexity,8,2,1,0.66887439119476555,False
E4_only_hjorth_complexity,8,2,10,0.77719105022319879,False
E4_only_hjorth_complexity,8,2,100,0.82141947416382166,False
E4_only_hjorth_complexity,8,3,0.01,0.6614725895448581,False
E4_only_hjorth_complexity,8,3,0.10000000000000001,0.65508501838910127,True
E4_only_hjorth_complexity,8,3,1,0.72212675269343596,False
E4_only_hjorth_complexity,8,3,10,0.81821624232563639,False
E4_only_hjorth_complexity,8,3,100,0.85089307056254238,False
E4_only_hjorth_complexity,8,4,0.01,0.65765359670767543,False
E4_only_hjorth_complexity,8,4,0.10000000000000001,0.61243897352892029,True
E4_only_hjorth_complexity,8,4,1,0.63259086266509679,False
E4_only_hjorth_complexity,8,4,10,0.70581421204515804,False
E4_only_hjorth_complexity,8,4,100,0.73214463619742953,False
E4_only_hjorth_complexity,9,0,0.01,0.6589275212669774,False
E4_only_hjorth_complexity,9,0,0.10000000000000001,0.62678382431558255,True
E4_only_hjorth_complexity,9,0,1,0.66370344754840338,False
E4_only_hjorth_complexity,9,0,10,0.76194524242008477,False
E4_only_hjorth_complexity,9,0,100,0.80021686864490593,False
E4_only_hjorth_complexity,9,1,0.01,0.63923022413117825,False
E4_only_hjorth_complexity,9,1,0.10000000000000001,0.5753264927736732,True
E4_only_hjorth_complexity,9,1,1,0.6275411439311942,False
E4_only_hjorth_complexity,9,1,10,0.77199334829499888,False
E4_only_hjorth_complexity,9,1,100,0.82516763977599095,False
E4_only_hjorth_complexity,9,2,0.01,0.65892521229217038,False
E4_only_hjorth_complexity,9,2,0.10000000000000001,0.62779216149002159,True
E4_only_hjorth_complexity,9,2,1,0.66162589227597957,False
E4_only_hjorth_complexity,9,2,10,0.75980472753190331,False
E4_only_hjorth_complexity,9,2,100,0.79964083401336283,False
E4_only_hjorth_complexity,9,3,0.01,0.64975949235257924,False
E4_only_hjorth_complexity,9,3,0.10000000000000001,0.59992733860779635,True
E4_only_hjorth_complexity,9,3,1,0.63024865211753855,False
E4_only_hjorth_complexity,9,3,10,0.7495562938666539,False
E4_only_hjorth_complexity,9,3,100,0.8133820377687575,False
E4_only_hjorth_complexity,9,4,0.01,0.6578885605265532,False
E4_only_hjorth_complexity,9,4,0.10000000000000001,0.64153525859489868,True
E4_only_hjorth_complexity,9,4,1,0.69808670303620335,False
E4_only_hjorth_complexity,9,4,10,0.75908489214404729,False
E4_only_hjorth_complexity,9,4,100,0.77365207595214613,False
E4_only_hjorth_mobility,0,0,0.01,0.63066529865524013,False
E4_only_hjorth_mobility,0,0,0.10000000000000001,0.56250571539363325,True
E4_only_hjorth_mobility,0,0,1,0.58059742157480232,False
E4_only_hjorth_mobility,0,0,10,0.66475493553177656,False
E4_only_hjorth_mobility,0,0,100,0.70270185013592024,False
E4_only_hjorth_mobility,0,1,0.01,0.65432562265881378,False
E4_only_hjorth_mobility,0,1,0.10000000000000001,0.62002200692820775,True
E4_only_hjorth_mobility,0,1,1,0.62205213195767439,False
E4_only_hjorth_mobility,0,1,10,0.67782050298949947,False
E4_only_hjorth_mobility,0,1,100,0.70319849425467262,False
E4_only_hjorth_mobility,0,2,0.01,0.66360101735750754,False
E4_only_hjorth_mobility,0,2,0.10000000000000001,0.62398378361905449,True
E4_only_hjorth_mobility,0,2,1,0.63233944991128754,False
E4_only_hjorth_mobility,0,2,10,0.68643858337659913,False
E4_only_hjorth_mobility,0,2,100,0.70247001142765175,False
E4_only_hjorth_mobility,0,3,0.01,0.64535730629960175,False
E4_only_hjorth_mobility,0,3,0.10000000000000001,0.59574502562236087,True
E4_only_hjorth_mobility,0,3,1,0.62841210586555984,False
E4_only_hjorth_mobility,0,3,10,0.68622081771055032,False
E4_only_hjorth_mobility,0,3,100,0.7006637003653764,False
E4_only_hjorth_mobility,0,4,0.01,0.63848376454852618,False
E4_only_hjorth_mobility,0,4,0.10000000000000001,0.56825108475833586,False
E4_only_hjorth_mobility,0,4,1,0.55883301585210909,True
E4_only_hjorth_mobility,0,4,10,0.58884748096452166,False
E4_only_hjorth_mobility,0,4,100,0.59829880514100631,False
E4_only_hjorth_mobility,1,0,0.01,0.64440458954249624,False
E4_only_hjorth_mobility,1,0,0.10000000000000001,0.60040848211286968,True
E4_only_hjorth_mobility,1,0,1,0.65524788016848856,False
E4_only_hjorth_mobility,1,0,10,0.76218016212546713,False
E4_only_hjorth_mobility,1,0,100,0.80227813839803297,False
E4_only_hjorth_mobility,1,1,0.01,0.64412960582732748,False
E4_only_hjorth_mobility,1,1,0.10000000000000001,0.59674454072465155,True
E4_only_hjorth_mobility,1,1,1,0.61755424474141785,False
E4_only_hjorth_mobility,1,1,10,0.68093625166978755,False
E4_only_hjorth_mobility,1,1,100,0.70465044192313264,False
E4_only_hjorth_mobility,1,2,0.01,0.64481259405387736,False
E4_only_hjorth_mobility,1,2,0.10000000000000001,0.60382336297390549,True
E4_only_hjorth_mobility,1,2,1,0.66286686930174532,False
E4_only_hjorth_mobility,1,2,10,0.7642086239392889,False
E4_only_hjorth_mobility,1,2,100,0.79269791025487524,False
E4_only_hjorth_mobility,1,3,0.01,0.64681535283607927,False
E4_only_hjorth_mobility,1,3,0.10000000000000001,0.61107866729974336,True
E4_only_hjorth_mobility,1,3,1,0.65350079090279267,False
E4_only_hjorth_mobility,1,3,10,0.72361392799898294,False
E4_only_hjorth_mobility,1,3,100,0.74333036218426685,False
E4_only_hjorth_mobility,1,4,0.01,0.64101304994672614,False
E4_only_hjorth_mobility,1,4,0.10000000000000001,0.58485581439559353,True
E4_only_hjorth_mobility,1,4,1,0.62239778309145755,False
E4_only_hjorth_mobility,1,4,10,0.7000467042668469,False
E4_only_hjorth_mobility,1,4,100,0.72382257670391759,False
E4_only_hjorth_mobility,2,0,0.01,0.64149700851701186,False
E4_only_hjorth_mobility,2,0,0.10000000000000001,0.57875372452214946,False
E4_only_hjorth_mobility,2,0,1,0.54911726882063161,True
E4_only_hjorth_mobility,2,0,10,0.59419808990229617,False
E4_only_hjorth_mobility,2,0,100,0.62510902758457199,False
E4_only_hjorth_mobility,2,1,0.01,0.64771500345293542,False
E4_only_hjorth_mobility,2,1,0.10000000000000001,0.60024364374825012,True
E4_only_hjorth_mobility,2,1,1,0.65589421160398564,False
E4_only_hjorth_mobility,2,1,10,0.81507443255344281,False
E4_only_hjorth_mobility,2,1,100,0.90072540678654556,False
E4_only_hjorth_mobility,2,2,0.01,0.6493337570580392,False
E4_only_hjorth_mobility,2,2,0.10000000000000001,0.58904443752482616,True
E4_only_hjorth_mobility,2,2,1,0.59526443124228612,False
E4_only_hjorth_mobility,2,2,10,0.63529319011153096,False
E4_only_hjorth_mobility,2,2,100,0.6457331508668861,False
E4_only_hjorth_mobility,2,3,0.01,0.65733618233782043,False
E4_only_hjorth_mobility,2,3,0.10000000000000001,0.63973112785265529,True
E4_only_hjorth_mobility,2,3,1,0.68763249972308471,False
E4_only_hjorth_mobility,2,3,10,0.77721542077494299,False
E4_only_hjorth_mobility,2,3,100,0.81593421447121495,False
E4_only_hjorth_mobility,2,4,0.01,0.64533332673609567,False
E4_only_hjorth_mobility,2,4,0.10000000000000001,0.60249580620864995,True
E4_only_hjorth_mobility,2,4,1,0.64750556664645431,False
E4_only_hjorth_mobility,2,4,10,0.70972440506656997,False
E4_only_hjorth_mobility,2,4,100,0.7265002765174422,False
E4_only_hjorth_mobility,3,0,0.01,0.65236552342180676,False
E4_only_hjorth_mobility,3,0,0.10000000000000001,0.61851010433968967,True
E4_only_hjorth_mobility,3,0,1,0.66646445484177519,False
E4_only_hjorth_mobility,3,0,10,0.75284858611261807,False
E4_only_hjorth_mobility,3,0,100,0.77788639279909555,False
E4_only_hjorth_mobility,3,1,0.01,0.65320629207392311,False
E4_only_hjorth_mobility,3,1,0.10000000000000001,0.62572618933742541,True
E4_only_hjorth_mobility,3,1,1,0.73015836816053448,False
E4_only_hjorth_mobility,3,1,10,0.83317844843137112,False
E4_only_hjorth_mobility,3,1,100,0.85720249471953947,False
E4_only_hjorth_mobility,3,2,0.01,0.63876143173491307,False
E4_only_hjorth_mobility,3,2,0.10000000000000001,0.56778892784027279,True
E4_only_hjorth_mobility,3,2,1,0.5816552810125305,False
E4_only_hjorth_mobility,3,2,10,0.66728000577914592,False
E4_only_hjorth_mobility,3,2,100,0.69733746223820869,False
E4_only_hjorth_mobility,3,3,0.01,0.64925996262839691,False
E4_only_hjorth_mobility,3,3,0.10000000000000001,0.61734761559957341,True
E4_only_hjorth_mobility,3,3,1,0.65956443841319545,False
E4_only_hjorth_mobility,3,3,10,0.7340536404408593,False
E4_only_hjorth_mobility,3,3,100,0.76161491585569441,False
E4_only_hjorth_mobility,3,4,0.01,0.62647811440317647,False
E4_only_hjorth_mobility,3,4,0.10000000000000001,0.55908278333704786,False
E4_only_hjorth_mobility,3,4,1,0.5242157373892764,True
E4_only_hjorth_mobility,3,4,10,0.53230059948278785,False
E4_only_hjorth_mobility,3,4,100,0.54098394312777021,False
E4_only_hjorth_mobility,4,0,0.01,0.63916017456419394,False
E4_only_hjorth_mobility,4,0,0.10000000000000001,0.59257866041439977,True
E4_only_hjorth_mobility,4,0,1,0.66062319770937683,False
E4_only_hjorth_mobility,4,0,10,0.84557371934025394,False
E4_only_hjorth_mobility,4,0,100,0.94087086750558391,False
E4_only_hjorth_mobility,4,1,0.01,0.64854876979913467,False
E4_only_hjorth_mobility,4,1,0.10000000000000001,0.60293548469523706,True
E4_only_hjorth_mobility,4,1,1,0.63199950992988441,False
E4_only_hjorth_mobility,4,1,10,0.71073608218270579,False
E4_only_hjorth_mobility,4,1,100,0.74025261019022115,False
E4_only_hjorth_mobility,4,2,0.01,0.65289025502623199,False
E4_only_hjorth_mobility,4,2,0.10000000000000001,0.65176340913157871,True
E4_only_hjorth_mobility,4,2,1,0.79959051879745713,False
E4_only_hjorth_mobility,4,2,10,0.99462609499709054,False
E4_only_hjorth_mobility,4,2,100,1.0515071392583855,False
E4_only_hjorth_mobility,4,3,0.01,0.64066587767351202,False
E4_only_hjorth_mobility,4,3,0.10000000000000001,0.5711963092207869,False
E4_only_hjorth_mobility,4,3,1,0.5632980703740057,True
E4_only_hjorth_mobility,4,3,10,0.61093132317075127,False
E4_only_hjorth_mobility,4,3,100,0.63761995415539907,False
E4_only_hjorth_mobility,4,4,0.01,0.64808657067660247,False
E4_only_hjorth_mobility,4,4,0.10000000000000001,0.59114929381554049,True
E4_only_hjorth_mobility,4,4,1,0.60528291677830492,False
E4_only_hjorth_mobility,4,4,10,0.65834954273425084,False
E4_only_hjorth_mobility,4,4,100,0.67472277766437383,False
E4_only_hjorth_mobility,5,0,0.01,0.65061093669827752,False
E4_only_hjorth_mobility,5,0,0.10000000000000001,0.61821412473010129,False
E4_only_hjorth_mobility,5,0,1,0.61641103783118323,True
E4_only_hjorth_mobility,5,0,10,0.64544849325140075,False
E4_only_hjorth_mobility,5,0,100,0.65583361480931546,False
E4_only_hjorth_mobility,5,1,0.01,0.62700957662087242,False
E4_only_hjorth_mobility,5,1,0.10000000000000001,0.53783476606934411,True
E4_only_hjorth_mobility,5,1,1,0.5490968413086329,False
E4_only_hjorth_mobility,5,1,10,0.65463353774610278,False
E4_only_hjorth_mobility,5,1,100,0.70488753171353169,False
E4_only_hjorth_mobility,5,2,0.01,0.64678432325268653,False
E4_only_hjorth_mobility,5,2,0.10000000000000001,0.60591633324598027,True
E4_only_hjorth_mobility,5,2,1,0.63831545063195239,False
E4_only_hjorth_mobility,5,2,10,0.7295547606142917,False
E4_only_hjorth_mobility,5,2,100,0.77455724694542993,False
E4_only_hjorth_mobility,5,3,0.01,0.65827461359934736,False
E4_only_hjorth_mobility,5,3,0.10000000000000001,0.62000982532791971,True
E4_only_hjorth_mobility,5,3,1,0.65250853194097047,False
E4_only_hjorth_mobility,5,3,10,0.70598574234403833,False
E4_only_hjorth_mobility,5,3,100,0.71935694615604218,False
E4_only_hjorth_mobility,5,4,0.01,0.63841571039692424,False
E4_only_hjorth_mobility,5,4,0.10000000000000001,0.59749458435057556,True
E4_only_hjorth_mobility,5,4,1,0.63946329549239511,False
E4_only_hjorth_mobility,5,4,10,0.68674372941120054,False
E4_only_hjorth_mobility,5,4,100,0.69869835801105884,False
E4_only_hjorth_mobility,6,0,0.01,0.64624360304459416,False
E4_only_hjorth_mobility,6,0,0.10000000000000001,0.63026753122934531,True
E4_only_hjorth_mobility,6,0,1,0.70174584251256511,False
E4_only_hjorth_mobility,6,0,10,0.78098147488937653,False
E4_only_hjorth_mobility,6,0,100,0.80439148020797757,False
E4_only_hjorth_mobility,6,1,0.01,0.64730282103084658,False
E4_only_hjorth_mobility,6,1,0.10000000000000001,0.59790687810966947,True
E4_only_hjorth_mobility,6,1,1,0.61562445258518439,False
E4_only_hjorth_mobility,6,1,10,0.66974782114827114,False
E4_only_hjorth_mobility,6,1,100,0.68545240638960248,False
E4_only_hjorth_mobility,6,2,0.01,0.65511880576544557,False
E4_only_hjorth_mobility,6,2,0.10000000000000001,0.62906139050378684,True
E4_only_hjorth_mobility,6,2,1,0.67570359418002113,False
E4_only_hjorth_mobility,6,2,10,0.77900382380654731,False
E4_only_hjorth_mobility,6,2,100,0.81107467505991726,False
E4_only_hjorth_mobility,6,3,0.01,0.623367430425386,False
E4_only_hjorth_mobility,6,3,0.10000000000000001,0.52855754337913374,False
E4_only_hjorth_mobility,6,3,1,0.51890423286174459,True
E4_only_hjorth_mobility,6,3,10,0.60069692214453951,False
E4_only_hjorth_mobility,6,3,100,0.64458646782998175,False
E4_only_hjorth_mobility,6,4,0.01,0.65318393754639892,False
E4_only_hjorth_mobility,6,4,0.10000000000000001,0.61740815117375347,False
E4_only_hjorth_mobility,6,4,1,0.61564070809620453,True
E4_only_hjorth_mobility,6,4,10,0.6574545737699925,False
E4_only_hjorth_mobility,6,4,100,0.6760232969686969,False
E4_only_hjorth_mobility,7,0,0.01,0.65425948999487449,False
E4_only_hjorth_mobility,7,0,0.10000000000000001,0.61035332730057223,True
E4_only_hjorth_mobility,7,0,1,0.62139469787900026,False
E4_only_hjorth_mobility,7,0,10,0.69932570372830549,False
E4_only_hjorth_mobility,7,0,100,0.73704324306206892,False
E4_only_hjorth_mobility,7,1,0.01,0.6369683182975312,False
E4_only_hjorth_mobility,7,1,0.10000000000000001,0.58866918829562931,True
E4_only_hjorth_mobility,7,1,1,0.63936371485092525,False
E4_only_hjorth_mobility,7,1,10,0.72294618776703357,False
E4_only_hjorth_mobility,7,1,100,0.75097204813297247,False
E4_only_hjorth_mobility,7,2,0.01,0.65030040146202184,False
E4_only_hjorth_mobility,7,2,0.10000000000000001,0.61868761391899652,True
E4_only_hjorth_mobility,7,2,1,0.64676865561901564,False
E4_only_hjorth_mobility,7,2,10,0.73956923743070624,False
E4_only_hjorth_mobility,7,2,100,0.79072935699732949,False
E4_only_hjorth_mobility,7,3,0.01,0.64281308322205921,False
E4_only_hjorth_mobility,7,3,0.10000000000000001,0.57750010176414357,False
E4_only_hjorth_mobility,7,3,1,0.56918037540213484,True
E4_only_hjorth_mobility,7,3,10,0.60486950096828396,False
E4_only_hjorth_mobility,7,3,100,0.61894049556875774,False
E4_only_hjorth_mobility,7,4,0.01,0.64866671071236237,False
E4_only_hjorth_mobility,7,4,0.10000000000000001,0.61184346619800078,True
E4_only_hjorth_mobility,7,4,1,0.65124480379114291,False
E4_only_hjorth_mobility,7,4,10,0.71218435363892962,False
E4_only_hjorth_mobility,7,4,100,0.72865335675963572,False
E4_only_hjorth_mobility,8,0,0.01,0.63703051391239851,False
E4_only_hjorth_mobility,8,0,0.10000000000000001,0.56848048124495798,False
E4_only_hjorth_mobility,8,0,1,0.56137354084858726,True
E4_only_hjorth_mobility,8,0,10,0.60742879330945654,False
E4_only_hjorth_mobility,8,0,100,0.62316227631775434,False
E4_only_hjorth_mobility,8,1,0.01,0.65914003415045785,False
E4_only_hjorth_mobility,8,1,0.10000000000000001,0.6424011730968342,True
E4_only_hjorth_mobility,8,1,1,0.69264570084239618,False
E4_only_hjorth_mobility,8,1,10,0.76888117786667676,False
E4_only_hjorth_mobility,8,1,100,0.7913413809012072,False
E4_only_hjorth_mobility,8,2,0.01,0.62948470275022617,False
E4_only_hjorth_mobility,8,2,0.10000000000000001,0.56848672897430441,True
E4_only_hjorth_mobility,8,2,1,0.62692645532398217,False
E4_only_hjorth_mobility,8,2,10,0.75976569813524664,False
E4_only_hjorth_mobility,8,2,100,0.83577948817362768,False
E4_only_hjorth_mobility,8,3,0.01,0.65300583022968617,False
E4_only_hjorth_mobility,8,3,0.10000000000000001,0.62673120795559378,True
E4_only_hjorth_mobility,8,3,1,0.66141946693852149,False
E4_only_hjorth_mobility,8,3,10,0.74691478167901759,False
E4_only_hjorth_mobility,8,3,100,0.79691640057396296,False
E4_only_hjorth_mobility,8,4,0.01,0.64884358012761278,False
E4_only_hjorth_mobility,8,4,0.10000000000000001,0.59482736243761558,True
E4_only_hjorth_mobility,8,4,1,0.60458398965502436,False
E4_only_hjorth_mobility,8,4,10,0.68076221358931932,False
E4_only_hjorth_mobility,8,4,100,0.71152382240333689,False
E4_only_hjorth_mobility,9,0,0.01,0.65185329241743506,False
E4_only_hjorth_mobility,9,0,0.10000000000000001,0.61519822754466336,True
E4_only_hjorth_mobility,9,0,1,0.66419221295529574,False
E4_only_hjorth_mobility,9,0,10,0.78939059781869525,False
E4_only_hjorth_mobility,9,0,100,0.83785503261023708,False
E4_only_hjorth_mobility,9,1,0.01,0.62978504753143805,False
E4_only_hjorth_mobility,9,1,0.10000000000000001,0.55420960351721693,True
E4_only_hjorth_mobility,9,1,1,0.56864019989127679,False
E4_only_hjorth_mobility,9,1,10,0.696821615175511,False
E4_only_hjorth_mobility,9,1,100,0.76426949439902991,False
E4_only_hjorth_mobility,9,2,0.01,0.65287265752560686,False
E4_only_hjorth_mobility,9,2,0.10000000000000001,0.61653292032880991,True
E4_only_hjorth_mobility,9,2,1,0.65526415701433471,False
E4_only_hjorth_mobility,9,2,10,0.7498962935629383,False
E4_only_hjorth_mobility,9,2,100,0.78168401996348269,False
E4_only_hjorth_mobility,9,3,0.01,0.63719946289978635,False
E4_only_hjorth_mobility,9,3,0.10000000000000001,0.56499487854018082,False
E4_only_hjorth_mobility,9,3,1,0.56026434183237228,True
E4_only_hjorth_mobility,9,3,10,0.65197640980905514,False
E4_only_hjorth_mobility,9,3,100,0.70721077429407175,False
E4_only_hjorth_mobility,9,4,0.01,0.64779202960643656,False
E4_only_hjorth_mobility,9,4,0.10000000000000001,0.62106353001490122,True
E4_only_hjorth_mobility,9,4,1,0.67874450166273315,False
E4_only_hjorth_mobility,9,4,10,0.73844058014908565,False
E4_only_hjorth_mobility,9,4,100,0.75158024888828268,False
E4_only_perm_entropy,0,0,0.01,0.61805079027570753,False
E4_only_perm_entropy,0,0,0.10000000000000001,0.54256870277036229,True
E4_only_perm_entropy,0,0,1,0.54648135397436826,False
E4_only_perm_entropy,0,0,10,0.63374843408329828,False
E4_only_perm_entropy,0,0,100,0.67933505043866105,False
E4_only_perm_entropy,0,1,0.01,0.64253377503905196,False
E4_only_perm_entropy,0,1,0.10000000000000001,0.61425733825013951,True
E4_only_perm_entropy,0,1,1,0.63365669637719901,False
E4_only_perm_entropy,0,1,10,0.67925760722370498,False
E4_only_perm_entropy,0,1,100,0.69697289534134466,False
E4_only_perm_entropy,0,2,0.01,0.66132589514528883,False
E4_only_perm_entropy,0,2,0.10000000000000001,0.63388657606879051,True
E4_only_perm_entropy,0,2,1,0.67128675781604052,False
E4_only_perm_entropy,0,2,10,0.7397031611722279,False
E4_only_perm_entropy,0,2,100,0.75690534494633066,False
E4_only_perm_entropy,0,3,0.01,0.63748434277574895,False
E4_only_perm_entropy,0,3,0.10000000000000001,0.59418634817008364,True
E4_only_perm_entropy,0,3,1,0.60718895339637169,False
E4_only_perm_entropy,0,3,10,0.63568308492923886,False
E4_only_perm_entropy,0,3,100,0.64318826228636339,False
E4_only_perm_entropy,0,4,0.01,0.62978543014603861,False
E4_only_perm_entropy,0,4,0.10000000000000001,0.57108732383285521,True
E4_only_perm_entropy,0,4,1,0.60555761169070021,False
E4_only_perm_entropy,0,4,10,0.6727081882630036,False
E4_only_perm_entropy,0,4,100,0.69128696946262536,False
E4_only_perm_entropy,1,0,0.01,0.63708357570322982,False
E4_only_perm_entropy,1,0,0.10000000000000001,0.59240401902949669,True
E4_only_perm_entropy,1,0,1,0.63584715436434924,False
E4_only_perm_entropy,1,0,10,0.72251293440651365,False
E4_only_perm_entropy,1,0,100,0.74975893705981755,False
E4_only_perm_entropy,1,1,0.01,0.63804943319491492,False
E4_only_perm_entropy,1,1,0.10000000000000001,0.59743768312986301,True
E4_only_perm_entropy,1,1,1,0.6471378802879304,False
E4_only_perm_entropy,1,1,10,0.72981479963006213,False
E4_only_perm_entropy,1,1,100,0.75616266712905855,False
E4_only_perm_entropy,1,2,0.01,0.62921464824741535,False
E4_only_perm_entropy,1,2,0.10000000000000001,0.57688805190383141,True
E4_only_perm_entropy,1,2,1,0.62689586601850911,False
E4_only_perm_entropy,1,2,10,0.70933554697176104,False
E4_only_perm_entropy,1,2,100,0.73032924645706065,False
E4_only_perm_entropy,1,3,0.01,0.63741214328288087,False
E4_only_perm_entropy,1,3,0.10000000000000001,0.60904186027544716,True
E4_only_perm_entropy,1,3,1,0.6614270157658636,False
E4_only_perm_entropy,1,3,10,0.71772215157557384,False
E4_only_perm_entropy,1,3,100,0.73086145802801594,False
E4_only_perm_entropy,1,4,0.01,0.63571515222323016,False
E4_only_perm_entropy,1,4,0.10000000000000001,0.58443760694654912,True
E4_only_perm_entropy,1,4,1,0.64174902249238397,False
E4_only_perm_entropy,1,4,10,0.75870637545601671,False
E4_only_perm_entropy,1,4,100,0.80075884383145302,False
E4_only_perm_entropy,2,0,0.01,0.63402863692510769,False
E4_only_perm_entropy,2,0,0.10000000000000001,0.58993853137993557,True
E4_only_perm_entropy,2,0,1,0.5960385230792753,False
E4_only_perm_entropy,2,0,10,0.63808241476037397,False
E4_only_perm_entropy,2,0,100,0.65950153575455106,False
E4_only_perm_entropy,2,1,0.01,0.64376258363954497,False
E4_only_perm_entropy,2,1,0.10000000000000001,0.6065468942977047,True
E4_only_perm_entropy,2,1,1,0.67364121005087962,False
E4_only_perm_entropy,2,1,10,0.79103779487092463,False
E4_only_perm_entropy,2,1,100,0.83195219699924516,False
E4_only_perm_entropy,2,2,0.01,0.64256954424612878,False
E4_only_perm_entropy,2,2,0.10000000000000001,0.59174532714825956,True
E4_only_perm_entropy,2,2,1,0.61694776924206673,False
E4_only_perm_entropy,2,2,10,0.66539571391960117,False
E4_only_perm_entropy,2,2,100,0.67697916888766474,False
E4_only_perm_entropy,2,3,0.01,0.6472975186120582,False
E4_only_perm_entropy,2,3,0.10000000000000001,0.62965390930777665,True
E4_only_perm_entropy,2,3,1,0.69543983393805997,False
E4_only_perm_entropy,2,3,10,0.79562444568787538,False
E4_only_perm_entropy,2,3,100,0.83713234976782236,False
E4_only_perm_entropy,2,4,0.01,0.63732300407954257,False
E4_only_perm_entropy,2,4,0.10000000000000001,0.60152265037233121,True
E4_only_perm_entropy,2,4,1,0.64176224088965883,False
E4_only_perm_entropy,2,4,10,0.69771633249761245,False
E4_only_perm_entropy,2,4,100,0.71817424108939942,False
E4_only_perm_entropy,3,0,0.01,0.64151524572530605,False
E4_only_perm_entropy,3,0,0.10000000000000001,0.61513454553312619,True
E4_only_perm_entropy,3,0,1,0.69890236855269849,False
E4_only_perm_entropy,3,0,10,0.83311874986576817,False
E4_only_perm_entropy,3,0,100,0.87958191173221623,False
E4_only_perm_entropy,3,1,0.01,0.64137058168884875,False
E4_only_perm_entropy,3,1,0.10000000000000001,0.59696713625121633,True
E4_only_perm_entropy,3,1,1,0.64736841799399758,False
E4_only_perm_entropy,3,1,10,0.70442418981912136,False
E4_only_perm_entropy,3,1,100,0.71791803528906106,False
E4_only_perm_entropy,3,2,0.01,0.63182130083682553,False
E4_only_perm_entropy,3,2,0.10000000000000001,0.56353112344568856,True
E4_only_perm_entropy,3,2,1,0.58506877748652031,False
E4_only_perm_entropy,3,2,10,0.66402706977529491,False
E4_only_perm_entropy,3,2,100,0.68783507816204348,False
E4_only_perm_entropy,3,3,0.01,0.63520709718462576,False
E4_only_perm_entropy,3,3,0.10000000000000001,0.58903623808572037,True
E4_only_perm_entropy,3,3,1,0.60463420784200506,False
E4_only_perm_entropy,3,3,10,0.66489932190451018,False
E4_only_perm_entropy,3,3,100,0.6895031728415566,False
E4_only_perm_entropy,3,4,0.01,0.62292343630864866,False
E4_only_perm_entropy,3,4,0.10000000000000001,0.56351830316528884,True
E4_only_perm_entropy,3,4,1,0.56885245041258681,False
E4_only_perm_entropy,3,4,10,0.60787284203985958,False
E4_only_perm_entropy,3,4,100,0.62150068202551234,False
E4_only_perm_entropy,4,0,0.01,0.63489294249452721,False
E4_only_perm_entropy,4,0,0.10000000000000001,0.59685612469727423,True
E4_only_perm_entropy,4,0,1,0.68715082204231037,False
E4_only_perm_entropy,4,0,10,0.84029499760121629,False
E4_only_perm_entropy,4,0,100,0.88841217865386291,False
E4_only_perm_entropy,4,1,0.01,0.6355154850586735,False
E4_only_perm_entropy,4,1,0.10000000000000001,0.5854063002505342,True
E4_only_perm_entropy,4,1,1,0.60752828064600162,False
E4_only_perm_entropy,4,1,10,0.6717684755722797,False
E4_only_perm_entropy,4,1,100,0.69546670171925729,False
E4_only_perm_entropy,4,2,0.01,0.64338789245061367,False
E4_only_perm_entropy,4,2,0.10000000000000001,0.62502604492208724,True
E4_only_perm_entropy,4,2,1,0.72906182854389323,False
E4_only_perm_entropy,4,2,10,0.86632652749167016,False
E4_only_perm_entropy,4,2,100,0.90460318359250824,False
E4_only_perm_entropy,4,3,0.01,0.63601725072238824,False
E4_only_perm_entropy,4,3,0.10000000000000001,0.57578265678696916,True
E4_only_perm_entropy,4,3,1,0.59970651649758022,False
E4_only_perm_entropy,4,3,10,0.66890098211000171,False
E4_only_perm_entropy,4,3,100,0.69830997452419807,False
E4_only_perm_entropy,4,4,0.01,0.63554184819601478,False
E4_only_perm_entropy,4,4,0.10000000000000001,0.57820618028382786,True
E4_only_perm_entropy,4,4,1,0.60004522184938103,False
E4_only_perm_entropy,4,4,10,0.6595806644233041,False
E4_only_perm_entropy,4,4,100,0.67655106178169899,False
E4_only_perm_entropy,5,0,0.01,0.63878128972653558,False
E4_only_perm_entropy,5,0,0.10000000000000001,0.61450257645515161,True
E4_only_perm_entropy,5,0,1,0.63640864082676707,False
E4_only_perm_entropy,5,0,10,0.66976195793732107,False
E4_only_perm_entropy,5,0,100,0.68043498290920235,False
E4_only_perm_entropy,5,1,0.01,0.6235182897012338,False
E4_only_perm_entropy,5,1,0.10000000000000001,0.53547314634972976,False
E4_only_perm_entropy,5,1,1,0.5328196286447463,True
E4_only_perm_entropy,5,1,10,0.60758526032625448,False
E4_only_perm_entropy,5,1,100,0.6420578456748256,False
E4_only_perm_entropy,5,2,0.01,0.63392762021623739,False
E4_only_perm_entropy,5,2,0.10000000000000001,0.5814765776971057,True
E4_only_perm_entropy,5,2,1,0.61119249051226621,False
E4_only_perm_entropy,5,2,10,0.68744464933257798,False
E4_only_perm_entropy,5,2,100,0.71407308104544565,False
E4_only_perm_entropy,5,3,0.01,0.6508055097845834,False
E4_only_perm_entropy,5,3,0.10000000000000001,0.61438744762464792,True
E4_only_perm_entropy,5,3,1,0.6554423691195701,False
E4_only_perm_entropy,5,3,10,0.7093641551690506,False
E4_only_perm_entropy,5,3,100,0.7223955043698127,False
E4_only_perm_entropy,5,4,0.01,0.62819049063090637,False
E4_only_perm_entropy,5,4,0.10000000000000001,0.58887193414651862,True
E4_only_perm_entropy,5,4,1,0.65645207614962608,False
E4_only_perm_entropy,5,4,10,0.7219621026441736,False
E4_only_perm_entropy,5,4,100,0.73669318881739543,False
E4_only_perm_entropy,6,0,0.01,0.63189751225448454,False
E4_only_perm_entropy,6,0,0.10000000000000001,0.61605849558869985,True
E4_only_perm_entropy,6,0,1,0.71181957656117889,False
E4_only_perm_entropy,6,0,10,0.83476737080159036,False
E4_only_perm_entropy,6,0,100,0.88408421534609283,False
E4_only_perm_entropy,6,1,0.01,0.63884614163475062,False
E4_only_perm_entropy,6,1,0.10000000000000001,0.59718127310827718,True
E4_only_perm_entropy,6,1,1,0.65127692916109381,False
E4_only_perm_entropy,6,1,10,0.72325508703502106,False
E4_only_perm_entropy,6,1,100,0.73943322741558615,False
E4_only_perm_entropy,6,2,0.01,0.64425539943084065,False
E4_only_perm_entropy,6,2,0.10000000000000001,0.63484488216158041,True
E4_only_perm_entropy,6,2,1,0.70588402919268289,False
E4_only_perm_entropy,6,2,10,0.77458893101291748,False
E4_only_perm_entropy,6,2,100,0.79124401302502034,False
E4_only_perm_entropy,6,3,0.01,0.62097312211061262,False
E4_only_perm_entropy,6,3,0.10000000000000001,0.53472014451759509,False
E4_only_perm_entropy,6,3,1,0.52893418616693133,True
E4_only_perm_entropy,6,3,10,0.60607199479998797,False
E4_only_perm_entropy,6,3,100,0.63829741409105878,False
E4_only_perm_entropy,6,4,0.01,0.64795498944583774,False
E4_only_perm_entropy,6,4,0.10000000000000001,0.61980576910543683,True
E4_only_perm_entropy,6,4,1,0.65452984944162773,False
E4_only_perm_entropy,6,4,10,0.71075454431532159,False
E4_only_perm_entropy,6,4,100,0.72833947219856987,False
E4_only_perm_entropy,7,0,0.01,0.63887650242656835,False
E4_only_perm_entropy,7,0,0.10000000000000001,0.59515555415437726,True
E4_only_perm_entropy,7,0,1,0.6627465923988286,False
E4_only_perm_entropy,7,0,10,0.81690511771509922,False
E4_only_perm_entropy,7,0,100,0.88830098113157574,False
E4_only_perm_entropy,7,1,0.01,0.62568682950199439,False
E4_only_perm_entropy,7,1,0.10000000000000001,0.56642262872518723,True
E4_only_perm_entropy,7,1,1,0.57665639517116085,False
E4_only_perm_entropy,7,1,10,0.63329798502064127,False
E4_only_perm_entropy,7,1,100,0.65917841079036443,False
E4_only_perm_entropy,7,2,0.01,0.65159912359485039,False
E4_only_perm_entropy,7,2,0.10000000000000001,0.62276949734584619,True
E4_only_perm_entropy,7,2,1,0.66740920156160211,False
E4_only_perm_entropy,7,2,10,0.77156929002554064,False
E4_only_perm_entropy,7,2,100,0.81522823527103494,False
E4_only_perm_entropy,7,3,0.01,0.63152938305966522,False
E4_only_perm_entropy,7,3,0.10000000000000001,0.56384536421289178,True
E4_only_perm_entropy,7,3,1,0.57080688280635694,False
E4_only_perm_entropy,7,3,10,0.62469328924925649,False
E4_only_perm_entropy,7,3,100,0.6427298805722067,False
E4_only_perm_entropy,7,4,0.01,0.63497480963245478,False
E4_only_perm_entropy,7,4,0.10000000000000001,0.59568740204975912,True
E4_only_perm_entropy,7,4,1,0.63934569283132514,False
E4_only_perm_entropy,7,4,10,0.69292406788417393,False
E4_only_perm_entropy,7,4,100,0.70590577782375441,False
E4_only_perm_entropy,8,0,0.01,0.63449937448690319,False
E4_only_perm_entropy,8,0,0.10000000000000001,0.58773961007921049,True
E4_only_perm_entropy,8,0,1,0.61990972534973798,False
E4_only_perm_entropy,8,0,10,0.66477016467593242,False
E4_only_perm_entropy,8,0,100,0.67544246080934445,False
E4_only_perm_entropy,8,1,0.01,0.64918176610183165,False
E4_only_perm_entropy,8,1,0.10000000000000001,0.63164725819724699,True
E4_only_perm_entropy,8,1,1,0.70790242741929432,False
E4_only_perm_entropy,8,1,10,0.82084438267120741,False
E4_only_perm_entropy,8,1,100,0.85503982387348099,False
E4_only_perm_entropy,8,2,0.01,0.61698766137602656,False
E4_only_perm_entropy,8,2,0.10000000000000001,0.54551142366291905,True
E4_only_perm_entropy,8,2,1,0.58192126011188472,False
E4_only_perm_entropy,8,2,10,0.67679507137311934,False
E4_only_perm_entropy,8,2,100,0.71609594749362948,False
E4_only_perm_entropy,8,3,0.01,0.64102779720253911,False
E4_only_perm_entropy,8,3,0.10000000000000001,0.60698739742705077,True
E4_only_perm_entropy,8,3,1,0.6220866015821408,False
E4_only_perm_entropy,8,3,10,0.65503114506170124,False
E4_only_perm_entropy,8,3,100,0.66684006696953491,False
E4_only_perm_entropy,8,4,0.01,0.64249625386771581,False
E4_only_perm_entropy,8,4,0.10000000000000001,0.59676729764984293,True
E4_only_perm_entropy,8,4,1,0.65105973224126479,False
E4_only_perm_entropy,8,4,10,0.76053238756318731,False
E4_only_perm_entropy,8,4,100,0.79535511031576522,False
E4_only_perm_entropy,9,0,0.01,0.64798537363334208,False
E4_only_perm_entropy,9,0,0.10000000000000001,0.61350307126772419,True
E4_only_perm_entropy,9,0,1,0.65669503536510521,False
E4_only_perm_entropy,9,0,10,0.76928509750093543,False
E4_only_perm_entropy,9,0,100,0.81216963299904377,False
E4_only_perm_entropy,9,1,0.01,0.61288081829915042,False
E4_only_perm_entropy,9,1,0.10000000000000001,0.53041022197062138,True
E4_only_perm_entropy,9,1,1,0.54329946006454133,False
E4_only_perm_entropy,9,1,10,0.64021536204119189,False
E4_only_perm_entropy,9,1,100,0.6903248070580853,False
E4_only_perm_entropy,9,2,0.01,0.64563735563841518,False
E4_only_perm_entropy,9,2,0.10000000000000001,0.62397131765929348,True
E4_only_perm_entropy,9,2,1,0.6873792277311539,False
E4_only_perm_entropy,9,2,10,0.75928994416030837,False
E4_only_perm_entropy,9,2,100,0.77805101304691937,False
E4_only_perm_entropy,9,3,0.01,0.63617751290305291,False
E4_only_perm_entropy,9,3,0.10000000000000001,0.5809664851618489,True
E4_only_perm_entropy,9,3,1,0.59531989696372356,False
E4_only_perm_entropy,9,3,10,0.67967183195454972,False
E4_only_perm_entropy,9,3,100,0.71876011290816388,False
E4_only_perm_entropy,9,4,0.01,0.64069839346428969,False
E4_only_perm_entropy,9,4,0.10000000000000001,0.6255968633923179,True
E4_only_perm_entropy,9,4,1,0.70948235968215245,False
E4_only_perm_entropy,9,4,10,0.77444985764252428,False
E4_only_perm_entropy,9,4,100,0.78782715221635025,False
E4_without_hjorth_complexity,0,0,0.01,0.61529542290612615,False
E4_without_hjorth_complexity,0,0,0.10000000000000001,0.5552612716336931,True
E4_without_hjorth_complexity,0,0,1,0.59788379498846067,False
E4_without_hjorth_complexity,0,0,10,0.72802818541566283,False
E4_without_hjorth_complexity,0,0,100,0.79593484180312102,False
E4_without_hjorth_complexity,0,1,0.01,0.63600381729355249,False
E4_without_hjorth_complexity,0,1,0.10000000000000001,0.60812783042672769,True
E4_without_hjorth_complexity,0,1,1,0.63207368941539599,False
E4_without_hjorth_complexity,0,1,10,0.69734026843053398,False
E4_without_hjorth_complexity,0,1,100,0.73371954592460731,False
E4_without_hjorth_complexity,0,2,0.01,0.6530495824465723,False
E4_without_hjorth_complexity,0,2,0.10000000000000001,0.61483502339611218,True
E4_without_hjorth_complexity,0,2,1,0.63687466207816967,False
E4_without_hjorth_complexity,0,2,10,0.70382799811777508,False
E4_without_hjorth_complexity,0,2,100,0.72743897162347515,False
E4_without_hjorth_complexity,0,3,0.01,0.62644026573274125,False
E4_without_hjorth_complexity,0,3,0.10000000000000001,0.59031856396080051,True
E4_without_hjorth_complexity,0,3,1,0.62720831631915186,False
E4_without_hjorth_complexity,0,3,10,0.68662064407288093,False
E4_without_hjorth_complexity,0,3,100,0.70494757896593896,False
E4_without_hjorth_complexity,0,4,0.01,0.61909525905649565,False
E4_without_hjorth_complexity,0,4,0.10000000000000001,0.55906177324857365,True
E4_without_hjorth_complexity,0,4,1,0.57519556834328855,False
E4_without_hjorth_complexity,0,4,10,0.62925481561226271,False
E4_without_hjorth_complexity,0,4,100,0.65157417721588884,False
E4_without_hjorth_complexity,1,0,0.01,0.63180476909738126,False
E4_without_hjorth_complexity,1,0,0.10000000000000001,0.60304978940520937,True
E4_without_hjorth_complexity,1,0,1,0.67979466307391989,False
E4_without_hjorth_complexity,1,0,10,0.780419575619414,False
E4_without_hjorth_complexity,1,0,100,0.82917373059038979,False
E4_without_hjorth_complexity,1,1,0.01,0.62908725849395863,False
E4_without_hjorth_complexity,1,1,0.10000000000000001,0.59291168717033793,True
E4_without_hjorth_complexity,1,1,1,0.64342084155275558,False
E4_without_hjorth_complexity,1,1,10,0.74181328601847341,False
E4_without_hjorth_complexity,1,1,100,0.77996231299187802,False
E4_without_hjorth_complexity,1,2,0.01,0.62602076233041593,False
E4_without_hjorth_complexity,1,2,0.10000000000000001,0.59089676396516666,True
E4_without_hjorth_complexity,1,2,1,0.67187723157013979,False
E4_without_hjorth_complexity,1,2,10,0.78591608495511034,False
E4_without_hjorth_complexity,1,2,100,0.81930487822961717,False
E4_without_hjorth_complexity,1,3,0.01,0.63016470066760155,False
E4_without_hjorth_complexity,1,3,0.10000000000000001,0.60531158591570411,True
E4_without_hjorth_complexity,1,3,1,0.65957086091708095,False
E4_without_hjorth_complexity,1,3,10,0.72745434458921432,False
E4_without_hjorth_complexity,1,3,100,0.75148520555493403,False
E4_without_hjorth_complexity,1,4,0.01,0.6278832733030032,False
E4_without_hjorth_complexity,1,4,0.10000000000000001,0.58149114331194363,True
E4_without_hjorth_complexity,1,4,1,0.64946578195404725,False
E4_without_hjorth_complexity,1,4,10,0.77857367039116188,False
E4_without_hjorth_complexity,1,4,100,0.82957031221561317,False
E4_without_hjorth_complexity,2,0,0.01,0.62811650965506649,False
E4_without_hjorth_complexity,2,0,0.10000000000000001,0.5811795363272193,True
E4_without_hjorth_complexity,2,0,1,0.59319459944429154,False
E4_without_hjorth_complexity,2,0,10,0.66871447196384315,False
E4_without_hjorth_complexity,2,0,100,0.71825248046184742,False
E4_without_hjorth_complexity,2,1,0.01,0.63865629896081111,False
E4_without_hjorth_complexity,2,1,0.10000000000000001,0.61060837451604566,True
E4_without_hjorth_complexity,2,1,1,0.70702868114638073,False
E4_without_hjorth_complexity,2,1,10,0.90439364901622865,False
E4_without_hjorth_complexity,2,1,100,1.0530964805195808,False
E4_without_hjorth_complexity,2,2,0.01,0.63571332459384655,False
E4_without_hjorth_complexity,2,2,0.10000000000000001,0.5856776137276094,True
E4_without_hjorth_complexity,2,2,1,0.60824946582996131,False
E4_without_hjorth_complexity,2,2,10,0.67430957032819516,False
E4_without_hjorth_complexity,2,2,100,0.70406514490183081,False
E4_without_hjorth_complexity,2,3,0.01,0.64346172418801861,False
E4_without_hjorth_complexity,2,3,0.10000000000000001,0.62749136595075106,True
E4_without_hjorth_complexity,2,3,1,0.67893356850001385,False
E4_without_hjorth_complexity,2,3,10,0.77631638063314012,False
E4_without_hjorth_complexity,2,3,100,0.82826493402822832,False
E4_without_hjorth_complexity,2,4,0.01,0.62444014555557437,False
E4_without_hjorth_complexity,2,4,0.10000000000000001,0.59815128236845949,True
E4_without_hjorth_complexity,2,4,1,0.65820697747363799,False
E4_without_hjorth_complexity,2,4,10,0.73174738474181311,False
E4_without_hjorth_complexity,2,4,100,0.75880551490358561,False
E4_without_hjorth_complexity,3,0,0.01,0.63556905486718596,False
E4_without_hjorth_complexity,3,0,0.10000000000000001,0.60988054246286083,True
E4_without_hjorth_complexity,3,0,1,0.68999182502543988,False
E4_without_hjorth_complexity,3,0,10,0.83863641227875274,False
E4_without_hjorth_complexity,3,0,100,0.90533647076897739,False
E4_without_hjorth_complexity,3,1,0.01,0.64180065818218712,False
E4_without_hjorth_complexity,3,1,0.10000000000000001,0.62102080473484067,True
E4_without_hjorth_complexity,3,1,1,0.72634488116573104,False
E4_without_hjorth_complexity,3,1,10,0.83246291528607597,False
E4_without_hjorth_complexity,3,1,100,0.85966621405036914,False
E4_without_hjorth_complexity,3,2,0.01,0.62554381294304551,False
E4_without_hjorth_complexity,3,2,0.10000000000000001,0.55793042076208266,True
E4_without_hjorth_complexity,3,2,1,0.57811791361184428,False
E4_without_hjorth_complexity,3,2,10,0.67357580683079121,False
E4_without_hjorth_complexity,3,2,100,0.70998311739130215,False
E4_without_hjorth_complexity,3,3,0.01,0.62741121433579039,False
E4_without_hjorth_complexity,3,3,0.10000000000000001,0.59780904872860008,True
E4_without_hjorth_complexity,3,3,1,0.67083538927154573,False
E4_without_hjorth_complexity,3,3,10,0.79559766369544327,False
E4_without_hjorth_complexity,3,3,100,0.84892930197952599,False
E4_without_hjorth_complexity,3,4,0.01,0.61161790700619034,False
E4_without_hjorth_complexity,3,4,0.10000000000000001,0.55159592604434238,False
E4_without_hjorth_complexity,3,4,1,0.54718152655903429,True
E4_without_hjorth_complexity,3,4,10,0.5764895391607705,False
E4_without_hjorth_complexity,3,4,100,0.59208217700732968,False
E4_without_hjorth_complexity,4,0,0.01,0.62703311794024663,False
E4_without_hjorth_complexity,4,0,0.10000000000000001,0.59309106695521641,True
E4_without_hjorth_complexity,4,0,1,0.71200367957109789,False
E4_without_hjorth_complexity,4,0,10,0.93995406571264162,False
E4_without_hjorth_complexity,4,0,100,1.0535918550928904,False
E4_without_hjorth_complexity,4,1,0.01,0.63430266952806003,False
E4_without_hjorth_complexity,4,1,0.10000000000000001,0.59464597951703968,True
E4_without_hjorth_complexity,4,1,1,0.65126466547725614,False
E4_without_hjorth_complexity,4,1,10,0.79072451942377175,False
E4_without_hjorth_complexity,4,1,100,0.86787798431945962,False
E4_without_hjorth_complexity,4,2,0.01,0.63369285288580879,True
E4_without_hjorth_complexity,4,2,0.10000000000000001,0.63782714364643345,False
E4_without_hjorth_complexity,4,2,1,0.80843882812066559,False
E4_without_hjorth_complexity,4,2,10,1.0614185420577478,False
E4_without_hjorth_complexity,4,2,100,1.1556975399191733,False
E4_without_hjorth_complexity,4,3,0.01,0.63140400867347379,False
E4_without_hjorth_complexity,4,3,0.10000000000000001,0.57396708273371488,True
E4_without_hjorth_complexity,4,3,1,0.59029998138783824,False
E4_without_hjorth_complexity,4,3,10,0.65936179225883285,False
E4_without_hjorth_complexity,4,3,100,0.70416878084203394,False
E4_without_hjorth_complexity,4,4,0.01,0.62667650952201071,False
E4_without_hjorth_complexity,4,4,0.10000000000000001,0.57698134949684987,True
E4_without_hjorth_complexity,4,4,1,0.60268979544286649,False
E4_without_hjorth_complexity,4,4,10,0.65895165728618244,False
E4_without_hjorth_complexity,4,4,100,0.68162883300856048,False
E4_without_hjorth_complexity,5,0,0.01,0.62971716296563074,False
E4_without_hjorth_complexity,5,0,0.10000000000000001,0.60473948440582559,True
E4_without_hjorth_complexity,5,0,1,0.62834918476672375,False
E4_without_hjorth_complexity,5,0,10,0.68132851175687092,False
E4_without_hjorth_complexity,5,0,100,0.70307635247196465,False
E4_without_hjorth_complexity,5,1,0.01,0.61451134364268301,False
E4_without_hjorth_complexity,5,1,0.10000000000000001,0.53491087958977068,True
E4_without_hjorth_complexity,5,1,1,0.55287628103390685,False
E4_without_hjorth_complexity,5,1,10,0.67562846391751019,False
E4_without_hjorth_complexity,5,1,100,0.7462197764277404,False
E4_without_hjorth_complexity,5,2,0.01,0.62948139377513823,False
E4_without_hjorth_complexity,5,2,0.10000000000000001,0.58809859155683508,True
E4_without_hjorth_complexity,5,2,1,0.6385529126648487,False
E4_without_hjorth_complexity,5,2,10,0.77644301032592367,False
E4_without_hjorth_complexity,5,2,100,0.86870623748540965,False
E4_without_hjorth_complexity,5,3,0.01,0.64501268368558284,False
E4_without_hjorth_complexity,5,3,0.10000000000000001,0.61040263038928377,True
E4_without_hjorth_complexity,5,3,1,0.66335972438787727,False
E4_without_hjorth_complexity,5,3,10,0.75913880319336247,False
E4_without_hjorth_complexity,5,3,100,0.79309853507438166,False
E4_without_hjorth_complexity,5,4,0.01,0.62106167870132789,False
E4_without_hjorth_complexity,5,4,0.10000000000000001,0.59140553713907495,True
E4_without_hjorth_complexity,5,4,1,0.65072564820717793,False
E4_without_hjorth_complexity,5,4,10,0.70940697389058993,False
E4_without_hjorth_complexity,5,4,100,0.73323124229792713,False
E4_without_hjorth_complexity,6,0,0.01,0.62521238012971891,False
E4_without_hjorth_complexity,6,0,0.10000000000000001,0.61985992346737451,True
E4_without_hjorth_complexity,6,0,1,0.71835802811832361,False
E4_without_hjorth_complexity,6,0,10,0.87411683776324811,False
E4_without_hjorth_complexity,6,0,100,0.97665615581441023,False
E4_without_hjorth_complexity,6,1,0.01,0.63207726031486744,False
E4_without_hjorth_complexity,6,1,0.10000000000000001,0.59025749075698286,True
E4_without_hjorth_complexity,6,1,1,0.6372273462894924,False
E4_without_hjorth_complexity,6,1,10,0.72812942151873261,False
E4_without_hjorth_complexity,6,1,100,0.7591978016976747,False
E4_without_hjorth_complexity,6,2,0.01,0.63799639062992219,False
E4_without_hjorth_complexity,6,2,0.10000000000000001,0.62400653286143171,True
E4_without_hjorth_complexity,6,2,1,0.69728850480854021,False
E4_without_hjorth_complexity,6,2,10,0.78669583070258875,False
E4_without_hjorth_complexity,6,2,100,0.81187982926390867,False
E4_without_hjorth_complexity,6,3,0.01,0.60946702639654238,False
E4_without_hjorth_complexity,6,3,0.10000000000000001,0.52308661285887681,True
E4_without_hjorth_complexity,6,3,1,0.52484483372405644,False
E4_without_hjorth_complexity,6,3,10,0.61794821021402657,False
E4_without_hjorth_complexity,6,3,100,0.66995495612416234,False
E4_without_hjorth_complexity,6,4,0.01,0.64398404874937787,False
E4_without_hjorth_complexity,6,4,0.10000000000000001,0.6235366885940673,True
E4_without_hjorth_complexity,6,4,1,0.65363392394161357,False
E4_without_hjorth_complexity,6,4,10,0.73424130659546305,False
E4_without_hjorth_complexity,6,4,100,0.77962276029432198,False
E4_without_hjorth_complexity,7,0,0.01,0.63793643188294424,False
E4_without_hjorth_complexity,7,0,0.10000000000000001,0.59924520302683582,True
E4_without_hjorth_complexity,7,0,1,0.68387795562377718,False
E4_without_hjorth_complexity,7,0,10,0.90117102457740117,False
E4_without_hjorth_complexity,7,0,100,1.0310104154604456,False
E4_without_hjorth_complexity,7,1,0.01,0.61774111899735196,False
E4_without_hjorth_complexity,7,1,0.10000000000000001,0.57579780776303169,True
E4_without_hjorth_complexity,7,1,1,0.62067326416492796,False
E4_without_hjorth_complexity,7,1,10,0.71076126007752882,False
E4_without_hjorth_complexity,7,1,100,0.75169461447527508,False
E4_without_hjorth_complexity,7,2,0.01,0.64538851874816772,False
E4_without_hjorth_complexity,7,2,0.10000000000000001,0.62231932050500072,True
E4_without_hjorth_complexity,7,2,1,0.6582287419725148,False
E4_without_hjorth_complexity,7,2,10,0.75498936451512555,False
E4_without_hjorth_complexity,7,2,100,0.80604604701926652,False
E4_without_hjorth_complexity,7,3,0.01,0.6234604215041829,False
E4_without_hjorth_complexity,7,3,0.10000000000000001,0.55780732293792323,False
E4_without_hjorth_complexity,7,3,1,0.55743398962548962,True
E4_without_hjorth_complexity,7,3,10,0.60502413405275146,False
E4_without_hjorth_complexity,7,3,100,0.62686089813309254,False
E4_without_hjorth_complexity,7,4,0.01,0.62993149780146018,False
E4_without_hjorth_complexity,7,4,0.10000000000000001,0.6092989032102315,True
E4_without_hjorth_complexity,7,4,1,0.68998103304444214,False
E4_without_hjorth_complexity,7,4,10,0.77779015573899413,False
E4_without_hjorth_complexity,7,4,100,0.8096508777203244,False
E4_without_hjorth_complexity,8,0,0.01,0.62689383906038953,False
E4_without_hjorth_complexity,8,0,0.10000000000000001,0.58548274686570512,True
E4_without_hjorth_complexity,8,0,1,0.62691633734329777,False
E4_without_hjorth_complexity,8,0,10,0.69764190697012618,False
E4_without_hjorth_complexity,8,0,100,0.72037402478035784,False
E4_without_hjorth_complexity,8,1,0.01,0.64378721035882347,False
E4_without_hjorth_complexity,8,1,0.10000000000000001,0.63518817338365641,True
E4_without_hjorth_complexity,8,1,1,0.71813309986249896,False
E4_without_hjorth_complexity,8,1,10,0.83051556054532572,False
E4_without_hjorth_complexity,8,1,100,0.8691632232403782,False
E4_without_hjorth_complexity,8,2,0.01,0.60682027511871728,False
E4_without_hjorth_complexity,8,2,0.10000000000000001,0.54564072994538793,True
E4_without_hjorth_complexity,8,2,1,0.60278843468605625,False
E4_without_hjorth_complexity,8,2,10,0.75963582733272339,False
E4_without_hjorth_complexity,8,2,100,0.86063456182873821,False
E4_without_hjorth_complexity,8,3,0.01,0.63597300316174077,False
E4_without_hjorth_complexity,8,3,0.10000000000000001,0.61413309193927479,True
E4_without_hjorth_complexity,8,3,1,0.66273439779783738,False
E4_without_hjorth_complexity,8,3,10,0.75259654926360509,False
E4_without_hjorth_complexity,8,3,100,0.81934222281583258,False
E4_without_hjorth_complexity,8,4,0.01,0.63467606859089809,False
E4_without_hjorth_complexity,8,4,0.10000000000000001,0.59001404058540463,True
E4_without_hjorth_complexity,8,4,1,0.64658495555982132,False
E4_without_hjorth_complexity,8,4,10,0.77315255163743135,False
E4_without_hjorth_complexity,8,4,100,0.82368784783313354,False
E4_without_hjorth_complexity,9,0,0.01,0.63892661505433646,False
E4_without_hjorth_complexity,9,0,0.10000000000000001,0.61421939295809314,True
E4_without_hjorth_complexity,9,0,1,0.6992664907688102,False
E4_without_hjorth_complexity,9,0,10,0.884135329235476,False
E4_without_hjorth_complexity,9,0,100,0.97199178688115384,False
E4_without_hjorth_complexity,9,1,0.01,0.6077347555886573,False
E4_without_hjorth_complexity,9,1,0.10000000000000001,0.53953920920413434,True
E4_without_hjorth_complexity,9,1,1,0.57581292412308183,False
E4_without_hjorth_complexity,9,1,10,0.76894260730021302,False
E4_without_hjorth_complexity,9,1,100,0.88812871305834884,False
E4_without_hjorth_complexity,9,2,0.01,0.64128129859303606,False
E4_without_hjorth_complexity,9,2,0.10000000000000001,0.61867224103088225,True
E4_without_hjorth_complexity,9,2,1,0.68888409205745327,False
E4_without_hjorth_complexity,9,2,10,0.82441213597219565,False
E4_without_hjorth_complexity,9,2,100,0.88437541384578411,False
E4_without_hjorth_complexity,9,3,0.01,0.62420407697337632,False
E4_without_hjorth_complexity,9,3,0.10000000000000001,0.56076905361665452,True
E4_without_hjorth_complexity,9,3,1,0.59020035699205542,False
E4_without_hjorth_complexity,9,3,10,0.75597639360464597,False
E4_without_hjorth_complexity,9,3,100,0.88603393131414487,False
E4_without_hjorth_complexity,9,4,0.01,0.63385506591494201,False
E4_without_hjorth_complexity,9,4,0.10000000000000001,0.62754019566591746,True
E4_without_hjorth_complexity,9,4,1,0.7196837643209073,False
E4_without_hjorth_complexity,9,4,10,0.81825403232759208,False
E4_without_hjorth_complexity,9,4,100,0.8587391560172194,False
E4_without_hjorth_mobility,0,0,0.01,0.61928742242403767,False
E4_without_hjorth_mobility,0,0,0.10000000000000001,0.56315228659226069,True
E4_without_hjorth_mobility,0,0,1,0.6135169577523506,False
E4_without_hjorth_mobility,0,0,10,0.74356231810275164,False
E4_without_hjorth_mobility,0,0,100,0.80575646952465696,False
E4_without_hjorth_mobility,0,1,0.01,0.64092948781147063,False
E4_without_hjorth_mobility,0,1,0.10000000000000001,0.61296535662361629,True
E4_without_hjorth_mobility,0,1,1,0.64969972137273602,False
E4_without_hjorth_mobility,0,1,10,0.72701022849782959,False
E4_without_hjorth_mobility,0,1,100,0.75816058839923284,False
E4_without_hjorth_mobility,0,2,0.01,0.6577242307988973,False
E4_without_hjorth_mobility,0,2,0.10000000000000001,0.62680107417332032,True
E4_without_hjorth_mobility,0,2,1,0.66221220555024718,False
E4_without_hjorth_mobility,0,2,10,0.74577776647211136,False
E4_without_hjorth_mobility,0,2,100,0.7715351901473475,False
E4_without_hjorth_mobility,0,3,0.01,0.63204262205323369,False
E4_without_hjorth_mobility,0,3,0.10000000000000001,0.5976640622304662,True
E4_without_hjorth_mobility,0,3,1,0.64533802530038042,False
E4_without_hjorth_mobility,0,3,10,0.70983930444434806,False
E4_without_hjorth_mobility,0,3,100,0.72815642326127772,False
E4_without_hjorth_mobility,0,4,0.01,0.6247895379909868,False
E4_without_hjorth_mobility,0,4,0.10000000000000001,0.56242298220167519,True
E4_without_hjorth_mobility,0,4,1,0.58248292311409211,False
E4_without_hjorth_mobility,0,4,10,0.65131225372231127,False
E4_without_hjorth_mobility,0,4,100,0.68110858286601328,False
E4_without_hjorth_mobility,1,0,0.01,0.63629319329134082,False
E4_without_hjorth_mobility,1,0,0.10000000000000001,0.61144765135038792,True
E4_without_hjorth_mobility,1,0,1,0.69968637995902561,False
E4_without_hjorth_mobility,1,0,10,0.83716297157871911,False
E4_without_hjorth_mobility,1,0,100,0.89297505226507234,False
E4_without_hjorth_mobility,1,1,0.01,0.63302745158436147,False
E4_without_hjorth_mobility,1,1,0.10000000000000001,0.59529982513873625,True
E4_without_hjorth_mobility,1,1,1,0.64536317265668897,False
E4_without_hjorth_mobility,1,1,10,0.75774643724078372,False
E4_without_hjorth_mobility,1,1,100,0.80059713783158026,False
E4_without_hjorth_mobility,1,2,0.01,0.63207131518027038,False
E4_without_hjorth_mobility,1,2,0.10000000000000001,0.59691766640306287,True
E4_without_hjorth_mobility,1,2,1,0.6906090998357397,False
E4_without_hjorth_mobility,1,2,10,0.81378822880593249,False
E4_without_hjorth_mobility,1,2,100,0.84667128834903749,False
E4_without_hjorth_mobility,1,3,0.01,0.63489657164989488,False
E4_without_hjorth_mobility,1,3,0.10000000000000001,0.61493216275483886,True
E4_without_hjorth_mobility,1,3,1,0.68494443709189523,False
E4_without_hjorth_mobility,1,3,10,0.76408016134067591,False
E4_without_hjorth_mobility,1,3,100,0.78732251332467007,False
E4_without_hjorth_mobility,1,4,0.01,0.63321103026389358,False
E4_without_hjorth_mobility,1,4,0.10000000000000001,0.58875124195636885,True
E4_without_hjorth_mobility,1,4,1,0.66805422077835974,False
E4_without_hjorth_mobility,1,4,10,0.81531845837222261,False
E4_without_hjorth_mobility,1,4,100,0.87036260333717019,False
E4_without_hjorth_mobility,2,0,0.01,0.63236343743280776,False
E4_without_hjorth_mobility,2,0,0.10000000000000001,0.59308072036228532,True
E4_without_hjorth_mobility,2,0,1,0.61630845820374391,False
E4_without_hjorth_mobility,2,0,10,0.68421453632831031,False
E4_without_hjorth_mobility,2,0,100,0.71889167619739747,False
E4_without_hjorth_mobility,2,1,0.01,0.64158256558801097,False
E4_without_hjorth_mobility,2,1,0.10000000000000001,0.61566260359008085,True
E4_without_hjorth_mobility,2,1,1,0.72079134143992385,False
E4_without_hjorth_mobility,2,1,10,0.92571852513240138,False
E4_without_hjorth_mobility,2,1,100,1.0584994901458613,False
E4_without_hjorth_mobility,2,2,0.01,0.64339204931692306,False
E4_without_hjorth_mobility,2,2,0.10000000000000001,0.59841900675846804,True
E4_without_hjorth_mobility,2,2,1,0.64188964389238024,False
E4_without_hjorth_mobility,2,2,10,0.73259973605504181,False
E4_without_hjorth_mobility,2,2,100,0.76224799801380017,False
E4_without_hjorth_mobility,2,3,0.01,0.64733527436323124,False
E4_without_hjorth_mobility,2,3,0.10000000000000001,0.63424846763061671,True
E4_without_hjorth_mobility,2,3,1,0.70735222888145222,False
E4_without_hjorth_mobility,2,3,10,0.83354879091124545,False
E4_without_hjorth_mobility,2,3,100,0.89074139529011309,False
E4_without_hjorth_mobility,2,4,0.01,0.62903589951263039,False
E4_without_hjorth_mobility,2,4,0.10000000000000001,0.59903448528575154,True
E4_without_hjorth_mobility,2,4,1,0.65898864838323845,False
E4_without_hjorth_mobility,2,4,10,0.73576131053401683,False
E4_without_hjorth_mobility,2,4,100,0.76296578823217287,False
E4_without_hjorth_mobility,3,0,0.01,0.63947411001536236,False
E4_without_hjorth_mobility,3,0,0.10000000000000001,0.60890020417207957,True
E4_without_hjorth_mobility,3,0,1,0.68470139412678477,False
E4_without_hjorth_mobility,3,0,10,0.83521186968858085,False
E4_without_hjorth_mobility,3,0,100,0.89522355352678562,False
E4_without_hjorth_mobility,3,1,0.01,0.64474343268111911,False
E4_without_hjorth_mobility,3,1,0.10000000000000001,0.62471860714280625,True
E4_without_hjorth_mobility,3,1,1,0.73897694764545208,False
E4_without_hjorth_mobility,3,1,10,0.84272617877134148,False
E4_without_hjorth_mobility,3,1,100,0.86743597106244885,False
E4_without_hjorth_mobility,3,2,0.01,0.63111573392275233,False
E4_without_hjorth_mobility,3,2,0.10000000000000001,0.57207485725076235,True
E4_without_hjorth_mobility,3,2,1,0.60686980456827355,False
E4_without_hjorth_mobility,3,2,10,0.71470167724443001,False
E4_without_hjorth_mobility,3,2,100,0.75478823290129138,False
E4_without_hjorth_mobility,3,3,0.01,0.63411433789076244,False
E4_without_hjorth_mobility,3,3,0.10000000000000001,0.61069660667896519,True
E4_without_hjorth_mobility,3,3,1,0.68359228191411814,False
E4_without_hjorth_mobility,3,3,10,0.78573725441705611,False
E4_without_hjorth_mobility,3,3,100,0.82383050128607049,False
E4_without_hjorth_mobility,3,4,0.01,0.61556332986974382,False
E4_without_hjorth_mobility,3,4,0.10000000000000001,0.55750604178572616,True
E4_without_hjorth_mobility,3,4,1,0.5591392376525921,False
E4_without_hjorth_mobility,3,4,10,0.60248944919588299,False
E4_without_hjorth_mobility,3,4,100,0.61908900137854639,False
E4_without_hjorth_mobility,4,0,0.01,0.63197374141887708,False
E4_without_hjorth_mobility,4,0,0.10000000000000001,0.60533197769708891,True
E4_without_hjorth_mobility,4,0,1,0.72921776509336278,False
E4_without_hjorth_mobility,4,0,10,0.96411002736575435,False
E4_without_hjorth_mobility,4,0,100,1.0835864776838124,False
E4_without_hjorth_mobility,4,1,0.01,0.63816592848794962,False
E4_without_hjorth_mobility,4,1,0.10000000000000001,0.5989502567548145,True
E4_without_hjorth_mobility,4,1,1,0.66721776576185288,False
E4_without_hjorth_mobility,4,1,10,0.82995893107845253,False
E4_without_hjorth_mobility,4,1,100,0.91670523477494625,False
E4_without_hjorth_mobility,4,2,0.01,0.6372217272307904,False
E4_without_hjorth_mobility,4,2,0.10000000000000001,0.63652619366499563,True
E4_without_hjorth_mobility,4,2,1,0.8005982296657117,False
E4_without_hjorth_mobility,4,2,10,1.0137709609738994,False
E4_without_hjorth_mobility,4,2,100,1.0818964399268118,False
E4_without_hjorth_mobility,4,3,0.01,0.6346448610606169,False
E4_without_hjorth_mobility,4,3,0.10000000000000001,0.58393915780108197,True
E4_without_hjorth_mobility,4,3,1,0.62656529018450913,False
E4_without_hjorth_mobility,4,3,10,0.73543654228570787,False
E4_without_hjorth_mobility,4,3,100,0.79367307683569144,False
E4_without_hjorth_mobility,4,4,0.01,0.63364593897486254,False
E4_without_hjorth_mobility,4,4,0.10000000000000001,0.58595395224092339,True
E4_without_hjorth_mobility,4,4,1,0.62742303229791407,False
E4_without_hjorth_mobility,4,4,10,0.69501329194173989,False
E4_without_hjorth_mobility,4,4,100,0.71441548910523711,False
E4_without_hjorth_mobility,5,0,0.01,0.63338625099360146,False
E4_without_hjorth_mobility,5,0,0.10000000000000001,0.60583434849754436,True
E4_without_hjorth_mobility,5,0,1,0.6271577912189259,False
E4_without_hjorth_mobility,5,0,10,0.67294947831241336,False
E4_without_hjorth_mobility,5,0,100,0.68912921970282992,False
E4_without_hjorth_mobility,5,1,0.01,0.61892784372632192,False
E4_without_hjorth_mobility,5,1,0.10000000000000001,0.54109716154595533,True
E4_without_hjorth_mobility,5,1,1,0.56665512984360578,False
E4_without_hjorth_mobility,5,1,10,0.6937248092785061,False
E4_without_hjorth_mobility,5,1,100,0.75986342726834399,False
E4_without_hjorth_mobility,5,2,0.01,0.63745270849665359,False
E4_without_hjorth_mobility,5,2,0.10000000000000001,0.60455631421765343,True
E4_without_hjorth_mobility,5,2,1,0.66801449042551309,False
E4_without_hjorth_mobility,5,2,10,0.79027739691223431,False
E4_without_hjorth_mobility,5,2,100,0.85971578656053749,False
E4_without_hjorth_mobility,5,3,0.01,0.65281105623578795,False
E4_without_hjorth_mobility,5,3,0.10000000000000001,0.62990290992328779,True
E4_without_hjorth_mobility,5,3,1,0.69819394806779156,False
E4_without_hjorth_mobility,5,3,10,0.78762184229589216,False
E4_without_hjorth_mobility,5,3,100,0.81202869091987606,False
E4_without_hjorth_mobility,5,4,0.01,0.62682596246823152,False
E4_without_hjorth_mobility,5,4,0.10000000000000001,0.59496856241124596,True
E4_without_hjorth_mobility,5,4,1,0.65082388132508784,False
E4_without_hjorth_mobility,5,4,10,0.72477875980961493,False
E4_without_hjorth_mobility,5,4,100,0.75156501423464583,False
E4_without_hjorth_mobility,6,0,0.01,0.62935615244661458,False
E4_without_hjorth_mobility,6,0,0.10000000000000001,0.62193124404642486,True
E4_without_hjorth_mobility,6,0,1,0.73357546914091676,False
E4_without_hjorth_mobility,6,0,10,0.88777778685960929,False
E4_without_hjorth_mobility,6,0,100,0.95872148844448268,False
E4_without_hjorth_mobility,6,1,0.01,0.63721641275556329,False
E4_without_hjorth_mobility,6,1,0.10000000000000001,0.59805318994768497,True
E4_without_hjorth_mobility,6,1,1,0.65202533802612495,False
E4_without_hjorth_mobility,6,1,10,0.73200165309022736,False
E4_without_hjorth_mobility,6,1,100,0.75243215027634269,False
E4_without_hjorth_mobility,6,2,0.01,0.64331772885234806,False
E4_without_hjorth_mobility,6,2,0.10000000000000001,0.63208052751740584,True
E4_without_hjorth_mobility,6,2,1,0.7105683316192235,False
E4_without_hjorth_mobility,6,2,10,0.79253828768816892,False
E4_without_hjorth_mobility,6,2,100,0.8130356285153828,False
E4_without_hjorth_mobility,6,3,0.01,0.61321073174046192,False
E4_without_hjorth_mobility,6,3,0.10000000000000001,0.52830992696477341,True
E4_without_hjorth_mobility,6,3,1,0.54315928838046412,False
E4_without_hjorth_mobility,6,3,10,0.64904567308997863,False
E4_without_hjorth_mobility,6,3,100,0.70414222311138241,False
E4_without_hjorth_mobility,6,4,0.01,0.64605891147861338,False
E4_without_hjorth_mobility,6,4,0.10000000000000001,0.62682878169866241,True
E4_without_hjorth_mobility,6,4,1,0.67904549107792889,False
E4_without_hjorth_mobility,6,4,10,0.78298751270472078,False
E4_without_hjorth_mobility,6,4,100,0.82558235265634317,False
E4_without_hjorth_mobility,7,0,0.01,0.64257546326640014,False
E4_without_hjorth_mobility,7,0,0.10000000000000001,0.60736139375899867,True
E4_without_hjorth_mobility,7,0,1,0.71554143267815007,False
E4_without_hjorth_mobility,7,0,10,0.95685588114716136,False
E4_without_hjorth_mobility,7,0,100,1.082115764291931,False
E4_without_hjorth_mobility,7,1,0.01,0.62180487888945868,False
E4_without_hjorth_mobility,7,1,0.10000000000000001,0.58669715377628318,True
E4_without_hjorth_mobility,7,1,1,0.65482637464200644,False
E4_without_hjorth_mobility,7,1,10,0.77365894235408939,False
E4_without_hjorth_mobility,7,1,100,0.82139610275807773,False
E4_without_hjorth_mobility,7,2,0.01,0.65189883246975089,False
E4_without_hjorth_mobility,7,2,0.10000000000000001,0.64148996173699224,True
E4_without_hjorth_mobility,7,2,1,0.69880879059956569,False
E4_without_hjorth_mobility,7,2,10,0.81388981493409795,False
E4_without_hjorth_mobility,7,2,100,0.86555357403637245,False
E4_without_hjorth_mobility,7,3,0.01,0.62875989957362566,False
E4_without_hjorth_mobility,7,3,0.10000000000000001,0.56501057120703091,True
E4_without_hjorth_mobility,7,3,1,0.57256502305290091,False
E4_without_hjorth_mobility,7,3,10,0.62749406276364517,False
E4_without_hjorth_mobility,7,3,100,0.64935646073577802,False
E4_without_hjorth_mobility,7,4,0.01,0.63579763305817172,False
E4_without_hjorth_mobility,7,4,0.10000000000000001,0.61794738090956669,True
E4_without_hjorth_mobility,7,4,1,0.71870072680891961,False
E4_without_hjorth_mobility,7,4,10,0.84989812779189822,False
E4_without_hjorth_mobility,7,4,100,0.89986829918176692,False
E4_without_hjorth_mobility,8,0,0.01,0.63140092746348919,False
E4_without_hjorth_mobility,8,0,0.10000000000000001,0.59442099672457149,True
E4_without_hjorth_mobility,8,0,1,0.65404693911809475,False
E4_without_hjorth_mobility,8,0,10,0.74462938504343745,False
E4_without_hjorth_mobility,8,0,100,0.76940008628936596,False
E4_without_hjorth_mobility,8,1,0.01,0.64805811833959415,False
E4_without_hjorth_mobility,8,1,0.10000000000000001,0.63852482510573083,True
E4_without_hjorth_mobility,8,1,1,0.7295479858609466,False
E4_without_hjorth_mobility,8,1,10,0.8618138366618936,False
E4_without_hjorth_mobility,8,1,100,0.90483984035404486,False
E4_without_hjorth_mobility,8,2,0.01,0.61496897916252691,False
E4_without_hjorth_mobility,8,2,0.10000000000000001,0.5574653353248078,True
E4_without_hjorth_mobility,8,2,1,0.62754708848625018,False
E4_without_hjorth_mobility,8,2,10,0.78606871548982948,False
E4_without_hjorth_mobility,8,2,100,0.87332432211906386,False
E4_without_hjorth_mobility,8,3,0.01,0.63978019377245021,False
E4_without_hjorth_mobility,8,3,0.10000000000000001,0.6233215367286522,True
E4_without_hjorth_mobility,8,3,1,0.68676962360665761,False
E4_without_hjorth_mobility,8,3,10,0.8028959501605637,False
E4_without_hjorth_mobility,8,3,100,0.8561811866085911,False
E4_without_hjorth_mobility,8,4,0.01,0.63971299741845788,False
E4_without_hjorth_mobility,8,4,0.10000000000000001,0.59815834051369787,True
E4_without_hjorth_mobility,8,4,1,0.66305119219774511,False
E4_without_hjorth_mobility,8,4,10,0.78994968550259848,False
E4_without_hjorth_mobility,8,4,100,0.83666935128442399,False
E4_without_hjorth_mobility,9,0,0.01,0.64251169440155453,False
E4_without_hjorth_mobility,9,0,0.10000000000000001,0.61628396176715017,True
E4_without_hjorth_mobility,9,0,1,0.68252433583386307,False
E4_without_hjorth_mobility,9,0,10,0.82488500980564328,False
E4_without_hjorth_mobility,9,0,100,0.89163803756946769,False
E4_without_hjorth_mobility,9,1,0.01,0.61144301151707836,False
E4_without_hjorth_mobility,9,1,0.10000000000000001,0.54400055960768889,True
E4_without_hjorth_mobility,9,1,1,0.61246845218202639,False
E4_without_hjorth_mobility,9,1,10,0.82147370951558385,False
E4_without_hjorth_mobility,9,1,100,0.92222979434226837,False
E4_without_hjorth_mobility,9,2,0.01,0.64449973224250179,False
E4_without_hjorth_mobility,9,2,0.10000000000000001,0.62564098557123249,True
E4_without_hjorth_mobility,9,2,1,0.70960367388205858,False
E4_without_hjorth_mobility,9,2,10,0.85356505300310492,False
E4_without_hjorth_mobility,9,2,100,0.904911619820151,False
E4_without_hjorth_mobility,9,3,0.01,0.63163418223517365,False
E4_without_hjorth_mobility,9,3,0.10000000000000001,0.57611631823700393,True
E4_without_hjorth_mobility,9,3,1,0.61860406738226537,False
E4_without_hjorth_mobility,9,3,10,0.77399614315017651,False
E4_without_hjorth_mobility,9,3,100,0.86234196203723923,False
E4_without_hjorth_mobility,9,4,0.01,0.63952419079776301,False
E4_without_hjorth_mobility,9,4,0.10000000000000001,0.63752706189989183,True
E4_without_hjorth_mobility,9,4,1,0.7444641252765023,False
E4_without_hjorth_mobility,9,4,10,0.84137912557407168,False
E4_without_hjorth_mobility,9,4,100,0.86504771097711464,False
E4_without_perm_entropy,0,0,0.01,0.63147074620242294,False
E4_without_perm_entropy,0,0,0.10000000000000001,0.57124675130519409,True
E4_without_perm_entropy,0,0,1,0.59395651337174948,False
E4_without_perm_entropy,0,0,10,0.67553620801836156,False
E4_without_perm_entropy,0,0,100,0.72909266141833329,False
E4_without_perm_entropy,0,1,0.01,0.65299888961506192,False
E4_without_perm_entropy,0,1,0.10000000000000001,0.61986159456365353,True
E4_without_perm_entropy,0,1,1,0.64168849862663224,False
E4_without_perm_entropy,0,1,10,0.74778451062687856,False
E4_without_perm_entropy,0,1,100,0.83589960590589363,False
E4_without_perm_entropy,0,2,0.01,0.66087343903757323,False
E4_without_perm_entropy,0,2,0.10000000000000001,0.62400040554311675,True
E4_without_perm_entropy,0,2,1,0.65116573262398658,False
E4_without_perm_entropy,0,2,10,0.76240689131166628,False
E4_without_perm_entropy,0,2,100,0.8557605877888792,False
E4_without_perm_entropy,0,3,0.01,0.64346905821097178,False
E4_without_perm_entropy,0,3,0.10000000000000001,0.6100570437650743,True
E4_without_perm_entropy,0,3,1,0.66523269373641303,False
E4_without_perm_entropy,0,3,10,0.7693553527936976,False
E4_without_perm_entropy,0,3,100,0.83244188913825734,False
E4_without_perm_entropy,0,4,0.01,0.63603880134462998,False
E4_without_perm_entropy,0,4,0.10000000000000001,0.56592662913730185,False
E4_without_perm_entropy,0,4,1,0.54701080368483646,True
E4_without_perm_entropy,0,4,10,0.620742264050403,False
E4_without_perm_entropy,0,4,100,0.70057511028355135,False
E4_without_perm_entropy,1,0,0.01,0.64471501738700321,False
E4_without_perm_entropy,1,0,0.10000000000000001,0.61706211985264026,True
E4_without_perm_entropy,1,0,1,0.70366264647171017,False
E4_without_perm_entropy,1,0,10,0.88957759416547744,False
E4_without_perm_entropy,1,0,100,1.0034351796818153,False
E4_without_perm_entropy,1,1,0.01,0.64122359283540542,False
E4_without_perm_entropy,1,1,0.10000000000000001,0.60007507217634271,True
E4_without_perm_entropy,1,1,1,0.62017400006992318,False
E4_without_perm_entropy,1,1,10,0.70737653249974597,False
E4_without_perm_entropy,1,1,100,0.78602276065268906,False
E4_without_perm_entropy,1,2,0.01,0.64758014192946411,False
E4_without_perm_entropy,1,2,0.10000000000000001,0.61432840269732114,True
E4_without_perm_entropy,1,2,1,0.68958336267147202,False
E4_without_perm_entropy,1,2,10,0.82995458659278398,False
E4_without_perm_entropy,1,2,100,0.89044074763113501,False
E4_without_perm_entropy,1,3,0.01,0.64612818989212351,False
E4_without_perm_entropy,1,3,0.10000000000000001,0.61784015444553808,True
E4_without_perm_entropy,1,3,1,0.66356723808564144,False
E4_without_perm_entropy,1,3,10,0.74402861036598811,False
E4_without_perm_entropy,1,3,100,0.77976659463153986,False
E4_without_perm_entropy,1,4,0.01,0.64007131903865677,False
E4_without_perm_entropy,1,4,0.10000000000000001,0.59111162729856581,True
E4_without_perm_entropy,1,4,1,0.65033041397080882,False
E4_without_perm_entropy,1,4,10,0.79991307408974532,False
E4_without_perm_entropy,1,4,100,0.87894497555951889,False
E4_without_perm_entropy,2,0,0.01,0.64056134786963004,False
E4_without_perm_entropy,2,0,0.10000000000000001,0.58337212107386127,False
E4_without_perm_entropy,2,0,1,0.57746003608699237,True
E4_without_perm_entropy,2,0,10,0.65269751265186005,False
E4_without_perm_entropy,2,0,100,0.74347236974103026,False
E4_without_perm_entropy,2,1,0.01,0.64638634820362872,False
E4_without_perm_entropy,2,1,0.10000000000000001,0.61043023987732703,True
E4_without_perm_entropy,2,1,1,0.70396143562896574,False
E4_without_perm_entropy,2,1,10,0.97197577019222825,False
E4_without_perm_entropy,2,1,100,1.2029816400409754,False
E4_without_perm_entropy,2,2,0.01,0.65077902756358041,False
E4_without_perm_entropy,2,2,0.10000000000000001,0.59344377802527182,True
E4_without_perm_entropy,2,2,1,0.60784680853364359,False
E4_without_perm_entropy,2,2,10,0.69114235013283942,False
E4_without_perm_entropy,2,2,100,0.7327788428107781,False
E4_without_perm_entropy,2,3,0.01,0.65716720095044778,False
E4_without_perm_entropy,2,3,0.10000000000000001,0.6435698535764357,True
E4_without_perm_entropy,2,3,1,0.69720571179384749,False
E4_without_perm_entropy,2,3,10,0.78468768454966487,False
E4_without_perm_entropy,2,3,100,0.83763769387447928,False
E4_without_perm_entropy,2,4,0.01,0.64069652304163527,False
E4_without_perm_entropy,2,4,0.10000000000000001,0.60968331994406821,True
E4_without_perm_entropy,2,4,1,0.67004218753383749,False
E4_without_perm_entropy,2,4,10,0.81242555772278213,False
E4_without_perm_entropy,2,4,100,0.89639480941857197,False
E4_without_perm_entropy,3,0,0.01,0.65139211908495753,False
E4_without_perm_entropy,3,0,0.10000000000000001,0.61685199433378024,True
E4_without_perm_entropy,3,0,1,0.66870780266200325,False
E4_without_perm_entropy,3,0,10,0.8039408001632421,False
E4_without_perm_entropy,3,0,100,0.90175407711252964,False
E4_without_perm_entropy,3,1,0.01,0.65632835356829267,False
E4_without_perm_entropy,3,1,0.10000000000000001,0.63887270424370901,True
E4_without_perm_entropy,3,1,1,0.7538377505370103,False
E4_without_perm_entropy,3,1,10,0.89621756560198962,False
E4_without_perm_entropy,3,1,100,0.96096997094493042,False
E4_without_perm_entropy,3,2,0.01,0.63874254460263169,False
E4_without_perm_entropy,3,2,0.10000000000000001,0.57496468837688575,True
E4_without_perm_entropy,3,2,1,0.59470055585468451,False
E4_without_perm_entropy,3,2,10,0.74597236790845611,False
E4_without_perm_entropy,3,2,100,0.86427076855123242,False
E4_without_perm_entropy,3,3,0.01,0.64921834131463563,False
E4_without_perm_entropy,3,3,0.10000000000000001,0.63164362679628505,True
E4_without_perm_entropy,3,3,1,0.68349512352222463,False
E4_without_perm_entropy,3,3,10,0.77676845370339942,False
E4_without_perm_entropy,3,3,100,0.83942166014277098,False
E4_without_perm_entropy,3,4,0.01,0.62144503720814404,False
E4_without_perm_entropy,3,4,0.10000000000000001,0.55721230875478711,False
E4_without_perm_entropy,3,4,1,0.53666814969895016,True
E4_without_perm_entropy,3,4,10,0.58086418811001872,False
E4_without_perm_entropy,3,4,100,0.61501931038160329,False
E4_without_perm_entropy,4,0,0.01,0.63727457602523696,False
E4_without_perm_entropy,4,0,0.10000000000000001,0.60014036734791032,True
E4_without_perm_entropy,4,0,1,0.68347972232066356,False
E4_without_perm_entropy,4,0,10,0.87561006559263665,False
E4_without_perm_entropy,4,0,100,0.99051456957593831,False
E4_without_perm_entropy,4,1,0.01,0.65052965037421784,False
E4_without_perm_entropy,4,1,0.10000000000000001,0.60819392402649897,True
E4_without_perm_entropy,4,1,1,0.65452052660509685,False
E4_without_perm_entropy,4,1,10,0.83235831762428714,False
E4_without_perm_entropy,4,1,100,0.95916653653508233,False
E4_without_perm_entropy,4,2,0.01,0.65000175562211238,True
E4_without_perm_entropy,4,2,0.10000000000000001,0.66095732278051966,False
E4_without_perm_entropy,4,2,1,0.8251335814673858,False
E4_without_perm_entropy,4,2,10,1.0553142630043182,False
E4_without_perm_entropy,4,2,100,1.1418097906505589,False
E4_without_perm_entropy,4,3,0.01,0.63967787544102728,False
E4_without_perm_entropy,4,3,0.10000000000000001,0.57681693622191288,True
E4_without_perm_entropy,4,3,1,0.59252388443145776,False
E4_without_perm_entropy,4,3,10,0.70696483923370423,False
E4_without_perm_entropy,4,3,100,0.7886294265046061,False
E4_without_perm_entropy,4,4,0.01,0.64772724998281606,False
E4_without_perm_entropy,4,4,0.10000000000000001,0.59747375283204884,True
E4_without_perm_entropy,4,4,1,0.62777334073997271,False
E4_without_perm_entropy,4,4,10,0.7251263943415025,False
E4_without_perm_entropy,4,4,100,0.77847689728696001,False
E4_without_perm_entropy,5,0,0.01,0.64663008203907391,False
E4_without_perm_entropy,5,0,0.10000000000000001,0.61582795999675322,True
E4_without_perm_entropy,5,0,1,0.63777070291879479,False
E4_without_perm_entropy,5,0,10,0.76741225257583046,False
E4_without_perm_entropy,5,0,100,0.88112891660813042,False
E4_without_perm_entropy,5,1,0.01,0.62539223285866408,False
E4_without_perm_entropy,5,1,0.10000000000000001,0.54841072444052907,True
E4_without_perm_entropy,5,1,1,0.5675192309521585,False
E4_without_perm_entropy,5,1,10,0.68991169804963026,False
E4_without_perm_entropy,5,1,100,0.80203360255032585,False
E4_without_perm_entropy,5,2,0.01,0.64974757234328173,False
E4_without_perm_entropy,5,2,0.10000000000000001,0.61829259640323309,True
E4_without_perm_entropy,5,2,1,0.65046603658003999,False
E4_without_perm_entropy,5,2,10,0.75035233290316949,False
E4_without_perm_entropy,5,2,100,0.85678740376681528,False
E4_without_perm_entropy,5,3,0.01,0.66025344134549491,False
E4_without_perm_entropy,5,3,0.10000000000000001,0.63538156177713834,True
E4_without_perm_entropy,5,3,1,0.68987571884644883,False
E4_without_perm_entropy,5,3,10,0.78427525732737247,False
E4_without_perm_entropy,5,3,100,0.83162906943749482,False
E4_without_perm_entropy,5,4,0.01,0.6380292946948839,False
E4_without_perm_entropy,5,4,0.10000000000000001,0.6001354137060223,True
E4_without_perm_entropy,5,4,1,0.65528399001830662,False
E4_without_perm_entropy,5,4,10,0.78905503560771773,False
E4_without_perm_entropy,5,4,100,0.87058419838905898,False
E4_without_perm_entropy,6,0,0.01,0.64506493330034986,False
E4_without_perm_entropy,6,0,0.10000000000000001,0.63668971793033624,True
E4_without_perm_entropy,6,0,1,0.72145274973040341,False
E4_without_perm_entropy,6,0,10,0.84822913526191135,False
E4_without_perm_entropy,6,0,100,0.91048796087371497,False
E4_without_perm_entropy,6,1,0.01,0.64675398417476104,False
E4_without_perm_entropy,6,1,0.10000000000000001,0.59940203759754596,True
E4_without_perm_entropy,6,1,1,0.62878373698997325,False
E4_without_perm_entropy,6,1,10,0.70983921921735527,False
E4_without_perm_entropy,6,1,100,0.74787693512064857,False
E4_without_perm_entropy,6,2,0.01,0.6549407810238761,False
E4_without_perm_entropy,6,2,0.10000000000000001,0.63166271579355038,True
E4_without_perm_entropy,6,2,1,0.71124948088840489,False
E4_without_perm_entropy,6,2,10,0.89168810475885252,False
E4_without_perm_entropy,6,2,100,0.9962595260655801,False
E4_without_perm_entropy,6,3,0.01,0.61900129187592701,False
E4_without_perm_entropy,6,3,0.10000000000000001,0.53431732769425377,True
E4_without_perm_entropy,6,3,1,0.5442385434082363,False
E4_without_perm_entropy,6,3,10,0.65078997193582255,False
E4_without_perm_entropy,6,3,100,0.73378957222081698,False
E4_without_perm_entropy,6,4,0.01,0.65185213715142398,False
E4_without_perm_entropy,6,4,0.10000000000000001,0.62082843580309865,True
E4_without_perm_entropy,6,4,1,0.64612328887487103,False
E4_without_perm_entropy,6,4,10,0.76314498790403384,False
E4_without_perm_entropy,6,4,100,0.83284758810403381,False
E4_without_perm_entropy,7,0,0.01,0.65716647819019836,False
E4_without_perm_entropy,7,0,0.10000000000000001,0.6122342959131899,True
E4_without_perm_entropy,7,0,1,0.6373584431351208,False
E4_without_perm_entropy,7,0,10,0.76087408492488506,False
E4_without_perm_entropy,7,0,100,0.8381929511746623,False
E4_without_perm_entropy,7,1,0.01,0.63526655171852164,False
E4_without_perm_entropy,7,1,0.10000000000000001,0.60631288564461849,True
E4_without_perm_entropy,7,1,1,0.68396222599805434,False
E4_without_perm_entropy,7,1,10,0.81623018657945645,False
E4_without_perm_entropy,7,1,100,0.90532625564465075,False
E4_without_perm_entropy,7,2,0.01,0.65254485787013616,False
E4_without_perm_entropy,7,2,0.10000000000000001,0.63806350794792155,True
E4_without_perm_entropy,7,2,1,0.67393355360285889,False
E4_without_perm_entropy,7,2,10,0.7753597746323958,False
E4_without_perm_entropy,7,2,100,0.87924832860173685,False
E4_without_perm_entropy,7,3,0.01,0.64123805237934117,False
E4_without_perm_entropy,7,3,0.10000000000000001,0.57940443674802744,False
E4_without_perm_entropy,7,3,1,0.57161091591020585,True
E4_without_perm_entropy,7,3,10,0.61721443723454106,False
E4_without_perm_entropy,7,3,100,0.66203577595272178,False
E4_without_perm_entropy,7,4,0.01,0.64936406433280802,False
E4_without_perm_entropy,7,4,0.10000000000000001,0.62226314587931919,True
E4_without_perm_entropy,7,4,1,0.69423467764931057,False
E4_without_perm_entropy,7,4,10,0.86372228681243901,False
E4_without_perm_entropy,7,4,100,0.97139358438372247,False
E4_without_perm_entropy,8,0,0.01,0.63516373527021996,False
E4_without_perm_entropy,8,0,0.10000000000000001,0.57500398291982935,True
E4_without_perm_entropy,8,0,1,0.59417894251286196,False
E4_without_perm_entropy,8,0,10,0.68526353491393033,False
E4_without_perm_entropy,8,0,100,0.73259888237936766,False
E4_without_perm_entropy,8,1,0.01,0.65812905593812809,False
E4_without_perm_entropy,8,1,0.10000000000000001,0.64326181348051459,True
E4_without_perm_entropy,8,1,1,0.70361298880494183,False
E4_without_perm_entropy,8,1,10,0.83706569538818909,False
E4_without_perm_entropy,8,1,100,0.91782086248727945,False
E4_without_perm_entropy,8,2,0.01,0.62888306714219666,False
E4_without_perm_entropy,8,2,0.10000000000000001,0.57647594102588728,True
E4_without_perm_entropy,8,2,1,0.62771586262544699,False
E4_without_perm_entropy,8,2,10,0.765633959465575,False
E4_without_perm_entropy,8,2,100,0.85701042675187677,False
E4_without_perm_entropy,8,3,0.01,0.65241051004581929,False
E4_without_perm_entropy,8,3,0.10000000000000001,0.6385723693235108,True
E4_without_perm_entropy,8,3,1,0.70429653950134719,False
E4_without_perm_entropy,8,3,10,0.85980477103019726,False
E4_without_perm_entropy,8,3,100,0.95317754397640819,False
E4_without_perm_entropy,8,4,0.01,0.64715307200749506,False
E4_without_perm_entropy,8,4,0.10000000000000001,0.59585028670773788,True
E4_without_perm_entropy,8,4,1,0.61554981513559481,False
E4_without_perm_entropy,8,4,10,0.70992226064303943,False
E4_without_perm_entropy,8,4,100,0.76468077569947768,False
E4_without_perm_entropy,9,0,0.01,0.6484156676206464,False
E4_without_perm_entropy,9,0,0.10000000000000001,0.61782696378319446,True
E4_without_perm_entropy,9,0,1,0.67339896584001435,False
E4_without_perm_entropy,9,0,10,0.81320338081938237,False
E4_without_perm_entropy,9,0,100,0.88746242449168566,False
E4_without_perm_entropy,9,1,0.01,0.62861919066866778,False
E4_without_perm_entropy,9,1,0.10000000000000001,0.56078984610611704,True
E4_without_perm_entropy,9,1,1,0.59741503087744641,False
E4_without_perm_entropy,9,1,10,0.75943214102586565,False
E4_without_perm_entropy,9,1,100,0.89572755519833291,False
E4_without_perm_entropy,9,2,0.01,0.65226791563624387,False
E4_without_perm_entropy,9,2,0.10000000000000001,0.61938730120807706,True
E4_without_perm_entropy,9,2,1,0.67462551442426233,False
E4_without_perm_entropy,9,2,10,0.82505059192639441,False
E4_without_perm_entropy,9,2,100,0.89958765759659276,False
E4_without_perm_entropy,9,3,0.01,0.63538427678761533,False
E4_without_perm_entropy,9,3,0.10000000000000001,0.57281034870482606,True
E4_without_perm_entropy,9,3,1,0.59411800692833083,False
E4_without_perm_entropy,9,3,10,0.75483476341786548,False
E4_without_perm_entropy,9,3,100,0.92379363611444054,False
E4_without_perm_entropy,9,4,0.01,0.64778983764079379,False
E4_without_perm_entropy,9,4,0.10000000000000001,0.63090332248792891,True
E4_without_perm_entropy,9,4,1,0.7229021352808962,False
E4_without_perm_entropy,9,4,10,0.85879056676125265,False
E4_without_perm_entropy,9,4,100,0.91256499253490619,False
M2,0,0,0.01,0.63876906179618564,False
M2,0,0,0.10000000000000001,0.55953100448452664,False
M2,0,0,1,0.5398821922877689,True
M2,0,0,10,0.59012451832178325,False
M2,0,0,100,0.6146098207019659,False
M2,0,1,0.01,0.6692234871594438,False
M2,0,1,0.10000000000000001,0.64980052152994705,False
M2,0,1,1,0.64917879475511464,True
M2,0,1,10,0.6749899977499153,False
M2,0,1,100,0.68423426185437242,False
M2,0,2,0.01,0.67702898340917339,False
M2,0,2,0.10000000000000001,0.66676644809480434,True
M2,0,2,1,0.70803152990504992,False
M2,0,2,10,0.75714848876592966,False
M2,0,2,100,0.76731337255149745,False
M2,0,3,0.01,0.66686322262555953,False
M2,0,3,0.10000000000000001,0.63276498682375104,True
M2,0,3,1,0.63352157513759555,False
M2,0,3,10,0.65279004063705193,False
M2,0,3,100,0.657625635890279,False
M2,0,4,0.01,0.65922514198149973,False
M2,0,4,0.10000000000000001,0.61325615040090509,False
M2,0,4,1,0.61002165004576769,True
M2,0,4,10,0.62753152196046713,False
M2,0,4,100,0.63235260378061064,False
M2,1,0,0.01,0.65733394870090311,False
M2,1,0,0.10000000000000001,0.60871049338524019,True
M2,1,0,1,0.61059025880710482,False
M2,1,0,10,0.64388196143127541,False
M2,1,0,100,0.65335707290665912,False
M2,1,1,0.01,0.66202807002088959,False
M2,1,1,0.10000000000000001,0.62475126849736673,True
M2,1,1,1,0.63694981486770008,False
M2,1,1,10,0.67161773272229786,False
M2,1,1,100,0.68094460266347923,False
M2,1,2,0.01,0.65474094418069728,False
M2,1,2,0.10000000000000001,0.60645064086595402,True
M2,1,2,1,0.62596099195397226,False
M2,1,2,10,0.67575386910252366,False
M2,1,2,100,0.68772570798635835,False
M2,1,3,0.01,0.66183843283251642,False
M2,1,3,0.10000000000000001,0.62897614914445277,True
M2,1,3,1,0.64797499169280104,False
M2,1,3,10,0.68762774466746335,False
M2,1,3,100,0.69791220482666882,False
M2,1,4,0.01,0.65642982843289321,False
M2,1,4,0.10000000000000001,0.60864174364903101,True
M2,1,4,1,0.62931814960798671,False
M2,1,4,10,0.69350750447542553,False
M2,1,4,100,0.71285907186921194,False
M2,2,0,0.01,0.65325943040803713,False
M2,2,0,0.10000000000000001,0.59608321009025689,False
M2,2,0,1,0.56151965966431561,True
M2,2,0,10,0.57117121505310153,False
M2,2,0,100,0.57897337801434556,False
M2,2,1,0.01,0.65784642267200832,False
M2,2,1,0.10000000000000001,0.60651736688467994,True
M2,2,1,1,0.6229635493200012,False
M2,2,1,10,0.70596063319767366,False
M2,2,1,100,0.73802390693933562,False
M2,2,2,0.01,0.66379937732657868,False
M2,2,2,0.10000000000000001,0.61965190233996414,True
M2,2,2,1,0.62763956272654053,False
M2,2,2,10,0.66028511237008991,False
M2,2,2,100,0.66835597561626714,False
M2,2,3,0.01,0.66803444402587597,False
M2,2,3,0.10000000000000001,0.65595705242243652,True
M2,2,3,1,0.69967002787348032,False
M2,2,3,10,0.74575075060698215,False
M2,2,3,100,0.75910039096308013,False
M2,2,4,0.01,0.66950734147724322,False
M2,2,4,0.10000000000000001,0.63710881052568258,True
M2,2,4,1,0.64743465163015401,False
M2,2,4,10,0.67836836440612835,False
M2,2,4,100,0.68637300449315108,False
M2,3,0,0.01,0.66542796841144958,False
M2,3,0,0.10000000000000001,0.63746879752750274,True
M2,3,0,1,0.65785570650958225,False
M2,3,0,10,0.70001357552983001,False
M2,3,0,100,0.71043127451018395,False
M2,3,1,0.01,0.65759805768140733,False
M2,3,1,0.10000000000000001,0.60658112257770913,True
M2,3,1,1,0.6353512553659546,False
M2,3,1,10,0.67929648145032273,False
M2,3,1,100,0.68956143733009168,False
M2,3,2,0.01,0.65143764874340271,False
M2,3,2,0.10000000000000001,0.58772059395513532,True
M2,3,2,1,0.60244856871623387,False
M2,3,2,10,0.65666958978647783,False
M2,3,2,100,0.67013246997853293,False
M2,3,3,0.01,0.66681209188319701,False
M2,3,3,0.10000000000000001,0.64151199838776118,True
M2,3,3,1,0.65336318686310024,False
M2,3,3,10,0.69928493476969367,False
M2,3,3,100,0.71475523375326033,False
M2,3,4,0.01,0.64678092519321995,False
M2,3,4,0.10000000000000001,0.60192090304768342,False
M2,3,4,1,0.59651891794507028,True
M2,3,4,10,0.61283867881619825,False
M2,3,4,100,0.6183761274037759,False
M2,4,0,0.01,0.65270657405022281,False
M2,4,0,0.10000000000000001,0.60867850623695896,True
M2,4,0,1,0.65952466689966249,False
M2,4,0,10,0.75324138775111782,False
M2,4,0,100,0.77889609711655972,False
M2,4,1,0.01,0.65492393620130884,False
M2,4,1,0.10000000000000001,0.60177425736279566,False
M2,4,1,1,0.60020737682587899,True
M2,4,1,10,0.635186113485399,False
M2,4,1,100,0.64809937312386046,False
M2,4,2,0.01,0.67307074059307959,False
M2,4,2,0.10000000000000001,0.66460796891027019,True
M2,4,2,1,0.72337120089283169,False
M2,4,2,10,0.81096572228862951,False
M2,4,2,100,0.8333640327241163,False
M2,4,3,0.01,0.65027998473724113,False
M2,4,3,0.10000000000000001,0.5843466894512882,False
M2,4,3,1,0.5728918089089442,True
M2,4,3,10,0.59523270761804237,False
M2,4,3,100,0.60365373964779867,False
M2,4,4,0.01,0.66739346470306737,False
M2,4,4,0.10000000000000001,0.6322506099891374,True
M2,4,4,1,0.64301760975126654,False
M2,4,4,10,0.68053435172489252,False
M2,4,4,100,0.69084062394084378,False
M2,5,0,0.01,0.66914374550460631,False
M2,5,0,0.10000000000000001,0.66011151642703991,True
M2,5,0,1,0.67069136534812768,False
M2,5,0,10,0.68142373061030048,False
M2,5,0,100,0.68462240092341731,False
M2,5,1,0.01,0.64302876999929548,False
M2,5,1,0.10000000000000001,0.55155920813794557,False
M2,5,1,1,0.53737858093074975,True
M2,5,1,10,0.5933762211384932,False
M2,5,1,100,0.61755725742052525,False
M2,5,2,0.01,0.65826182393295896,False
M2,5,2,0.10000000000000001,0.62172864415488882,True
M2,5,2,1,0.65120788770352178,False
M2,5,2,10,0.70417429221915917,False
M2,5,2,100,0.71936248082944065,False
M2,5,3,0.01,0.6707096700179016,False
M2,5,3,0.10000000000000001,0.64599590535352935,True
M2,5,3,1,0.66284121732359891,False
M2,5,3,10,0.69386485663676489,False
M2,5,3,100,0.70114648840989946,False
M2,5,4,0.01,0.65388385409762984,False
M2,5,4,0.10000000000000001,0.61369289945863936,True
M2,5,4,1,0.63826095552462436,False
M2,5,4,10,0.68165119416177933,False
M2,5,4,100,0.6923477172994249,False
M2,6,0,0.01,0.66242179676354918,False
M2,6,0,0.10000000000000001,0.64855214862878841,True
M2,6,0,1,0.69600723151952038,False
M2,6,0,10,0.76195987613463778,False
M2,6,0,100,0.78183636240593835,False
M2,6,1,0.01,0.66057113312851512,False
M2,6,1,0.10000000000000001,0.61803908488548243,True
M2,6,1,1,0.6289696152381492,False
M2,6,1,10,0.66277943549334239,False
M2,6,1,100,0.6706031673201478,False
M2,6,2,0.01,0.66682598988690067,False
M2,6,2,0.10000000000000001,0.64180602731363046,True
M2,6,2,1,0.65244709976215709,False
M2,6,2,10,0.68129424909892933,False
M2,6,2,100,0.68848333929853356,False
M2,6,3,0.01,0.6434205595247191,False
M2,6,3,0.10000000000000001,0.56597064135900832,False
M2,6,3,1,0.55363628232767925,True
M2,6,3,10,0.58319935770206099,False
M2,6,3,100,0.59191928084260392,False
M2,6,4,0.01,0.66299001776463684,False
M2,6,4,0.10000000000000001,0.61696471777930906,False
M2,6,4,1,0.59237331427388651,True
M2,6,4,10,0.60673628280366743,False
M2,6,4,100,0.61459321518405408,False
M2,7,0,0.01,0.65954589360482174,False
M2,7,0,0.10000000000000001,0.61082617464230948,False
M2,7,0,1,0.59129842998503179,True
M2,7,0,10,0.61528444560722706,False
M2,7,0,100,0.62723279403746834,False
M2,7,1,0.01,0.65456270282178453,False
M2,7,1,0.10000000000000001,0.59687441319919854,True
M2,7,1,1,0.60223568074734679,False
M2,7,1,10,0.65070271475529939,False
M2,7,1,100,0.66679582566170759,False
M2,7,2,0.01,0.66150287584347678,False
M2,7,2,0.10000000000000001,0.62014846829018744,True
M2,7,2,1,0.62905427889567422,False
M2,7,2,10,0.68334028667815694,False
M2,7,2,100,0.70149148194796873,False
M2,7,3,0.01,0.65895285817649552,False
M2,7,3,0.10000000000000001,0.60493587114077552,False
M2,7,3,1,0.59299861200630677,True
M2,7,3,10,0.60855474886749961,False
M2,7,3,100,0.61317961137765287,False
M2,7,4,0.01,0.66182132625692469,False
M2,7,4,0.10000000000000001,0.62994491340463588,True
M2,7,4,1,0.64792996427199478,False
M2,7,4,10,0.68865001897344691,False
M2,7,4,100,0.69969743096479464,False
M2,8,0,0.01,0.6515998215637776,False
M2,8,0,0.10000000000000001,0.59342536984783556,False
M2,8,0,1,0.58286051676872974,True
M2,8,0,10,0.60208802969351805,False
M2,8,0,100,0.60801792353097117,False
M2,8,1,0.01,0.67199625000547647,False
M2,8,1,0.10000000000000001,0.65953241855982192,True
M2,8,1,1,0.70184182224601266,False
M2,8,1,10,0.76890632941505166,False
M2,8,1,100,0.78664369964280023,False
M2,8,2,0.01,0.64995750755418524,False
M2,8,2,0.10000000000000001,0.59170064601151751,True
M2,8,2,1,0.61281244943905977,False
M2,8,2,10,0.67809330430058268,False
M2,8,2,100,0.70197877743301185,False
M2,8,3,0.01,0.66610942780397253,False
M2,8,3,0.10000000000000001,0.64484580238874134,True
M2,8,3,1,0.66696978506456261,False
M2,8,3,10,0.70373362119026406,False
M2,8,3,100,0.71410485867033802,False
M2,8,4,0.01,0.6636668104117025,False
M2,8,4,0.10000000000000001,0.62259582697857163,True
M2,8,4,1,0.6454979890565099,False
M2,8,4,10,0.71336247398650188,False
M2,8,4,100,0.73523134806668233,False
M2,9,0,0.01,0.66852749061785277,False
M2,9,0,0.10000000000000001,0.63615545692025888,True
M2,9,0,1,0.65408748384129434,False
M2,9,0,10,0.72758680259054154,False
M2,9,0,100,0.75690677650921745,False
M2,9,1,0.01,0.64492327754097523,False
M2,9,1,0.10000000000000001,0.56441197683918776,False
M2,9,1,1,0.53454242514008488,True
M2,9,1,10,0.57016904085484577,False
M2,9,1,100,0.58693726388173129,False
M2,9,2,0.01,0.66245734861336103,False
M2,9,2,0.10000000000000001,0.62872824100595537,True
M2,9,2,1,0.65023000353773319,False
M2,9,2,10,0.70310198019583914,False
M2,9,2,100,0.71940001551143917,False
M2,9,3,0.01,0.65595032039676993,False
M2,9,3,0.10000000000000001,0.60835603051018627,True
M2,9,3,1,0.61160067938146578,False
M2,9,3,10,0.67456252842822551,False
M2,9,3,100,0.70353102605368623,False
M2,9,4,0.01,0.66254959888612464,False
M2,9,4,0.10000000000000001,0.64486958308994491,True
M2,9,4,1,0.6985394660783395,False
M2,9,4,10,0.74441738117064604,False
M2,9,4,100,0.7539138200724419,False
M2_D,0,0,0.01,0.63705644262498684,False
M2_D,0,0,0.10000000000000001,0.56410986899863003,False
M2_D,0,0,1,0.55436644552304626,True
M2_D,0,0,10,0.61092639714942132,False
M2_D,0,0,100,0.63581676871675274,False
M2_D,0,1,0.01,0.66047416635807921,False
M2_D,0,1,0.10000000000000001,0.62836467631466408,True
M2_D,0,1,1,0.63855015970193829,False
M2_D,0,1,10,0.67468187324475626,False
M2_D,0,1,100,0.68655137314878434,False
M2_D,0,2,0.01,0.66064231183829736,False
M2_D,0,2,0.10000000000000001,0.61662563422793748,True
M2_D,0,2,1,0.63744323046498463,False
M2_D,0,2,10,0.68098259637517622,False
M2_D,0,2,100,0.69139536017541059,False
M2_D,0,3,0.01,0.66228970881246674,False
M2_D,0,3,0.10000000000000001,0.62280621911318979,True
M2_D,0,3,1,0.63011500207618387,False
M2_D,0,3,10,0.65629103833948488,False
M2_D,0,3,100,0.66246620936859069,False
M2_D,0,4,0.01,0.64995468466677753,False
M2_D,0,4,0.10000000000000001,0.58914045178374197,True
M2_D,0,4,1,0.59534644547188376,False
M2_D,0,4,10,0.62736401336331815,False
M2_D,0,4,100,0.63513335748285826,False
M2_D,1,0,0.01,0.65247260022039921,False
M2_D,1,0,0.10000000000000001,0.60272374621436431,True
M2_D,1,0,1,0.61119813272140888,False
M2_D,1,0,10,0.64856781644634298,False
M2_D,1,0,100,0.65900703569840813,False
M2_D,1,1,0.01,0.65547103023596198,False
M2_D,1,1,0.10000000000000001,0.61516097946323012,True
M2_D,1,1,1,0.63550834199629891,False
M2_D,1,1,10,0.68128247116774432,False
M2_D,1,1,100,0.69567159152682401,False
M2_D,1,2,0.01,0.64775275597036464,False
M2_D,1,2,0.10000000000000001,0.58998036946252963,True
M2_D,1,2,1,0.60211594707507221,False
M2_D,1,2,10,0.64674488796604224,False
M2_D,1,2,100,0.6575428030747188,False
M2_D,1,3,0.01,0.65135606416859859,False
M2_D,1,3,0.10000000000000001,0.60281184306829505,True
M2_D,1,3,1,0.61730063817074099,False
M2_D,1,3,10,0.65760727933570029,False
M2_D,1,3,100,0.66851047182412704,False
M2_D,1,4,0.01,0.64856890927175803,False
M2_D,1,4,0.10000000000000001,0.59269785958147547,True
M2_D,1,4,1,0.63344130253214759,False
M2_D,1,4,10,0.71642643932530325,False
M2_D,1,4,100,0.74006236321032681,False
M2_D,2,0,0.01,0.6427987541128527,False
M2_D,2,0,0.10000000000000001,0.56501273960866827,False
M2_D,2,0,1,0.52535177863319726,True
M2_D,2,0,10,0.53355352063676076,False
M2_D,2,0,100,0.54102978810708857,False
M2_D,2,1,0.01,0.65331878369654683,False
M2_D,2,1,0.10000000000000001,0.59879799977796877,True
M2_D,2,1,1,0.61973399500582327,False
M2_D,2,1,10,0.7101344438061381,False
M2_D,2,1,100,0.7438295136744113,False
M2_D,2,2,0.01,0.65593969349838022,False
M2_D,2,2,0.10000000000000001,0.60133096122779717,True
M2_D,2,2,1,0.61906620424110748,False
M2_D,2,2,10,0.66418541327677094,False
M2_D,2,2,100,0.67508108750847196,False
M2_D,2,3,0.01,0.6598207729153297,False
M2_D,2,3,0.10000000000000001,0.63169067328364603,True
M2_D,2,3,1,0.68950432687578567,False
M2_D,2,3,10,0.7640850971267521,False
M2_D,2,3,100,0.78449171780550464,False
M2_D,2,4,0.01,0.66215592874291329,False
M2_D,2,4,0.10000000000000001,0.62600222777268333,True
M2_D,2,4,1,0.65329185794176658,False
M2_D,2,4,10,0.69111856406699779,False
M2_D,2,4,100,0.69992384833596522,False
M2_D,3,0,0.01,0.65129823101169459,False
M2_D,3,0,0.10000000000000001,0.6009159660169846,True
M2_D,3,0,1,0.62154504050209203,False
M2_D,3,0,10,0.66840148285683709,False
M2_D,3,0,100,0.68056901946380377,False
M2_D,3,1,0.01,0.65203570048372361,False
M2_D,3,1,0.10000000000000001,0.60029329357438521,True
M2_D,3,1,1,0.65320074420110263,False
M2_D,3,1,10,0.71639275867016128,False
M2_D,3,1,100,0.73041057087357386,False
M2_D,3,2,0.01,0.64649429242599887,False
M2_D,3,2,0.10000000000000001,0.57926560240744907,True
M2_D,3,2,1,0.59576177899168115,False
M2_D,3,2,10,0.65654995290238105,False
M2_D,3,2,100,0.6735561101959685,False
M2_D,3,3,0.01,0.66220630213070653,False
M2_D,3,3,0.10000000000000001,0.63243810368353293,True
M2_D,3,3,1,0.65125881254630735,False
M2_D,3,3,10,0.70413050432378155,False
M2_D,3,3,100,0.720360211778452,False
M2_D,3,4,0.01,0.64240558366832345,False
M2_D,3,4,0.10000000000000001,0.60427258197367861,True
M2_D,3,4,1,0.61548609004660348,False
M2_D,3,4,10,0.63361717947587237,False
M2_D,3,4,100,0.63905145331609314,False
M2_D,4,0,0.01,0.63513687617028614,False
M2_D,4,0,0.10000000000000001,0.56160675694391105,True
M2_D,4,0,1,0.59095630474363947,False
M2_D,4,0,10,0.68260814469706965,False
M2_D,4,0,100,0.71219349877375893,False
M2_D,4,1,0.01,0.65372246195599459,False
M2_D,4,1,0.10000000000000001,0.60614863654569473,True
M2_D,4,1,1,0.62062423489361851,False
M2_D,4,1,10,0.67104897094849447,False
M2_D,4,1,100,0.68794167317393595,False
M2_D,4,2,0.01,0.66869772058862442,False
M2_D,4,2,0.10000000000000001,0.65863274598340293,True
M2_D,4,2,1,0.72975769938521695,False
M2_D,4,2,10,0.83314831440373982,False
M2_D,4,2,100,0.86011467761604998,False
M2_D,4,3,0.01,0.64217622289880938,False
M2_D,4,3,0.10000000000000001,0.56998599288715923,False
M2_D,4,3,1,0.56791038686887851,True
M2_D,4,3,10,0.5934668520671158,False
M2_D,4,3,100,0.6017936868132453,False
M2_D,4,4,0.01,0.66059299877373812,False
M2_D,4,4,0.10000000000000001,0.6059136086143907,False
M2_D,4,4,1,0.6035847248125854,True
M2_D,4,4,10,0.64218885171005624,False
M2_D,4,4,100,0.65360148201096324,False
M2_D,5,0,0.01,0.66049233184592815,False
M2_D,5,0,0.10000000000000001,0.64006926441442868,True
M2_D,5,0,1,0.66107844866860077,False
M2_D,5,0,10,0.67768777492840626,False
M2_D,5,0,100,0.68167291361540905,False
M2_D,5,1,0.01,0.64117900968070018,False
M2_D,5,1,0.10000000000000001,0.55417682011423064,False
M2_D,5,1,1,0.54880677129909139,True
M2_D,5,1,10,0.61142643763796434,False
M2_D,5,1,100,0.63718286336887042,False
M2_D,5,2,0.01,0.64321071273766195,False
M2_D,5,2,0.10000000000000001,0.57012570545335295,True
M2_D,5,2,1,0.57284743677230443,False
M2_D,5,2,10,0.63713591251420809,False
M2_D,5,2,100,0.66221423853925521,False
M2_D,5,3,0.01,0.66447856697221475,False
M2_D,5,3,0.10000000000000001,0.62891781509849465,True
M2_D,5,3,1,0.65579554385250061,False
M2_D,5,3,10,0.6995660633279368,False
M2_D,5,3,100,0.70962560052301038,False
M2_D,5,4,0.01,0.64313816212928698,False
M2_D,5,4,0.10000000000000001,0.58506618570473845,True
M2_D,5,4,1,0.60696367610805357,False
M2_D,5,4,10,0.6526325493189149,False
M2_D,5,4,100,0.66462295729080667,False
M2_D,6,0,0.01,0.65569957143094049,False
M2_D,6,0,0.10000000000000001,0.63143513976641541,True
M2_D,6,0,1,0.68255754976280669,False
M2_D,6,0,10,0.75387067086554671,False
M2_D,6,0,100,0.77472187945820292,False
M2_D,6,1,0.01,0.65408793446765046,False
M2_D,6,1,0.10000000000000001,0.60795967108352567,True
M2_D,6,1,1,0.6493629968699216,False
M2_D,6,1,10,0.71308911513263173,False
M2_D,6,1,100,0.72817832119634318,False
M2_D,6,2,0.01,0.65418161986452472,False
M2_D,6,2,0.10000000000000001,0.61136396609901067,True
M2_D,6,2,1,0.63770988003622742,False
M2_D,6,2,10,0.6828021455408525,False
M2_D,6,2,100,0.69356922756791117,False
M2_D,6,3,0.01,0.63733487743787587,False
M2_D,6,3,0.10000000000000001,0.55299252294175272,False
M2_D,6,3,1,0.54541384365200585,True
M2_D,6,3,10,0.58354747118505956,False
M2_D,6,3,100,0.59435340851092022,False
M2_D,6,4,0.01,0.65701118670410541,False
M2_D,6,4,0.10000000000000001,0.60483491439661097,False
M2_D,6,4,1,0.57653577150237811,True
M2_D,6,4,10,0.58874923987032812,False
M2_D,6,4,100,0.59611721360894598,False
M2_D,7,0,0.01,0.64358687516923807,False
M2_D,7,0,0.10000000000000001,0.5521126643104628,False
M2_D,7,0,1,0.50699753947500714,True
M2_D,7,0,10,0.54363837570392515,False
M2_D,7,0,100,0.56453569552824467,False
M2_D,7,1,0.01,0.6488225055174065,False
M2_D,7,1,0.10000000000000001,0.58851827935994172,True
M2_D,7,1,1,0.60382404728802519,False
M2_D,7,1,10,0.65853104166377252,False
M2_D,7,1,100,0.67600120305850353,False
M2_D,7,2,0.01,0.65469235155578187,False
M2_D,7,2,0.10000000000000001,0.60338618307943337,True
M2_D,7,2,1,0.61259446612691071,False
M2_D,7,2,10,0.69715901706736794,False
M2_D,7,2,100,0.73683632985128622,False
M2_D,7,3,0.01,0.64752454816964233,False
M2_D,7,3,0.10000000000000001,0.58141751184537238,False
M2_D,7,3,1,0.57876593952045463,True
M2_D,7,3,10,0.60081306543357804,False
M2_D,7,3,100,0.60646501323115654,False
M2_D,7,4,0.01,0.65776500245344915,False
M2_D,7,4,0.10000000000000001,0.62768424524970856,True
M2_D,7,4,1,0.665669921187101,False
M2_D,7,4,10,0.7204052641096359,False
M2_D,7,4,100,0.73501963526753977,False
M2_D,8,0,0.01,0.64592817640106137,False
M2_D,8,0,0.10000000000000001,0.58100505713421058,True
M2_D,8,0,1,0.58518521290124981,False
M2_D,8,0,10,0.62118791880189017,False
M2_D,8,0,100,0.63099067740977566,False
M2_D,8,1,0.01,0.66362087981644935,False
M2_D,8,1,0.10000000000000001,0.64560146407834751,True
M2_D,8,1,1,0.70521215723158026,False
M2_D,8,1,10,0.7954588625119936,False
M2_D,8,1,100,0.8223324424172801,False
M2_D,8,2,0.01,0.64290413599433593,False
M2_D,8,2,0.10000000000000001,0.57839483473535447,True
M2_D,8,2,1,0.60232535269438792,False
M2_D,8,2,10,0.66912645307748453,False
M2_D,8,2,100,0.69246749375844374,False
M2_D,8,3,0.01,0.66153348606877027,False
M2_D,8,3,0.10000000000000001,0.64029561042298022,True
M2_D,8,3,1,0.67630300090735362,False
M2_D,8,3,10,0.72456694791675469,False
M2_D,8,3,100,0.73855177186459942,False
M2_D,8,4,0.01,0.64954509568537977,False
M2_D,8,4,0.10000000000000001,0.58150136850062029,True
M2_D,8,4,1,0.60002860070311104,False
M2_D,8,4,10,0.69040563798125099,False
M2_D,8,4,100,0.72382606901382773,False
M2_D,9,0,0.01,0.65873985476771457,False
M2_D,9,0,0.10000000000000001,0.60175184533954962,True
M2_D,9,0,1,0.62271324113149829,False
M2_D,9,0,10,0.72976174974954389,False
M2_D,9,0,100,0.77716854672620483,False
M2_D,9,1,0.01,0.63204853697645591,False
M2_D,9,1,0.10000000000000001,0.53954548034568961,False
M2_D,9,1,1,0.53184114162550133,True
M2_D,9,1,10,0.59002351923924767,False
M2_D,9,1,100,0.61319501019854117,False
M2_D,9,2,0.01,0.65559019062041668,False
M2_D,9,2,0.10000000000000001,0.61262311283272552,True
M2_D,9,2,1,0.6440077261991759,False
M2_D,9,2,10,0.70998858057777903,False
M2_D,9,2,100,0.72900468602516222,False
M2_D,9,3,0.01,0.65239557548429739,False
M2_D,9,3,0.10000000000000001,0.60672457913392308,True
M2_D,9,3,1,0.62451730706130704,False
M2_D,9,3,10,0.69230813935287339,False
M2_D,9,3,100,0.72128448484615992,False
M2_D,9,4,0.01,0.65326329205537503,False
M2_D,9,4,0.10000000000000001,0.6236207581694635,True
M2_D,9,4,1,0.684006308999624,False
M2_D,9,4,10,0.73845865240269015,False
M2_D,9,4,100,0.7496374192904115,False
M2_DQ,0,0,0.01,0.64110748066857948,False
M2_DQ,0,0,0.10000000000000001,0.58425531663647789,True
M2_DQ,0,0,1,0.6016071234536009,False
M2_DQ,0,0,10,0.68375329341308644,False
M2_DQ,0,0,100,0.72080798250041811,False
M2_DQ,0,1,0.01,0.6610130971711573,False
M2_DQ,0,1,0.10000000000000001,0.63190303368263168,True
M2_DQ,0,1,1,0.64987286840793679,False
M2_DQ,0,1,10,0.70351109346805785,False
M2_DQ,0,1,100,0.72422174752570379,False
M2_DQ,0,2,0.01,0.66566157305098472,False
M2_DQ,0,2,0.10000000000000001,0.66304168951111953,True
M2_DQ,0,2,1,0.78544163332499184,False
M2_DQ,0,2,10,0.88715067674702397,False
M2_DQ,0,2,100,0.90854141279028977,False
M2_DQ,0,3,0.01,0.66606097123217733,False
M2_DQ,0,3,0.10000000000000001,0.63670120288600274,True
M2_DQ,0,3,1,0.65297256925057812,False
M2_DQ,0,3,10,0.6861504972764747,False
M2_DQ,0,3,100,0.69406791408733826,False
M2_DQ,0,4,0.01,0.64870213093081097,False
M2_DQ,0,4,0.10000000000000001,0.59869019188360184,True
M2_DQ,0,4,1,0.6265720854045369,False
M2_DQ,0,4,10,0.67635086667418531,False
M2_DQ,0,4,100,0.68925222306219103,False
M2_DQ,1,0,0.01,0.65798466935356892,False
M2_DQ,1,0,0.10000000000000001,0.62732393348108506,True
M2_DQ,1,0,1,0.66215862443798201,False
M2_DQ,1,0,10,0.72663012249205094,False
M2_DQ,1,0,100,0.74594639998399004,False
M2_DQ,1,1,0.01,0.6587964228488391,False
M2_DQ,1,1,0.10000000000000001,0.63191017712320863,True
M2_DQ,1,1,1,0.68013147864055767,False
M2_DQ,1,1,10,0.75563650565022544,False
M2_DQ,1,1,100,0.77816541458299904,False
M2_DQ,1,2,0.01,0.64704845374961206,False
M2_DQ,1,2,0.10000000000000001,0.596148645810197,True
M2_DQ,1,2,1,0.62773178908266358,False
M2_DQ,1,2,10,0.68369072150882537,False
M2_DQ,1,2,100,0.69667734862597253,False
M2_DQ,1,3,0.01,0.65064629469738189,False
M2_DQ,1,3,0.10000000000000001,0.60726574086758545,True
M2_DQ,1,3,1,0.63634317586927613,False
M2_DQ,1,3,10,0.69344217862762492,False
M2_DQ,1,3,100,0.70937998767346755,False
M2_DQ,1,4,0.01,0.65065601683854224,False
M2_DQ,1,4,0.10000000000000001,0.60904879945190771,True
M2_DQ,1,4,1,0.66904795371269787,False
M2_DQ,1,4,10,0.76018250025543688,False
M2_DQ,1,4,100,0.78726667438640152,False
M2_DQ,2,0,0.01,0.6439533321331754,False
M2_DQ,2,0,0.10000000000000001,0.57573979683847365,False
M2_DQ,2,0,1,0.5605043287914997,True
M2_DQ,2,0,10,0.6075085521177227,False
M2_DQ,2,0,100,0.63282991182240089,False
M2_DQ,2,1,0.01,0.65517517602726982,False
M2_DQ,2,1,0.10000000000000001,0.6081773987977217,True
M2_DQ,2,1,1,0.63682992526324145,False
M2_DQ,2,1,10,0.73289404567974392,False
M2_DQ,2,1,100,0.76837760467121796,False
M2_DQ,2,2,0.01,0.65908641080654828,False
M2_DQ,2,2,0.10000000000000001,0.62404864481812894,True
M2_DQ,2,2,1,0.67028586349546215,False
M2_DQ,2,2,10,0.72576590583725598,False
M2_DQ,2,2,100,0.73852392050838733,False
M2_DQ,2,3,0.01,0.66037035273167044,False
M2_DQ,2,3,0.10000000000000001,0.64109156253216637,True
M2_DQ,2,3,1,0.7160402191808769,False
M2_DQ,2,3,10,0.79976733664105593,False
M2_DQ,2,3,100,0.82419145014772721,False
M2_DQ,2,4,0.01,0.66273922269922836,False
M2_DQ,2,4,0.10000000000000001,0.63914815365145061,True
M2_DQ,2,4,1,0.70013089495484038,False
M2_DQ,2,4,10,0.76539220141848541,False
M2_DQ,2,4,100,0.78116670990400194,False
M2_DQ,3,0,0.01,0.65501303158308521,False
M2_DQ,3,0,0.10000000000000001,0.62849369320086623,True
M2_DQ,3,0,1,0.68920101786555066,False
M2_DQ,3,0,10,0.75068127212073055,False
M2_DQ,3,0,100,0.76531786443292715,False
M2_DQ,3,1,0.01,0.652403737409606,False
M2_DQ,3,1,0.10000000000000001,0.6131904557155291,True
M2_DQ,3,1,1,0.69917940767613462,False
M2_DQ,3,1,10,0.78167639982906545,False
M2_DQ,3,1,100,0.79900034580390178,False
M2_DQ,3,2,0.01,0.64682132775874612,False
M2_DQ,3,2,0.10000000000000001,0.58520406620563858,True
M2_DQ,3,2,1,0.61640382686273842,False
M2_DQ,3,2,10,0.68396318907478693,False
M2_DQ,3,2,100,0.70223985125310384,False
M2_DQ,3,3,0.01,0.66457680671563457,False
M2_DQ,3,3,0.10000000000000001,0.64621784899500601,True
M2_DQ,3,3,1,0.67802695855481354,False
M2_DQ,3,3,10,0.73937418171568492,False
M2_DQ,3,3,100,0.7579566790981358,False
M2_DQ,3,4,0.01,0.64620912446095002,False
M2_DQ,3,4,0.10000000000000001,0.61355748691456791,True
M2_DQ,3,4,1,0.62580240550927335,False
M2_DQ,3,4,10,0.64756948921684665,False
M2_DQ,3,4,100,0.65408832934648453,False
M2_DQ,4,0,0.01,0.63471317760214285,False
M2_DQ,4,0,0.10000000000000001,0.564928743153852,True
M2_DQ,4,0,1,0.60121131539169359,False
M2_DQ,4,0,10,0.6958499004333738,False
M2_DQ,4,0,100,0.7258041790434091,False
M2_DQ,4,1,0.01,0.6531447877491644,False
M2_DQ,4,1,0.10000000000000001,0.61344131509442479,True
M2_DQ,4,1,1,0.65984061850326836,False
M2_DQ,4,1,10,0.74477324833553271,False
M2_DQ,4,1,100,0.77447871170434934,False
M2_DQ,4,2,0.01,0.67017760855417641,True
M2_DQ,4,2,0.10000000000000001,0.67295917736419841,False
M2_DQ,4,2,1,0.77580762763966238,False
M2_DQ,4,2,10,0.90792850622299437,False
M2_DQ,4,2,100,0.94371545609188878,False
M2_DQ,4,3,0.01,0.64607981589839536,False
M2_DQ,4,3,0.10000000000000001,0.58655602930181405,True
M2_DQ,4,3,1,0.59707987660029294,False
M2_DQ,4,3,10,0.63465128657202641,False
M2_DQ,4,3,100,0.64637153734224639,False
M2_DQ,4,4,0.01,0.66062434839103479,False
M2_DQ,4,4,0.10000000000000001,0.61084890476298126,True
M2_DQ,4,4,1,0.62573990284734127,False
M2_DQ,4,4,10,0.68061552207345699,False
M2_DQ,4,4,100,0.69713141887161767,False
M2_DQ,5,0,0.01,0.65863276930398862,False
M2_DQ,5,0,0.10000000000000001,0.64665342183975294,True
M2_DQ,5,0,1,0.69555376870650643,False
M2_DQ,5,0,10,0.7246036455324828,False
M2_DQ,5,0,100,0.73059730106773069,False
M2_DQ,5,1,0.01,0.64213571535597436,False
M2_DQ,5,1,0.10000000000000001,0.56736539296118016,True
M2_DQ,5,1,1,0.59172674888835808,False
M2_DQ,5,1,10,0.68341123256159186,False
M2_DQ,5,1,100,0.72124948272927059,False
M2_DQ,5,2,0.01,0.64241388780981246,False
M2_DQ,5,2,0.10000000000000001,0.57553490320184286,True
M2_DQ,5,2,1,0.59663551901241396,False
M2_DQ,5,2,10,0.68932387114930704,False
M2_DQ,5,2,100,0.72699390504751504,False
M2_DQ,5,3,0.01,0.66475245476452072,False
M2_DQ,5,3,0.10000000000000001,0.63393318407931953,True
M2_DQ,5,3,1,0.68181876515000184,False
M2_DQ,5,3,10,0.74739086154238066,False
M2_DQ,5,3,100,0.76352393618801528,False
M2_DQ,5,4,0.01,0.64500353456240178,False
M2_DQ,5,4,0.10000000000000001,0.59750656584727613,True
M2_DQ,5,4,1,0.63533285473537793,False
M2_DQ,5,4,10,0.6931258692292287,False
M2_DQ,5,4,100,0.7097549843424894,False
M2_DQ,6,0,0.01,0.65851473301018104,False
M2_DQ,6,0,0.10000000000000001,0.650000021003313,True
M2_DQ,6,0,1,0.73240124000081597,False
M2_DQ,6,0,10,0.82470948702410196,False
M2_DQ,6,0,100,0.85223418975806009,False
M2_DQ,6,1,0.01,0.65729642020478951,False
M2_DQ,6,1,0.10000000000000001,0.62163186674856441,True
M2_DQ,6,1,1,0.68152696229153442,False
M2_DQ,6,1,10,0.76434908832571269,False
M2_DQ,6,1,100,0.78516029490136485,False
M2_DQ,6,2,0.01,0.65229719268642716,False
M2_DQ,6,2,0.10000000000000001,0.61767486525101045,True
M2_DQ,6,2,1,0.66514591227873665,False
M2_DQ,6,2,10,0.71855188675596615,False
M2_DQ,6,2,100,0.73127696469685821,False
M2_DQ,6,3,0.01,0.63981906159586188,False
M2_DQ,6,3,0.10000000000000001,0.5672885285460838,True
M2_DQ,6,3,1,0.58575819867911127,False
M2_DQ,6,3,10,0.65493415339107608,False
M2_DQ,6,3,100,0.67584366484025593,False
M2_DQ,6,4,0.01,0.65710998947762511,False
M2_DQ,6,4,0.10000000000000001,0.62203928868654212,True
M2_DQ,6,4,1,0.64481026632742167,False
M2_DQ,6,4,10,0.69180178520453051,False
M2_DQ,6,4,100,0.70651478971343429,False
M2_DQ,7,0,0.01,0.64086544830532244,False
M2_DQ,7,0,0.10000000000000001,0.55176629119197751,False
M2_DQ,7,0,1,0.52704316708888499,True
M2_DQ,7,0,10,0.60990435840373769,False
M2_DQ,7,0,100,0.66877109453901495,False
M2_DQ,7,1,0.01,0.65130579197982708,False
M2_DQ,7,1,0.10000000000000001,0.60834303377731791,True
M2_DQ,7,1,1,0.6724478480528715,False
M2_DQ,7,1,10,0.75835537321399304,False
M2_DQ,7,1,100,0.78187904156724464,False
M2_DQ,7,2,0.01,0.65823163956015174,False
M2_DQ,7,2,0.10000000000000001,0.62159023815968228,True
M2_DQ,7,2,1,0.64618656707372935,False
M2_DQ,7,2,10,0.74329793252237653,False
M2_DQ,7,2,100,0.79446379459787131,False
M2_DQ,7,3,0.01,0.65194707893457904,False
M2_DQ,7,3,0.10000000000000001,0.60553039090174865,True
M2_DQ,7,3,1,0.62308282162666107,False
M2_DQ,7,3,10,0.65493566766042988,False
M2_DQ,7,3,100,0.66311901144993657,False
M2_DQ,7,4,0.01,0.66422770518799079,False
M2_DQ,7,4,0.10000000000000001,0.66111748494761335,True
M2_DQ,7,4,1,0.7436780152502489,False
M2_DQ,7,4,10,0.82989245116837762,False
M2_DQ,7,4,100,0.85316034072107283,False
M2_DQ,8,0,0.01,0.64871729324269145,False
M2_DQ,8,0,0.10000000000000001,0.59737094489410025,True
M2_DQ,8,0,1,0.63690337931261376,False
M2_DQ,8,0,10,0.70845161705256199,False
M2_DQ,8,0,100,0.728082527677818,False
M2_DQ,8,1,0.01,0.66372828173403953,False
M2_DQ,8,1,0.10000000000000001,0.65720836759766532,True
M2_DQ,8,1,1,0.73804635505299332,False
M2_DQ,8,1,10,0.85259167323925611,False
M2_DQ,8,1,100,0.88880910790060308,False
M2_DQ,8,2,0.01,0.64355286853433402,False
M2_DQ,8,2,0.10000000000000001,0.58525782345796762,True
M2_DQ,8,2,1,0.62810582016958516,False
M2_DQ,8,2,10,0.7169939580103446,False
M2_DQ,8,2,100,0.74702672457235719,False
M2_DQ,8,3,0.01,0.66241518000932764,False
M2_DQ,8,3,0.10000000000000001,0.65585054142971877,True
M2_DQ,8,3,1,0.71743776364009715,False
M2_DQ,8,3,10,0.76894679341095895,False
M2_DQ,8,3,100,0.78278104108797264,False
M2_DQ,8,4,0.01,0.64994688682541324,False
M2_DQ,8,4,0.10000000000000001,0.59151844467475756,True
M2_DQ,8,4,1,0.63955224799684196,False
M2_DQ,8,4,10,0.77449821053907097,False
M2_DQ,8,4,100,0.82690142231811903,False
M2_DQ,9,0,0.01,0.6651813747265708,False
M2_DQ,9,0,0.10000000000000001,0.63233060534482044,True
M2_DQ,9,0,1,0.67542922581829412,False
M2_DQ,9,0,10,0.78776329680979951,False
M2_DQ,9,0,100,0.83653343353374932,False
M2_DQ,9,1,0.01,0.63074462863452097,False
M2_DQ,9,1,0.10000000000000001,0.54321216373217074,True
M2_DQ,9,1,1,0.56252365014074857,False
M2_DQ,9,1,10,0.67351426647699142,False
M2_DQ,9,1,100,0.72920294488359139,False
M2_DQ,9,2,0.01,0.65598301119976321,False
M2_DQ,9,2,0.10000000000000001,0.61906527340872475,True
M2_DQ,9,2,1,0.66547909593370991,False
M2_DQ,9,2,10,0.75193919905497686,False
M2_DQ,9,2,100,0.77918800392298759,False
M2_DQ,9,3,0.01,0.65584546872470695,False
M2_DQ,9,3,0.10000000000000001,0.62451098354555434,True
M2_DQ,9,3,1,0.67197709410575557,False
M2_DQ,9,3,10,0.78504663118657936,False
M2_DQ,9,3,100,0.84130242457278515,False
M2_DQ,9,4,0.01,0.6526661425036564,False
M2_DQ,9,4,0.10000000000000001,0.62982281891817471,True
M2_DQ,9,4,1,0.70670110377221185,False
M2_DQ,9,4,10,0.76882393505929525,False
M2_DQ,9,4,100,0.78133600788764546,False
